Year,KindCode,GameSno,VisitingHomeType,Seq,PitcherAcnt,PitcherName,PitcherUniformNo,RoleType,GameResult,IsSaveOK,ReliefPointCnt,InningPitchedCnt,InningPitchedDiv3Cnt,PlateAppearances,PitchCnt,StrikeCnt,HittingCnt,HomeRunCnt,RunCnt,EarnedRunCnt,BasesONBallsCnt,IntentionalBasesONBallsCnt,HitBYPitchCnt,StrikeOutCnt,WildPitchCnt,BalkCnt,SacrificeHitCnt,SacrificeFlyCnt,IsCompleteGame,IsShoutOut,IsMvp,TotalWins,TotalLoses,TotalSaveOk,TotalRelief,GameHigherSpeedPitch
2025,A,1,1,0000000001,0000005731,布雷克,50,先發,勝,0,0,5,2,19,81,53,3,0,0,0,1,0,0,5,0,0,0,0,0,0,1,1,0,0,0,143
2025,A,1,2,0000000001,0000006006,德保拉,46,先發,敗,0,0,5,1,23,94,63,10,0,5,4,0,0,0,2,0,0,0,0,0,0,0,0,1,0,0,147
2025,A,1,2,0000000001,0000004626,王奕凱,54,中繼,,0,0,0,1,4,14,9,2,0,2,0,0,0,0,0,0,0,0,0,0,0,0,0,0,0,0,142
2025,A,1,2,0000000001,0000001232,江忠城,20,中繼,,0,0,0,1,1,4,3,0,0,0,0,0,0,0,1,0,0,0,0,0,0,0,0,0,0,0,145
2025,A,1,1,0000000001,0000002695,林子崴,17,中繼,,0,0,0,1,1,4,2,0,0,0,0,0,0,0,0,0,0,0,0,0,0,0,0,0,0,0,138
2025,A,1,2,0000000001,0000003331,李振昌,34,中繼,,0,0,1,0,5,22,12,1,1,1,1,1,0,0,0,0,0,0,0,0,0,0,0,0,0,0,143
2025,A,1,1,0000000001,0000002276,鄭鈞仁,60,中繼,,0,0,1,0,4,14,9,1,0,0,0,0,0,0,0,0,0,0,0,0,0,0,0,0,0,0,144
2025,A,1,2,0000000001,0000007276,伍立辰,83,中繼,,0,0,1,0,5,24,14,1,0,0,0,1,0,0,0,0,0,0,0,0,0,0,0,0,0,0,147
2025,A,1,1,0000000001,0000000998,邱浩鈞,37,中繼,,0,0,1,0,3,9,6,0,0,0,0,0,0,0,1,0,0,0,0,0,0,0,0,0,0,0,142
2025,A,1,2,0000000001,0000007283,陳冠穎,81,最後一任,,0,0,1,0,3,9,5,0,0,0,0,0,0,0,0,0,0,0,0,0,0,0,0,0,0,0,147
2025,A,1,1,0000000001,0000004637,劉軒荅,23,最後一任,,0,0,1,0,4,15,8,0,0,0,0,0,0,0,1,0,0,0,0,0,0,0,0,0,0,0,150
2025,A,2,1,0000000002,0000007554,龍聖,33,先發,,0,0,5,0,21,94,52,5,1,3,3,3,0,0,4,0,0,0,1,0,0,0,2,3,0,0,144
2025,A,2,2,0000000002,0000004624,陳克羿,19,先發,,0,0,7,0,25,89,61,2,0,1,0,2,0,1,5,0,0,0,0,0,0,0,0,0,0,0,146
2025,A,2,1,0000000002,0000005552,呂偉晟,39,中繼,,0,0,1,0,3,14,10,0,0,0,0,0,0,0,1,0,0,0,0,0,0,0,1,2,0,2,141
2025,A,2,1,0000000002,0000002279,吳俊杰,20,中繼,,0,0,1,0,5,24,14,1,0,1,1,1,0,0,0,0,0,0,0,0,0,0,0,0,0,2,142
2025,A,2,2,0000000002,0000005372,呂詠臻,48,中繼,,0,0,0,2,5,20,9,3,0,3,3,1,0,0,0,0,0,0,0,0,0,0,2,2,0,10,147
2025,A,2,2,0000000002,0000000941,陳冠宇,17,中繼,,0,0,0,1,3,8,5,1,0,0,0,1,1,0,0,0,0,0,0,0,0,0,1,2,1,11,146
2025,A,2,1,0000000002,0000001821,林子昱,71,中繼,,0,1,1,0,3,13,8,0,0,0,0,0,0,0,1,0,0,0,0,0,0,0,3,1,0,8,148
2025,A,2,2,0000000002,0000000128,朱承洋,22,中繼,,0,1,1,0,5,14,11,2,0,0,0,0,0,0,0,0,0,0,0,0,0,0,3,1,2,12,146
2025,A,2,1,0000000002,0000005555,陳冠偉,59,中繼,,0,1,1,0,4,18,11,0,0,0,0,1,0,0,1,0,0,0,0,0,0,0,1,2,8,3,141
2025,A,2,2,0000000002,0000007073,賴胤豪,63,中繼,,0,0,1,0,4,14,11,1,0,1,0,0,0,0,0,0,0,1,0,0,0,0,1,0,0,1,150
2025,A,2,1,0000000002,0000006160,李超,0,中繼,勝,0,0,1,0,4,10,6,2,0,1,0,0,0,0,0,0,0,0,0,0,0,0,2,0,0,1,145
2025,A,2,2,0000000002,0000000779,陳柏豪,9,最後一任,敗,0,0,1,0,6,24,19,2,0,2,0,0,0,0,0,0,0,0,0,0,0,0,1,4,11,1,146
2025,A,2,1,0000000002,0000005541,郭郁政,17,最後一任,,1,0,1,0,4,20,15,1,0,0,0,0,0,0,2,0,0,0,0,0,0,0,0,2,1,1,147
2025,A,5,1,0000000001,0000006832,陳柏清,66,先發,敗,0,0,6,0,25,91,49,3,0,1,1,5,0,0,1,0,0,0,0,0,0,0,0,1,0,0,144
2025,A,5,2,0000000001,0000006497,鋼龍,37,先發,勝,0,0,6,0,21,93,66,4,0,0,0,1,0,0,6,0,0,0,0,0,0,1,1,0,0,0,147
2025,A,5,2,0000000001,0000001821,林子昱,71,中繼,,0,1,1,0,3,13,7,0,0,0,0,0,0,0,1,0,0,0,0,0,0,0,0,0,0,1,142
2025,A,5,1,0000000001,0000006922,黃紹睿,56,中繼,,0,0,1,0,3,12,7,0,0,0,0,0,0,0,1,0,0,0,0,0,0,0,0,0,0,0,143
2025,A,5,2,0000000001,0000000135,陳禹勳,5,中繼,,0,1,1,0,4,13,7,0,0,0,0,1,0,0,0,0,0,0,0,0,0,0,0,0,0,1,141
2025,A,5,1,0000000001,0000001390,王躍霖,95,最後一任,,0,0,1,0,4,11,8,1,0,0,0,0,0,0,1,0,0,0,0,0,0,0,0,0,0,0,144
2025,A,5,2,0000000001,0000005555,陳冠偉,59,最後一任,,1,0,1,0,4,16,9,0,0,0,0,1,0,0,1,0,0,0,0,0,0,0,0,0,1,0,147
2025,A,6,1,0000000001,0000007062,威能帝,49,先發,,0,0,7,0,29,80,59,7,0,3,3,1,0,0,4,0,0,2,0,0,0,0,0,0,0,0,151
2025,A,6,2,0000000001,0000007559,蒙德茲,21,先發,,0,0,5,0,25,82,51,7,0,3,3,3,0,0,3,1,0,0,0,0,0,0,0,0,0,0,146
2025,A,6,2,0000000001,0000003393,王鏡銘,41,中繼,,0,0,1,0,3,8,7,0,0,0,0,0,0,0,0,0,0,1,1,0,0,0,0,0,0,0,140
2025,A,6,2,0000000001,0000002695,林子崴,17,中繼,,0,1,1,0,3,16,10,0,0,0,0,0,0,0,0,0,0,0,0,0,0,0,0,0,0,1,143
2025,A,6,2,0000000001,0000000998,邱浩鈞,37,中繼,勝,0,0,1,0,4,13,4,0,0,0,0,2,0,0,0,0,0,0,0,0,0,0,1,0,0,0,141
2025,A,6,1,0000000001,0000000941,陳冠宇,17,最後一任,敗,0,0,1,0,6,20,13,2,0,2,1,0,0,0,1,1,0,0,0,0,0,0,0,1,0,0,144
2025,A,6,2,0000000001,0000002688,陳韻文,12,最後一任,,1,0,1,0,4,15,12,1,0,0,0,0,0,0,1,0,0,0,0,0,0,0,0,0,2,0,148
2025,A,7,1,0000000001,0000003334,鄭凱文,19,先發,敗,0,0,4,0,23,79,56,12,2,8,8,0,0,0,3,0,0,0,0,0,0,0,0,1,0,0,137
2025,A,7,2,0000000001,0000005790,張奕,19,先發,勝,0,0,5,1,23,86,56,6,0,3,2,1,0,1,7,1,0,0,0,0,0,0,1,0,0,0,150
2025,A,7,1,0000000001,0000000771,陳琥,62,中繼,,0,0,1,0,5,19,7,0,0,0,0,2,0,0,1,0,0,0,0,0,0,0,0,0,0,0,145
2025,A,7,2,0000000001,0000002272,賴智垣,25,中繼,,0,0,0,0,4,16,7,2,0,1,1,2,0,0,0,0,0,0,0,0,0,0,0,0,0,0,148
2025,A,7,2,0000000001,0000000773,李吳永勤,38,中繼,,0,1,0,2,2,7,6,0,0,0,0,0,0,0,2,0,0,0,0,0,0,0,0,0,0,1,142
2025,A,7,1,0000000001,0000004626,王奕凱,54,中繼,,0,0,0,2,6,27,12,2,0,3,3,2,0,0,1,3,0,0,0,0,0,0,0,0,0,0,147
2025,A,7,1,0000000001,0000000778,蔡齊哲,50,中繼,,0,0,0,1,2,10,8,1,0,0,0,0,0,0,1,0,0,0,0,0,0,0,0,0,0,0,140
2025,A,7,2,0000000001,0000007090,林旺熙,73,中繼,,0,0,0,0,2,10,2,0,0,1,1,2,0,0,0,0,0,0,0,0,0,0,0,0,0,0,148
2025,A,7,2,0000000001,0000002280,廖任磊,13,中繼,,0,0,1,0,5,14,11,2,0,0,0,0,0,0,1,0,0,0,0,0,0,0,0,0,0,0,151
2025,A,7,1,0000000001,0000003331,李振昌,34,中繼,,0,0,1,0,3,13,10,0,0,0,0,0,0,0,3,0,0,0,0,0,0,0,0,0,0,0,146
2025,A,7,2,0000000001,0000005592,富藍戈,87,中繼,,0,0,1,0,3,13,7,0,0,0,0,0,0,0,1,0,0,0,0,0,0,0,0,0,0,0,153
2025,A,7,1,0000000001,0000007283,陳冠穎,81,最後一任,,0,0,1,0,4,14,7,1,0,0,0,0,0,0,0,0,0,0,0,0,0,0,0,0,0,0,145
2025,A,7,2,0000000001,0000003292,賴鴻誠,32,最後一任,,0,0,1,0,4,12,9,1,0,0,0,0,0,0,0,0,0,0,0,0,0,0,0,0,0,0,145
2025,A,8,1,0000000001,0000002274,黃子鵬,69,先發,,0,0,7,0,25,80,58,5,0,1,1,0,0,0,3,0,0,0,0,0,0,0,0,0,0,0,131
2025,A,8,2,0000000001,0000001719,胡智爲,58,先發,,0,0,4,0,18,70,48,4,0,0,0,2,0,0,1,0,0,0,0,0,0,0,0,0,0,0,148
2025,A,8,2,0000000001,0000005282,姚杰宏,79,中繼,,0,0,2,0,10,41,22,2,0,1,1,2,0,0,2,0,0,0,0,0,0,0,0,0,0,0,143
2025,A,8,2,0000000001,0000004637,劉軒荅,23,中繼,,0,0,1,2,5,11,9,0,0,0,0,0,0,0,0,0,0,0,0,0,0,0,0,0,0,0,144
2025,A,8,2,0000000001,0000002303,黃竣彥,40,最後一任,勝,0,0,1,1,5,14,7,1,1,1,1,0,0,0,0,0,0,0,0,0,0,0,1,0,0,1,146
2025,A,8,1,0000000001,0000005509,莊昕諺,77,中繼,敗,0,0,0,0,3,14,7,2,1,3,2,1,0,0,0,0,0,0,0,0,0,0,0,1,0,0,146
2025,A,8,1,0000000001,0000006228,王志煊,64,中繼,,0,0,0,2,5,21,13,3,0,1,1,0,0,0,1,0,0,0,0,0,0,0,0,0,0,0,135
2025,A,8,1,0000000001,0000005558,蘇俊璋,00,最後一任,,0,0,0,1,1,4,3,0,0,0,0,0,0,0,0,0,0,0,0,0,0,0,0,0,0,0,144
2025,A,9,1,0000000001,0000007547,石萬金,32,先發,敗,0,0,5,0,22,83,49,4,0,3,2,2,0,1,6,0,0,0,0,0,0,0,0,1,0,0,146
2025,A,9,2,0000000001,0000007554,龍聖,33,先發,勝,0,0,6,0,22,98,63,2,0,1,1,2,0,0,6,0,0,0,0,0,0,1,1,0,0,0,145
2025,A,9,1,0000000001,0000007065,王柏傑,12,中繼,,0,0,0,2,5,26,8,0,0,0,0,4,0,0,0,0,0,0,0,0,0,0,0,0,0,0,141
2025,A,9,1,0000000001,0000002348,施子謙,19,中繼,,0,0,2,0,7,32,22,2,0,0,0,0,0,0,1,0,0,0,0,0,0,0,0,0,0,0,145
2025,A,9,2,0000000001,0000005541,郭郁政,17,中繼,,0,1,1,0,3,13,9,0,0,0,0,0,0,0,0,0,0,0,0,0,0,0,0,0,0,1,142
2025,A,9,2,0000000001,0000005788,林凱威,99,中繼,,0,1,1,0,4,21,13,0,0,0,0,1,0,0,1,0,0,0,0,0,0,0,0,0,0,1,151
2025,A,9,1,0000000001,0000006982,黃群,46,最後一任,,0,0,0,1,1,4,3,0,0,0,0,0,0,0,1,0,0,0,0,0,0,0,0,0,0,0,138
2025,A,9,2,0000000001,0000005555,陳冠偉,59,最後一任,,1,0,1,0,4,10,7,1,0,0,0,0,0,0,0,0,0,0,0,0,0,0,0,0,2,0,144
2025,A,10,1,0000000001,0000005151,羅戈,32,先發,敗,0,0,5,0,20,85,55,3,0,1,1,1,0,0,6,0,0,0,0,0,0,0,0,1,0,0,150
2025,A,10,2,0000000001,0000006749,魔力藍,44,先發,勝,0,0,7,0,24,85,56,3,0,0,0,2,0,0,7,0,0,0,0,0,0,1,1,0,0,0,146
2025,A,10,1,0000000001,0000002271,黃恩賜,64,中繼,,0,0,1,0,4,16,8,0,0,0,0,1,0,1,1,0,0,0,0,0,0,0,0,0,0,0,145
2025,A,10,1,0000000001,0000007276,伍立辰,83,中繼,,0,0,1,0,3,8,5,0,0,0,0,0,0,0,0,0,0,0,0,0,0,0,0,0,0,0,144
2025,A,10,2,0000000001,0000005592,富藍戈,87,中繼,,0,1,1,0,3,16,11,0,0,0,0,0,0,0,0,0,0,0,0,0,0,0,0,0,0,1,154
2025,A,10,1,0000000001,0000000776,王凱程,15,最後一任,,0,0,1,0,4,14,11,1,0,0,0,0,0,0,2,0,0,0,0,0,0,0,0,0,0,0,140
2025,A,10,2,0000000001,0000006227,曾峻岳,60,最後一任,,1,0,1,0,4,18,11,1,0,0,0,0,0,0,1,0,0,0,0,0,0,0,0,0,1,0,153
2025,A,11,1,0000000001,0000007555,霸鉧德,25,先發,,0,0,5,2,21,82,51,5,1,2,2,0,0,0,6,0,0,0,0,0,0,0,0,0,0,0,146
2025,A,11,2,0000000001,0000006507,後勁,40,先發,,0,0,6,0,26,94,58,8,0,2,2,2,0,0,6,0,0,0,0,0,0,0,0,0,0,0,145
2025,A,11,1,0000000001,0000006228,王志煊,64,中繼,,0,1,0,1,1,4,2,0,0,0,0,0,0,0,0,0,0,0,0,0,0,0,0,0,0,1,134
2025,A,11,2,0000000001,0000006922,黃紹睿,56,中繼,,0,0,1,0,5,13,9,3,0,1,1,0,0,0,0,0,0,0,0,0,0,0,0,0,0,0,143
2025,A,11,1,0000000001,0000005372,呂詠臻,48,中繼,,0,1,1,0,3,14,10,0,0,0,0,0,0,0,0,0,0,0,0,0,0,0,0,0,0,1,146
2025,A,11,2,0000000001,0000006982,黃群,46,中繼,,0,0,1,0,4,14,7,1,0,0,0,1,0,0,1,0,0,0,0,0,0,0,0,0,0,0,144
2025,A,11,1,0000000001,0000000941,陳冠宇,17,中繼,,0,1,1,0,3,19,11,0,0,0,0,0,0,0,2,0,0,0,0,0,0,0,0,1,0,1,146
2025,A,11,2,0000000001,0000006949,林詩翔,14,最後一任,勝,0,0,1,0,4,13,7,1,0,0,0,0,0,0,0,0,0,0,0,0,0,0,1,0,0,0,143
2025,A,11,1,0000000001,0000000779,陳柏豪,9,最後一任,敗,0,0,0,1,4,21,13,3,0,2,2,0,0,0,1,0,0,0,0,0,0,0,0,1,0,0,146
2025,A,12,1,0000000001,0000006871,黃保羅,18,先發,,0,0,5,0,22,80,48,6,0,1,1,1,0,0,6,0,0,0,1,0,0,0,0,0,0,0,145
2025,A,12,2,0000000001,0000006906,艾璞樂,35,先發,,0,0,6,0,23,92,61,5,1,2,2,1,0,0,5,0,0,0,0,0,0,0,0,0,0,0,148
2025,A,12,1,0000000001,0000003292,賴鴻誠,32,中繼,,0,1,1,0,4,8,6,1,0,0,0,0,0,0,0,0,0,0,0,0,0,0,0,0,0,1,142
2025,A,12,2,0000000001,0000001821,林子昱,71,中繼,勝,0,0,1,0,4,15,8,1,0,0,0,0,0,0,0,0,0,0,0,0,0,0,1,0,0,1,142
2025,A,12,1,0000000001,0000000773,李吳永勤,38,中繼,敗,0,0,0,1,4,14,11,2,0,2,1,0,0,0,0,0,0,0,0,0,0,0,0,1,0,1,141
2025,A,12,1,0000000001,0000002272,賴智垣,25,中繼,,0,0,0,0,1,5,3,1,0,0,0,0,0,0,0,1,0,0,0,0,0,0,0,0,0,0,143
2025,A,12,1,0000000001,0000005592,富藍戈,87,中繼,,0,0,0,2,3,15,9,0,0,0,0,1,0,0,2,0,0,0,0,0,0,0,0,0,0,1,155
2025,A,12,2,0000000001,0000000135,陳禹勳,5,中繼,,0,1,1,0,4,9,6,0,0,0,0,0,0,0,0,0,0,0,0,0,0,0,0,0,0,2,141
2025,A,12,1,0000000001,0000007090,林旺熙,73,最後一任,,0,0,1,0,4,12,11,1,0,0,0,0,0,0,1,0,0,0,0,0,0,0,0,0,0,0,150
2025,A,12,2,0000000001,0000005788,林凱威,99,最後一任,,1,0,1,0,4,17,11,0,0,0,0,1,0,0,1,0,0,0,0,0,0,0,0,0,1,1,150
2025,A,13,1,0000000001,0000005731,布雷克,50,先發,敗,0,0,5,1,27,101,61,7,1,2,2,3,0,0,3,1,0,0,0,0,0,0,1,1,0,0,143
2025,A,13,2,0000000001,0000006006,德保拉,46,先發,勝,0,0,8,0,29,94,67,7,0,0,0,1,0,0,3,0,0,0,0,0,0,0,1,1,0,0,149
2025,A,13,1,0000000001,0000002276,鄭鈞仁,60,中繼,,0,0,0,2,3,17,7,0,0,0,0,1,0,0,1,0,0,0,0,0,0,0,0,0,0,0,150
2025,A,13,1,0000000001,0000003393,王鏡銘,41,中繼,,0,0,1,0,3,10,5,0,0,0,0,0,0,0,0,0,0,0,0,0,0,0,0,0,0,0,140
2025,A,13,1,0000000001,0000002695,林子崴,17,最後一任,,0,0,1,0,5,20,11,1,0,0,0,1,0,0,1,0,0,0,0,0,0,0,0,0,0,1,144
2025,A,13,2,0000000001,0000003639,呂彥青,58,最後一任,,1,0,1,0,3,15,10,0,0,0,0,0,0,0,1,0,0,0,0,0,0,0,0,0,1,0,143
2025,A,14,1,0000000001,0000007556,波賽樂,88,先發,敗,0,0,5,0,21,83,60,7,0,3,2,0,0,0,1,0,0,0,0,0,0,0,0,1,0,0,148
2025,A,14,2,0000000001,0000007053,艾速特,30,先發,勝,0,0,7,0,26,89,59,6,0,0,0,1,0,0,6,0,0,0,0,0,0,1,1,1,0,0,148
2025,A,14,1,0000000001,0000000128,朱承洋,22,中繼,,0,0,1,0,5,18,11,1,0,0,0,1,0,0,2,0,0,0,0,0,0,0,0,0,0,0,146
2025,A,14,1,0000000001,0000005509,莊昕諺,77,中繼,,0,0,1,0,4,15,13,2,0,1,1,0,0,0,1,0,0,0,0,0,0,0,0,1,0,0,147
2025,A,14,2,0000000001,0000007069,張誠恩,93,中繼,,0,0,1,0,6,28,18,2,1,2,2,1,0,0,3,0,0,0,0,0,0,0,0,0,0,0,149
2025,A,14,1,0000000001,0000005558,蘇俊璋,00,最後一任,,0,0,1,0,3,12,7,0,0,0,0,0,0,0,0,0,0,0,0,0,0,0,0,0,0,0,143
2025,A,14,2,0000000001,0000006949,林詩翔,14,最後一任,,1,0,1,0,3,8,8,1,0,0,0,0,0,0,0,0,0,0,0,0,0,0,1,0,1,0,143
2025,A,15,1,0000000001,0000006739,李東洺,66,先發,敗,0,0,1,2,13,45,21,4,0,4,4,3,0,1,1,0,0,0,0,0,0,0,0,1,0,0,148
2025,A,15,2,0000000001,0000000762,伍鐸,52,先發,勝,0,0,6,1,24,89,58,4,0,0,0,1,0,1,4,0,0,0,0,0,0,1,1,0,0,0,139
2025,A,15,1,0000000001,0000005284,藍愷青,21,中繼,,0,0,2,0,12,54,26,4,0,3,3,3,0,0,1,0,0,0,0,0,0,0,0,0,0,0,141
2025,A,15,1,0000000001,0000000368,游霆崴,80,中繼,,0,0,2,1,9,41,22,2,1,1,1,1,0,0,3,0,0,0,0,0,0,0,0,0,0,0,138
2025,A,15,2,0000000001,0000006160,李超,0,中繼,,0,0,1,1,8,37,21,1,0,3,3,3,0,0,1,0,0,0,0,0,0,0,0,0,0,0,146
2025,A,15,1,0000000001,0000002280,廖任磊,13,中繼,,0,0,1,0,6,17,11,3,0,1,1,0,0,0,1,2,0,0,0,0,0,0,0,0,0,0,148
2025,A,15,2,0000000001,0000002278,王定穎,90,中繼,,0,0,0,1,2,9,7,1,0,0,0,0,0,0,1,0,0,0,0,0,0,0,0,0,0,0,143
2025,A,15,1,0000000001,0000007090,林旺熙,73,最後一任,,0,0,1,0,7,23,12,3,0,2,2,1,0,0,0,1,0,0,0,0,0,0,0,0,0,0,145
2025,A,15,2,0000000001,0000006215,趙璟榮,42,最後一任,,0,0,1,0,4,17,9,1,0,0,0,0,0,0,1,1,0,0,0,0,0,0,0,0,0,0,146
2025,A,16,1,0000000001,0000006555,梅賽斯,42,先發,,0,0,6,0,26,100,59,4,0,3,2,3,0,0,5,0,0,1,0,0,0,0,0,0,0,0,147
2025,A,16,2,0000000001,0000007558,黃博多,37,先發,,0,0,6,0,27,96,62,8,1,3,3,1,0,0,7,1,0,1,1,0,0,0,1,0,0,0,150
2025,A,16,2,0000000001,0000002271,黃恩賜,64,中繼,,0,1,1,0,3,10,8,0,0,0,0,0,0,0,2,0,0,0,0,0,0,0,0,0,0,1,144
2025,A,16,1,0000000001,0000006818,髙塩將樹,28,中繼,,0,1,2,0,6,20,11,0,0,0,0,0,0,0,1,0,0,0,0,0,0,0,1,0,0,1,147
2025,A,16,2,0000000001,0000000776,王凱程,15,中繼,,0,1,1,0,4,19,10,1,0,0,0,0,0,0,1,0,0,0,0,0,0,0,0,0,0,1,142
2025,A,16,2,0000000001,0000003639,呂彥青,58,中繼,,0,1,0,2,3,12,6,0,0,0,0,1,0,0,1,0,0,0,0,0,0,0,0,0,1,1,139
2025,A,16,2,0000000001,0000001232,江忠城,20,中繼,,0,0,0,0,2,8,0,0,0,0,0,2,0,0,0,0,0,0,0,0,0,0,0,0,0,0,148
2025,A,16,2,0000000001,0000007283,陳冠穎,81,最後一任,勝,0,0,1,1,4,16,7,0,0,0,0,1,0,0,0,0,0,0,0,0,0,0,1,0,0,0,149
2025,A,16,1,0000000001,0000000998,邱浩鈞,37,最後一任,敗,0,0,1,1,7,22,12,1,0,1,0,2,2,0,1,0,0,0,0,0,0,0,1,1,0,0,147
2025,A,17,1,0000000001,0000006891,力亞士,55,先發,敗,0,0,5,0,23,94,56,4,0,4,1,3,0,0,4,0,0,1,1,0,0,0,0,2,0,0,149
2025,A,17,2,0000000001,0000001603,王維中,16,先發,勝,0,0,5,0,19,82,54,2,0,0,0,2,0,0,5,0,0,0,0,0,0,1,1,0,0,0,144
2025,A,17,2,0000000001,0000005541,郭郁政,17,中繼,,0,0,2,0,8,22,17,2,0,0,0,0,0,0,2,0,0,0,0,0,0,0,0,0,0,1,146
2025,A,17,1,0000000001,0000000773,李吳永勤,38,中繼,,0,0,1,0,7,30,20,4,0,2,2,0,0,0,1,0,0,0,1,0,0,0,0,1,0,1,139
2025,A,17,1,0000000001,0000002280,廖任磊,13,中繼,,0,0,1,0,3,8,7,0,0,0,0,0,0,0,1,0,0,0,0,0,0,0,0,0,0,0,148
2025,A,17,2,0000000001,0000001821,林子昱,71,中繼,,0,0,1,0,4,10,7,1,0,0,0,0,0,0,1,0,0,0,0,0,0,0,1,0,0,1,145
2025,A,17,1,0000000001,0000003292,賴鴻誠,32,最後一任,,0,0,1,0,5,17,11,2,0,1,1,0,0,0,0,0,0,0,0,0,0,0,0,0,0,1,144
2025,A,17,2,0000000001,0000005552,呂偉晟,39,最後一任,,0,0,1,0,4,12,7,0,0,0,0,1,0,0,1,0,0,0,0,0,0,0,0,0,0,0,144
2025,A,18,1,0000000001,0000007264,魔神樂,21,先發,勝,0,0,7,0,26,87,52,5,1,2,2,2,0,0,0,0,0,1,1,0,0,0,1,0,0,0,144
2025,A,18,2,0000000001,0000002679,江承諺,20,先發,,0,0,5,0,22,78,54,8,0,2,2,0,0,0,2,0,0,0,0,0,0,0,0,0,0,0,137
2025,A,18,2,0000000001,0000006833,陳宇宏,17,中繼,敗,0,0,2,0,9,29,18,3,1,3,3,0,0,0,0,0,0,0,0,0,0,0,0,1,0,0,130
2025,A,18,2,0000000001,0000002348,施子謙,19,中繼,,0,0,1,0,5,12,7,1,0,0,0,0,0,1,1,0,0,1,0,0,0,0,0,0,0,0,146
2025,A,18,1,0000000001,0000000941,陳冠宇,17,中繼,,0,0,0,1,4,14,8,2,0,0,0,1,0,0,0,0,0,0,0,0,0,0,0,1,0,1,146
2025,A,18,1,0000000001,0000006228,王志煊,64,中繼,,0,1,0,2,1,6,3,0,0,0,0,0,0,0,0,0,0,0,0,0,0,0,0,0,0,2,136
2025,A,18,2,0000000001,0000001390,王躍霖,95,最後一任,,0,0,1,0,3,8,7,0,0,0,0,0,0,0,0,0,0,0,0,0,0,0,0,0,0,0,142
2025,A,18,1,0000000001,0000000779,陳柏豪,9,最後一任,,1,0,1,0,4,13,8,0,0,0,0,0,0,1,0,0,0,0,0,0,0,0,0,1,1,0,148
2025,A,19,1,0000000001,0000006848,林詔恩,74,先發,,0,0,3,0,15,58,37,4,0,3,3,3,0,0,1,0,0,1,0,0,0,0,0,0,0,0,147
2025,A,19,2,0000000001,0000006874,盧孟揚,71,先發,,0,0,5,0,23,86,51,5,1,3,3,3,0,0,3,0,0,1,0,0,0,0,0,0,0,0,149
2025,A,19,1,0000000001,0000005282,姚杰宏,79,中繼,,0,0,2,0,9,37,25,4,0,3,3,0,0,0,2,0,0,0,0,0,0,0,0,0,0,0,144
2025,A,19,2,0000000001,0000000771,陳琥,62,中繼,,0,1,1,0,3,12,7,0,0,0,0,0,0,0,1,0,0,0,0,0,0,0,0,0,0,1,146
2025,A,19,1,0000000001,0000004637,劉軒荅,23,中繼,,0,0,1,0,3,9,6,0,0,0,0,0,0,0,0,0,0,0,0,0,0,0,0,0,0,0,144
2025,A,19,2,0000000001,0000000778,蔡齊哲,50,中繼,,0,1,1,0,6,19,10,2,0,0,0,1,0,0,0,0,0,0,0,0,0,0,0,0,0,1,141
2025,A,19,1,0000000001,0000002695,林子崴,17,中繼,,0,0,1,0,3,15,10,0,0,0,0,0,0,0,1,0,0,0,0,0,0,0,0,0,0,1,145
2025,A,19,2,0000000001,0000003331,李振昌,34,中繼,勝,0,0,1,0,6,28,17,2,1,3,3,1,0,0,3,0,0,0,0,0,0,0,1,0,0,0,146
2025,A,19,1,0000000001,0000002303,黃竣彥,40,最後一任,敗,0,0,1,0,5,18,10,1,0,1,1,1,0,0,1,0,0,0,0,0,0,0,1,1,0,1,145
2025,A,19,2,0000000001,0000007276,伍立辰,83,最後一任,,1,0,1,0,4,15,7,0,0,0,0,1,0,0,1,0,0,0,0,0,0,0,0,0,1,0,147
2025,A,20,1,0000000001,0000005790,張奕,19,先發,敗,0,0,6,0,26,96,74,9,0,6,4,0,0,0,5,0,0,0,0,0,0,0,1,1,0,0,149
2025,A,20,2,0000000001,0000007062,威能帝,49,先發,勝,0,0,6,1,28,99,69,7,0,3,2,1,0,0,7,0,0,0,1,0,0,1,1,0,0,0,150
2025,A,20,2,0000000001,0000005372,呂詠臻,48,中繼,,0,1,0,2,1,3,2,0,0,0,0,0,0,0,0,0,0,0,0,0,0,0,0,0,0,2,148
2025,A,20,1,0000000001,0000007090,林旺熙,73,中繼,,0,0,1,0,3,11,8,0,0,0,0,0,0,0,1,0,0,0,0,0,0,0,0,0,0,0,146
2025,A,20,2,0000000001,0000000128,朱承洋,22,中繼,,0,1,1,0,3,13,9,0,0,0,0,0,0,0,0,0,0,0,0,0,0,0,0,0,0,1,148
2025,A,20,1,0000000001,0000002280,廖任磊,13,最後一任,,0,0,1,0,4,10,6,0,0,0,0,0,0,1,0,0,0,0,0,0,0,0,0,0,0,0,146
2025,A,20,2,0000000001,0000000779,陳柏豪,9,最後一任,,1,0,1,0,3,9,6,0,0,0,0,0,0,0,1,0,0,0,0,0,0,0,0,1,2,0,145
2025,A,21,1,0000000001,0000007559,蒙德茲,21,先發,,0,0,6,0,24,91,55,2,0,3,3,2,0,2,4,0,0,0,0,0,0,0,0,0,0,0,148
2025,A,21,2,0000000001,0000006832,陳柏清,66,先發,,0,0,5,0,23,93,65,4,0,2,1,3,1,0,3,0,0,1,0,0,0,0,0,1,0,0,148
2025,A,21,2,0000000001,0000006922,黃紹睿,56,中繼,,0,1,1,0,5,19,11,1,0,0,0,1,0,0,2,0,0,0,0,0,0,0,0,0,0,1,142
2025,A,21,2,0000000001,0000002348,施子謙,19,中繼,勝,0,0,1,0,5,15,11,3,0,1,1,0,0,0,0,0,0,0,0,0,0,0,1,0,0,0,144
2025,A,21,1,0000000001,0000003393,王鏡銘,41,中繼,敗,0,0,1,0,4,23,12,1,1,1,1,0,0,0,2,0,0,0,0,0,0,0,0,1,0,0,140
2025,A,21,2,0000000001,0000007069,張誠恩,93,中繼,,0,1,1,0,4,16,10,1,0,0,0,0,0,0,0,0,0,0,0,0,0,0,0,0,0,1,148
2025,A,21,1,0000000001,0000002695,林子崴,17,最後一任,,0,0,1,0,3,9,7,0,0,0,0,0,0,0,0,0,0,0,0,0,0,0,0,0,0,1,146
2025,A,21,2,0000000001,0000006949,林詩翔,14,最後一任,,1,0,1,0,3,14,9,0,0,0,0,0,0,0,2,0,0,0,0,0,0,0,1,0,2,0,146
2025,A,22,1,0000000001,0000006749,魔力藍,44,先發,敗,0,0,3,0,22,70,45,11,0,6,5,2,0,0,1,0,0,1,0,0,0,0,1,1,0,0,147
2025,A,22,2,0000000001,0000002274,黃子鵬,69,先發,勝,0,0,5,0,22,80,59,5,0,1,1,0,0,1,3,0,0,0,0,0,0,0,1,0,0,0,136
2025,A,22,1,0000000001,0000000368,游霆崴,80,中繼,,0,0,1,1,7,24,14,4,0,2,2,1,0,0,0,0,0,0,0,0,0,0,0,0,0,0,137
2025,A,22,1,0000000001,0000000938,張瑞麟,72,中繼,,0,0,1,2,5,24,17,0,0,0,0,0,0,0,1,0,0,0,1,0,0,0,0,0,0,0,141
2025,A,22,2,0000000001,0000005558,蘇俊璋,00,中繼,,0,0,1,0,4,15,9,2,0,0,0,0,0,0,0,0,0,0,0,0,0,0,0,0,0,0,144
2025,A,22,2,0000000001,0000006857,舒治浩,1,中繼,,0,0,1,0,4,18,11,2,0,1,1,0,0,0,1,0,0,0,0,0,0,0,0,0,0,0,147
2025,A,22,1,0000000001,0000007090,林旺熙,73,中繼,,0,0,1,0,4,19,12,0,0,0,0,1,0,0,1,0,0,0,0,0,0,0,0,0,0,0,147
2025,A,22,2,0000000001,0000005509,莊昕諺,77,中繼,,0,0,1,0,3,10,7,0,0,0,0,0,0,0,0,0,0,0,0,0,0,0,0,1,0,0,147
2025,A,22,1,0000000001,0000000773,李吳永勤,38,最後一任,,0,0,1,0,6,19,10,1,0,0,0,1,0,1,1,0,0,0,0,0,0,0,0,1,0,1,139
2025,A,22,2,0000000001,0000006720,邱駿威,46,最後一任,,0,0,1,0,3,7,5,0,0,0,0,0,0,0,0,0,0,0,0,0,0,0,0,0,0,0,145
2025,A,23,1,0000000001,0000001719,胡智爲,58,先發,,0,0,4,0,19,76,53,7,0,3,3,0,0,0,2,0,0,1,0,0,0,0,0,0,0,0,146
2025,A,23,2,0000000001,0000007547,石萬金,32,先發,,0,0,6,0,23,93,59,4,2,3,3,2,0,0,2,0,0,0,0,0,0,0,0,1,0,0,145
2025,A,23,1,0000000001,0000006818,髙塩將樹,28,中繼,,0,0,2,0,8,31,19,2,0,0,0,0,0,0,1,0,0,2,1,0,0,0,1,0,0,1,145
2025,A,23,2,0000000001,0000006922,黃紹睿,56,中繼,,0,1,0,2,4,16,11,1,0,0,0,1,0,0,1,0,0,1,0,0,0,0,0,0,0,2,143
2025,A,23,2,0000000001,0000006982,黃群,46,中繼,,0,1,1,1,5,17,14,1,0,0,0,0,0,0,0,0,0,0,0,0,0,0,0,0,0,1,141
2025,A,23,1,0000000001,0000000998,邱浩鈞,37,中繼,,0,1,1,0,3,9,8,0,0,0,0,0,0,0,1,0,0,0,0,0,0,0,1,1,0,1,144
2025,A,23,1,0000000001,0000002303,黃竣彥,40,中繼,,0,1,1,0,5,16,12,2,0,0,0,0,0,0,2,0,0,0,0,0,0,0,1,1,0,2,144
2025,A,23,2,0000000001,0000006949,林詩翔,14,中繼,,0,1,1,0,4,13,10,1,0,0,0,0,0,0,0,0,0,0,0,0,0,0,1,0,2,1,142
2025,A,23,1,0000000001,0000002688,陳韻文,12,中繼,勝,0,0,1,1,7,25,17,3,0,3,2,0,0,0,1,0,0,0,0,0,0,0,1,0,2,0,147
2025,A,23,2,0000000001,0000001390,王躍霖,95,中繼,敗,0,0,0,2,6,27,16,3,0,4,3,1,1,0,1,1,0,1,0,0,0,0,0,1,0,0,143
2025,A,23,2,0000000001,0000007069,張誠恩,93,最後一任,,0,0,0,1,1,5,4,0,0,0,0,0,0,0,0,0,0,0,0,0,0,0,0,0,0,1,146
2025,A,23,1,0000000001,0000004637,劉軒荅,23,最後一任,,1,0,0,2,4,16,10,1,0,0,0,1,0,0,1,0,0,0,0,0,0,0,0,0,1,0,142
2025,A,24,1,0000000001,0000006497,鋼龍,37,先發,,0,0,6,0,23,102,64,5,0,0,0,1,0,1,5,0,1,0,0,0,0,0,1,0,0,0,147
2025,A,24,2,0000000001,0000005151,羅戈,32,先發,,0,0,7,0,28,101,70,9,0,1,1,1,0,0,4,0,0,0,0,0,0,1,0,1,0,0,150
2025,A,24,1,0000000001,0000000135,陳禹勳,5,中繼,,0,0,0,1,4,12,7,2,0,1,1,1,0,0,0,0,0,0,0,0,0,0,0,0,0,2,143
2025,A,24,1,0000000001,0000005788,林凱威,99,中繼,,0,0,0,2,2,9,5,0,0,0,0,1,0,0,0,0,0,0,0,0,0,0,0,0,1,1,148
2025,A,24,2,0000000001,0000000776,王凱程,15,中繼,勝,0,0,1,0,3,13,8,0,0,0,0,0,0,0,1,0,0,0,0,0,0,0,1,0,0,1,147
2025,A,24,1,0000000001,0000002278,王定穎,90,中繼,敗,0,0,0,2,4,17,8,0,0,1,0,2,1,0,2,1,0,0,0,0,0,0,0,1,0,0,146
2025,A,24,1,0000000001,0000005555,陳冠偉,59,最後一任,,0,0,0,1,1,3,1,0,0,0,0,0,0,0,0,1,0,0,0,0,0,0,0,0,2,0,144
2025,A,24,2,0000000001,0000002271,黃恩賜,64,最後一任,,1,0,1,0,5,23,12,1,0,0,0,1,0,0,1,0,0,1,0,0,0,0,0,0,1,1,145
2025,A,25,1,0000000001,0000007554,龍聖,33,先發,,0,0,6,1,23,98,59,2,0,1,1,3,0,0,6,0,0,1,0,0,0,0,1,0,0,0,146
2025,A,25,2,0000000001,0000005604,勝騎士,30,先發,,0,0,6,0,22,88,61,4,1,1,1,0,0,1,5,0,0,0,0,0,0,0,0,0,0,0,149
2025,A,25,2,0000000001,0000007283,陳冠穎,81,中繼,勝,0,0,1,0,4,12,8,1,0,0,0,0,0,0,0,0,0,0,0,0,0,0,2,0,0,0,147
2025,A,25,1,0000000001,0000005541,郭郁政,17,中繼,敗,0,0,0,1,5,26,16,2,0,3,3,2,0,0,0,0,0,0,0,0,0,0,0,1,0,1,145
2025,A,25,1,0000000001,0000005789,林鋅杰,77,中繼,,0,0,0,1,1,5,3,0,0,0,0,0,0,0,1,0,0,0,0,0,0,0,0,0,0,0,144
2025,A,25,2,0000000001,0000000776,王凱程,15,中繼,,0,1,1,0,4,14,8,1,0,0,0,1,0,0,0,0,0,0,0,0,0,0,1,0,0,2,144
2025,A,25,1,0000000001,0000006215,趙璟榮,42,最後一任,,0,0,1,0,4,13,8,1,0,0,0,0,0,0,0,0,0,0,0,0,0,0,0,0,0,0,146
2025,A,25,2,0000000001,0000002271,黃恩賜,64,最後一任,,1,0,1,0,4,11,8,2,0,0,0,0,0,0,1,0,0,0,0,0,0,0,0,0,2,1,148
2025,A,26,1,0000000001,0000006006,德保拉,46,先發,勝,0,0,5,0,25,85,60,10,1,4,4,0,0,1,2,0,0,1,0,0,0,0,2,1,0,0,147
2025,A,26,2,0000000001,0000007556,波賽樂,88,先發,敗,0,0,3,1,21,82,50,10,0,8,7,0,0,1,2,0,0,0,2,0,0,0,0,2,0,0,150
2025,A,26,2,0000000001,0000006720,邱駿威,46,中繼,,0,0,1,2,10,32,18,3,0,3,2,2,0,0,2,0,0,0,0,0,0,0,0,0,0,0,146
2025,A,26,2,0000000001,0000005558,蘇俊璋,00,中繼,,0,0,1,0,8,29,18,5,0,4,3,0,0,0,0,0,0,0,0,0,0,0,0,0,0,0,144
2025,A,26,1,0000000001,0000003506,謝榮豪,79,中繼,,0,0,1,0,4,24,16,0,0,0,0,1,0,0,1,0,0,0,1,0,0,0,0,0,0,0,143
2025,A,26,2,0000000001,0000005509,莊昕諺,77,中繼,,0,0,1,0,3,14,8,0,0,0,0,0,0,0,0,0,0,0,0,0,0,0,0,1,0,0,145
2025,A,26,1,0000000001,0000000771,陳琥,62,中繼,,0,0,1,0,4,15,12,1,0,0,0,0,0,0,2,0,0,0,0,0,0,0,0,0,0,1,148
2025,A,26,2,0000000001,0000006857,舒治浩,1,中繼,,0,0,1,0,5,18,10,1,0,0,0,1,0,0,1,0,0,0,0,0,0,0,0,0,0,0,146
2025,A,26,1,0000000001,0000003331,李振昌,34,中繼,,0,0,1,0,3,11,8,1,0,0,0,0,0,0,0,0,0,0,0,0,0,0,1,0,0,0,144
2025,A,26,2,0000000001,0000003563,余德龍,36,最後一任,,0,0,1,0,4,9,4,1,0,0,0,1,0,0,0,0,0,0,0,0,0,0,0,0,0,0,137
2025,A,26,1,0000000001,0000001232,江忠城,20,最後一任,,0,0,1,0,4,16,9,0,0,0,0,1,0,0,1,0,0,0,0,0,0,0,0,0,0,0,147
2025,A,27,1,0000000001,0000006507,後勁,40,先發,,0,0,6,0,26,112,65,7,0,0,0,2,0,1,3,0,0,0,0,0,0,0,0,0,0,0,147
2025,A,27,2,0000000001,0000006871,黃保羅,18,先發,,0,0,5,0,20,92,59,4,0,1,1,1,0,0,3,0,0,0,0,0,0,0,0,0,0,0,146
2025,A,27,2,0000000001,0000003292,賴鴻誠,32,中繼,,0,0,1,0,3,12,5,0,0,0,0,1,0,0,0,0,0,0,0,0,0,0,0,0,0,1,145
2025,A,27,2,0000000001,0000007090,林旺熙,73,中繼,勝,0,0,1,0,3,13,9,1,0,0,0,0,0,0,1,0,0,0,0,0,0,0,1,0,0,0,145
2025,A,27,1,0000000001,0000006922,黃紹睿,56,中繼,敗,0,0,0,2,4,16,8,0,0,2,2,2,1,0,1,1,0,0,0,0,0,0,0,1,0,2,143
2025,A,27,1,0000000001,0000006982,黃群,46,中繼,,0,0,0,1,2,5,4,1,0,0,0,0,0,0,1,0,0,0,0,0,0,0,0,0,0,1,143
2025,A,27,2,0000000001,0000005592,富藍戈,87,中繼,,0,1,1,0,4,15,7,1,0,0,0,1,0,0,1,0,0,1,0,0,0,0,0,0,0,2,151
2025,A,27,1,0000000001,0000006917,謝葆錡,10,中繼,,0,0,0,1,4,11,9,3,0,2,2,0,0,0,0,0,0,0,0,0,0,0,0,0,0,0,143
2025,A,27,1,0000000001,0000006771,陳正毅,11,最後一任,,0,0,0,2,2,10,7,0,0,0,0,0,0,0,1,1,0,0,0,0,0,0,0,0,0,0,143
2025,A,27,2,0000000001,0000006227,曾峻岳,60,最後一任,,1,0,1,0,3,10,6,0,0,0,0,0,0,0,1,0,0,0,0,0,0,0,0,0,2,0,153
2025,A,28,1,0000000001,0000006906,艾璞樂,35,先發,勝,0,0,6,0,24,107,76,6,0,1,0,0,0,0,5,0,0,0,1,0,0,0,1,0,0,0,148
2025,A,28,2,0000000001,0000005731,布雷克,50,先發,敗,0,0,5,1,25,106,78,8,0,6,4,0,0,0,3,0,0,0,0,0,0,0,1,2,0,0,143
2025,A,28,2,0000000001,0000002276,鄭鈞仁,60,中繼,,0,0,0,2,7,25,13,3,1,5,5,2,0,0,0,0,0,0,0,0,0,0,0,0,0,0,148
2025,A,28,2,0000000001,0000005282,姚杰宏,79,中繼,,0,0,1,0,7,24,11,4,0,2,2,1,0,0,0,0,0,0,0,0,0,0,0,0,0,0,145
2025,A,28,1,0000000001,0000001821,林子昱,71,中繼,,0,0,1,0,6,15,11,2,0,1,1,0,0,1,1,0,0,0,0,0,0,0,1,0,0,1,142
2025,A,28,2,0000000001,0000003393,王鏡銘,41,中繼,,0,0,1,0,4,17,10,1,0,0,0,0,0,0,2,0,0,0,0,0,0,0,0,1,0,0,139
2025,A,28,1,0000000001,0000002278,王定穎,90,中繼,,0,0,1,0,3,12,8,0,0,0,0,0,0,0,0,0,0,0,0,0,0,0,0,1,0,0,142
2025,A,28,2,0000000001,0000004637,劉軒荅,23,最後一任,,0,0,1,0,6,21,11,2,0,2,2,1,0,0,1,0,0,0,0,0,0,0,0,0,1,0,142
2025,A,28,1,0000000001,0000005552,呂偉晟,39,最後一任,,0,0,1,0,3,8,7,0,0,0,0,0,0,0,0,0,0,0,0,0,0,0,0,0,0,0,144
2025,A,29,1,0000000001,0000000762,伍鐸,52,先發,敗,0,0,5,1,21,87,58,5,0,2,1,1,0,0,0,0,0,0,0,0,0,0,1,1,0,0,140
2025,A,29,2,0000000001,0000006555,梅賽斯,42,先發,勝,0,0,6,0,20,94,65,4,0,0,0,0,0,0,4,0,0,0,0,0,0,1,1,0,0,0,145
2025,A,29,1,0000000001,0000007270,鑀龍,55,中繼,,0,0,0,2,5,21,11,1,0,0,0,1,0,0,1,0,0,0,0,0,0,0,0,0,0,0,145
2025,A,29,2,0000000001,0000000998,邱浩鈞,37,中繼,,0,1,1,0,3,18,14,1,0,0,0,0,0,0,0,0,0,0,0,0,0,0,1,1,0,2,146
2025,A,29,1,0000000001,0000000135,陳禹勳,5,中繼,,0,0,1,0,6,22,16,2,1,3,0,0,0,0,2,0,0,0,0,0,0,0,0,0,0,2,146
2025,A,29,2,0000000001,0000002695,林子崴,17,中繼,,0,0,1,0,5,22,13,1,0,0,0,1,0,0,0,1,0,0,0,0,0,0,0,0,0,1,145
2025,A,29,1,0000000001,0000005789,林鋅杰,77,最後一任,,0,0,1,0,3,8,5,0,0,0,0,0,0,0,0,0,0,0,0,0,0,0,0,0,0,0,146
2025,A,29,2,0000000001,0000002688,陳韻文,12,最後一任,,0,0,1,0,5,26,14,1,1,1,1,0,0,0,0,0,0,0,0,0,0,0,1,0,2,0,149
2025,A,30,1,0000000001,0000007558,黃博多,37,先發,勝,0,0,7,0,24,96,64,1,0,0,0,2,0,1,4,0,0,0,0,0,0,1,2,0,0,0,151
2025,A,30,2,0000000001,0000007264,魔神樂,21,先發,敗,0,0,6,0,28,96,66,10,0,3,3,0,0,0,5,0,0,0,0,0,0,0,1,1,0,0,145
2025,A,30,2,0000000001,0000005372,呂詠臻,48,中繼,,0,0,1,0,4,19,13,1,0,0,0,0,0,0,1,0,0,0,0,0,0,0,0,0,0,2,148
2025,A,30,2,0000000001,0000000941,陳冠宇,17,中繼,,0,0,1,0,3,16,10,0,0,0,0,0,0,0,0,0,0,0,0,0,0,0,0,1,0,1,146
2025,A,30,1,0000000001,0000007283,陳冠穎,81,中繼,,0,1,1,0,6,19,12,2,0,2,0,1,0,0,1,0,0,0,0,0,0,0,2,0,0,1,147
2025,A,30,2,0000000001,0000000128,朱承洋,22,最後一任,,0,0,1,0,3,9,4,0,0,0,0,1,0,0,1,0,0,0,0,0,0,0,0,0,0,1,149
2025,A,30,1,0000000001,0000002271,黃恩賜,64,最後一任,,1,0,1,0,3,12,10,0,0,0,0,0,0,0,2,0,0,0,0,0,0,0,0,0,3,1,149
2025,A,31,1,0000000001,0000007053,艾速特,30,先發,敗,0,0,5,0,22,88,58,6,1,5,4,2,0,0,6,0,0,0,0,0,0,0,1,2,0,0,149
2025,A,31,2,0000000001,0000006891,力亞士,55,先發,勝,0,0,6,0,26,96,63,4,0,0,0,3,0,0,4,0,0,0,0,0,0,1,1,2,0,0,151
2025,A,31,1,0000000001,0000006833,陳宇宏,17,中繼,,0,0,2,1,8,31,20,1,0,1,1,0,0,0,2,0,0,0,0,0,0,0,0,1,0,0,135
2025,A,31,2,0000000001,0000000773,李吳永勤,38,中繼,,0,0,0,2,4,15,10,2,0,2,2,0,0,0,0,0,0,0,1,0,0,0,0,1,0,1,141
2025,A,31,2,0000000001,0000005592,富藍戈,87,中繼,,0,0,1,1,6,18,14,2,0,1,1,0,0,0,2,1,0,0,0,0,0,0,0,0,0,2,156
2025,A,31,1,0000000001,0000007069,張誠恩,93,最後一任,,0,0,0,2,2,4,3,0,0,0,0,0,0,0,0,0,0,0,1,0,0,0,0,0,0,1,141
2025,A,31,2,0000000001,0000006227,曾峻岳,60,最後一任,,1,0,1,0,3,7,6,0,0,0,0,0,0,0,0,0,0,0,0,0,0,0,0,0,3,0,153
2025,A,32,1,0000000001,0000006874,盧孟揚,71,先發,,0,0,4,2,20,82,51,4,0,1,1,1,1,1,0,0,0,1,0,0,0,0,0,0,0,0,147
2025,A,32,2,0000000001,0000004624,陳克羿,19,先發,,0,0,4,2,21,88,42,2,0,1,1,4,0,2,3,0,0,1,0,0,0,0,0,0,0,0,145
2025,A,32,2,0000000001,0000006228,王志煊,64,中繼,,0,1,0,1,0,4,3,0,0,0,0,0,0,0,0,0,0,0,0,0,0,0,0,0,0,3,135
2025,A,32,1,0000000001,0000000778,蔡齊哲,50,中繼,,0,1,0,1,1,1,1,0,0,0,0,0,0,0,0,0,0,0,0,0,0,0,0,0,0,2,126
2025,A,32,2,0000000001,0000005509,莊昕諺,77,中繼,勝,0,0,1,0,3,9,5,1,0,0,0,0,0,0,0,0,0,0,0,0,0,0,1,1,0,0,145
2025,A,32,1,0000000001,0000007276,伍立辰,83,中繼,敗,0,0,0,2,6,28,17,2,0,3,3,2,0,0,0,0,0,0,0,0,0,0,0,1,1,0,148
2025,A,32,1,0000000001,0000000771,陳琥,62,中繼,,0,0,1,1,6,21,15,1,0,0,0,1,0,0,2,0,0,0,0,0,0,0,0,0,0,1,146
2025,A,32,2,0000000001,0000000941,陳冠宇,17,中繼,,0,0,0,2,5,22,11,1,0,1,1,2,0,0,0,1,0,0,0,0,0,0,0,1,0,1,145
2025,A,32,2,0000000001,0000005372,呂詠臻,48,中繼,,0,1,0,1,1,8,7,0,0,0,0,0,0,0,1,0,0,0,0,0,0,0,0,0,0,3,147
2025,A,32,2,0000000001,0000000128,朱承洋,22,中繼,,0,1,1,0,3,13,8,0,0,0,0,0,0,0,1,0,0,0,0,0,0,0,0,0,0,2,149
2025,A,32,1,0000000001,0000003331,李振昌,34,最後一任,,0,0,1,0,3,10,7,0,0,0,0,0,0,0,0,0,0,0,0,0,0,0,1,0,0,0,145
2025,A,32,2,0000000001,0000000779,陳柏豪,9,最後一任,,1,0,1,0,4,19,11,1,0,0,0,0,0,0,2,0,0,0,0,0,0,0,0,1,3,0,149
2025,A,33,1,0000000001,0000006724,曹祐齊,67,先發,勝,0,0,6,0,19,74,45,1,0,0,0,0,0,1,2,0,0,1,0,0,0,1,1,0,0,0,140
2025,A,33,2,0000000001,0000007559,蒙德茲,21,先發,敗,0,0,5,0,23,92,51,1,0,1,1,6,0,1,3,0,0,0,0,0,0,0,0,1,0,0,149
2025,A,33,2,0000000001,0000006818,髙塩將樹,28,中繼,,0,0,2,0,7,33,24,1,0,0,0,0,0,0,2,0,0,0,0,0,0,0,1,0,0,1,147
2025,A,33,1,0000000001,0000007270,鑀龍,55,中繼,,0,1,1,0,4,10,7,1,0,0,0,0,0,0,0,0,0,0,0,0,0,0,0,0,0,1,144
2025,A,33,2,0000000001,0000002303,黃竣彥,40,最後一任,,0,0,2,0,8,24,12,2,0,0,0,0,0,0,0,0,0,0,0,0,0,0,1,1,0,2,144
2025,A,33,1,0000000001,0000005788,林凱威,99,中繼,,0,1,1,0,3,9,6,0,0,0,0,0,0,0,0,0,0,0,0,0,0,0,0,0,1,2,151
2025,A,33,1,0000000001,0000005555,陳冠偉,59,最後一任,,1,0,1,0,4,18,11,0,0,0,0,1,0,0,1,0,0,0,0,0,0,0,0,0,3,0,144
2025,A,34,1,0000000001,0000002679,江承諺,20,先發,,0,0,4,2,20,78,48,4,0,2,2,3,0,0,2,0,0,0,1,0,0,0,0,0,0,0,137
2025,A,34,2,0000000001,0000006739,李東洺,66,先發,,0,0,6,0,22,82,55,2,0,0,0,2,0,1,4,0,0,0,0,0,0,0,0,1,0,0,147
2025,A,34,1,0000000001,0000002348,施子謙,19,中繼,,0,0,1,1,5,15,10,1,0,0,0,0,0,0,0,0,0,0,0,0,0,0,1,0,0,0,145
2025,A,34,2,0000000001,0000003292,賴鴻誠,32,中繼,,0,0,0,0,3,14,7,2,1,2,2,1,0,0,0,1,0,0,0,0,0,0,0,0,0,1,143
2025,A,34,2,0000000001,0000002280,廖任磊,13,中繼,,0,0,1,0,4,16,13,1,0,0,0,0,0,0,0,0,0,0,0,0,0,0,0,0,0,0,149
2025,A,34,1,0000000001,0000006982,黃群,46,中繼,,0,1,1,0,3,12,8,0,0,0,0,0,0,0,1,0,0,0,0,0,0,0,0,0,0,2,141
2025,A,34,2,0000000001,0000005592,富藍戈,87,中繼,,0,1,1,0,3,12,7,0,0,0,0,0,0,0,1,0,0,0,0,0,0,0,0,0,0,3,153
2025,A,34,1,0000000001,0000007069,張誠恩,93,中繼,,0,1,1,0,3,13,7,0,0,0,0,0,0,0,2,0,0,0,0,0,0,0,0,0,0,2,148
2025,A,34,2,0000000001,0000006227,曾峻岳,60,中繼,,0,1,1,0,6,23,13,2,0,0,0,1,0,0,0,0,0,0,0,0,0,0,0,0,3,1,153
2025,A,34,1,0000000001,0000006949,林詩翔,14,最後一任,勝,0,0,2,0,8,25,18,1,0,0,0,1,0,0,2,0,0,0,0,0,0,0,2,0,2,1,146
2025,A,34,2,0000000001,0000007090,林旺熙,73,最後一任,敗,0,0,1,0,4,14,7,1,0,2,1,1,0,0,0,0,0,1,0,0,0,0,1,1,0,0,147
2025,A,35,1,0000000001,0000006832,陳柏清,66,先發,,0,0,6,0,25,83,49,4,0,3,3,2,0,1,5,0,0,0,0,0,0,0,0,1,0,0,147
2025,A,35,2,0000000001,0000003334,鄭凱文,19,先發,,0,0,6,0,25,78,51,6,1,3,3,1,0,1,3,0,0,0,0,0,0,0,0,1,0,0,137
2025,A,35,2,0000000001,0000007283,陳冠穎,81,中繼,,0,1,1,0,4,16,11,1,0,0,0,0,0,0,0,0,0,0,0,0,0,0,2,0,0,2,147
2025,A,35,1,0000000001,0000007069,張誠恩,93,中繼,勝,0,0,1,0,5,24,14,1,0,0,0,1,0,0,0,0,0,0,0,0,0,0,1,0,0,2,151
2025,A,35,2,0000000001,0000000776,王凱程,15,中繼,敗,0,0,0,2,5,21,12,2,0,1,1,1,0,0,0,0,0,1,1,0,0,0,1,1,0,2,144
2025,A,35,2,0000000001,0000000771,陳琥,62,中繼,,0,0,0,1,1,6,4,0,0,0,0,0,0,0,1,0,0,0,0,0,0,0,0,0,0,1,146
2025,A,35,1,0000000001,0000006982,黃群,46,中繼,,0,1,0,2,5,15,9,3,0,0,0,1,0,0,0,0,0,0,0,0,0,0,0,0,0,3,142
2025,A,35,1,0000000001,0000006949,林詩翔,14,最後一任,,1,0,1,1,5,16,12,0,0,0,0,0,0,0,2,0,0,0,0,0,0,1,2,0,3,1,148
2025,A,35,2,0000000001,0000000778,蔡齊哲,50,最後一任,,0,0,1,0,3,10,7,1,0,0,0,0,0,0,0,0,0,0,0,0,0,0,0,0,0,2,142
2025,A,36,1,0000000001,0000007062,威能帝,49,先發,勝,0,0,6,0,23,104,69,4,0,0,0,3,0,0,6,0,0,0,0,0,0,1,2,0,0,0,151
2025,A,36,2,0000000001,0000005543,徐若熙,18,先發,敗,0,0,6,0,21,88,63,5,0,1,1,0,0,0,7,0,0,0,0,0,0,0,0,1,0,0,156
2025,A,36,2,0000000001,0000007270,鑀龍,55,中繼,,0,0,2,0,6,24,18,0,0,0,0,0,0,0,1,0,0,0,0,0,0,0,0,0,0,1,145
2025,A,36,1,0000000001,0000005372,呂詠臻,48,中繼,,0,1,1,0,5,23,16,1,0,0,0,1,0,0,1,0,0,0,0,0,0,0,0,0,0,4,149
2025,A,36,1,0000000001,0000006228,王志煊,64,中繼,,0,1,0,1,2,5,4,1,0,0,0,0,0,0,1,0,0,0,0,0,0,0,0,0,0,4,132
2025,A,36,1,0000000001,0000000128,朱承洋,22,中繼,,0,1,0,2,1,7,5,0,0,0,0,0,0,0,0,0,0,0,0,0,0,0,0,0,0,3,149
2025,A,36,2,0000000001,0000005555,陳冠偉,59,最後一任,,0,0,1,0,3,11,10,0,0,0,0,0,0,0,1,0,0,0,0,0,0,0,0,0,3,0,145
2025,A,36,1,0000000001,0000000779,陳柏豪,9,最後一任,,1,0,1,0,5,17,8,1,0,0,0,2,0,0,0,0,0,0,0,0,0,0,0,1,4,0,148
2025,A,37,1,0000000001,0000007547,石萬金,32,先發,敗,0,0,7,0,29,109,74,7,0,3,2,1,0,0,8,0,0,1,1,0,0,0,0,2,0,0,150
2025,A,37,2,0000000001,0000005604,勝騎士,30,先發,勝,0,0,8,0,30,98,72,5,0,0,0,0,0,0,11,0,1,0,0,0,0,1,1,0,0,0,148
2025,A,37,1,0000000001,0000006922,黃紹睿,56,最後一任,,0,0,1,0,5,21,13,1,0,0,0,0,0,1,1,0,0,0,0,0,0,0,0,1,0,2,143
2025,A,37,2,0000000001,0000002271,黃恩賜,64,最後一任,,1,0,1,0,3,10,9,0,0,0,0,0,0,0,2,0,0,0,0,0,0,0,0,0,4,1,146
2025,A,38,1,0000000001,0000002274,黃子鵬,69,先發,,0,0,6,2,28,86,56,6,0,3,3,2,0,1,5,0,0,0,0,0,0,0,1,0,0,0,136
2025,A,38,2,0000000001,0000006497,鋼龍,37,先發,,0,0,7,2,27,96,66,5,0,1,1,0,0,0,5,0,0,0,0,0,0,0,1,0,0,0,147
2025,A,38,1,0000000001,0000000941,陳冠宇,17,中繼,,0,0,0,1,3,11,5,1,0,0,0,1,0,0,0,0,0,0,0,0,0,0,0,1,0,1,146
2025,A,38,2,0000000001,0000005555,陳冠偉,59,中繼,,0,0,0,1,3,10,5,1,1,2,2,1,0,0,0,0,0,0,0,0,0,0,0,0,3,0,143
2025,A,38,1,0000000001,0000005509,莊昕諺,77,中繼,,0,1,1,0,4,25,15,0,0,0,0,1,0,0,1,0,0,0,0,0,0,0,1,1,0,1,149
2025,A,38,2,0000000001,0000005788,林凱威,99,最後一任,勝,0,0,1,0,4,15,8,2,0,1,1,0,0,0,0,0,0,1,0,0,0,0,1,0,1,2,154
2025,A,38,1,0000000001,0000000779,陳柏豪,9,最後一任,敗,0,0,0,2,5,19,7,0,0,2,0,2,0,0,1,0,0,1,0,0,0,0,0,2,4,0,148
2025,A,39,1,0000000001,0000006749,魔力藍,44,先發,敗,0,0,6,0,31,102,64,4,0,6,5,5,0,1,3,1,0,0,0,0,0,0,1,2,0,0,148
2025,A,39,2,0000000001,0000001719,胡智爲,58,先發,,0,0,4,0,22,91,56,9,0,3,3,3,0,0,3,0,0,0,0,0,0,0,0,0,0,0,148
2025,A,39,2,0000000001,0000004637,劉軒荅,23,中繼,勝,0,0,1,0,3,8,6,0,0,0,0,0,0,0,0,0,0,0,0,0,0,0,1,0,1,0,143
2025,A,39,2,0000000001,0000002695,林子崴,17,中繼,,0,1,1,0,4,12,8,1,0,0,0,0,0,0,1,0,0,0,0,0,0,0,0,0,0,2,143
2025,A,39,2,0000000001,0000000998,邱浩鈞,37,中繼,,0,0,0,0,1,4,0,0,0,0,0,1,0,0,0,0,0,0,0,0,0,0,1,1,0,2,141
2025,A,39,2,0000000001,0000002303,黃竣彥,40,中繼,,0,1,1,0,3,7,3,0,0,0,0,0,0,0,0,0,0,0,0,0,0,0,1,1,0,3,146
2025,A,39,1,0000000001,0000003292,賴鴻誠,32,中繼,,0,0,1,0,3,14,10,0,0,0,0,0,0,0,1,0,0,0,0,0,0,0,0,0,0,1,144
2025,A,39,2,0000000001,0000003393,王鏡銘,41,中繼,,0,1,1,0,4,14,9,0,0,0,0,1,0,0,2,0,0,0,0,0,0,0,0,1,0,1,141
2025,A,39,1,0000000001,0000000938,張瑞麟,72,最後一任,,0,0,1,0,6,21,11,1,0,1,1,2,0,0,0,0,0,0,1,0,0,0,0,0,0,0,143
2025,A,39,2,0000000001,0000002688,陳韻文,12,最後一任,,0,0,1,0,6,26,17,2,0,0,0,1,0,0,1,0,0,0,0,0,0,0,1,0,2,0,148
2025,A,40,1,0000000001,0000007232,銳歐,84,先發,敗,0,0,5,0,24,92,55,8,2,4,4,1,0,1,3,1,0,0,0,0,0,0,0,1,0,0,146
2025,A,40,2,0000000001,0000005731,布雷克,50,先發,勝,0,0,9,0,27,95,64,3,0,0,0,1,0,0,5,0,0,0,0,1,1,1,2,2,0,0,143
2025,A,40,1,0000000001,0000002280,廖任磊,13,中繼,,0,0,0,2,4,22,11,0,0,0,0,2,0,0,0,0,0,0,0,0,0,0,0,0,0,0,149
2025,A,40,1,0000000001,0000000773,李吳永勤,38,中繼,,0,0,0,1,4,12,7,2,0,2,1,1,0,0,0,0,0,0,0,0,0,0,0,1,0,1,141
2025,A,40,1,0000000001,0000007090,林旺熙,73,中繼,,0,0,1,0,4,10,8,1,0,0,0,0,0,0,0,0,0,0,0,0,0,0,1,1,0,0,143
2025,A,40,1,0000000001,0000000938,張瑞麟,72,最後一任,,0,0,1,0,3,11,6,1,0,0,0,0,0,0,0,0,0,0,0,0,0,0,0,0,0,0,141
2025,A,41,1,0000000001,0000005790,張奕,19,先發,敗,0,0,6,0,25,96,65,5,0,3,3,1,0,1,7,0,0,0,0,0,0,0,1,2,0,0,149
2025,A,41,2,0000000001,0000006006,德保拉,46,先發,勝,0,0,8,0,27,102,74,3,0,0,0,0,0,0,7,0,0,0,0,0,0,1,3,1,0,0,145
2025,A,41,1,0000000001,0000005592,富藍戈,87,中繼,,0,0,1,0,4,10,8,1,0,0,0,0,0,0,0,0,0,0,1,0,0,0,0,0,0,3,155
2025,A,41,1,0000000001,0000003292,賴鴻誠,32,最後一任,,0,0,1,0,3,13,7,0,0,0,0,1,0,0,0,0,0,0,0,0,0,0,0,0,0,1,142
2025,A,41,2,0000000001,0000002271,黃恩賜,64,最後一任,,1,0,1,0,3,13,10,0,0,0,0,0,0,0,1,0,0,0,0,0,0,0,0,0,5,1,149
2025,A,42,1,0000000001,0000006906,艾璞樂,35,先發,敗,0,0,5,0,24,83,56,11,0,4,4,0,0,0,3,0,0,0,1,0,0,0,1,1,0,0,146
2025,A,42,2,0000000001,0000006507,後勁,40,先發,勝,0,0,6,0,25,104,63,4,0,0,0,2,0,1,9,0,0,0,0,0,0,1,1,0,0,0,147
2025,A,42,1,0000000001,0000002278,王定穎,90,中繼,,0,0,0,2,3,16,9,0,0,0,0,0,0,1,0,1,0,0,1,0,0,0,0,1,0,0,142
2025,A,42,1,0000000001,0000005552,呂偉晟,39,中繼,,0,0,0,1,2,8,4,0,0,0,0,1,0,0,0,0,0,0,0,0,0,0,0,0,0,0,141
2025,A,42,2,0000000001,0000006982,黃群,46,中繼,,0,0,1,0,6,22,12,2,1,3,3,1,0,0,1,0,0,0,0,0,0,0,0,0,0,3,141
2025,A,42,1,0000000001,0000002279,吳俊杰,20,中繼,,0,0,0,0,2,10,2,0,0,1,1,2,0,0,0,0,0,0,0,0,0,0,0,0,0,0,141
2025,A,42,1,0000000001,0000001821,林子昱,71,中繼,,0,0,1,0,5,14,9,1,0,0,0,0,0,1,0,0,0,0,0,0,0,0,1,0,0,1,143
2025,A,42,2,0000000001,0000007069,張誠恩,93,中繼,,0,1,1,0,3,12,9,1,0,0,0,0,0,0,0,0,0,0,0,0,0,0,1,0,0,3,146
2025,A,42,1,0000000001,0000006215,趙璟榮,42,中繼,,0,0,0,2,6,22,15,2,0,2,0,0,0,0,0,0,0,0,0,0,0,0,0,0,0,0,148
2025,A,42,1,0000000001,0000005789,林鋅杰,77,最後一任,,0,0,0,1,2,11,6,0,0,0,0,1,0,0,0,0,0,0,0,0,0,0,0,0,0,0,145
2025,A,42,2,0000000001,0000006949,林詩翔,14,最後一任,,0,0,1,0,3,9,6,0,0,0,0,0,0,0,1,0,0,0,0,0,0,0,2,0,3,1,144
2025,A,43,1,0000000001,0000006555,梅賽斯,42,先發,勝,0,0,7,0,24,85,54,1,0,0,0,2,0,0,3,0,0,1,0,0,0,1,2,0,0,0,147
2025,A,43,2,0000000001,0000007556,波賽樂,88,先發,敗,0,0,4,1,21,91,53,4,1,3,3,4,0,0,4,0,0,0,0,0,0,0,0,3,0,0,149
2025,A,43,2,0000000001,0000005558,蘇俊璋,00,中繼,,0,0,0,2,3,12,8,0,0,0,0,1,0,0,0,1,0,0,1,0,0,0,0,0,0,0,145
2025,A,43,2,0000000001,0000006720,邱駿威,46,中繼,,0,0,2,0,11,55,36,3,0,1,1,2,0,0,2,0,0,0,0,0,0,0,0,0,0,0,145
2025,A,43,2,0000000001,0000000941,陳冠宇,17,中繼,,0,0,1,0,3,5,5,0,0,0,0,0,0,0,0,0,0,0,0,0,0,0,0,1,0,1,144
2025,A,43,1,0000000001,0000002303,黃竣彥,40,中繼,,0,0,1,0,5,16,12,2,0,0,0,0,0,0,1,0,0,0,0,0,0,0,1,1,0,3,145
2025,A,43,2,0000000001,0000007073,賴胤豪,63,最後一任,,0,0,1,0,3,9,6,0,0,0,0,0,0,0,0,0,0,0,0,0,0,0,0,0,0,0,152
2025,A,43,1,0000000001,0000002695,林子崴,17,中繼,,0,0,0,0,3,10,5,1,0,2,2,0,0,2,0,0,0,0,0,0,0,0,0,0,0,2,144
2025,A,43,1,0000000001,0000002688,陳韻文,12,最後一任,,1,0,1,0,4,12,6,1,0,0,0,0,0,0,0,0,0,0,1,0,0,0,1,0,3,0,147
2025,A,44,1,0000000001,0000000762,伍鐸,52,先發,敗,0,0,5,2,23,89,61,5,1,2,2,1,0,0,3,0,0,0,0,0,0,0,1,2,0,0,138
2025,A,44,2,0000000001,0000007053,艾速特,30,先發,勝,0,0,8,0,27,96,63,4,1,1,1,0,0,0,8,0,0,0,0,0,0,1,2,2,0,0,150
2025,A,44,1,0000000001,0000005552,呂偉晟,39,中繼,,0,0,0,1,1,1,1,0,0,0,0,0,0,0,0,0,0,0,0,0,0,0,0,0,0,0,141
2025,A,44,1,0000000001,0000007270,鑀龍,55,中繼,,0,0,1,0,6,19,15,3,0,1,1,0,0,0,1,0,0,0,0,0,0,0,0,0,0,1,146
2025,A,44,1,0000000001,0000005788,林凱威,99,最後一任,,0,0,1,0,4,19,9,0,0,0,0,0,0,1,0,0,0,0,0,0,0,0,1,0,1,2,149
2025,A,44,2,0000000001,0000006949,林詩翔,14,最後一任,,1,0,1,0,5,23,17,2,0,0,0,0,0,0,1,0,0,0,0,0,0,0,2,0,4,1,143
2025,A,45,1,0000000001,0000006891,力亞士,55,先發,敗,0,0,5,2,26,93,58,8,1,6,6,2,0,0,6,1,0,1,0,0,0,0,1,3,0,0,150
2025,A,45,2,0000000001,0000007558,黃博多,37,先發,勝,0,0,6,0,25,85,56,7,0,2,1,0,0,1,1,0,0,0,0,0,0,0,3,0,0,0,152
2025,A,45,1,0000000001,0000007090,林旺熙,73,中繼,,0,0,1,1,6,15,9,1,0,1,1,0,0,1,0,0,0,0,1,0,0,0,1,1,0,0,145
2025,A,45,2,0000000001,0000003331,李振昌,34,中繼,,0,0,1,0,4,15,9,1,0,0,0,0,0,0,1,0,0,0,0,0,0,0,1,0,0,0,145
2025,A,45,2,0000000001,0000000771,陳琥,62,中繼,,0,0,1,0,4,14,9,1,0,0,0,0,0,0,1,0,0,0,0,0,0,0,0,0,0,1,150
2025,A,45,1,0000000001,0000000773,李吳永勤,38,最後一任,,0,0,1,0,3,12,7,0,0,0,0,0,0,0,1,0,0,0,0,0,0,0,0,1,0,1,141
2025,A,45,2,0000000001,0000007276,伍立辰,83,最後一任,,0,0,1,0,4,20,13,1,0,0,0,0,0,0,2,1,0,0,0,0,0,0,0,1,1,0,147
2025,A,46,1,0000000001,0000007560,飛力獅,93,先發,勝,0,0,7,0,25,84,58,3,0,0,0,0,0,0,10,0,0,0,0,0,0,1,1,0,0,0,150
2025,A,46,2,0000000001,0000007264,魔神樂,21,先發,敗,0,0,7,0,28,100,72,7,0,3,3,1,0,0,3,0,0,0,0,0,0,0,1,2,0,0,143
2025,A,46,2,0000000001,0000006228,王志煊,64,中繼,,0,0,1,0,4,13,7,1,0,0,0,0,0,0,1,0,0,0,0,0,0,0,0,0,0,4,134
2025,A,46,1,0000000001,0000006818,髙塩將樹,28,中繼,,0,1,1,0,4,19,13,1,0,0,0,0,0,0,0,0,0,0,0,0,0,0,1,0,0,2,145
2025,A,46,2,0000000001,0000000128,朱承洋,22,最後一任,,0,0,1,0,3,7,5,0,0,0,0,0,0,0,1,0,0,0,0,0,0,0,0,0,0,3,147
2025,A,46,1,0000000001,0000004637,劉軒荅,23,最後一任,,1,0,1,0,3,13,7,0,0,0,0,0,0,0,1,0,0,0,0,0,0,0,1,0,2,0,146
2025,A,47,1,0000000001,0000006848,林詔恩,74,先發,勝,0,0,6,1,23,89,53,5,0,1,1,1,0,0,3,0,0,1,0,0,0,1,3,1,0,0,145
2025,A,47,2,0000000001,0000007555,霸鉧德,25,先發,敗,0,0,3,1,14,62,43,2,0,2,2,0,0,0,3,1,1,0,0,0,0,0,3,3,0,0,150
2025,A,47,2,0000000001,0000005509,莊昕諺,77,中繼,,0,0,1,2,8,26,15,1,0,0,0,1,0,1,1,0,0,1,0,0,0,0,1,1,0,5,145
2025,A,47,2,0000000001,0000001524,劉昱言,13,中繼,,0,0,0,2,4,16,7,1,0,0,0,1,0,0,0,0,0,0,0,0,0,0,0,0,0,0,139
2025,A,47,2,0000000001,0000006720,邱駿威,46,中繼,,0,0,1,1,4,12,8,0,0,0,0,0,0,0,0,0,0,0,0,0,0,0,0,0,0,2,142
2025,A,47,1,0000000001,0000003393,王鏡銘,41,中繼,,0,1,0,2,3,10,7,1,0,0,0,0,0,0,1,0,0,0,0,0,0,0,0,2,0,7,139
2025,A,47,2,0000000001,0000005558,蘇俊璋,00,中繼,,0,0,1,0,3,11,9,0,0,0,0,0,0,0,0,0,0,0,0,0,0,0,0,0,0,3,141
2025,A,47,1,0000000001,0000006818,髙塩將樹,28,最後一任,,1,0,2,0,7,31,20,1,0,0,0,0,0,0,4,0,0,0,0,0,0,0,2,1,6,8,142
2025,A,47,2,0000000001,0000006857,舒治浩,1,最後一任,,0,0,1,0,6,15,10,3,0,2,1,0,0,0,0,0,0,1,0,0,0,0,0,0,0,0,147
2025,A,48,1,0000000001,0000006871,黃保羅,18,先發,,0,0,6,2,24,97,59,1,0,0,0,3,0,0,8,0,0,0,0,0,0,0,0,0,0,0,144
2025,A,48,2,0000000001,0000006874,盧孟揚,71,先發,,0,0,6,0,21,76,47,2,0,0,0,1,0,1,3,0,0,0,0,0,0,0,0,0,0,0,149
2025,A,48,2,0000000001,0000007283,陳冠穎,81,中繼,,0,1,1,0,4,11,10,2,0,0,0,0,0,0,0,0,0,0,0,0,0,0,2,0,0,3,145
2025,A,48,1,0000000001,0000005592,富藍戈,87,中繼,勝,0,0,1,1,6,25,19,2,0,0,0,0,0,0,4,0,0,0,0,0,0,0,1,0,0,3,155
2025,A,48,2,0000000001,0000000776,王凱程,15,中繼,,0,1,1,0,4,14,9,1,0,0,0,0,0,0,0,0,0,0,0,0,0,0,1,1,0,3,142
2025,A,48,2,0000000001,0000002271,黃恩賜,64,最後一任,敗,0,0,1,0,6,17,11,3,0,1,1,0,0,0,1,0,0,1,0,0,0,0,0,1,5,1,146
2025,A,48,1,0000000001,0000006227,曾峻岳,60,最後一任,,1,0,1,0,4,18,9,0,0,0,0,1,0,0,1,0,0,0,0,0,0,0,0,0,4,1,152
2025,A,49,1,0000000001,0000006724,曹祐齊,67,先發,勝,0,0,5,0,18,81,51,4,0,0,0,1,0,0,3,0,0,0,0,0,0,1,2,0,0,0,139
2025,A,49,2,0000000001,0000002679,江承諺,20,先發,敗,0,0,6,0,26,89,61,7,0,2,2,3,0,0,5,0,0,0,0,0,0,0,0,1,0,0,140
2025,A,49,1,0000000001,0000007270,鑀龍,55,中繼,,0,1,1,2,8,30,17,2,0,1,1,1,0,0,3,0,0,0,0,0,0,0,0,0,0,2,146
2025,A,49,2,0000000001,0000006922,黃紹睿,56,中繼,,0,0,1,0,4,10,6,1,0,0,0,0,0,0,0,0,0,0,0,0,0,0,0,1,0,2,143
2025,A,49,1,0000000001,0000001821,林子昱,71,中繼,,0,1,0,1,2,6,5,1,0,0,0,0,0,0,0,0,0,0,0,0,0,0,1,0,0,2,146
2025,A,49,2,0000000001,0000002348,施子謙,19,最後一任,,0,0,2,0,8,29,21,2,0,0,0,0,0,0,3,0,0,0,0,0,0,0,1,0,0,0,146
2025,A,49,1,0000000001,0000005788,林凱威,99,中繼,,0,1,0,2,4,17,7,0,0,0,0,2,0,0,1,0,0,0,0,0,0,0,1,0,1,3,149
2025,A,49,1,0000000001,0000005555,陳冠偉,59,最後一任,,1,0,1,1,5,18,10,0,0,0,0,1,0,0,2,0,0,0,0,0,0,0,0,0,4,0,143
2025,A,50,1,0000000001,0000001603,王維中,16,先發,敗,0,0,4,2,20,81,42,3,1,4,4,5,0,0,1,0,0,0,0,0,0,0,1,1,0,0,141
2025,A,50,2,0000000001,0000006739,李東洺,66,先發,,0,0,4,2,24,109,70,7,0,2,2,3,0,0,8,1,0,0,0,0,0,0,0,1,0,0,148
2025,A,50,2,0000000001,0000003292,賴鴻誠,32,中繼,勝,0,0,1,1,5,24,15,1,0,0,0,1,0,0,1,0,0,0,0,0,0,0,1,0,0,1,144
2025,A,50,1,0000000001,0000005552,呂偉晟,39,中繼,,0,0,0,1,1,3,1,0,0,0,0,0,0,0,0,0,0,0,0,0,0,0,0,0,0,0,139
2025,A,50,1,0000000001,0000006215,趙璟榮,42,中繼,,0,0,1,0,4,11,7,1,1,1,1,0,0,0,0,0,0,0,0,0,0,0,0,0,0,0,147
2025,A,50,2,0000000001,0000005592,富藍戈,87,中繼,,0,1,2,0,6,13,11,0,0,0,0,0,0,0,0,0,0,0,0,0,0,0,1,0,0,4,151
2025,A,50,1,0000000001,0000002278,王定穎,90,中繼,,0,0,1,0,4,18,9,0,0,0,0,1,0,0,1,0,0,0,0,0,0,0,0,1,0,0,145
2025,A,50,1,0000000001,0000002279,吳俊杰,20,最後一任,,0,0,1,0,3,14,11,0,0,0,0,0,0,0,1,0,0,0,0,0,0,0,0,0,0,0,146
2025,A,50,2,0000000001,0000006227,曾峻岳,60,最後一任,,1,0,1,0,3,14,11,1,0,0,0,0,0,0,1,0,0,0,0,0,0,0,0,0,5,1,152
2025,A,51,1,0000000001,0000003334,鄭凱文,19,先發,勝,0,0,5,0,21,78,48,5,1,3,3,1,0,1,1,1,0,0,0,0,0,0,1,1,0,0,138
2025,A,51,2,0000000001,0000001719,胡智爲,58,先發,敗,0,0,5,0,23,92,57,9,2,4,4,1,0,0,6,1,0,0,0,0,0,0,0,1,0,0,149
2025,A,51,2,0000000001,0000005482,吳承諭,57,中繼,,0,0,1,0,4,16,11,0,0,0,0,0,0,0,1,0,0,0,0,0,0,0,0,0,0,0,141
2025,A,51,1,0000000001,0000007276,伍立辰,83,中繼,,0,1,1,0,3,17,12,0,0,0,0,0,0,0,1,0,0,0,0,0,0,0,0,1,1,1,149
2025,A,51,2,0000000001,0000006222,劉予承,26,中繼,,0,0,1,0,5,19,12,1,1,2,0,0,0,0,1,0,0,0,0,0,0,0,0,0,0,0,144
2025,A,51,1,0000000001,0000000776,王凱程,15,中繼,,0,1,1,0,4,9,7,2,0,0,0,0,0,0,0,0,0,0,0,0,0,0,1,1,0,4,143
2025,A,51,2,0000000001,0000002695,林子崴,17,中繼,,0,0,1,0,3,11,7,0,0,0,0,0,0,0,0,0,0,0,0,0,0,0,0,0,0,2,143
2025,A,51,1,0000000001,0000007283,陳冠穎,81,中繼,,0,1,1,0,4,13,10,1,0,0,0,0,0,0,0,0,0,0,0,0,0,0,2,0,0,4,148
2025,A,51,2,0000000001,0000003393,王鏡銘,41,最後一任,,0,0,1,0,4,11,8,1,0,0,0,0,0,0,2,0,0,0,0,0,0,0,0,1,0,1,140
2025,A,51,1,0000000001,0000002271,黃恩賜,64,最後一任,,1,0,1,0,3,11,7,0,0,0,0,0,0,0,0,0,0,0,0,0,0,0,0,1,6,1,149
2025,A,52,1,0000000001,0000006497,鋼龍,37,先發,勝,0,0,6,0,26,97,72,7,0,0,0,1,0,0,2,0,0,0,0,0,0,0,2,0,0,0,145
2025,A,52,2,0000000001,0000007232,銳歐,84,先發,敗,0,0,4,0,16,62,43,4,0,2,2,0,0,0,4,1,0,0,0,0,0,0,0,2,0,0,144
2025,A,52,2,0000000001,0000002280,廖任磊,13,中繼,,0,0,1,0,6,23,13,2,0,2,1,1,0,0,1,0,0,0,0,0,0,0,0,0,0,0,150
2025,A,52,2,0000000001,0000000368,游霆崴,80,中繼,,0,0,1,1,9,36,20,4,0,2,2,1,0,0,1,0,0,0,0,0,0,0,0,0,0,0,138
2025,A,52,2,0000000001,0000000938,張瑞麟,72,中繼,,0,0,0,2,3,9,6,0,0,0,0,0,0,0,0,0,0,0,0,0,0,0,0,0,0,0,142
2025,A,52,1,0000000001,0000007270,鑀龍,55,中繼,,0,0,1,0,3,12,10,0,0,0,0,0,0,0,2,0,0,0,0,0,0,0,0,0,0,2,147
2025,A,52,2,0000000001,0000007090,林旺熙,73,中繼,,0,0,0,0,1,2,0,0,0,0,0,1,0,0,0,0,0,0,0,0,0,0,1,1,0,0,138
2025,A,52,2,0000000001,0000000773,李吳永勤,38,最後一任,,0,0,2,0,8,29,20,2,0,0,0,0,0,0,1,0,0,0,0,0,0,0,0,1,0,1,141
2025,A,52,1,0000000001,0000005788,林凱威,99,中繼,,0,0,1,0,4,19,16,1,0,0,0,0,0,0,1,0,0,0,0,0,0,0,1,0,1,3,149
2025,A,52,1,0000000001,0000007055,張景淯,51,中繼,,0,0,0,1,3,8,3,0,0,1,0,1,0,0,0,0,0,0,0,0,0,0,0,0,0,0,140
2025,A,52,1,0000000001,0000006160,李超,0,最後一任,,0,0,0,2,3,13,8,1,0,0,0,0,0,0,0,0,0,0,1,0,0,0,0,0,0,0,145
2025,A,53,1,0000000001,0000005604,勝騎士,30,先發,,0,0,7,0,28,89,70,8,0,2,2,0,0,0,7,0,0,0,0,0,0,0,1,0,0,0,149
2025,A,53,2,0000000001,0000005731,布雷克,50,先發,,0,0,6,0,24,93,63,6,0,1,0,1,0,1,3,0,0,1,0,0,0,0,2,2,0,0,143
2025,A,53,2,0000000001,0000004637,劉軒荅,23,中繼,,0,1,1,0,3,5,4,0,0,0,0,0,0,0,0,0,0,0,0,0,0,0,1,0,2,1,143
2025,A,53,2,0000000001,0000002303,黃竣彥,40,中繼,,0,0,0,2,6,19,9,2,0,1,1,2,0,0,1,0,0,0,0,0,0,0,1,1,0,3,148
2025,A,53,2,0000000001,0000002688,陳韻文,12,中繼,,0,1,1,1,7,32,21,2,0,0,0,1,0,0,2,0,0,0,0,0,0,0,1,0,3,1,148
2025,A,53,1,0000000001,0000000776,王凱程,15,中繼,,0,1,1,0,4,11,10,0,0,0,0,0,0,0,0,0,0,0,0,0,0,0,1,1,0,5,146
2025,A,53,1,0000000001,0000007283,陳冠穎,81,中繼,,0,1,1,0,4,11,7,0,0,0,0,1,0,0,0,0,0,0,0,0,0,0,2,0,0,5,146
2025,A,53,2,0000000001,0000006818,髙塩將樹,28,最後一任,勝,0,0,1,0,3,11,6,0,0,0,0,1,0,0,0,0,0,1,0,0,0,0,2,0,0,2,144
2025,A,53,1,0000000001,0000002271,黃恩賜,64,最後一任,敗,0,0,0,2,2,9,6,0,0,1,0,0,0,0,1,1,0,0,0,0,0,0,0,2,6,1,146
2025,A,54,1,0000000001,0000007547,石萬金,32,先發,敗,0,0,3,1,21,77,47,8,0,6,4,2,0,1,2,2,0,0,1,0,0,0,0,3,0,0,147
2025,A,54,2,0000000001,0000007062,威能帝,49,先發,勝,0,0,7,0,24,96,67,2,0,0,0,1,0,0,5,0,0,0,0,0,0,1,3,0,0,0,150
2025,A,54,1,0000000001,0000006833,陳宇宏,17,中繼,,0,0,2,2,7,29,22,0,0,0,0,0,0,0,0,0,0,0,0,0,0,0,0,1,0,0,136
2025,A,54,1,0000000001,0000006771,陳正毅,11,中繼,,0,0,1,0,5,18,13,2,0,0,0,0,0,0,0,0,0,0,0,0,0,0,0,0,0,0,142
2025,A,54,2,0000000001,0000005372,呂詠臻,48,中繼,,0,0,1,0,3,8,5,1,0,0,0,0,0,0,0,0,0,0,0,0,0,0,0,0,0,4,148
2025,A,54,1,0000000001,0000006917,謝葆錡,10,最後一任,,0,0,1,0,3,14,8,0,0,0,0,0,0,0,1,0,0,0,0,0,0,0,0,0,0,0,142
2025,A,54,2,0000000001,0000005509,莊昕諺,77,最後一任,,0,0,1,0,3,10,5,0,0,0,0,0,0,0,0,0,0,0,0,0,0,0,1,1,0,1,146
2025,A,55,1,0000000001,0000006507,後勁,40,先發,勝,0,0,7,0,27,102,68,9,0,1,1,0,0,0,4,0,0,1,0,0,0,1,2,0,0,0,149
2025,A,55,2,0000000001,0000002274,黃子鵬,69,先發,,0,0,6,0,23,103,70,6,0,1,1,1,0,0,4,0,0,0,0,0,0,0,1,0,0,0,133
2025,A,55,2,0000000001,0000006228,王志煊,64,中繼,敗,0,0,0,0,3,9,6,1,0,2,1,0,0,1,0,0,0,1,0,0,0,0,0,1,0,4,131
2025,A,55,2,0000000001,0000000128,朱承洋,22,中繼,,0,0,1,0,3,9,5,0,0,0,0,0,0,0,0,0,0,1,1,0,0,0,0,0,0,3,148
2025,A,55,2,0000000001,0000000941,陳冠宇,17,中繼,,0,0,1,0,3,16,9,0,0,0,0,0,0,0,1,0,0,0,0,0,0,0,0,1,0,1,145
2025,A,55,1,0000000001,0000007069,張誠恩,93,中繼,,0,1,1,0,3,16,9,0,0,0,0,0,0,0,1,0,0,0,0,0,0,0,1,0,0,4,148
2025,A,55,2,0000000001,0000000779,陳柏豪,9,最後一任,,0,0,1,0,5,20,13,1,0,1,1,1,0,0,0,0,0,0,1,0,0,0,0,2,4,0,147
2025,A,55,1,0000000001,0000006949,林詩翔,14,最後一任,,1,0,1,0,5,22,13,1,0,0,0,1,0,0,1,1,0,0,0,0,0,0,2,0,5,1,145
2025,A,56,1,0000000002,0000007555,霸鉧德,25,先發,敗,0,0,5,0,20,104,64,3,1,2,2,2,0,0,6,0,0,0,0,0,0,0,3,2,0,0,146
2025,A,56,2,0000000002,0000006739,李東洺,66,先發,勝,0,0,5,0,21,94,60,4,0,0,0,2,0,0,7,0,0,1,0,0,0,1,2,4,0,0,149
2025,A,56,2,0000000002,0000006870,林栚呈,94,中繼,,0,1,1,0,3,8,7,0,0,0,0,0,0,0,2,0,0,0,0,0,0,0,0,1,0,1,142
2025,A,56,1,0000000002,0000006857,舒治浩,1,中繼,,0,0,1,0,5,14,10,2,0,0,0,0,0,0,1,0,0,0,0,0,0,0,0,0,0,0,147
2025,A,56,2,0000000002,0000003292,賴鴻誠,32,中繼,,0,1,1,0,3,10,8,0,0,0,0,0,0,0,1,0,0,0,0,0,0,0,1,0,0,2,146
2025,A,56,1,0000000002,0000000779,陳柏豪,9,中繼,,0,0,1,0,3,7,5,0,0,0,0,0,0,0,0,0,0,0,0,0,0,0,1,3,11,1,144
2025,A,56,2,0000000002,0000005592,富藍戈,87,中繼,,0,1,1,0,3,12,7,0,0,0,0,0,0,0,1,0,0,0,0,0,0,0,3,1,1,9,154
2025,A,56,1,0000000002,0000001524,劉昱言,13,最後一任,,0,0,1,0,3,13,9,0,0,0,0,0,0,0,0,0,0,0,0,0,0,0,0,0,0,0,142
2025,A,56,2,0000000002,0000005790,張奕,19,最後一任,,1,0,1,0,3,15,9,0,0,0,0,0,0,0,2,0,0,0,0,0,0,0,2,7,3,0,148
2025,A,59,1,0000000001,0000007274,吉田一将,41,先發,,0,0,5,0,22,75,53,6,0,2,2,1,0,0,7,1,0,0,0,0,0,0,0,0,0,0,146
2025,A,59,2,0000000001,0000007560,飛力獅,93,先發,,0,0,6,0,21,91,56,1,0,0,0,0,0,2,7,0,0,0,0,0,0,0,1,0,0,0,149
2025,A,59,1,0000000001,0000006767,許育銘,74,中繼,,0,0,1,0,3,10,7,0,0,0,0,0,0,0,1,0,0,0,0,0,0,0,0,0,0,0,144
2025,A,59,2,0000000001,0000006818,髙塩將樹,28,中繼,敗,0,0,1,2,9,38,22,3,0,3,3,1,0,0,1,0,0,0,0,0,0,0,2,1,0,2,146
2025,A,59,1,0000000001,0000002348,施子謙,19,中繼,勝,0,0,1,0,3,7,7,0,0,0,0,0,0,0,1,0,0,0,0,0,0,0,2,0,0,0,143
2025,A,59,2,0000000001,0000002303,黃竣彥,40,中繼,,0,0,0,1,2,9,5,2,0,1,1,0,0,0,0,0,0,0,0,0,0,0,1,1,0,3,146
2025,A,59,1,0000000001,0000007069,張誠恩,93,中繼,,0,1,1,0,5,16,9,1,0,0,0,1,0,0,0,0,0,0,0,0,0,0,1,0,0,5,149
2025,A,59,2,0000000001,0000005482,吳承諭,57,最後一任,,0,0,1,0,5,21,13,3,0,2,1,0,0,0,0,0,0,0,1,0,0,0,0,0,0,0,141
2025,A,59,1,0000000001,0000006949,林詩翔,14,最後一任,,0,0,1,0,4,18,12,1,0,0,0,0,0,0,2,0,0,0,0,0,0,0,2,0,5,1,146
2025,A,60,1,0000000001,0000007555,霸鉧德,25,先發,勝,0,0,5,0,22,85,49,5,0,2,1,2,0,0,3,1,0,0,0,0,0,0,1,0,0,0,146
2025,A,60,2,0000000001,0000005790,張奕,19,先發,敗,0,0,5,0,24,101,65,6,0,5,5,3,0,0,8,1,0,0,0,0,0,0,1,3,0,0,148
2025,A,60,2,0000000001,0000000938,張瑞麟,72,中繼,,0,0,2,0,8,36,21,0,0,0,0,1,0,1,0,0,0,0,0,0,0,0,0,0,0,0,142
2025,A,60,1,0000000001,0000005509,莊昕諺,77,中繼,,0,1,1,0,3,6,5,0,0,0,0,0,0,0,0,0,0,0,0,0,0,0,1,1,0,2,146
2025,A,60,1,0000000001,0000000941,陳冠宇,17,中繼,,0,1,1,0,3,11,7,0,0,0,0,0,0,0,2,0,0,0,0,0,0,0,0,1,0,2,146
2025,A,60,2,0000000001,0000006870,林栚呈,94,中繼,,0,0,1,0,3,11,8,1,0,0,0,0,0,0,1,0,0,0,0,0,0,0,0,0,0,0,141
2025,A,60,1,0000000001,0000000128,朱承洋,22,中繼,,0,1,1,0,4,22,13,0,0,0,0,1,0,0,1,0,1,0,0,0,0,0,0,0,0,4,149
2025,A,60,2,0000000001,0000003292,賴鴻誠,32,中繼,,0,0,0,1,4,15,6,1,0,2,2,2,0,0,0,0,0,0,0,0,0,0,1,0,0,1,144
2025,A,60,2,0000000001,0000002280,廖任磊,13,最後一任,,0,0,0,2,2,10,5,1,0,0,0,0,0,0,1,0,0,0,0,0,0,0,0,0,0,0,147
2025,A,60,1,0000000001,0000005372,呂詠臻,48,中繼,,0,0,0,0,2,6,2,1,0,2,2,1,0,0,0,0,0,0,0,0,0,0,0,0,0,4,149
2025,A,60,1,0000000001,0000006228,王志煊,64,中繼,,0,0,0,0,3,7,1,0,0,2,2,0,0,3,0,0,0,0,0,0,0,0,0,1,0,4,138
2025,A,60,1,0000000001,0000000779,陳柏豪,9,最後一任,,1,0,1,0,4,16,11,1,0,0,0,0,0,0,1,0,0,0,1,0,0,0,0,2,5,0,147
2025,A,61,1,0000000001,0000007558,黃博多,37,先發,勝,0,0,6,1,29,98,62,7,0,1,1,2,0,1,4,0,0,1,0,0,0,0,4,0,0,0,152
2025,A,61,2,0000000001,0000005543,徐若熙,18,先發,,0,0,5,0,17,69,50,1,0,0,0,1,0,0,8,0,0,0,0,0,0,0,0,1,0,0,155
2025,A,61,2,0000000001,0000007270,鑀龍,55,中繼,敗,0,0,2,0,12,48,30,5,1,3,3,2,0,0,3,0,0,0,0,0,0,0,0,1,0,2,145
2025,A,61,1,0000000001,0000007283,陳冠穎,81,中繼,,0,1,0,2,3,13,7,0,0,0,0,1,0,0,1,0,0,0,0,0,0,0,2,0,0,6,149
2025,A,61,2,0000000001,0000006215,趙璟榮,42,中繼,,0,0,0,1,4,18,5,0,0,1,0,3,0,0,0,0,0,1,0,0,0,0,0,0,0,0,147
2025,A,61,2,0000000001,0000006160,李超,0,中繼,,0,0,0,2,2,10,6,0,0,0,0,0,0,0,0,0,0,0,0,0,0,0,0,0,0,0,145
2025,A,61,1,0000000001,0000000776,王凱程,15,中繼,,0,1,1,0,3,9,7,0,0,0,0,0,0,0,1,0,0,0,0,0,0,0,1,1,0,6,142
2025,A,61,2,0000000001,0000002279,吳俊杰,20,最後一任,,0,0,1,0,3,10,7,0,0,0,0,0,0,0,0,0,0,0,0,0,0,0,0,0,0,0,147
2025,A,61,1,0000000001,0000002271,黃恩賜,64,最後一任,,1,0,1,0,3,11,8,0,0,0,0,0,0,0,2,0,0,0,0,0,0,0,0,2,7,1,147
2025,A,62,1,0000000001,0000005151,羅戈,32,先發,,0,0,5,0,22,91,54,2,0,1,1,5,0,0,5,0,0,1,0,0,0,0,0,1,0,0,151
2025,A,62,2,0000000001,0000007554,龍聖,33,先發,,0,0,6,0,26,112,72,4,0,1,1,4,0,0,6,2,0,1,0,0,0,0,1,0,0,0,144
2025,A,62,1,0000000001,0000000778,蔡齊哲,50,中繼,,0,1,1,0,3,9,7,0,0,0,0,0,0,0,1,0,0,0,0,0,0,0,0,0,0,3,141
2025,A,62,2,0000000001,0000006160,李超,0,中繼,勝,0,0,1,0,3,9,7,1,0,0,0,0,0,0,1,0,0,0,0,0,0,0,1,0,0,0,143
2025,A,62,1,0000000001,0000000771,陳琥,62,中繼,敗,0,0,1,0,6,22,14,2,0,1,1,1,0,0,3,0,0,0,0,0,0,0,0,1,0,1,148
2025,A,62,2,0000000001,0000001821,林子昱,71,中繼,,0,1,1,0,5,17,14,2,0,0,0,0,0,0,2,0,0,0,0,0,0,0,1,0,0,3,146
2025,A,62,1,0000000001,0000003331,李振昌,34,最後一任,,0,0,1,0,3,12,9,0,0,0,0,0,0,0,1,0,0,0,0,0,0,0,1,0,0,0,146
2025,A,62,2,0000000001,0000005555,陳冠偉,59,最後一任,,1,0,1,0,4,12,8,1,0,0,0,0,0,0,0,0,0,0,0,0,0,0,0,0,5,0,144
2025,A,63,1,0000000001,0000006832,陳柏清,66,先發,敗,0,0,4,0,20,69,40,4,0,2,2,4,0,0,2,0,0,0,0,0,0,0,0,2,0,0,148
2025,A,63,2,0000000001,0000006848,林詔恩,74,先發,勝,0,0,6,0,24,80,48,4,0,0,0,4,0,0,1,0,0,0,0,0,0,0,1,0,0,0,146
2025,A,63,1,0000000001,0000006833,陳宇宏,17,最後一任,,0,0,4,0,16,57,39,3,0,0,0,1,0,0,1,0,0,0,0,0,0,0,0,1,0,0,135
2025,A,63,2,0000000001,0000001719,胡智爲,58,中繼,,0,1,2,0,6,22,12,0,0,0,0,0,0,0,1,0,0,0,0,0,0,0,0,1,0,1,148
2025,A,63,2,0000000001,0000002688,陳韻文,12,最後一任,,1,0,1,0,5,23,13,1,0,1,1,1,0,0,1,0,0,0,0,0,0,0,1,0,5,1,146
2025,A,64,1,0000000001,0000007264,魔神樂,21,先發,,0,0,7,0,27,83,62,6,0,2,2,1,0,1,1,1,0,0,1,0,0,0,1,2,0,0,144
2025,A,64,2,0000000001,0000006891,力亞士,55,先發,,0,0,7,0,27,105,73,5,0,1,1,0,0,1,7,0,1,0,0,0,0,0,1,3,0,0,151
2025,A,64,2,0000000001,0000005592,富藍戈,87,中繼,,0,0,1,1,9,28,21,4,0,1,1,1,0,0,2,0,0,1,0,0,0,0,1,0,0,4,155
2025,A,64,1,0000000001,0000005509,莊昕諺,77,中繼,,0,1,1,0,5,19,10,1,0,0,0,2,0,0,0,0,0,1,0,0,0,0,1,1,0,3,150
2025,A,64,2,0000000001,0000006227,曾峻岳,60,中繼,敗,0,0,0,2,4,24,14,0,0,1,0,1,0,0,1,0,0,1,0,0,0,0,0,1,5,1,150
2025,A,64,1,0000000001,0000000779,陳柏豪,9,中繼,勝,0,0,1,0,4,7,5,2,0,0,0,0,0,0,0,0,0,0,0,0,0,0,1,2,5,0,144
2025,A,64,2,0000000001,0000006870,林栚呈,94,最後一任,,0,0,1,0,3,11,7,0,0,0,0,0,0,0,1,0,0,0,0,0,0,0,0,0,0,0,143
2025,A,64,1,0000000001,0000000941,陳冠宇,17,最後一任,,1,0,1,0,3,11,7,0,0,0,0,0,0,0,1,0,0,1,0,0,0,0,0,1,1,2,147
2025,A,65,1,0000000001,0000006871,黃保羅,18,先發,敗,0,0,2,0,15,66,43,9,1,7,4,0,0,0,1,0,0,0,0,0,0,0,0,1,0,0,142
2025,A,65,2,0000000001,0000007547,石萬金,32,先發,勝,0,0,7,0,25,103,69,1,1,1,1,2,0,0,5,0,0,0,0,0,0,1,1,3,0,0,146
2025,A,65,1,0000000001,0000000368,游霆崴,80,中繼,,0,0,3,0,13,39,26,4,0,0,0,1,0,0,1,0,0,0,1,0,0,0,0,0,0,0,137
2025,A,65,1,0000000001,0000004632,范柏絜,15,中繼,,0,0,1,0,5,17,11,2,0,0,0,0,0,0,1,0,0,0,0,0,0,0,0,0,0,0,141
2025,A,65,1,0000000001,0000000773,李吳永勤,38,中繼,,0,0,1,0,4,14,10,1,0,0,0,0,0,0,2,0,0,0,0,0,0,0,0,1,0,1,141
2025,A,65,2,0000000001,0000002348,施子謙,19,中繼,,0,0,1,0,6,16,13,3,0,3,1,0,0,0,0,0,0,0,1,0,0,0,2,0,0,0,145
2025,A,65,1,0000000001,0000002280,廖任磊,13,最後一任,,0,0,1,0,3,14,6,0,0,0,0,1,0,0,0,0,0,0,0,0,0,0,0,0,0,0,147
2025,A,65,2,0000000001,0000006949,林詩翔,14,最後一任,,1,0,1,0,3,15,11,0,0,0,0,0,0,0,1,0,0,0,0,0,0,0,2,0,6,1,144
2025,A,66,1,0000000001,0000007062,威能帝,49,先發,,0,0,5,2,26,110,70,5,0,3,2,3,0,1,3,0,0,0,0,0,0,0,3,0,0,0,151
2025,A,66,2,0000000001,0000003334,鄭凱文,19,先發,,0,0,6,0,24,85,58,8,1,3,3,0,0,0,1,0,0,0,0,0,0,0,1,1,0,0,139
2025,A,66,1,0000000001,0000000128,朱承洋,22,中繼,勝,0,0,1,1,5,24,16,1,0,0,0,0,0,0,0,0,0,0,0,0,0,0,1,0,0,4,151
2025,A,66,2,0000000001,0000000778,蔡齊哲,50,中繼,敗,0,0,1,0,5,18,12,2,0,1,1,0,0,0,0,0,0,1,0,0,0,0,0,1,0,3,144
2025,A,66,2,0000000001,0000003331,李振昌,34,中繼,,0,0,1,0,4,19,11,1,0,0,0,0,0,0,1,0,0,0,0,0,0,0,1,0,0,0,144
2025,A,66,1,0000000001,0000000941,陳冠宇,17,中繼,,0,1,1,0,3,12,9,0,0,0,0,0,0,0,1,0,0,0,0,0,0,0,0,1,1,3,146
2025,A,66,2,0000000001,0000007276,伍立辰,83,最後一任,,0,0,1,0,4,21,16,1,0,0,0,0,0,0,1,0,0,0,0,0,0,0,0,1,1,1,146
2025,A,66,1,0000000001,0000000779,陳柏豪,9,最後一任,,1,0,1,0,4,11,10,1,0,0,0,0,0,0,1,0,0,1,0,0,0,0,1,2,6,0,148
2025,A,67,1,0000000001,0000006739,李東洺,66,先發,勝,0,0,6,0,24,98,65,5,0,0,0,1,0,0,4,0,0,0,0,0,0,1,1,1,0,0,148
2025,A,67,2,0000000001,0000002679,江承諺,20,先發,敗,0,0,5,0,24,81,53,8,1,4,4,1,0,0,1,1,0,0,0,0,0,0,0,2,0,0,136
2025,A,67,2,0000000001,0000006922,黃紹睿,56,中繼,,0,0,1,0,5,19,10,2,0,0,0,1,0,0,1,0,0,0,0,0,0,0,0,1,0,2,140
2025,A,67,2,0000000001,0000006767,許育銘,74,中繼,,0,0,1,0,4,18,13,1,0,0,0,0,0,0,1,0,0,0,0,0,0,0,0,0,0,0,144
2025,A,67,1,0000000001,0000000938,張瑞麟,72,中繼,,0,1,0,2,2,5,4,0,0,0,0,0,0,0,0,0,0,0,0,0,0,0,0,0,0,1,141
2025,A,67,1,0000000001,0000005592,富藍戈,87,中繼,,0,1,1,1,5,7,6,1,0,0,0,0,0,0,0,0,0,0,0,0,0,0,1,0,0,5,152
2025,A,67,2,0000000001,0000006917,謝葆錡,10,中繼,,0,0,1,0,3,10,5,1,0,0,0,0,0,0,0,0,0,0,0,0,0,0,0,0,0,0,143
2025,A,67,2,0000000001,0000006982,黃群,46,最後一任,,0,0,1,0,9,36,19,2,0,3,0,3,0,0,2,0,0,0,0,0,0,0,0,0,0,3,143
2025,A,67,1,0000000001,0000006870,林栚呈,94,最後一任,,0,0,1,0,4,15,9,0,0,0,0,0,0,0,1,0,0,0,0,0,0,0,0,0,0,0,140
2025,A,68,1,0000000001,0000002274,黃子鵬,69,先發,勝,0,0,6,0,25,91,63,6,0,2,1,1,0,1,2,0,0,0,0,0,0,1,2,0,0,0,133
2025,A,68,2,0000000001,0000005604,勝騎士,30,先發,敗,0,0,2,1,9,36,27,2,0,1,1,0,0,0,3,0,0,0,0,0,0,0,1,1,0,0,155
2025,A,68,2,0000000001,0000000771,陳琥,62,中繼,,0,0,1,1,13,45,29,6,1,4,2,2,0,0,1,0,0,1,0,0,0,0,0,1,0,1,146
2025,A,68,2,0000000001,0000003506,謝榮豪,79,中繼,,0,0,1,1,5,19,11,0,0,0,0,1,0,0,1,0,0,0,0,0,0,0,0,0,0,0,143
2025,A,68,2,0000000001,0000000778,蔡齊哲,50,中繼,,0,0,1,0,3,13,10,0,0,0,0,0,0,0,1,0,0,0,0,0,0,0,0,1,0,3,143
2025,A,68,2,0000000001,0000003331,李振昌,34,中繼,,0,0,1,0,3,13,9,1,0,0,0,0,0,0,1,0,0,0,0,0,0,0,1,0,0,0,146
2025,A,68,1,0000000001,0000005558,蘇俊璋,00,中繼,,0,1,1,0,4,14,7,1,1,1,1,0,0,0,0,0,0,0,0,0,0,0,0,0,0,1,143
2025,A,68,2,0000000001,0000000776,王凱程,15,中繼,,0,0,1,0,4,10,8,1,0,0,0,0,0,0,0,0,0,1,0,0,0,0,1,1,0,6,139
2025,A,68,1,0000000001,0000005509,莊昕諺,77,中繼,,0,1,1,0,6,21,15,3,0,1,1,0,0,0,1,0,0,0,0,0,0,0,1,1,0,4,147
2025,A,68,2,0000000001,0000007283,陳冠穎,81,最後一任,,0,0,1,0,3,9,6,1,0,0,0,0,0,0,0,0,0,0,0,0,0,0,2,0,0,6,144
2025,A,68,1,0000000001,0000000779,陳柏豪,9,最後一任,,1,0,1,0,3,11,7,1,0,0,0,0,0,0,0,0,0,0,0,0,0,0,1,2,7,0,149
2025,A,69,1,0000000001,0000005731,布雷克,50,先發,敗,0,0,4,0,22,71,47,8,2,6,5,1,0,0,2,0,0,0,1,0,0,0,2,3,0,0,143
2025,A,69,2,0000000001,0000006497,鋼龍,37,先發,勝,0,0,6,0,24,92,61,4,0,1,1,2,0,0,6,0,0,0,0,0,0,0,3,0,0,0,144
2025,A,69,1,0000000001,0000006712,楊孟沅,90,中繼,,0,0,1,0,3,12,7,0,0,0,0,1,0,0,1,0,0,0,0,0,0,0,0,0,0,0,145
2025,A,69,1,0000000001,0000006222,劉予承,26,中繼,,0,0,1,0,6,23,11,2,0,1,1,1,0,0,1,0,0,0,1,0,0,0,0,0,0,0,144
2025,A,69,2,0000000001,0000006160,李超,0,中繼,,0,0,1,0,4,24,16,1,0,0,0,0,0,0,1,0,0,0,0,0,0,0,1,0,0,0,147
2025,A,69,1,0000000001,0000003393,王鏡銘,41,中繼,,0,0,1,0,5,17,10,1,0,0,0,1,0,0,0,0,0,0,0,0,0,0,0,1,0,1,144
2025,A,69,2,0000000001,0000007270,鑀龍,55,中繼,,0,0,1,0,4,7,6,1,0,0,0,0,0,0,0,0,0,0,0,0,0,0,0,1,0,2,145
2025,A,69,1,0000000001,0000002303,黃竣彥,40,最後一任,,0,0,1,0,3,7,6,0,0,0,0,0,0,0,0,0,0,0,0,0,0,0,1,1,0,3,146
2025,A,69,2,0000000001,0000000135,陳禹勳,5,最後一任,,0,0,1,0,4,7,3,0,0,0,0,1,0,0,0,0,0,0,0,0,0,0,0,0,0,2,142
2025,A,70,1,0000000001,0000006555,梅賽斯,42,先發,,0,0,6,0,28,94,63,9,0,4,4,0,0,1,3,0,1,0,1,0,0,0,3,0,0,0,146
2025,A,70,2,0000000001,0000000762,伍鐸,52,先發,,0,0,6,0,29,100,63,10,0,5,4,0,0,0,2,1,0,0,0,0,0,0,1,2,0,0,143
2025,A,70,2,0000000001,0000005552,呂偉晟,39,中繼,,0,0,1,0,3,8,5,0,0,0,0,0,0,0,0,0,0,0,0,0,0,0,0,0,0,0,145
2025,A,70,1,0000000001,0000006818,髙塩將樹,28,中繼,,0,0,1,2,6,22,14,1,0,1,1,0,0,0,2,0,0,0,0,0,0,0,2,1,0,2,147
2025,A,70,2,0000000001,0000001821,林子昱,71,中繼,,0,0,1,0,3,10,5,1,0,0,0,0,0,0,0,0,0,0,0,0,0,0,1,0,0,3,144
2025,A,70,1,0000000001,0000002688,陳韻文,12,最後一任,勝,0,0,1,1,5,16,11,0,0,0,0,0,0,1,0,0,1,0,0,0,0,0,2,0,5,1,148
2025,A,70,2,0000000001,0000005555,陳冠偉,59,最後一任,敗,0,0,1,0,6,21,12,2,1,3,3,1,0,0,2,0,0,0,0,0,0,0,0,1,5,0,143
2025,A,71,1,0000000001,0000007558,黃博多,37,先發,敗,0,0,6,0,26,89,62,9,1,4,4,1,0,0,4,0,0,1,1,0,0,0,4,1,0,0,152
2025,A,71,2,0000000001,0000006507,後勁,40,先發,勝,0,0,7,0,27,98,63,4,0,3,2,2,0,0,7,0,0,1,1,0,0,1,3,0,0,0,148
2025,A,71,1,0000000001,0000003331,李振昌,34,中繼,,0,0,1,0,3,11,8,0,0,0,0,0,0,0,1,0,0,0,0,0,0,0,1,0,0,0,144
2025,A,71,2,0000000001,0000007069,張誠恩,93,中繼,,0,1,1,0,3,7,5,1,0,0,0,0,0,0,0,0,0,0,0,0,0,0,1,0,0,6,148
2025,A,71,1,0000000001,0000001194,楊志龍,41,最後一任,,0,0,1,0,3,13,10,1,0,0,0,0,0,0,0,0,0,0,0,0,0,0,0,0,0,0,142
2025,A,71,2,0000000001,0000006949,林詩翔,14,最後一任,,1,0,1,0,4,16,12,1,0,0,0,0,0,0,1,0,0,0,0,0,0,0,2,0,7,1,147
2025,A,72,1,0000000001,0000007560,飛力獅,93,先發,勝,0,0,6,0,24,102,65,7,0,0,0,0,0,0,3,0,0,0,0,0,0,1,2,0,0,0,148
2025,A,72,2,0000000001,0000006749,魔力藍,44,先發,敗,0,0,5,0,22,97,61,5,1,1,1,2,0,0,3,0,0,0,0,0,0,0,1,3,0,0,149
2025,A,72,2,0000000001,0000000938,張瑞麟,72,中繼,,0,0,0,2,6,27,16,2,0,3,3,2,0,0,0,0,0,0,0,0,0,0,0,0,0,1,141
2025,A,72,2,0000000001,0000004632,范柏絜,15,中繼,,0,0,1,1,3,16,9,0,0,0,0,0,0,0,1,0,0,0,0,0,0,0,0,0,0,0,139
2025,A,72,1,0000000001,0000004637,劉軒荅,23,中繼,,0,0,1,0,3,8,8,0,0,0,0,0,0,0,0,0,0,0,0,0,0,0,1,0,2,2,142
2025,A,72,2,0000000001,0000000773,李吳永勤,38,中繼,,0,0,1,0,3,8,7,0,0,0,0,0,0,0,0,0,0,0,0,0,0,0,0,1,0,1,142
2025,A,72,1,0000000001,0000002303,黃竣彥,40,中繼,,0,0,1,0,6,20,12,2,0,2,2,1,0,0,0,0,0,0,1,0,0,0,1,1,0,3,148
2025,A,72,2,0000000001,0000002280,廖任磊,13,最後一任,,0,0,1,0,3,9,6,0,0,0,0,0,0,0,0,0,0,0,0,0,0,0,0,0,0,0,149
2025,A,72,1,0000000001,0000002688,陳韻文,12,最後一任,,1,0,1,0,4,21,15,1,0,0,0,0,0,0,1,0,0,0,0,0,0,0,2,0,6,1,149
2025,A,73,1,0000000001,0000006724,曹祐齊,67,先發,,0,0,5,1,23,87,53,5,1,3,3,1,0,0,2,0,0,0,0,0,0,0,2,0,0,0,143
2025,A,73,2,0000000001,0000007555,霸鉧德,25,先發,,0,0,5,0,21,91,57,4,0,3,3,3,0,0,3,0,0,0,0,0,0,0,1,0,0,0,146
2025,A,73,2,0000000001,0000005372,呂詠臻,48,中繼,,0,0,1,0,4,15,10,1,0,0,0,0,0,0,0,0,0,0,0,0,0,0,0,0,0,4,149
2025,A,73,1,0000000001,0000005552,呂偉晟,39,中繼,,0,1,0,2,1,2,1,0,0,0,0,0,0,0,0,0,0,0,0,0,0,0,0,0,0,1,140
2025,A,73,2,0000000001,0000000941,陳冠宇,17,中繼,,0,1,1,0,3,17,12,0,0,0,0,0,0,0,1,0,0,0,0,0,0,0,0,1,1,4,147
2025,A,73,1,0000000001,0000007270,鑀龍,55,中繼,,0,1,2,0,7,16,12,2,0,0,0,0,0,0,1,0,0,0,0,0,0,0,0,1,0,3,148
2025,A,73,2,0000000001,0000000128,朱承洋,22,中繼,,0,1,1,0,4,13,8,1,0,0,0,0,0,0,2,0,0,0,0,0,0,0,1,0,0,5,150
2025,A,73,2,0000000001,0000005509,莊昕諺,77,中繼,,0,1,1,0,3,10,6,0,0,0,0,0,0,0,0,0,0,0,0,0,0,0,1,1,0,5,146
2025,A,73,1,0000000001,0000001821,林子昱,71,中繼,勝,0,0,1,0,3,7,5,1,0,0,0,0,0,0,1,0,0,0,0,0,0,0,2,0,0,3,146
2025,A,73,2,0000000001,0000000779,陳柏豪,9,最後一任,敗,0,0,1,0,5,20,12,2,0,2,1,0,0,0,0,0,0,1,0,0,0,0,1,3,7,0,147
2025,A,73,1,0000000001,0000000135,陳禹勳,5,最後一任,,1,0,1,0,3,13,9,0,0,0,0,0,0,0,2,1,0,0,0,0,0,0,0,0,1,2,147
2025,A,74,1,0000000001,0000005151,羅戈,32,先發,敗,0,0,8,0,27,97,72,4,0,2,0,0,0,0,8,0,0,1,0,1,0,0,0,2,0,0,149
2025,A,74,2,0000000001,0000007274,吉田一将,41,先發,勝,0,0,5,2,21,73,52,5,0,0,0,0,0,0,5,0,0,0,0,0,0,1,1,0,0,0,142
2025,A,74,2,0000000001,0000006767,許育銘,74,中繼,,0,1,0,1,1,4,2,0,0,0,0,0,0,0,0,0,0,0,0,0,0,0,0,0,0,1,141
2025,A,74,2,0000000001,0000006982,黃群,46,中繼,,0,1,1,0,4,14,7,1,0,1,1,1,0,0,1,0,0,0,0,0,0,0,0,0,0,4,142
2025,A,74,2,0000000001,0000007069,張誠恩,93,中繼,,0,1,1,0,3,10,10,0,0,0,0,0,0,0,1,0,0,0,0,0,0,0,1,0,0,7,148
2025,A,74,2,0000000001,0000006949,林詩翔,14,最後一任,,1,0,1,0,4,16,12,1,0,0,0,0,0,0,1,0,0,0,0,0,0,0,2,0,8,1,145
2025,A,75,1,0000000001,0000007559,蒙德茲,21,先發,勝,0,0,5,0,19,90,59,3,0,1,1,2,0,0,7,0,0,0,0,0,0,0,1,1,0,0,149
2025,A,75,2,0000000001,0000005790,張奕,19,先發,敗,0,0,4,1,20,91,66,6,2,5,4,1,0,0,6,0,0,0,2,0,0,0,1,4,0,0,151
2025,A,75,2,0000000001,0000004632,范柏絜,15,中繼,,0,0,1,2,8,31,18,2,1,2,2,0,0,1,3,1,0,0,0,0,0,0,0,0,0,0,136
2025,A,75,1,0000000001,0000005482,吳承諭,57,中繼,,0,0,1,0,3,12,7,0,0,0,0,1,0,0,0,0,0,0,0,0,0,0,0,0,0,0,142
2025,A,75,2,0000000001,0000000368,游霆崴,80,中繼,,0,0,2,0,7,19,13,1,0,0,0,0,0,0,2,0,0,0,0,0,0,0,0,0,0,0,140
2025,A,75,1,0000000001,0000001719,胡智爲,58,最後一任,,1,0,3,0,11,41,24,1,1,1,1,1,0,0,2,0,0,0,0,0,0,0,0,1,1,1,153
2025,A,75,2,0000000001,0000006870,林栚呈,94,最後一任,,0,0,1,0,3,7,5,0,0,0,0,0,0,0,0,0,0,0,0,0,0,0,0,0,0,0,140
2025,A,76,1,0000000001,0000005543,徐若熙,18,先發,敗,0,0,4,2,24,92,63,5,0,3,1,2,0,1,4,0,0,0,1,0,0,0,0,2,0,0,155
2025,A,76,2,0000000001,0000007264,魔神樂,21,先發,勝,0,0,7,1,29,99,73,6,0,2,1,1,0,0,8,0,0,3,0,0,0,1,2,2,0,0,148
2025,A,76,1,0000000001,0000005552,呂偉晟,39,中繼,,0,0,0,1,1,3,2,0,0,0,0,0,0,0,0,0,0,0,0,0,0,0,0,0,0,1,145
2025,A,76,1,0000000001,0000005789,林鋅杰,77,中繼,,0,0,1,0,5,18,10,1,0,0,0,1,0,0,1,0,0,1,0,0,0,0,0,0,0,0,144
2025,A,76,1,0000000001,0000002279,吳俊杰,20,中繼,,0,0,1,0,5,18,8,0,0,0,0,2,0,0,1,0,0,0,0,0,0,0,0,0,0,0,146
2025,A,76,2,0000000001,0000005372,呂詠臻,48,中繼,,0,1,0,2,3,11,5,0,0,0,0,1,1,0,1,0,0,0,0,0,0,0,0,0,0,5,150
2025,A,76,1,0000000001,0000005555,陳冠偉,59,最後一任,,0,0,1,0,3,6,4,1,0,0,0,0,0,0,0,0,0,0,0,0,0,0,0,1,5,0,143
2025,A,76,2,0000000001,0000000128,朱承洋,22,最後一任,,1,0,1,0,4,11,8,1,0,0,0,0,0,0,1,0,0,1,0,0,0,0,1,0,1,5,149
2025,A,77,1,0000000001,0000006874,盧孟揚,71,先發,,0,0,4,2,22,71,40,5,3,3,3,3,1,1,2,0,0,1,0,0,0,0,0,0,0,0,146
2025,A,77,2,0000000001,0000006832,陳柏清,66,先發,敗,0,0,2,0,12,43,28,6,1,4,4,1,0,0,1,0,0,0,0,0,0,0,0,3,0,0,144
2025,A,77,2,0000000001,0000006833,陳宇宏,17,中繼,,0,0,3,0,13,49,33,3,0,1,1,1,0,0,4,0,0,1,0,0,0,0,0,1,0,0,132
2025,A,77,1,0000000001,0000000778,蔡齊哲,50,中繼,勝,0,0,0,1,1,2,2,0,0,0,0,0,0,0,0,0,0,0,0,0,0,0,1,1,0,3,129
2025,A,77,2,0000000001,0000006922,黃紹睿,56,中繼,,0,0,1,0,5,33,19,2,0,2,2,1,0,0,2,1,0,0,0,0,0,0,0,1,0,2,143
2025,A,77,1,0000000001,0000003331,李振昌,34,中繼,,0,0,1,0,6,18,12,3,1,1,1,0,0,0,1,0,0,0,0,0,0,0,1,0,0,0,144
2025,A,77,2,0000000001,0000006917,謝葆錡,10,中繼,,0,0,1,0,3,11,5,0,0,0,0,0,0,0,1,0,0,0,0,0,0,0,0,0,0,0,145
2025,A,77,1,0000000001,0000007283,陳冠穎,81,中繼,,0,1,1,0,4,15,9,0,0,0,0,1,0,0,2,0,0,0,0,0,0,0,2,0,0,7,145
2025,A,77,2,0000000001,0000002348,施子謙,19,最後一任,,0,0,2,0,9,29,17,3,1,2,2,0,0,0,1,0,0,0,0,0,0,0,2,0,0,0,145
2025,A,77,1,0000000001,0000000776,王凱程,15,中繼,,0,1,1,0,3,13,10,0,0,0,0,0,0,0,1,0,0,0,0,0,0,0,1,1,0,7,138
2025,A,77,1,0000000001,0000002271,黃恩賜,64,最後一任,,0,0,1,0,5,14,10,2,1,2,2,0,0,0,0,0,0,0,0,0,0,0,0,2,7,1,145
2025,A,78,1,0000000001,0000006848,林詔恩,74,先發,勝,0,0,5,1,22,90,57,3,0,2,2,2,0,0,3,0,0,1,1,0,0,0,2,0,0,0,147
2025,A,78,2,0000000001,0000006891,力亞士,55,先發,敗,0,0,5,2,24,96,59,4,0,4,3,3,0,0,1,0,0,1,2,0,0,0,1,4,0,0,152
2025,A,78,2,0000000001,0000006870,林栚呈,94,中繼,,0,0,0,1,3,7,6,2,0,0,0,0,0,0,0,0,0,0,0,0,0,0,0,0,0,0,141
2025,A,78,1,0000000001,0000003393,王鏡銘,41,中繼,,0,1,0,2,2,7,4,0,0,0,0,0,0,0,0,0,0,0,0,0,0,0,0,1,0,2,140
2025,A,78,2,0000000001,0000005592,富藍戈,87,中繼,,0,0,1,0,7,24,16,3,0,4,3,1,0,0,1,0,0,0,0,0,0,0,1,0,0,5,153
2025,A,78,1,0000000001,0000006818,髙塩將樹,28,中繼,,0,1,1,0,3,19,12,0,0,0,0,1,0,0,1,0,0,0,0,0,0,0,2,1,0,3,144
2025,A,78,2,0000000001,0000002280,廖任磊,13,中繼,,0,0,0,0,3,10,5,2,0,3,3,1,0,0,0,2,0,0,0,0,0,0,0,0,0,0,147
2025,A,78,2,0000000001,0000000773,李吳永勤,38,中繼,,0,0,1,0,5,18,14,1,0,1,1,1,0,0,1,0,0,0,0,0,0,0,0,1,0,1,144
2025,A,78,1,0000000001,0000002276,鄭鈞仁,60,中繼,,0,0,1,0,4,14,8,1,0,0,0,0,0,0,0,0,0,0,0,0,0,0,0,0,0,0,146
2025,A,78,2,0000000001,0000000938,張瑞麟,72,最後一任,,0,0,1,0,5,16,12,2,0,1,1,0,0,0,1,0,0,0,0,0,0,0,0,0,0,1,141
2025,A,78,1,0000000001,0000006712,楊孟沅,90,最後一任,,0,0,1,0,4,6,5,1,0,0,0,0,0,0,0,0,0,0,0,0,0,0,0,0,0,0,141
2025,A,79,1,0000000001,0000007554,龍聖,33,先發,,0,0,5,1,23,82,50,4,0,3,3,2,1,0,4,0,0,3,0,0,0,0,1,0,0,0,144
2025,A,79,2,0000000001,0000006860,劉家翔,18,先發,,0,0,5,0,21,75,43,4,1,1,1,2,0,1,3,1,0,0,0,0,0,0,0,0,0,0,145
2025,A,79,2,0000000001,0000006720,邱駿威,46,中繼,,0,1,1,0,5,17,12,1,0,0,0,0,0,0,2,0,0,0,0,0,0,0,0,0,0,1,150
2025,A,79,1,0000000001,0000006160,李超,0,中繼,,0,0,0,2,3,15,10,0,0,0,0,1,0,0,0,0,0,0,1,0,0,0,1,0,0,0,146
2025,A,79,2,0000000001,0000005558,蘇俊璋,00,中繼,,0,1,1,0,3,11,9,0,0,0,0,0,0,0,2,0,0,0,0,0,0,0,0,0,0,2,145
2025,A,79,1,0000000001,0000002278,王定穎,90,中繼,,0,0,1,0,4,13,7,1,0,0,0,1,0,0,0,0,0,0,0,0,0,0,0,1,0,0,145
2025,A,79,2,0000000001,0000005509,莊昕諺,77,中繼,,0,0,0,2,5,23,12,2,0,2,2,1,0,0,0,0,0,0,0,0,0,0,1,1,0,5,147
2025,A,79,2,0000000001,0000006228,王志煊,64,中繼,,0,1,0,1,1,4,2,0,0,0,0,0,0,0,0,0,0,0,0,0,0,0,0,1,0,5,136
2025,A,79,1,0000000001,0000001821,林子昱,71,中繼,勝,0,0,1,0,3,11,9,0,0,0,0,0,0,0,2,0,0,0,0,0,0,0,3,0,0,3,147
2025,A,79,2,0000000001,0000000941,陳冠宇,17,最後一任,敗,0,0,1,0,5,21,14,2,1,2,2,0,0,0,2,0,0,0,0,0,0,0,0,2,1,4,148
2025,A,79,1,0000000001,0000005555,陳冠偉,59,最後一任,,1,0,1,0,3,8,6,0,0,0,0,0,0,0,1,0,0,0,0,0,0,0,0,1,6,0,143
2025,A,80,1,0000000001,0000006497,鋼龍,37,先發,敗,0,0,5,0,24,83,55,8,2,6,6,1,0,1,4,0,0,0,0,0,0,0,3,1,0,0,143
2025,A,80,2,0000000001,0000007547,石萬金,32,先發,勝,0,0,6,0,28,109,77,9,0,2,0,1,0,0,2,3,0,0,0,0,0,0,2,3,0,0,145
2025,A,80,1,0000000001,0000002279,吳俊杰,20,中繼,,0,0,1,0,4,20,14,2,0,0,0,0,0,0,0,2,0,0,0,0,0,0,0,0,0,0,145
2025,A,80,2,0000000001,0000006767,許育銘,74,中繼,,0,0,1,0,3,12,7,1,0,0,0,0,0,0,1,0,0,0,0,0,0,0,0,0,0,1,142
2025,A,80,1,0000000001,0000002278,王定穎,90,中繼,,0,0,0,2,4,23,13,1,0,0,0,1,0,0,1,1,0,0,0,0,0,0,0,1,0,0,146
2025,A,80,1,0000000001,0000005789,林鋅杰,77,最後一任,,0,0,1,1,5,15,12,1,0,0,0,0,0,0,1,0,0,0,0,0,0,0,0,0,0,0,146
2025,A,80,2,0000000001,0000007069,張誠恩,93,中繼,,0,0,1,0,3,6,3,0,0,0,0,0,0,0,0,0,0,0,0,0,0,0,1,0,0,7,143
2025,A,80,2,0000000001,0000006949,林詩翔,14,最後一任,,0,0,1,0,3,9,7,0,0,0,0,0,0,0,2,0,0,0,0,0,0,0,2,0,8,1,146
2025,A,81,1,0000000001,0000007062,威能帝,49,先發,勝,0,0,5,2,25,99,70,7,0,1,1,1,0,0,3,0,0,1,0,0,0,0,4,0,0,0,150
2025,A,81,2,0000000001,0000006871,黃保羅,18,先發,敗,0,0,4,0,20,91,54,8,0,3,3,3,0,0,1,0,0,0,1,0,0,0,0,2,0,0,146
2025,A,81,2,0000000001,0000004632,范柏絜,15,中繼,,0,0,1,0,4,14,9,1,1,1,1,0,0,0,0,0,0,0,0,0,0,0,0,0,0,0,138
2025,A,81,2,0000000001,0000006870,林栚呈,94,中繼,,0,0,1,0,4,13,9,1,0,0,0,0,0,0,1,0,0,1,0,0,0,0,0,0,0,0,143
2025,A,81,1,0000000001,0000005372,呂詠臻,48,中繼,,0,1,1,1,4,17,13,0,0,0,0,0,0,0,1,0,0,0,0,0,0,0,0,0,0,6,148
2025,A,81,2,0000000001,0000000938,張瑞麟,72,中繼,,0,0,1,0,5,23,13,1,0,1,1,1,0,0,0,0,0,0,0,0,0,0,0,0,0,1,142
2025,A,81,2,0000000001,0000002280,廖任磊,13,中繼,,0,0,1,0,5,20,12,0,0,0,0,1,0,1,0,0,0,1,0,0,0,0,0,0,0,0,150
2025,A,81,1,0000000001,0000000128,朱承洋,22,中繼,,0,0,1,0,3,8,7,0,0,0,0,0,0,0,2,0,0,0,0,0,0,0,1,0,1,5,147
2025,A,81,2,0000000001,0000006227,曾峻岳,60,最後一任,,0,0,1,0,3,16,9,0,0,0,0,1,0,0,0,0,0,0,0,0,0,0,0,1,5,1,151
2025,A,81,1,0000000001,0000000779,陳柏豪,9,最後一任,,0,0,1,0,3,9,6,0,0,0,0,0,0,0,1,0,0,0,0,0,0,0,1,3,7,0,141
2025,A,82,1,0000000001,0000006555,梅賽斯,42,先發,敗,0,0,4,2,24,101,65,9,0,6,3,1,0,0,4,0,0,0,0,0,0,0,3,1,0,0,144
2025,A,82,2,0000000001,0000003334,鄭凱文,19,先發,勝,0,0,6,0,24,87,52,4,0,1,1,2,0,0,1,0,0,0,0,0,0,1,2,1,0,0,137
2025,A,82,1,0000000001,0000005482,吳承諭,57,中繼,,0,0,1,1,5,15,8,1,0,0,0,0,0,0,1,0,0,0,0,0,0,0,0,0,0,0,140
2025,A,82,2,0000000001,0000007276,伍立辰,83,中繼,,0,0,1,0,4,21,15,1,1,1,1,0,0,0,2,0,0,0,0,0,0,0,0,1,1,1,146
2025,A,82,1,0000000001,0000006222,劉予承,26,中繼,,0,0,1,0,4,18,10,1,1,1,1,0,0,0,1,0,0,0,0,0,0,0,0,0,0,0,143
2025,A,82,2,0000000001,0000001194,楊志龍,41,中繼,,0,0,0,2,5,25,12,2,0,2,2,1,0,0,1,0,0,0,0,0,0,0,0,0,0,0,142
2025,A,82,2,0000000001,0000000778,蔡齊哲,50,中繼,,0,1,0,1,2,8,4,1,0,0,0,0,0,0,0,0,0,0,0,0,0,0,1,1,0,4,141
2025,A,82,1,0000000001,0000004637,劉軒荅,23,最後一任,,0,0,1,0,5,23,14,2,0,0,0,0,0,0,1,0,0,0,0,0,0,0,1,0,2,2,144
2025,A,82,2,0000000001,0000002271,黃恩賜,64,最後一任,,1,0,1,0,3,15,9,1,0,0,0,0,0,0,1,0,0,0,0,0,0,0,0,2,8,1,145
2025,A,83,1,0000000001,0000001603,王維中,16,先發,,0,0,5,2,24,92,68,6,1,3,3,1,0,0,4,0,0,1,1,0,0,0,1,1,0,0,143
2025,A,83,2,0000000001,0000002679,江承諺,20,先發,敗,0,0,6,2,29,93,60,6,0,5,3,1,0,1,3,0,0,0,0,0,0,0,0,3,0,0,140
2025,A,83,1,0000000001,0000005552,呂偉晟,39,中繼,勝,0,0,0,1,1,4,2,0,0,0,0,0,0,0,0,0,0,0,0,0,0,0,1,0,0,1,144
2025,A,83,2,0000000001,0000006833,陳宇宏,17,中繼,,0,0,0,1,2,6,4,2,0,1,0,0,0,0,0,0,0,0,0,0,0,0,0,1,0,0,129
2025,A,83,1,0000000001,0000001821,林子昱,71,中繼,,0,1,1,0,3,7,6,0,0,0,0,0,0,0,1,0,0,0,0,0,0,0,3,0,0,4,143
2025,A,83,2,0000000001,0000006767,許育銘,74,中繼,,0,0,0,0,3,9,5,3,0,3,2,0,0,0,0,0,0,0,0,0,0,0,0,0,0,1,141
2025,A,83,2,0000000001,0000006917,謝葆錡,10,中繼,,0,0,1,0,6,16,8,1,0,0,0,1,0,1,1,0,0,1,0,0,0,0,0,0,0,0,144
2025,A,83,1,0000000001,0000007270,鑀龍,55,中繼,,0,0,1,0,5,21,13,2,0,1,1,0,0,0,1,0,0,0,1,0,0,0,0,1,0,3,147
2025,A,83,2,0000000001,0000006921,伍祐城,55,最後一任,,0,0,1,0,5,21,12,0,0,0,0,0,0,0,2,0,0,0,0,0,0,0,0,0,0,0,147
2025,A,83,1,0000000001,0000005555,陳冠偉,59,最後一任,,0,0,1,0,3,13,9,0,0,0,0,0,0,0,2,0,0,0,0,0,0,0,0,1,6,0,141
2025,A,84,1,0000000002,0000007062,威能帝,49,先發,,0,0,7,0,25,94,66,4,1,2,2,0,0,0,12,0,0,0,0,0,0,0,6,2,0,0,152
2025,A,84,2,0000000002,0000007570,布坎南,64,先發,,0,0,7,0,26,102,66,4,0,1,0,1,0,1,7,0,0,0,0,0,0,0,0,0,0,0,146
2025,A,84,2,0000000002,0000000367,吳世豪,50,中繼,,0,0,1,0,6,24,12,1,0,1,1,2,0,0,1,0,0,0,0,0,0,0,0,0,0,1,147
2025,A,84,1,0000000002,0000000941,陳冠宇,17,中繼,,0,1,1,0,4,16,11,1,0,0,0,0,0,0,1,0,0,0,0,0,0,0,1,2,1,11,148
2025,A,84,2,0000000002,0000000773,李吳永勤,38,中繼,,0,1,1,0,4,11,7,1,0,0,0,0,0,0,0,0,0,1,0,0,0,0,0,1,0,5,142
2025,A,84,1,0000000002,0000000128,朱承洋,22,中繼,,0,1,1,0,3,10,6,0,0,0,0,0,0,0,0,0,0,0,0,0,0,0,3,1,2,11,148
2025,A,84,2,0000000002,0000005479,江國豪,12,最後一任,勝,0,0,2,0,9,27,18,3,0,2,0,0,0,0,1,0,0,2,0,0,0,0,1,0,0,0,145
2025,A,84,1,0000000002,0000007073,賴胤豪,63,中繼,,0,0,1,0,4,19,10,1,0,1,0,0,0,0,1,1,0,1,0,0,0,0,1,0,0,1,151
2025,A,84,1,0000000002,0000005372,呂詠臻,48,最後一任,敗,0,0,0,2,5,14,10,2,0,2,0,0,0,0,1,0,0,1,0,0,0,0,2,2,0,10,148
2025,A,85,1,0000000001,0000006507,後勁,40,先發,勝,0,0,7,0,26,101,62,3,0,2,2,4,0,0,3,0,0,0,0,0,0,0,4,0,0,0,149
2025,A,85,2,0000000001,0000007558,黃博多,37,先發,,0,0,5,0,20,90,55,3,0,1,1,3,0,0,4,2,0,0,0,0,0,0,4,1,0,0,154
2025,A,85,2,0000000001,0000003331,李振昌,34,中繼,敗,0,0,0,1,5,16,13,4,1,4,4,0,0,0,0,0,0,1,0,0,0,0,1,1,0,0,146
2025,A,85,2,0000000001,0000000771,陳琥,62,中繼,,0,0,0,2,5,21,10,2,0,1,1,1,0,0,0,0,0,0,0,0,0,0,0,1,0,1,147
2025,A,85,2,0000000001,0000003506,謝榮豪,79,中繼,,0,0,1,0,5,20,12,0,0,0,0,1,0,1,0,0,0,0,0,0,0,0,0,0,0,0,146
2025,A,85,2,0000000001,0000001194,楊志龍,41,最後一任,,0,0,2,0,6,29,18,0,0,0,0,0,0,0,3,0,0,0,0,0,0,0,0,0,0,0,141
2025,A,85,1,0000000001,0000007069,張誠恩,93,中繼,,0,0,1,0,4,11,8,1,0,0,0,0,0,0,0,0,0,0,0,0,0,0,1,0,0,7,150
2025,A,85,1,0000000001,0000006949,林詩翔,14,最後一任,,0,0,1,0,4,17,9,0,0,0,0,1,0,0,0,1,0,0,0,0,0,0,2,0,8,1,145
2025,A,86,1,0000000001,0000006749,魔力藍,44,先發,,0,0,6,2,29,95,66,8,0,1,1,1,0,1,6,0,0,0,0,0,0,0,1,3,0,0,145
2025,A,86,2,0000000001,0000007560,飛力獅,93,先發,,0,0,4,2,19,70,48,5,0,1,1,1,0,0,4,0,0,0,0,0,0,0,2,0,0,0,146
2025,A,86,2,0000000001,0000003393,王鏡銘,41,中繼,,0,0,0,1,3,8,3,1,0,0,0,1,0,0,0,0,0,0,0,0,0,0,0,1,0,2,134
2025,A,86,2,0000000001,0000001719,胡智爲,58,中繼,,0,0,3,0,12,38,21,3,0,1,1,0,0,1,0,0,0,0,0,0,0,0,0,1,1,1,147
2025,A,86,1,0000000001,0000005592,富藍戈,87,中繼,,0,0,1,1,6,21,14,2,1,1,1,0,0,0,1,0,0,0,0,0,0,0,1,0,0,5,153
2025,A,86,2,0000000001,0000002688,陳韻文,12,最後一任,勝,0,0,2,0,8,31,19,1,0,1,0,1,0,0,1,0,0,1,1,0,0,0,3,0,6,1,148
2025,A,86,1,0000000001,0000006227,曾峻岳,60,中繼,敗,0,0,1,1,8,27,15,2,0,2,0,2,1,0,1,0,0,1,0,0,0,0,0,2,5,1,153
2025,A,86,1,0000000001,0000006870,林栚呈,94,最後一任,,0,0,0,1,1,2,1,0,0,0,0,0,0,0,0,0,0,0,1,0,0,0,0,0,0,0,140
2025,A,87,1,0000000001,0000002274,黃子鵬,69,先發,敗,0,0,5,2,26,99,67,9,1,2,2,1,0,0,2,0,0,0,0,0,0,0,2,1,0,0,135
2025,A,87,2,0000000001,0000000762,伍鐸,52,先發,勝,0,0,8,0,28,89,64,4,0,1,0,0,0,1,3,0,0,0,0,0,0,1,2,2,0,0,138
2025,A,87,1,0000000001,0000006228,王志煊,64,中繼,,0,0,0,1,1,7,5,0,0,0,0,0,0,0,0,0,0,0,0,0,0,0,0,1,0,5,136
2025,A,87,1,0000000001,0000006720,邱駿威,46,中繼,,0,0,1,0,5,15,10,2,0,1,1,0,0,0,0,0,0,0,0,0,0,0,0,0,0,1,147
2025,A,87,1,0000000001,0000005558,蘇俊璋,00,最後一任,,0,0,1,0,6,16,11,3,0,1,1,0,0,0,0,0,0,0,1,0,0,0,0,0,0,2,145
2025,A,87,2,0000000001,0000005555,陳冠偉,59,最後一任,,1,0,1,0,4,13,10,1,0,0,0,0,0,0,1,0,0,0,0,0,0,0,0,1,7,0,141
2025,A,88,1,0000000001,0000005790,張奕,19,先發,敗,0,0,3,0,17,57,35,8,1,5,5,0,0,0,1,0,0,0,0,0,0,0,1,5,0,0,147
2025,A,88,2,0000000001,0000007559,蒙德茲,21,先發,勝,0,0,6,0,24,94,51,3,0,1,1,3,0,0,6,0,0,0,0,0,0,0,2,1,0,0,146
2025,A,88,1,0000000001,0000000368,游霆崴,80,中繼,,0,0,2,0,9,34,23,4,1,2,2,0,0,0,1,0,0,0,0,0,0,0,0,0,0,0,139
2025,A,88,1,0000000001,0000004632,范柏絜,15,中繼,,0,0,0,2,6,19,10,3,1,2,2,1,0,0,1,0,0,0,0,0,0,0,0,0,0,0,140
2025,A,88,1,0000000001,0000000938,張瑞麟,72,中繼,,0,0,1,1,7,27,16,3,0,2,2,0,0,0,1,0,0,0,0,0,0,0,0,0,0,1,139
2025,A,88,2,0000000001,0000002276,鄭鈞仁,60,中繼,,0,0,1,0,3,8,6,1,0,0,0,0,0,0,1,0,0,0,0,0,0,0,0,0,0,0,144
2025,A,88,2,0000000001,0000006818,髙塩將樹,28,最後一任,,0,0,2,0,8,28,20,2,0,1,1,0,0,0,2,0,0,0,0,0,0,0,2,1,0,3,143
2025,A,88,1,0000000001,0000002280,廖任磊,13,中繼,,0,0,0,2,8,28,17,5,0,4,4,0,0,1,1,0,0,0,0,0,0,0,0,0,0,0,146
2025,A,88,1,0000000001,0000000773,李吳永勤,38,最後一任,,0,0,0,1,1,3,3,0,0,0,0,0,0,0,1,0,0,0,0,0,0,0,0,1,0,1,135
2025,A,89,1,0000000002,0000007274,吉田一将,41,先發,勝,0,0,5,2,25,90,56,8,0,4,4,1,0,0,4,0,0,0,1,0,0,0,2,4,0,0,147
2025,A,89,2,0000000002,0000007558,黃博多,37,先發,敗,0,0,6,0,27,95,57,6,1,5,5,2,1,1,5,0,0,0,0,0,0,0,7,3,0,0,149
2025,A,89,1,0000000002,0000006832,陳柏清,66,中繼,,0,1,1,1,5,24,17,1,0,0,0,0,0,0,1,1,0,0,0,0,0,1,0,4,0,2,147
2025,A,89,2,0000000002,0000003639,呂彥青,58,中繼,,0,0,1,0,4,11,7,1,0,0,0,0,0,0,1,0,0,0,0,0,0,0,0,1,1,8,143
2025,A,89,2,0000000002,0000007283,陳冠穎,81,中繼,,0,0,0,2,5,24,15,2,0,3,1,1,0,0,1,0,0,0,0,0,0,0,3,1,0,10,144
2025,A,89,2,0000000002,0000000778,蔡齊哲,50,中繼,,0,0,0,1,2,6,3,1,0,0,0,0,0,0,0,0,0,0,0,0,0,0,2,1,2,5,140
2025,A,89,1,0000000002,0000007069,張誠恩,93,中繼,,0,0,1,0,4,13,9,1,0,0,0,0,0,0,1,0,0,0,0,0,0,0,1,2,2,14,149
2025,A,89,2,0000000002,0000003331,李振昌,34,最後一任,,0,0,1,0,3,9,6,1,0,0,0,0,0,0,1,0,0,0,0,0,0,0,1,1,0,0,143
2025,A,89,1,0000000002,0000006949,林詩翔,14,最後一任,,0,0,1,0,4,15,10,0,0,0,0,1,0,0,1,0,0,0,0,0,0,0,3,2,15,3,148
2025,A,90,1,0000000001,0000007264,魔神樂,21,先發,,0,0,7,0,23,89,56,2,0,0,0,0,0,0,6,0,0,1,0,0,0,0,2,2,0,0,147
2025,A,90,2,0000000001,0000005543,徐若熙,18,先發,,0,0,6,2,24,100,78,4,0,0,0,0,0,0,4,0,0,1,0,0,0,0,0,2,0,0,155
2025,A,90,2,0000000001,0000005552,呂偉晟,39,中繼,,0,1,0,1,1,4,4,0,0,0,0,0,0,0,0,0,0,0,0,0,0,0,1,0,0,2,146
2025,A,90,2,0000000001,0000007270,鑀龍,55,中繼,,0,1,1,0,3,10,7,0,0,0,0,0,0,0,1,0,0,0,0,0,0,0,0,1,0,4,146
2025,A,90,1,0000000001,0000005372,呂詠臻,48,中繼,,0,1,1,0,3,8,6,0,0,0,0,0,0,0,1,0,0,0,0,0,0,0,0,0,0,7,149
2025,A,90,2,0000000001,0000005555,陳冠偉,59,中繼,,0,1,1,0,3,14,8,0,0,0,0,0,0,0,0,0,0,0,0,0,0,0,0,1,7,1,142
2025,A,90,1,0000000001,0000000941,陳冠宇,17,中繼,,0,1,1,0,3,7,4,0,0,0,0,0,0,0,0,0,0,0,0,0,0,0,0,2,1,5,147
2025,A,90,2,0000000001,0000000135,陳禹勳,5,最後一任,勝,0,0,1,0,4,11,10,0,0,0,0,1,1,0,1,0,0,0,0,0,0,0,1,0,1,2,144
2025,A,90,1,0000000001,0000000128,朱承洋,22,最後一任,敗,0,0,0,1,2,5,5,1,0,1,0,0,0,0,0,0,0,0,0,0,0,0,1,1,1,5,149
2025,A,91,1,0000000003,0000006237,林子崴,54,先發,,0,0,4,0,17,74,50,4,0,1,0,0,0,1,4,0,0,0,0,0,0,0,0,0,0,0,144
2025,A,91,2,0000000003,0000000762,伍鐸,52,先發,,0,0,5,0,21,66,45,8,0,2,2,0,0,1,0,0,0,0,0,0,0,0,4,4,0,0,141
2025,A,91,1,0000000003,0000005558,蘇俊璋,00,中繼,,0,0,0,2,5,17,9,3,0,1,0,0,0,0,0,1,0,0,0,0,0,0,0,0,0,3,144
2025,A,91,1,0000000003,0000007073,賴胤豪,63,中繼,勝,0,0,1,1,4,12,8,0,0,0,0,0,0,0,1,0,0,0,0,0,0,0,1,0,0,1,151
2025,A,91,2,0000000003,0000005552,呂偉晟,39,中繼,敗,0,0,0,1,4,13,7,0,0,2,0,1,0,0,0,0,0,1,0,0,0,0,1,2,0,2,144
2025,A,91,2,0000000003,0000006160,李超,0,中繼,,0,0,0,2,2,4,3,1,0,0,0,0,0,0,0,0,0,0,0,0,0,0,1,0,0,1,146
2025,A,91,2,0000000003,0000002279,吳俊杰,20,中繼,,0,0,1,0,5,14,10,2,1,1,1,0,0,0,1,0,0,0,0,0,0,0,0,0,0,2,143
2025,A,91,1,0000000003,0000005372,呂詠臻,48,中繼,,0,1,1,0,5,26,12,0,0,0,0,1,0,1,1,0,0,0,0,0,0,0,2,1,0,10,149
2025,A,91,2,0000000003,0000001603,王維中,16,中繼,,0,0,0,2,7,29,21,5,0,5,5,0,0,0,0,0,0,0,0,0,0,0,1,2,0,1,146
2025,A,91,2,0000000003,0000005541,郭郁政,17,中繼,,0,0,0,1,2,5,3,1,1,1,1,0,0,0,0,0,0,0,0,0,0,0,0,1,0,1,143
2025,A,91,1,0000000003,0000006720,邱駿威,46,最後一任,,0,0,2,0,9,31,23,2,1,1,1,0,0,1,1,0,0,0,0,0,0,0,0,0,0,2,146
2025,A,91,2,0000000003,0000006215,趙璟榮,42,最後一任,,0,0,1,0,3,13,9,0,0,0,0,0,0,0,0,0,0,0,0,0,0,0,0,0,0,0,148
2025,A,92,1,0000000002,0000006891,力亞士,55,先發,敗,0,0,7,0,29,101,69,5,1,3,2,1,0,3,6,0,0,0,0,0,0,0,2,6,0,0,151
2025,A,92,2,0000000002,0000006555,梅賽斯,42,先發,勝,0,0,8,0,28,95,68,4,0,1,0,1,0,0,8,0,0,1,0,0,0,1,6,3,0,0,146
2025,A,92,1,0000000002,0000005592,富藍戈,87,最後一任,,0,0,1,0,5,20,12,1,0,0,0,1,0,0,0,0,1,0,0,0,0,0,3,1,1,9,156
2025,A,92,2,0000000002,0000006818,髙塩將樹,28,最後一任,,1,0,1,0,3,13,11,0,0,0,0,0,0,0,2,0,0,0,0,0,0,0,2,1,5,8,144
2025,A,93,1,0000000002,0000002679,江承諺,20,先發,勝,0,0,5,0,21,82,56,5,0,2,1,0,0,0,3,0,0,0,1,0,0,0,2,5,0,0,138
2025,A,93,2,0000000002,0000007573,李博登,38,先發,敗,0,0,3,2,20,73,45,7,0,6,1,2,0,0,3,0,0,1,0,0,0,0,0,1,0,0,143
2025,A,93,2,0000000002,0000003506,謝榮豪,79,中繼,,0,0,0,1,4,15,7,2,0,1,1,1,0,0,1,0,0,0,0,0,0,0,1,0,0,2,141
2025,A,93,2,0000000002,0000000771,陳琥,62,中繼,,0,0,3,0,9,36,25,0,0,0,0,0,0,0,2,0,0,0,0,0,0,0,0,1,0,1,147
2025,A,93,1,0000000002,0000006921,伍祐城,55,中繼,,0,0,1,0,4,20,11,1,1,1,1,0,0,0,2,0,0,0,0,0,0,0,1,0,0,3,147
2025,A,93,1,0000000002,0000006767,許育銘,74,中繼,,0,0,1,0,5,15,10,1,0,0,0,0,0,1,0,0,0,0,0,0,0,0,0,0,0,9,143
2025,A,93,2,0000000002,0000003331,李振昌,34,中繼,,0,0,1,0,5,20,12,1,0,0,0,1,0,0,2,0,0,0,0,0,0,0,1,1,0,0,146
2025,A,93,1,0000000002,0000007069,張誠恩,93,中繼,,0,0,1,0,4,23,14,1,1,1,1,0,0,0,1,0,0,0,0,0,0,0,1,2,2,14,149
2025,A,93,2,0000000002,0000000776,王凱程,15,最後一任,,0,0,1,0,5,16,13,2,0,1,1,0,0,0,0,0,0,0,0,0,0,0,2,2,1,11,146
2025,A,93,1,0000000002,0000006949,林詩翔,14,最後一任,,0,0,1,0,5,11,10,3,0,2,2,0,0,0,0,0,0,0,0,0,0,0,3,2,15,3,143
2025,A,94,1,0000000001,0000007053,艾速特,30,先發,,0,0,6,0,27,114,75,5,1,3,3,3,0,1,8,0,0,0,1,0,0,0,2,3,0,0,148
2025,A,94,2,0000000001,0000006739,李東洺,66,先發,,0,0,6,1,25,108,67,3,0,3,3,3,0,0,7,0,0,1,0,0,0,1,1,1,0,0,148
2025,A,94,2,0000000001,0000000773,李吳永勤,38,中繼,,0,1,0,1,1,5,3,0,0,0,0,0,0,0,0,0,0,0,0,0,0,0,0,1,0,2,142
2025,A,94,2,0000000001,0000005592,富藍戈,87,中繼,勝,0,0,1,1,7,21,15,2,0,0,0,1,0,0,0,1,0,0,0,0,0,0,2,0,0,5,155
2025,A,94,1,0000000001,0000006921,伍祐城,55,中繼,,0,1,1,0,4,14,11,1,0,0,0,0,0,0,1,0,0,0,0,0,0,0,0,0,0,1,148
2025,A,94,1,0000000001,0000007069,張誠恩,93,最後一任,敗,0,0,1,0,7,30,21,3,0,2,1,1,0,0,0,0,0,1,1,0,0,0,1,1,0,7,148
2025,A,94,2,0000000001,0000006227,曾峻岳,60,最後一任,,1,0,1,0,3,15,10,0,0,0,0,0,0,0,1,0,0,0,0,0,0,0,0,2,6,1,152
2025,A,95,1,0000000001,0000005151,羅戈,32,先發,敗,0,0,6,0,27,94,62,6,0,4,3,1,0,2,8,0,0,0,0,0,0,0,0,3,0,0,150
2025,A,95,2,0000000001,0000006497,鋼龍,37,先發,勝,0,0,7,0,28,106,74,8,0,1,1,0,0,0,8,0,0,0,0,0,0,0,4,1,0,0,147
2025,A,95,1,0000000001,0000007283,陳冠穎,81,中繼,,0,0,0,2,6,21,13,2,1,3,2,1,0,0,0,0,0,0,0,0,0,0,2,0,0,7,147
2025,A,95,1,0000000001,0000003506,謝榮豪,79,中繼,,0,0,0,1,1,5,4,0,0,0,0,0,0,0,1,0,0,0,0,0,0,0,0,0,0,0,143
2025,A,95,2,0000000001,0000001821,林子昱,71,中繼,,0,0,1,0,3,8,5,0,0,0,0,0,0,0,1,0,0,0,0,0,0,0,3,0,0,4,145
2025,A,95,1,0000000001,0000000771,陳琥,62,最後一任,,0,0,1,0,5,20,14,2,0,2,2,0,0,1,1,0,0,0,0,0,0,0,0,1,0,1,145
2025,A,95,2,0000000001,0000006160,李超,0,最後一任,,0,0,1,0,6,20,13,2,1,2,2,0,0,1,0,0,0,0,0,0,0,0,1,0,0,0,146
2025,A,96,1,0000000001,0000007547,石萬金,32,先發,,0,0,5,0,26,86,60,9,0,2,1,0,0,1,2,0,0,1,0,0,0,0,2,3,0,0,147
2025,A,96,2,0000000001,0000006891,力亞士,55,先發,,0,0,7,0,29,103,70,7,1,3,2,1,0,0,4,0,0,1,0,0,0,0,1,4,0,0,151
2025,A,96,1,0000000001,0000007303,黃子豪,85,中繼,,0,0,1,1,7,21,15,2,0,2,2,1,0,0,2,0,0,0,0,0,0,0,0,0,0,0,147
2025,A,96,1,0000000001,0000006982,黃群,46,中繼,,0,0,0,1,3,15,7,1,0,0,0,1,0,0,0,0,0,0,0,0,0,0,0,0,0,4,141
2025,A,96,1,0000000001,0000002348,施子謙,19,中繼,勝,0,0,1,1,6,14,9,1,0,0,0,0,0,1,0,0,0,1,0,0,0,0,3,0,0,0,147
2025,A,96,2,0000000001,0000005592,富藍戈,87,中繼,,0,1,1,0,3,11,7,0,0,0,0,0,0,0,0,0,0,0,0,0,0,0,2,0,0,6,157
2025,A,96,2,0000000001,0000006227,曾峻岳,60,中繼,敗,0,0,0,2,7,32,19,2,0,3,3,2,0,1,1,0,0,1,0,0,0,0,0,3,6,1,153
2025,A,96,2,0000000001,0000000773,李吳永勤,38,最後一任,,0,0,0,1,1,7,5,0,0,0,0,0,0,0,0,0,0,0,0,0,0,0,0,1,0,2,142
2025,A,96,1,0000000001,0000006949,林詩翔,14,最後一任,,1,0,1,0,4,20,13,1,0,0,0,0,0,0,1,0,0,0,0,0,0,0,2,0,9,1,145
2025,A,97,1,0000000001,0000006006,德保拉,46,先發,勝,0,0,8,0,28,90,63,2,0,0,0,1,0,0,5,0,0,0,0,0,0,1,4,2,0,0,146
2025,A,97,2,0000000001,0000006906,艾璞樂,35,先發,,0,0,7,0,27,93,62,5,0,0,0,3,0,0,4,1,0,0,0,0,0,0,2,1,0,0,147
2025,A,97,2,0000000001,0000007270,鑀龍,55,中繼,,0,1,0,2,2,4,3,0,0,0,0,0,0,0,0,0,0,0,0,0,0,0,0,1,0,5,147
2025,A,97,2,0000000001,0000005555,陳冠偉,59,最後一任,敗,0,0,1,1,5,16,9,1,0,1,1,1,0,0,0,0,0,0,0,0,0,0,0,2,7,1,143
2025,A,97,1,0000000001,0000002271,黃恩賜,64,最後一任,,1,0,1,0,3,7,4,0,0,0,0,0,0,0,0,0,0,0,0,0,0,0,0,2,9,1,147
2025,A,98,1,0000000001,0000001260,郭俊麟,75,先發,敗,0,0,2,1,15,55,26,3,0,5,5,3,0,1,3,1,0,0,0,0,0,0,0,1,0,0,146
2025,A,98,2,0000000001,0000007062,威能帝,49,先發,勝,0,0,6,0,21,85,62,3,0,0,0,0,0,0,3,0,0,0,0,0,0,1,5,0,0,0,150
2025,A,98,1,0000000001,0000006222,劉予承,26,中繼,,0,0,1,1,7,30,18,3,0,2,2,0,0,0,2,0,0,0,0,0,0,0,0,0,0,0,141
2025,A,98,1,0000000001,0000006712,楊孟沅,90,中繼,,0,0,0,1,4,11,5,2,0,1,1,1,0,0,0,0,0,0,0,0,0,0,0,0,0,0,144
2025,A,98,1,0000000001,0000005482,吳承諭,57,中繼,,0,0,1,0,3,17,10,0,0,0,0,1,0,0,0,0,0,0,0,0,0,0,0,0,0,0,139
2025,A,98,1,0000000001,0000002276,鄭鈞仁,60,中繼,,0,0,1,0,6,17,12,3,0,1,1,0,0,0,1,0,0,0,0,0,0,0,0,0,0,0,148
2025,A,98,2,0000000001,0000006720,邱駿威,46,中繼,,0,0,1,0,4,15,9,1,0,1,1,0,0,0,1,1,1,0,0,0,0,0,0,0,0,1,146
2025,A,98,1,0000000001,0000004637,劉軒荅,23,中繼,,0,0,1,0,4,10,6,1,0,1,1,0,0,0,0,0,0,0,1,0,0,0,1,0,2,2,143
2025,A,98,2,0000000001,0000005558,蘇俊璋,00,中繼,,0,0,1,0,4,13,10,1,0,0,0,0,0,0,1,0,0,0,0,0,0,0,0,0,0,2,144
2025,A,98,1,0000000001,0000003393,王鏡銘,41,最後一任,,0,0,1,0,4,13,8,2,0,0,0,0,0,0,0,0,0,0,0,0,0,0,0,1,0,2,142
2025,A,98,2,0000000001,0000007073,賴胤豪,63,最後一任,,0,0,1,0,3,15,8,0,0,0,0,0,0,0,0,0,0,0,0,0,0,0,0,0,0,0,150
2025,A,99,1,0000000001,0000006555,梅賽斯,42,先發,敗,0,0,6,0,25,93,69,6,1,4,4,1,0,1,4,1,0,1,0,0,0,0,3,2,0,0,149
2025,A,99,2,0000000001,0000007555,霸鉧德,25,先發,勝,0,0,5,0,24,86,53,6,0,1,1,3,0,1,3,0,0,1,0,0,0,0,2,0,0,0,147
2025,A,99,2,0000000001,0000005509,莊昕諺,77,中繼,,0,0,0,2,3,6,3,1,0,0,0,0,0,0,0,0,0,0,0,0,0,0,1,1,0,5,146
2025,A,99,2,0000000001,0000006228,王志煊,64,中繼,,0,1,0,1,1,4,2,0,0,0,0,0,0,0,0,0,0,0,0,0,0,0,0,1,0,6,135
2025,A,99,2,0000000001,0000005372,呂詠臻,48,中繼,,0,1,1,0,4,13,11,0,0,0,0,0,0,1,0,0,0,0,0,0,0,0,0,0,0,8,150
2025,A,99,1,0000000001,0000001719,胡智爲,58,最後一任,,0,0,2,0,8,24,19,1,0,0,0,0,0,0,1,0,0,0,0,0,0,0,0,1,1,1,148
2025,A,99,2,0000000001,0000000128,朱承洋,22,中繼,,0,1,1,0,4,11,8,1,0,0,0,0,0,0,0,0,0,0,0,0,0,0,1,1,1,6,150
2025,A,99,2,0000000001,0000000779,陳柏豪,9,最後一任,,1,0,1,0,3,6,5,0,0,0,0,0,0,0,0,0,0,0,0,0,0,0,1,3,8,0,146
2025,A,100,1,0000000001,0000007554,龍聖,33,先發,敗,0,0,5,0,26,98,59,6,0,5,3,2,0,2,6,0,1,2,1,0,0,0,1,1,0,0,143
2025,A,100,2,0000000001,0000006871,黃保羅,18,先發,勝,0,0,8,0,29,93,63,4,0,1,1,1,0,0,4,0,0,0,0,0,0,1,1,2,0,0,146
2025,A,100,1,0000000001,0000006160,李超,0,中繼,,0,0,1,0,4,19,10,1,0,0,0,1,0,0,0,0,0,0,0,0,0,0,1,0,0,0,147
2025,A,100,1,0000000001,0000002278,王定穎,90,中繼,,0,0,1,0,3,10,7,0,0,0,0,0,0,0,1,0,0,0,0,0,0,0,0,1,0,0,148
2025,A,100,1,0000000001,0000005789,林鋅杰,77,最後一任,,0,0,1,0,3,12,6,0,0,0,0,0,0,0,1,0,0,0,0,0,0,0,0,0,0,0,146
2025,A,100,2,0000000001,0000006870,林栚呈,94,最後一任,,0,0,1,0,3,10,8,0,0,0,0,0,0,0,0,0,0,0,0,0,0,0,0,0,0,0,142
2025,A,101,1,0000000001,0000007559,蒙德茲,21,先發,勝,0,0,6,1,23,89,57,3,0,0,0,2,0,0,10,0,0,0,0,0,0,1,3,1,0,0,148
2025,A,101,2,0000000001,0000007274,吉田一将,41,先發,敗,0,0,6,1,29,99,75,10,0,3,2,0,0,0,5,1,0,0,0,0,0,0,1,1,0,0,143
2025,A,101,2,0000000001,0000006921,伍祐城,55,中繼,,0,0,0,2,2,13,7,0,0,0,0,1,0,0,0,0,0,0,0,0,0,0,0,0,0,1,146
2025,A,101,1,0000000001,0000006818,髙塩將樹,28,中繼,,0,1,1,2,5,19,12,0,0,0,0,0,0,0,2,0,0,0,0,0,0,0,2,1,0,4,145
2025,A,101,2,0000000001,0000007069,張誠恩,93,中繼,,0,0,1,0,5,18,11,2,0,0,0,0,0,0,1,0,0,0,0,0,0,0,1,1,0,7,147
2025,A,101,2,0000000001,0000002348,施子謙,19,最後一任,,0,0,1,0,7,16,13,3,0,3,2,0,0,1,1,0,0,0,0,0,0,0,3,0,0,0,146
2025,A,101,1,0000000001,0000002688,陳韻文,12,最後一任,,0,0,1,0,3,11,6,0,0,0,0,0,0,0,0,0,0,0,0,0,0,0,3,0,6,1,147
2025,A,102,1,0000000001,0000002274,黃子鵬,69,先發,勝,0,0,6,0,24,102,67,6,1,3,3,2,0,0,6,0,0,0,0,0,0,0,3,1,0,0,136
2025,A,102,2,0000000001,0000007558,黃博多,37,先發,敗,0,0,6,0,23,98,61,6,2,4,4,1,0,0,5,0,0,0,0,0,0,0,4,2,0,0,150
2025,A,102,2,0000000001,0000000778,蔡齊哲,50,中繼,,0,0,1,0,3,8,4,0,0,0,0,0,0,0,0,0,0,0,0,0,0,0,1,1,0,4,143
2025,A,102,1,0000000001,0000000941,陳冠宇,17,中繼,,0,1,1,0,4,14,6,0,0,0,0,1,0,0,0,0,0,0,0,0,0,0,0,2,1,6,149
2025,A,102,2,0000000001,0000000776,王凱程,15,中繼,,0,0,1,0,5,18,13,2,1,1,1,0,0,0,2,0,0,0,0,0,0,0,1,1,0,7,142
2025,A,102,1,0000000001,0000000128,朱承洋,22,中繼,,0,1,1,0,3,10,7,0,0,0,0,0,0,0,2,0,0,0,0,0,0,0,1,1,1,7,150
2025,A,102,2,0000000001,0000007276,伍立辰,83,最後一任,,0,0,1,0,4,15,9,1,0,0,0,0,0,0,0,0,0,0,0,0,0,0,0,1,1,1,146
2025,A,102,1,0000000001,0000000779,陳柏豪,9,最後一任,,1,0,1,0,6,22,13,2,1,1,1,1,0,0,2,0,0,0,0,0,0,0,1,3,9,0,145
2025,A,103,1,0000000001,0000005731,布雷克,50,先發,,0,0,6,0,27,89,63,10,2,5,5,0,0,0,4,0,0,0,1,0,0,0,2,3,0,0,144
2025,A,103,2,0000000001,0000002679,江承諺,20,先發,,0,0,5,0,20,86,59,5,1,2,2,0,0,0,4,0,0,0,0,0,0,0,0,3,0,0,141
2025,A,103,2,0000000001,0000006917,謝葆錡,10,中繼,,0,0,1,0,4,19,13,2,0,1,1,0,0,0,0,0,0,0,0,0,0,0,0,0,0,0,143
2025,A,103,2,0000000001,0000006921,伍祐城,55,中繼,,0,1,1,0,4,14,13,0,0,0,0,0,0,0,2,1,0,0,0,0,0,0,0,0,0,2,146
2025,A,103,1,0000000001,0000002695,林子崴,17,中繼,,0,0,0,2,4,13,9,2,0,0,0,1,1,0,0,0,0,1,0,0,0,0,0,0,0,2,143
2025,A,103,1,0000000001,0000004637,劉軒荅,23,中繼,勝,0,0,1,1,7,23,11,1,0,2,2,2,0,0,0,0,0,0,0,0,0,0,2,0,2,2,141
2025,A,103,2,0000000001,0000007069,張誠恩,93,中繼,,0,0,1,0,5,17,12,3,0,2,2,0,0,0,1,0,0,0,0,0,0,0,1,1,0,7,145
2025,A,103,2,0000000001,0000006949,林詩翔,14,最後一任,敗,0,0,1,0,7,30,17,2,1,3,3,2,0,0,1,1,0,0,0,0,0,0,2,1,9,1,145
2025,A,103,1,0000000001,0000002688,陳韻文,12,最後一任,,1,0,1,0,5,24,17,1,0,0,0,1,0,0,0,0,0,0,0,0,0,0,3,0,7,1,149
2025,A,104,1,0000000001,0000000762,伍鐸,52,先發,敗,0,0,6,1,27,99,68,7,0,2,2,1,0,0,1,0,0,1,0,0,0,0,2,3,0,0,
2025,A,104,2,0000000001,0000006749,魔力藍,44,先發,勝,0,0,8,0,27,115,75,3,0,0,0,1,0,0,7,0,0,0,0,0,0,1,2,3,0,0,148
2025,A,104,1,0000000001,0000005552,呂偉晟,39,中繼,,0,0,0,1,4,22,10,0,0,0,0,2,0,1,0,0,1,0,0,0,0,0,1,0,0,2,143
2025,A,104,1,0000000001,0000001821,林子昱,71,中繼,,0,0,0,1,1,4,2,0,0,0,0,0,0,0,0,0,0,0,0,0,0,0,3,0,0,4,143
2025,A,104,1,0000000001,0000002279,吳俊杰,20,最後一任,,0,0,1,0,5,12,7,0,0,0,0,0,0,2,1,0,0,1,0,0,0,0,0,0,0,0,144
2025,A,104,2,0000000001,0000005592,富藍戈,87,最後一任,,1,0,1,0,3,9,7,0,0,0,0,0,0,0,1,0,0,0,0,0,0,0,2,0,1,6,152
2025,A,105,1,0000000001,0000007264,魔神樂,21,先發,勝,0,0,6,0,25,111,77,4,1,3,0,1,0,0,8,0,0,0,0,0,0,0,3,2,0,0,146
2025,A,105,2,0000000001,0000003334,鄭凱文,19,先發,敗,0,0,5,0,24,77,53,8,3,7,7,1,0,0,3,0,0,0,0,0,0,0,2,2,0,0,140
2025,A,105,2,0000000001,0000000771,陳琥,62,中繼,,0,0,1,1,12,33,18,7,0,5,4,0,0,0,0,0,0,0,0,0,0,0,0,1,0,1,149
2025,A,105,2,0000000001,0000001194,楊志龍,41,中繼,,0,0,1,2,7,24,10,1,0,0,0,1,0,0,2,0,0,0,0,0,0,0,0,0,0,0,140
2025,A,105,1,0000000001,0000005509,莊昕諺,77,中繼,,0,0,1,0,3,10,7,0,0,0,0,0,0,0,0,0,0,0,0,0,0,0,1,1,0,5,148
2025,A,105,1,0000000001,0000005558,蘇俊璋,00,中繼,,0,0,1,0,3,10,7,0,0,0,0,0,0,0,0,0,0,0,0,0,0,0,0,0,0,2,146
2025,A,105,2,0000000001,0000006225,宋晟睿,88,最後一任,,0,0,1,0,5,16,8,2,0,0,0,0,0,0,0,0,0,0,0,0,0,0,0,0,0,0,147
2025,A,105,1,0000000001,0000007073,賴胤豪,63,最後一任,,0,0,1,0,6,17,11,3,0,3,3,0,0,0,0,0,0,0,1,0,0,0,0,0,0,0,151
2025,A,106,1,0000000001,0000007560,飛力獅,93,先發,勝,0,0,6,0,23,89,61,6,1,2,2,1,1,0,4,1,0,0,0,0,0,0,3,0,0,0,147
2025,A,106,2,0000000001,0000006833,陳宇宏,17,先發,,0,0,3,2,18,79,48,4,0,2,2,2,0,1,3,0,0,0,0,0,0,0,0,1,0,0,133
2025,A,106,2,0000000001,0000007303,黃子豪,85,中繼,敗,0,0,2,1,10,34,21,2,0,2,1,0,0,0,3,0,0,0,0,0,0,0,0,1,0,0,148
2025,A,106,2,0000000001,0000006767,許育銘,74,中繼,,0,0,2,0,7,26,20,2,0,0,0,0,0,0,1,0,0,0,0,0,0,0,0,0,0,1,145
2025,A,106,1,0000000001,0000001719,胡智爲,58,中繼,,0,1,1,0,6,26,17,2,0,1,1,1,0,0,0,0,0,0,1,0,0,0,0,1,1,2,148
2025,A,106,1,0000000001,0000002695,林子崴,17,中繼,,0,1,0,1,2,12,8,1,0,0,0,0,0,0,0,0,0,0,0,0,0,0,0,0,0,3,142
2025,A,106,1,0000000001,0000003393,王鏡銘,41,中繼,,0,1,0,1,3,8,6,2,0,0,0,0,0,0,1,0,0,0,0,0,0,0,0,1,0,3,141
2025,A,106,1,0000000001,0000006818,髙塩將樹,28,最後一任,,1,0,1,1,7,19,13,1,0,0,0,1,1,0,2,0,0,0,0,0,0,0,2,1,1,4,146
2025,A,106,2,0000000001,0000006921,伍祐城,55,中繼,,0,0,0,1,4,12,9,3,0,2,2,0,0,0,0,0,0,0,0,0,0,0,0,0,0,2,148
2025,A,106,2,0000000001,0000005285,許峻暘,84,中繼,,0,0,0,0,2,10,2,0,0,0,0,2,0,0,0,0,0,0,0,0,0,0,0,0,0,0,145
2025,A,106,2,0000000001,0000002348,施子謙,19,最後一任,,0,0,0,2,1,1,1,0,0,0,0,0,0,0,0,0,0,0,0,0,0,0,3,0,0,0,124
2025,A,107,1,0000000002,0000006497,鋼龍,37,先發,敗,0,0,4,1,23,85,49,7,0,5,5,4,0,0,3,0,0,0,1,0,0,0,6,2,0,0,145
2025,A,107,2,0000000002,0000000363,陳仕朋,81,先發,勝,0,0,6,0,23,88,55,4,1,1,1,1,0,0,3,0,0,0,0,0,0,1,2,2,0,0,142
2025,A,107,1,0000000002,0000007270,鑀龍,55,中繼,,0,0,0,2,4,17,9,1,0,0,0,1,0,0,1,1,0,0,1,0,0,0,0,1,0,5,145
2025,A,107,1,0000000002,0000002278,王定穎,90,中繼,,0,0,1,0,4,15,12,1,0,0,0,0,0,0,1,0,0,0,0,0,0,0,0,1,0,0,145
2025,A,107,2,0000000002,0000000773,李吳永勤,38,中繼,,0,0,0,2,3,19,13,1,0,0,0,0,0,0,1,0,0,0,0,0,0,0,0,1,0,5,143
2025,A,107,2,0000000002,0000000367,吳世豪,50,中繼,,0,0,0,1,1,6,4,0,0,0,0,0,0,0,1,0,0,0,0,0,0,0,0,0,0,1,143
2025,A,107,1,0000000002,0000006215,趙璟榮,42,中繼,,0,0,1,0,3,14,7,1,0,0,0,0,0,0,1,0,0,0,0,0,0,0,0,0,0,0,148
2025,A,107,2,0000000002,0000003292,賴鴻誠,32,中繼,,0,0,0,1,4,16,10,1,0,0,0,1,0,0,0,0,0,0,0,0,0,0,1,0,0,2,144
2025,A,107,2,0000000002,0000006870,林栚呈,94,中繼,,0,1,0,2,2,10,7,0,0,0,0,0,0,0,1,0,0,0,0,0,0,0,0,1,0,2,140
2025,A,107,1,0000000002,0000007055,張景淯,51,最後一任,,0,0,1,0,4,19,10,0,0,0,0,0,0,1,0,0,0,0,0,0,0,0,0,0,0,0,140
2025,A,107,2,0000000002,0000005790,張奕,19,最後一任,,0,0,1,0,3,13,8,0,0,0,0,0,0,0,2,0,0,0,0,0,0,0,2,7,3,0,150
2025,A,108,1,0000000001,0000006860,劉家翔,18,先發,敗,0,0,4,0,23,88,55,9,1,9,9,0,0,1,2,0,0,0,0,0,0,0,0,1,0,0,145
2025,A,108,2,0000000001,0000005151,羅戈,32,先發,勝,0,0,5,0,21,84,57,4,0,1,1,3,0,0,6,0,0,0,0,0,0,0,1,3,0,0,151
2025,A,108,1,0000000001,0000006720,邱駿威,46,中繼,,0,0,2,0,7,23,13,1,0,0,0,0,0,0,2,0,0,0,0,0,0,0,0,0,0,1,146
2025,A,108,2,0000000001,0000007276,伍立辰,83,中繼,,0,0,1,0,4,25,14,0,0,0,0,1,0,0,2,0,0,0,0,0,0,0,0,1,1,1,145
2025,A,108,2,0000000001,0000000778,蔡齊哲,50,中繼,,0,0,1,0,5,23,15,3,0,2,2,0,0,0,0,0,0,0,1,0,0,0,1,1,0,4,142
2025,A,108,1,0000000001,0000007073,賴胤豪,63,中繼,,0,0,1,0,5,16,12,2,0,0,0,0,0,0,1,0,0,0,0,0,0,0,0,0,0,0,150
2025,A,108,2,0000000001,0000000776,王凱程,15,中繼,,0,0,1,0,5,17,11,2,0,0,0,0,0,0,0,0,0,0,0,0,0,0,1,1,0,7,142
2025,A,108,1,0000000001,0000005558,蘇俊璋,00,中繼,,0,0,0,1,3,13,9,2,0,0,0,0,0,0,0,0,0,0,0,0,0,0,0,0,0,2,144
2025,A,108,1,0000000001,0000006228,王志煊,64,最後一任,,0,0,0,2,3,7,3,0,0,0,0,1,0,0,0,0,0,0,0,0,0,0,0,1,0,6,134
2025,A,108,2,0000000001,0000007283,陳冠穎,81,中繼,,0,0,0,2,6,21,12,3,1,4,4,1,0,0,0,0,0,0,0,0,0,0,2,0,0,7,144
2025,A,108,2,0000000001,0000002271,黃恩賜,64,最後一任,,1,0,0,1,4,12,6,2,0,0,0,1,0,0,0,0,0,0,0,0,0,0,0,2,10,1,149
2025,A,109,1,0000000001,0000006724,曹祐齊,67,先發,,0,0,6,0,22,77,46,2,0,0,0,2,0,2,2,0,0,0,0,0,0,0,2,0,0,0,141
2025,A,109,2,0000000001,0000001260,郭俊麟,75,先發,,0,0,4,0,15,58,43,2,0,0,0,1,0,0,3,0,0,0,0,0,0,0,0,1,0,0,144
2025,A,109,2,0000000001,0000005482,吳承諭,57,中繼,,0,1,1,0,3,11,8,1,0,0,0,0,0,0,0,0,0,0,0,0,0,0,0,0,0,1,138
2025,A,109,2,0000000001,0000006848,林詔恩,74,中繼,,0,0,2,0,11,38,28,4,0,1,1,1,0,1,2,0,0,0,0,0,0,0,2,0,0,0,146
2025,A,109,1,0000000001,0000005552,呂偉晟,39,中繼,,0,0,1,0,5,15,14,3,0,1,1,0,0,0,1,0,0,0,0,0,0,0,1,0,0,2,146
2025,A,109,2,0000000001,0000002276,鄭鈞仁,60,中繼,,0,1,1,0,3,9,6,0,0,0,0,0,0,0,0,0,0,0,0,0,0,0,0,0,0,1,148
2025,A,109,1,0000000001,0000001821,林子昱,71,中繼,,0,1,1,0,5,24,14,1,0,0,0,1,0,0,0,0,0,0,0,0,0,0,3,0,0,5,146
2025,A,109,2,0000000001,0000002688,陳韻文,12,中繼,,0,1,1,0,4,19,13,1,0,0,0,0,0,0,0,0,0,1,0,0,0,0,3,0,7,2,148
2025,A,109,1,0000000001,0000005555,陳冠偉,59,中繼,勝,0,0,1,0,3,9,7,0,0,0,0,0,0,0,1,0,0,0,0,0,0,0,1,2,7,1,143
2025,A,109,2,0000000001,0000004637,劉軒荅,23,最後一任,敗,0,0,1,0,5,16,11,2,0,2,1,0,0,0,1,0,0,0,0,0,0,0,2,1,2,2,142
2025,A,109,1,0000000001,0000000135,陳禹勳,5,最後一任,,1,0,1,0,4,23,13,0,0,0,0,1,0,0,2,0,0,0,0,0,0,0,1,0,2,2,144
2025,A,110,1,0000000001,0000007062,威能帝,49,先發,敗,0,0,4,2,27,99,64,8,0,6,3,4,0,0,6,0,0,0,1,0,0,0,5,1,0,0,152
2025,A,110,2,0000000001,0000007053,艾速特,30,先發,勝,0,0,6,0,20,102,69,2,0,1,1,0,0,0,4,1,0,0,0,0,0,1,3,3,0,0,148
2025,A,110,1,0000000001,0000005509,莊昕諺,77,中繼,,0,0,0,1,1,3,1,0,0,0,0,0,0,0,0,0,0,0,0,0,0,0,1,1,0,5,145
2025,A,110,1,0000000001,0000006228,王志煊,64,中繼,,0,0,1,0,5,20,11,1,0,0,0,1,0,0,2,0,0,0,0,0,0,0,0,1,0,6,134
2025,A,110,2,0000000001,0000006921,伍祐城,55,中繼,,0,0,1,0,4,19,13,1,0,0,0,0,0,0,1,0,0,0,0,0,0,0,0,0,0,2,149
2025,A,110,1,0000000001,0000005558,蘇俊璋,00,中繼,,0,0,1,0,3,9,7,0,0,0,0,0,0,0,1,0,0,0,0,0,0,0,0,0,0,2,142
2025,A,110,2,0000000001,0000007069,張誠恩,93,中繼,,0,0,1,0,3,17,10,0,0,0,0,0,0,1,1,0,0,0,0,0,0,0,1,1,0,7,149
2025,A,110,1,0000000001,0000007073,賴胤豪,63,最後一任,,0,0,1,0,4,15,9,0,0,0,0,1,0,0,1,0,0,0,0,0,0,0,0,0,0,0,150
2025,A,110,2,0000000001,0000006949,林詩翔,14,最後一任,,0,0,1,0,4,10,8,2,0,0,0,0,0,0,0,0,0,0,0,0,0,0,2,1,9,1,143
2025,A,111,1,0000000001,0000006906,艾璞樂,35,先發,敗,0,0,6,0,25,86,59,6,1,3,3,2,0,0,4,0,0,0,0,0,0,0,2,2,0,0,149
2025,A,111,2,0000000001,0000007559,蒙德茲,21,先發,勝,0,0,6,2,26,99,70,5,0,1,1,0,0,1,7,0,0,1,0,0,0,0,4,1,0,0,148
2025,A,111,2,0000000001,0000006818,髙塩將樹,28,中繼,,0,1,1,1,4,20,14,0,0,0,0,0,0,0,3,0,0,0,0,0,0,0,2,1,1,5,144
2025,A,111,1,0000000001,0000006160,李超,0,中繼,,0,0,0,2,4,15,6,1,0,0,0,1,0,1,0,0,0,1,0,0,0,0,1,0,0,0,149
2025,A,111,1,0000000001,0000002278,王定穎,90,最後一任,,0,0,1,1,4,15,9,0,0,0,0,0,0,0,2,0,0,0,0,0,0,0,0,1,0,0,146
2025,A,111,2,0000000001,0000002688,陳韻文,12,最後一任,,1,0,1,0,4,13,9,1,0,0,0,0,0,0,0,0,0,0,0,0,0,0,3,0,8,2,148
2025,A,112,1,0000000001,0000007555,霸鉧德,25,先發,敗,0,0,3,0,17,57,33,7,0,6,6,2,0,0,1,1,0,1,0,0,0,0,2,1,0,0,145
2025,A,112,2,0000000001,0000007547,石萬金,32,先發,勝,0,0,5,0,23,92,57,4,0,4,3,3,0,0,4,1,0,0,0,0,0,0,3,3,0,0,144
2025,A,112,1,0000000001,0000005509,莊昕諺,77,中繼,,0,0,1,0,4,15,11,1,0,0,0,0,0,0,1,0,0,0,0,0,0,0,1,1,0,5,
2025,A,112,1,0000000001,0000006720,邱駿威,46,中繼,,0,0,1,0,3,16,9,0,0,0,0,0,0,0,2,0,0,0,0,0,0,0,0,0,0,1,143
2025,A,112,2,0000000001,0000006767,許育銘,74,中繼,,0,1,1,0,3,10,6,0,0,0,0,0,0,0,1,0,0,0,0,0,0,0,0,0,0,2,139
2025,A,112,1,0000000001,0000000941,陳冠宇,17,中繼,,0,0,1,0,3,10,6,0,0,0,0,0,0,0,1,0,0,0,0,0,0,0,0,2,1,6,145
2025,A,112,2,0000000001,0000007069,張誠恩,93,中繼,,0,1,1,0,3,11,8,0,0,0,0,0,0,0,0,0,0,0,0,0,0,0,1,1,0,8,144
2025,A,112,1,0000000001,0000005372,呂詠臻,48,中繼,,0,0,1,0,3,7,5,0,0,0,0,0,0,0,0,0,0,0,0,0,0,0,0,0,0,8,147
2025,A,112,2,0000000001,0000006921,伍祐城,55,中繼,,0,1,1,0,4,19,12,1,0,0,0,0,0,0,0,0,0,0,0,0,0,0,0,0,0,3,148
2025,A,112,1,0000000001,0000000128,朱承洋,22,最後一任,,0,0,1,0,3,8,6,0,0,0,0,0,0,0,1,0,0,0,0,0,0,0,1,1,1,7,
2025,A,112,2,0000000001,0000006949,林詩翔,14,最後一任,,1,0,1,0,3,11,8,0,0,0,0,0,0,0,1,0,0,0,0,0,0,0,2,1,10,1,143
2025,A,113,1,0000000001,0000005790,張奕,19,先發,敗,0,0,4,2,23,96,61,7,0,6,6,2,0,0,2,0,1,0,2,0,0,0,1,6,0,0,151
2025,A,113,2,0000000001,0000006006,德保拉,46,先發,勝,0,0,6,0,25,89,65,7,0,1,0,0,0,0,6,0,0,0,0,0,0,0,5,2,0,0,149
2025,A,113,1,0000000001,0000000938,張瑞麟,72,中繼,,0,0,0,1,2,11,6,0,0,0,0,1,0,0,1,0,0,0,0,0,0,0,0,0,0,1,142
2025,A,113,1,0000000001,0000007295,陳鐿中,75,中繼,,0,0,1,0,7,24,16,4,0,3,3,0,0,0,0,0,0,0,0,0,0,0,0,0,0,0,150
2025,A,113,2,0000000001,0000007276,伍立辰,83,中繼,,0,0,1,0,3,8,5,0,0,0,0,0,0,0,0,0,0,0,0,0,0,0,0,1,1,1,141
2025,A,113,1,0000000001,0000002280,廖任磊,13,中繼,,0,0,1,0,3,10,5,0,0,0,0,1,0,0,0,0,0,0,0,0,0,0,0,0,0,0,150
2025,A,113,2,0000000001,0000001194,楊志龍,41,中繼,,0,0,0,1,5,18,10,3,1,1,1,1,0,0,0,1,0,0,0,0,0,0,0,0,0,0,141
2025,A,113,2,0000000001,0000000778,蔡齊哲,50,中繼,,0,0,0,2,2,6,5,0,0,0,0,0,0,0,0,0,0,0,0,0,0,0,1,1,0,4,134
2025,A,113,1,0000000001,0000002272,賴智垣,25,最後一任,,0,0,1,0,4,18,7,0,0,0,0,2,0,0,1,0,0,0,0,0,0,0,0,0,0,0,149
2025,A,113,2,0000000001,0000003506,謝榮豪,79,最後一任,,0,0,1,0,6,26,16,1,0,1,0,1,0,0,2,1,0,0,0,0,0,0,0,0,0,0,145
2025,A,114,1,0000000001,0000007558,黃博多,37,先發,勝,0,0,8,0,29,98,69,6,0,1,0,1,0,0,5,0,0,0,0,0,0,0,5,2,0,0,151
2025,A,114,2,0000000001,0000005731,布雷克,50,先發,敗,0,0,6,0,25,104,71,7,0,2,2,1,0,0,4,0,0,0,0,0,0,0,2,4,0,0,143
2025,A,114,2,0000000001,0000002695,林子崴,17,中繼,,0,0,1,0,4,16,10,1,0,0,0,0,0,0,0,0,0,0,0,0,0,0,0,0,0,3,143
2025,A,114,2,0000000001,0000001719,胡智爲,58,中繼,,0,0,0,2,6,29,20,4,0,2,2,0,0,0,1,0,0,0,0,0,0,0,0,1,1,2,149
2025,A,114,2,0000000001,0000003393,王鏡銘,41,最後一任,,0,0,1,1,5,14,12,1,0,0,0,0,0,0,1,0,0,0,0,0,0,0,0,1,0,3,141
2025,A,114,1,0000000001,0000002271,黃恩賜,64,最後一任,,1,0,1,0,4,14,9,1,0,0,0,0,0,0,0,0,0,0,0,0,0,0,0,2,11,1,146
2025,A,115,1,0000000001,0000007274,吉田一将,41,先發,敗,0,0,2,0,15,57,35,8,1,8,6,0,0,1,0,0,0,0,0,0,0,0,1,2,0,0,146
2025,A,115,2,0000000001,0000007554,龍聖,33,先發,勝,0,0,7,0,25,90,65,4,0,1,1,0,0,0,5,0,0,0,0,0,0,1,2,1,0,0,142
2025,A,115,1,0000000001,0000006833,陳宇宏,17,中繼,,0,0,0,2,7,25,15,5,0,3,3,0,0,0,0,0,0,0,0,0,0,0,0,1,0,0,134
2025,A,115,1,0000000001,0000007303,黃子豪,85,中繼,,0,0,3,1,14,58,42,3,0,1,1,1,0,1,2,1,0,0,0,0,0,0,0,1,0,0,147
2025,A,115,1,0000000001,0000007067,曾奕翔,54,中繼,,0,0,1,0,5,28,13,0,0,0,0,1,0,1,2,2,0,0,0,0,0,0,0,0,0,0,144
2025,A,115,2,0000000001,0000007055,張景淯,51,中繼,,0,0,1,0,6,27,16,1,0,1,1,1,0,0,2,1,0,0,1,0,0,0,0,0,0,0,140
2025,A,115,1,0000000001,0000006922,黃紹睿,56,最後一任,,0,0,1,0,3,11,6,0,0,0,0,0,0,0,0,0,0,0,0,0,0,0,0,1,0,2,146
2025,A,115,2,0000000001,0000002279,吳俊杰,20,最後一任,,0,0,1,0,3,6,6,0,0,0,0,0,0,0,0,0,0,0,0,0,0,0,0,0,0,0,145
2025,A,116,1,0000000001,0000006891,力亞士,55,先發,,0,0,4,2,25,95,65,10,0,4,4,1,0,2,3,0,0,0,0,0,0,0,1,4,0,0,151
2025,A,116,2,0000000001,0000002274,黃子鵬,69,先發,,0,0,5,2,27,98,76,7,0,4,1,1,0,0,5,0,0,1,0,0,0,0,3,1,0,0,138
2025,A,116,1,0000000001,0000002347,王尉永,34,中繼,,0,1,0,1,1,1,1,0,0,0,0,0,0,0,0,0,0,0,0,0,0,0,0,0,0,1,146
2025,A,116,2,0000000001,0000006228,王志煊,64,中繼,,0,1,0,1,1,3,2,0,0,0,0,0,0,0,0,0,0,0,0,0,0,0,0,1,0,7,133
2025,A,116,1,0000000001,0000000773,李吳永勤,38,中繼,,0,0,0,1,2,9,5,1,0,1,1,0,0,0,0,0,0,0,0,0,0,0,0,1,0,2,140
2025,A,116,1,0000000001,0000002272,賴智垣,25,中繼,,0,0,0,2,2,9,6,0,0,0,0,0,0,0,0,0,0,0,1,0,0,0,0,0,0,0,145
2025,A,116,2,0000000001,0000005372,呂詠臻,48,中繼,勝,0,0,1,0,5,19,10,1,1,1,1,1,0,0,1,0,0,0,0,0,0,0,1,0,0,8,149
2025,A,116,1,0000000001,0000006870,林栚呈,94,中繼,敗,0,0,0,1,5,20,10,3,0,2,2,1,0,0,0,0,0,0,0,0,0,0,0,1,0,0,142
2025,A,116,1,0000000001,0000000938,張瑞麟,72,最後一任,,0,0,1,2,10,33,22,4,0,3,3,0,0,1,0,0,0,0,0,0,0,0,0,0,0,1,142
2025,A,116,2,0000000001,0000000128,朱承洋,22,中繼,,0,1,1,0,3,15,9,0,0,0,0,0,0,0,3,0,0,0,0,0,0,0,1,1,1,8,149
2025,A,116,2,0000000001,0000000779,陳柏豪,9,最後一任,,0,0,1,0,3,6,5,0,0,0,0,0,0,0,0,0,0,0,0,0,0,0,1,3,9,0,149
2025,A,117,1,0000000001,0000005572,魏碩成,14,先發,,0,0,4,0,20,84,51,5,1,3,3,2,0,1,3,0,0,0,0,0,0,0,0,0,0,0,140
2025,A,117,2,0000000001,0000007560,飛力獅,93,先發,,0,0,5,1,24,104,58,4,0,3,2,4,0,0,7,0,0,1,0,0,0,0,3,0,0,0,148
2025,A,117,1,0000000001,0000003506,謝榮豪,79,中繼,勝,0,0,1,0,4,16,10,1,1,1,1,0,0,0,1,0,0,0,0,0,0,0,1,0,0,0,143
2025,A,117,2,0000000001,0000004637,劉軒荅,23,中繼,敗,0,0,0,2,5,22,12,2,0,2,2,1,0,0,0,0,0,0,1,0,0,0,2,2,2,2,141
2025,A,117,1,0000000001,0000007283,陳冠穎,81,中繼,,0,1,1,0,3,17,11,0,0,0,0,0,0,0,0,0,0,0,0,0,0,0,2,0,0,8,143
2025,A,117,2,0000000001,0000002276,鄭鈞仁,60,中繼,,0,0,1,0,7,34,21,3,0,2,2,1,0,0,1,0,0,0,0,0,0,0,0,0,0,1,148
2025,A,117,1,0000000001,0000007276,伍立辰,83,中繼,,0,1,1,0,3,10,8,1,0,0,0,0,0,0,0,0,0,0,0,0,0,0,0,1,1,2,144
2025,A,117,2,0000000001,0000006818,髙塩將樹,28,最後一任,,0,0,2,0,7,34,21,0,0,0,0,2,0,0,3,0,0,0,0,0,0,0,2,1,1,5,146
2025,A,117,1,0000000001,0000000776,王凱程,15,中繼,,0,1,1,0,3,13,7,0,0,0,0,0,0,0,0,0,0,0,0,0,0,0,1,1,0,8,143
2025,A,117,1,0000000001,0000002271,黃恩賜,64,最後一任,,1,0,1,0,6,21,10,1,0,0,0,2,0,0,0,1,0,0,0,0,0,0,0,2,12,1,144
2025,A,118,1,0000000001,0000002679,江承諺,20,先發,敗,0,0,6,2,29,101,63,6,0,4,4,3,0,0,3,1,0,1,0,0,0,0,0,4,0,0,137
2025,A,118,2,0000000001,0000005543,徐若熙,18,先發,勝,0,0,8,0,26,92,67,2,0,0,0,0,0,0,8,0,0,0,0,0,0,1,1,2,0,0,153
2025,A,118,1,0000000001,0000006921,伍祐城,55,中繼,,0,0,0,0,3,8,4,2,1,3,3,0,0,1,0,0,0,0,0,0,0,0,0,0,0,3,147
2025,A,118,1,0000000001,0000006767,許育銘,74,中繼,,0,0,0,1,1,5,2,0,0,0,0,0,0,0,0,0,0,0,0,0,0,0,0,0,0,2,142
2025,A,118,1,0000000001,0000006922,黃紹睿,56,最後一任,,0,0,1,0,3,8,5,0,0,0,0,0,0,0,0,0,0,0,0,0,0,0,0,1,0,2,142
2025,A,118,2,0000000001,0000001821,林子昱,71,最後一任,,0,0,1,0,3,9,7,0,0,0,0,0,0,0,0,0,0,0,0,0,0,0,3,0,0,5,143
2025,A,119,1,0000000001,0000006739,李東洺,66,先發,敗,0,0,5,0,20,84,56,3,0,1,1,2,0,0,5,0,0,1,0,1,0,0,1,2,0,0,147
2025,A,119,2,0000000001,0000007264,魔神樂,21,先發,勝,0,0,5,0,20,75,50,5,0,0,0,1,0,0,4,0,0,0,0,1,1,1,4,2,0,0,144
2025,A,120,1,0000000001,0000006507,後勁,40,先發,勝,0,0,7,0,29,108,72,8,0,2,2,2,0,0,3,1,0,1,0,0,0,1,5,0,0,0,148
2025,A,120,2,0000000001,0000001603,王維中,16,先發,,0,0,4,0,19,82,51,7,0,2,2,2,0,0,2,0,0,1,0,0,0,0,1,1,0,0,142
2025,A,120,2,0000000001,0000006160,李超,0,中繼,,0,1,2,0,8,30,20,2,0,0,0,0,0,0,3,0,0,0,0,0,0,0,1,0,0,1,147
2025,A,120,2,0000000001,0000001821,林子昱,71,中繼,敗,0,0,1,0,5,19,15,2,0,1,1,0,0,0,2,0,0,0,0,0,0,0,3,1,0,5,143
2025,A,120,2,0000000001,0000005555,陳冠偉,59,中繼,,0,0,1,0,4,24,17,1,0,0,0,0,0,0,0,0,0,0,0,0,0,0,1,2,7,1,143
2025,A,120,1,0000000001,0000007069,張誠恩,93,中繼,,0,1,1,0,3,8,7,1,0,0,0,0,0,0,0,0,0,0,0,0,0,0,1,1,0,9,148
2025,A,120,2,0000000001,0000000135,陳禹勳,5,中繼,,0,0,0,2,5,19,9,1,1,3,3,2,1,0,0,0,0,0,0,0,0,0,1,0,2,2,145
2025,A,120,2,0000000001,0000002278,王定穎,90,最後一任,,0,0,0,1,2,8,3,1,0,0,0,0,0,0,0,0,0,0,0,0,0,0,0,1,0,0,140
2025,A,120,1,0000000001,0000006949,林詩翔,14,最後一任,,0,0,1,0,3,11,8,0,0,0,0,0,0,0,1,0,0,0,0,0,0,0,2,1,10,1,144
2025,A,121,1,0000000001,0000005151,羅戈,32,先發,勝,0,0,7,0,30,97,69,8,0,3,1,1,0,0,1,0,0,0,0,0,0,0,2,3,0,0,148
2025,A,121,2,0000000001,0000006848,林詔恩,74,先發,,0,0,3,0,14,55,35,5,0,2,2,2,0,0,2,1,0,0,0,0,0,0,2,0,0,0,146
2025,A,121,2,0000000001,0000001719,胡智爲,58,中繼,敗,0,0,2,2,12,50,34,4,2,3,3,0,0,0,1,0,0,0,0,0,0,0,0,2,1,2,149
2025,A,121,2,0000000001,0000002695,林子崴,17,中繼,,0,0,1,1,7,29,15,3,0,1,1,1,0,0,0,0,0,0,0,0,0,0,0,0,0,3,141
2025,A,121,2,0000000001,0000002303,黃竣彥,40,中繼,,0,0,1,0,4,15,9,1,0,0,0,0,0,0,2,1,0,0,0,0,0,0,1,1,0,3,146
2025,A,121,1,0000000001,0000007276,伍立辰,83,中繼,,0,1,1,0,3,16,8,0,0,0,0,0,0,0,0,0,0,0,0,0,0,0,0,1,1,3,144
2025,A,121,2,0000000001,0000002688,陳韻文,12,最後一任,,0,0,1,0,3,11,8,1,0,0,0,0,0,0,0,0,0,0,0,0,0,0,3,0,8,2,148
2025,A,121,1,0000000001,0000000776,王凱程,15,最後一任,,1,0,1,0,5,17,13,2,0,1,1,0,0,0,2,1,0,0,0,0,0,0,1,1,1,8,144
2025,A,122,1,0000000001,0000006749,魔力藍,44,先發,敗,0,0,6,0,28,104,72,11,1,6,6,0,0,0,5,0,0,0,0,0,0,0,2,4,0,0,147
2025,A,122,2,0000000001,0000007556,波賽樂,88,先發,勝,0,0,6,0,26,104,72,5,0,0,0,1,0,1,6,0,0,1,0,0,0,0,1,3,0,0,150
2025,A,122,2,0000000001,0000000941,陳冠宇,17,中繼,,0,0,1,0,3,11,8,0,0,0,0,0,0,0,1,0,0,0,0,0,0,0,0,2,1,6,147
2025,A,122,1,0000000001,0000002347,王尉永,34,中繼,,0,0,1,0,3,13,9,1,0,0,0,0,0,0,0,0,0,0,0,0,0,0,0,0,0,1,146
2025,A,122,2,0000000001,0000005509,莊昕諺,77,中繼,,0,0,1,0,5,22,14,2,0,1,1,0,0,0,2,0,0,0,0,0,0,0,1,1,0,5,148
2025,A,122,1,0000000001,0000005592,富藍戈,87,最後一任,,0,0,1,0,5,15,8,2,0,0,0,0,0,0,0,0,0,0,0,0,0,0,2,0,1,6,152
2025,A,122,2,0000000001,0000005372,呂詠臻,48,最後一任,,0,0,1,0,4,23,12,0,0,0,0,1,0,0,0,0,0,0,0,0,0,0,1,0,0,8,149
2025,A,123,1,0000000001,0000006874,盧孟揚,71,先發,,0,0,5,0,20,88,54,5,0,2,2,2,0,0,1,1,0,0,0,0,0,0,0,0,0,0,148
2025,A,123,2,0000000001,0000007053,艾速特,30,先發,,0,0,5,1,22,89,60,4,0,2,2,2,0,0,5,1,0,1,0,0,0,0,3,3,0,0,151
2025,A,123,2,0000000001,0000002348,施子謙,19,中繼,,0,1,0,2,1,5,3,0,0,0,0,0,0,0,0,0,0,0,0,0,0,0,3,0,0,1,144
2025,A,123,1,0000000001,0000007283,陳冠穎,81,中繼,,0,1,1,0,3,10,6,0,0,0,0,0,0,0,1,0,0,0,0,0,0,0,2,0,0,9,142
2025,A,123,2,0000000001,0000006767,許育銘,74,中繼,,0,1,1,0,4,11,9,2,0,0,0,0,0,0,0,0,0,0,0,0,0,0,0,0,0,3,144
2025,A,123,1,0000000001,0000003639,呂彥青,58,中繼,,0,1,1,0,3,14,8,0,0,0,0,0,0,0,1,0,0,0,0,0,0,0,0,0,1,2,144
2025,A,123,2,0000000001,0000007069,張誠恩,93,中繼,,0,1,1,0,5,16,10,1,0,0,0,1,0,0,2,0,0,0,0,0,0,0,1,1,0,10,149
2025,A,123,1,0000000001,0000000776,王凱程,15,中繼,,0,1,1,0,3,9,7,1,0,0,0,0,0,0,1,0,0,0,0,0,0,0,1,1,1,9,140
2025,A,123,2,0000000001,0000006949,林詩翔,14,最後一任,敗,0,0,2,0,10,33,24,3,0,2,0,0,0,0,2,0,0,1,1,0,0,0,2,2,10,1,145
2025,A,123,1,0000000001,0000002271,黃恩賜,64,中繼,勝,0,0,1,0,3,10,6,0,0,0,0,0,0,0,1,0,0,0,0,0,0,0,1,2,12,1,148
2025,A,123,1,0000000001,0000000778,蔡齊哲,50,最後一任,,1,0,1,0,4,18,12,1,0,1,0,0,0,0,1,0,0,0,0,0,0,0,1,1,1,4,140
2025,A,124,1,0000000001,0000007559,蒙德茲,21,先發,,0,0,4,0,23,101,59,9,1,4,4,4,0,1,2,0,0,0,0,0,0,0,4,1,0,0,147
2025,A,124,2,0000000001,0000006871,黃保羅,18,先發,勝,0,0,6,0,25,100,64,6,2,4,4,1,0,0,7,0,0,0,0,0,0,0,2,2,0,0,145
2025,A,124,1,0000000001,0000005482,吳承諭,57,中繼,敗,0,0,0,2,6,20,12,3,0,2,2,1,0,0,0,0,0,0,0,0,0,0,0,1,0,1,139
2025,A,124,1,0000000001,0000003393,王鏡銘,41,中繼,,0,0,1,1,4,14,11,0,0,0,0,0,0,0,0,0,0,0,0,0,0,0,0,1,0,3,139
2025,A,124,2,0000000001,0000006870,林栚呈,94,中繼,,0,0,0,0,2,10,5,1,0,0,0,1,0,0,0,0,0,0,0,0,0,0,0,1,0,0,139
2025,A,124,2,0000000001,0000000773,李吳永勤,38,中繼,,0,1,1,0,3,9,7,0,0,0,0,0,0,0,0,0,0,0,0,0,0,0,0,1,0,3,141
2025,A,124,1,0000000001,0000002695,林子崴,17,中繼,,0,0,0,2,5,18,9,1,0,2,2,2,0,0,0,0,0,0,0,0,0,0,0,0,0,3,137
2025,A,124,1,0000000001,0000002276,鄭鈞仁,60,最後一任,,0,0,1,1,6,26,13,2,0,0,0,1,0,0,0,0,0,0,0,0,0,0,0,0,0,1,147
2025,A,124,2,0000000001,0000002347,王尉永,34,中繼,,0,0,1,0,5,17,10,1,0,0,0,1,0,0,1,0,0,0,0,0,0,0,0,0,0,1,144
2025,A,124,2,0000000001,0000005592,富藍戈,87,最後一任,,0,0,1,0,5,20,14,0,0,0,0,1,0,0,1,0,0,0,0,0,0,0,2,0,1,6,148
2025,A,125,1,0000000001,0000006006,德保拉,46,先發,,0,0,6,0,22,87,61,4,0,1,1,0,0,0,4,0,0,0,0,0,0,0,5,2,0,0,147
2025,A,125,2,0000000001,0000007274,吉田一将,41,先發,,0,0,4,0,19,88,52,6,0,2,2,2,0,0,2,1,0,0,0,0,0,0,1,2,0,0,145
2025,A,125,2,0000000001,0000007067,曾奕翔,54,中繼,,0,0,1,1,4,19,12,0,0,0,0,1,0,0,1,0,0,0,0,0,0,0,0,0,0,0,143
2025,A,125,2,0000000001,0000006922,黃紹睿,56,中繼,勝,0,0,1,2,5,19,13,0,0,0,0,0,0,0,1,0,0,0,0,0,0,0,1,1,0,2,140
2025,A,125,1,0000000001,0000003639,呂彥青,58,中繼,敗,0,0,1,0,6,23,17,3,0,2,2,0,0,0,1,0,0,0,0,0,0,0,0,1,1,2,143
2025,A,125,2,0000000001,0000006767,許育銘,74,中繼,,0,1,1,0,5,23,12,1,0,0,0,1,0,0,2,0,0,0,0,0,0,0,0,0,0,4,143
2025,A,125,1,0000000001,0000007276,伍立辰,83,最後一任,,0,0,1,0,3,11,10,0,0,0,0,0,0,0,1,0,0,0,0,0,0,0,0,1,1,3,148
2025,A,125,2,0000000001,0000007069,張誠恩,93,最後一任,,1,0,1,0,3,10,6,0,0,0,0,1,0,0,1,0,0,0,0,0,0,0,1,1,1,10,148
2025,A,126,1,0000000002,0000001260,郭俊麟,75,先發,敗,0,0,2,0,13,61,37,4,1,5,5,2,0,0,2,0,0,1,0,0,0,0,0,2,0,0,145
2025,A,126,2,0000000002,0000006749,魔力藍,44,先發,勝,0,0,6,0,20,100,71,2,0,0,0,1,0,0,2,0,0,0,0,0,0,1,4,6,0,0,151
2025,A,126,1,0000000002,0000003393,王鏡銘,41,中繼,,0,0,1,0,3,8,5,0,0,0,0,0,0,0,0,0,0,0,0,0,0,0,0,2,0,6,137
2025,A,126,1,0000000002,0000006848,林詔恩,74,中繼,,0,0,2,0,7,21,15,1,0,0,0,0,0,0,1,0,0,0,0,0,0,0,2,1,0,0,145
2025,A,126,1,0000000002,0000007293,鍾允華,29,中繼,,0,0,1,2,7,27,14,1,0,0,0,1,0,0,2,0,0,0,0,0,0,0,0,0,0,1,148
2025,A,126,2,0000000002,0000000773,李吳永勤,38,中繼,,0,0,1,0,4,13,8,1,0,0,0,0,0,0,1,0,0,0,0,0,0,0,0,1,0,4,141
2025,A,126,1,0000000002,0000007292,李軍,62,最後一任,,0,0,1,1,4,18,11,0,0,0,0,0,0,0,2,0,0,0,0,0,0,0,0,0,0,1,147
2025,A,126,2,0000000002,0000000367,吳世豪,50,中繼,,0,0,1,0,6,27,18,2,0,0,0,1,0,0,1,0,0,0,0,0,0,0,0,0,0,1,147
2025,A,126,2,0000000002,0000005592,富藍戈,87,最後一任,,0,0,1,0,5,14,11,2,0,0,0,0,0,0,0,0,0,0,0,0,0,0,3,1,1,8,153
2025,A,127,1,0000000001,0000006906,艾璞樂,35,先發,,0,0,6,1,31,92,65,9,0,5,4,1,0,1,4,0,0,1,0,0,0,0,2,2,0,0,147
2025,A,127,2,0000000001,0000007062,威能帝,49,先發,,0,0,6,0,25,88,70,7,2,5,5,0,0,0,5,0,0,0,0,0,0,0,5,1,0,0,150
2025,A,127,2,0000000001,0000005558,蘇俊璋,00,中繼,,0,0,1,0,3,15,11,0,0,0,0,0,0,0,0,0,0,0,0,0,0,0,0,0,0,2,142
2025,A,127,1,0000000001,0000005552,呂偉晟,39,中繼,,0,0,0,2,2,6,4,1,0,0,0,0,0,0,0,0,0,0,0,0,0,0,1,0,0,2,137
2025,A,127,2,0000000001,0000000941,陳冠宇,17,中繼,,0,1,1,0,3,12,4,0,0,0,0,1,0,0,0,0,0,0,0,0,0,0,0,2,1,7,147
2025,A,127,1,0000000001,0000001821,林子昱,71,中繼,,0,1,1,0,4,13,9,1,0,0,0,0,0,0,1,0,0,0,0,0,0,0,3,1,0,6,141
2025,A,127,2,0000000001,0000000779,陳柏豪,9,中繼,,0,1,1,0,5,24,17,2,0,0,0,0,0,0,1,0,0,0,0,0,0,0,1,3,9,1,143
2025,A,127,1,0000000001,0000002279,吳俊杰,20,中繼,,0,1,1,0,4,20,13,1,0,0,0,0,0,0,1,0,0,0,0,0,0,0,0,0,0,1,147
2025,A,127,2,0000000001,0000000128,朱承洋,22,最後一任,勝,0,0,1,0,4,16,10,0,0,0,0,1,0,0,1,0,0,1,0,0,0,0,2,1,1,8,148
2025,A,127,1,0000000001,0000000135,陳禹勳,5,最後一任,敗,0,0,0,1,2,3,3,1,0,1,0,0,0,0,0,0,0,1,0,0,0,0,1,1,2,2,139
2025,A,128,1,0000000001,0000006891,力亞士,55,先發,勝,0,0,6,0,25,109,74,7,0,2,2,0,0,0,5,0,0,1,0,0,0,0,2,4,0,0,153
2025,A,128,2,0000000001,0000007303,黃子豪,85,先發,,0,0,4,0,20,92,51,5,0,2,2,3,0,0,4,0,0,1,1,0,0,0,0,1,0,0,146
2025,A,128,2,0000000001,0000006833,陳宇宏,17,中繼,敗,0,0,1,2,11,30,22,7,3,4,4,0,0,0,0,0,0,0,0,0,0,0,0,2,0,0,124
2025,A,128,2,0000000001,0000002348,施子謙,19,中繼,,0,0,1,1,5,16,11,1,0,0,0,0,0,0,2,0,0,0,0,0,0,0,3,0,0,1,141
2025,A,128,1,0000000001,0000002280,廖任磊,13,中繼,,0,0,0,0,3,10,7,3,0,3,2,0,0,0,0,0,0,0,0,0,0,0,0,0,0,0,141
2025,A,128,1,0000000001,0000002347,王尉永,34,中繼,,0,1,1,0,4,9,7,2,0,0,0,0,0,0,0,0,0,0,1,0,0,0,0,0,0,2,141
2025,A,128,2,0000000001,0000007067,曾奕翔,54,中繼,,0,0,0,1,2,8,7,1,0,1,1,0,0,0,0,0,0,0,0,0,0,0,0,0,0,0,142
2025,A,128,2,0000000001,0000006921,伍祐城,55,中繼,,0,0,0,0,4,16,8,3,0,2,2,0,0,1,0,0,0,0,0,0,0,0,0,0,0,3,142
2025,A,128,2,0000000001,0000006922,黃紹睿,56,最後一任,,0,0,1,2,7,30,20,1,0,0,0,1,0,0,2,0,0,0,0,0,0,0,1,1,0,2,136
2025,A,128,1,0000000001,0000002272,賴智垣,25,中繼,,0,0,1,0,3,15,8,0,0,0,0,0,0,0,1,0,0,0,0,0,0,0,0,0,0,0,139
2025,A,128,1,0000000001,0000005592,富藍戈,87,最後一任,,0,0,1,0,4,14,13,1,0,0,0,0,0,0,3,0,0,0,0,0,0,0,2,0,1,6,145
2025,A,129,1,0000000001,0000002274,黃子鵬,69,先發,敗,0,0,5,0,26,91,63,11,0,6,6,0,0,0,4,0,0,1,0,0,0,0,3,2,0,0,131
2025,A,129,2,0000000001,0000005731,布雷克,50,先發,勝,0,0,5,0,22,98,68,6,0,3,3,1,0,0,8,0,0,0,0,0,0,0,3,4,0,0,143
2025,A,129,2,0000000001,0000003393,王鏡銘,41,中繼,,0,1,1,0,3,14,9,0,0,0,0,0,0,0,2,0,0,0,0,0,0,0,0,1,0,4,141
2025,A,129,1,0000000001,0000006228,王志煊,64,中繼,,0,0,1,0,4,10,8,1,0,1,1,0,0,0,0,0,0,0,0,0,0,0,0,1,0,7,133
2025,A,129,2,0000000001,0000006818,髙塩將樹,28,中繼,,0,1,2,0,8,26,17,2,0,0,0,0,0,0,1,0,0,0,0,0,0,0,2,1,1,6,143
2025,A,129,1,0000000001,0000006720,邱駿威,46,中繼,,0,0,1,0,4,13,7,1,1,1,1,0,0,0,0,0,0,0,0,0,0,0,0,0,0,1,146
2025,A,129,1,0000000001,0000007073,賴胤豪,63,最後一任,,0,0,1,0,4,12,7,1,0,0,0,0,0,0,0,0,0,0,0,0,0,0,0,0,0,0,151
2025,A,129,2,0000000001,0000001260,郭俊麟,75,最後一任,,0,0,1,0,3,11,8,0,0,0,0,0,0,0,1,0,0,0,0,0,0,0,0,1,0,0,146
2025,A,130,1,0000000001,0000007554,龍聖,33,先發,,0,0,6,0,26,90,61,6,0,3,2,2,0,1,4,0,0,0,0,0,0,0,2,1,0,0,145
2025,A,130,2,0000000001,0000007558,黃博多,37,先發,,0,0,5,0,22,94,53,3,0,1,1,4,0,1,5,1,0,0,0,0,0,0,5,2,0,0,150
2025,A,130,2,0000000001,0000007276,伍立辰,83,中繼,,0,0,0,2,5,18,10,2,2,2,2,1,0,0,0,0,0,0,0,0,0,0,0,1,1,3,145
2025,A,130,2,0000000001,0000000778,蔡齊哲,50,中繼,,0,0,0,1,1,3,2,0,0,0,0,0,0,0,0,0,0,0,0,0,0,0,1,1,1,4,133
2025,A,130,2,0000000001,0000007283,陳冠穎,81,中繼,勝,0,0,1,0,5,16,12,2,0,0,0,0,0,0,1,0,0,0,0,0,0,0,3,0,0,9,145
2025,A,130,1,0000000001,0000005552,呂偉晟,39,中繼,敗,0,0,0,1,3,18,8,0,0,2,2,2,0,0,0,0,0,0,0,0,0,0,1,1,0,2,146
2025,A,130,1,0000000001,0000001821,林子昱,71,中繼,,0,0,0,2,4,15,9,2,1,1,1,0,0,0,1,0,0,0,0,0,0,0,3,1,0,6,145
2025,A,130,2,0000000001,0000000776,王凱程,15,中繼,,0,1,1,0,4,17,13,1,1,1,1,0,0,0,0,0,0,0,0,0,0,0,1,1,1,10,141
2025,A,130,1,0000000001,0000006160,李超,0,最後一任,,0,0,1,0,3,9,8,0,0,0,0,0,0,0,0,0,0,0,0,0,0,0,1,0,0,1,148
2025,A,130,2,0000000001,0000002271,黃恩賜,64,最後一任,,1,0,1,0,5,16,9,1,0,0,0,1,0,0,2,1,0,0,0,0,0,0,1,2,13,1,144
2025,A,131,1,0000000001,0000006739,李東洺,66,先發,敗,0,0,3,1,23,90,61,11,0,5,5,1,0,0,3,0,0,0,0,0,0,0,1,3,0,0,148
2025,A,131,2,0000000001,0000006507,後勁,40,先發,勝,0,0,6,0,23,94,58,3,0,0,0,3,0,1,3,0,0,0,0,0,0,0,6,0,0,0,147
2025,A,131,1,0000000001,0000000938,張瑞麟,72,中繼,,0,0,0,2,3,13,6,0,0,0,0,1,0,0,1,1,0,0,0,0,0,0,0,0,0,1,142
2025,A,131,1,0000000001,0000007295,陳鐿中,75,中繼,,0,0,0,1,7,31,16,4,0,5,5,2,0,0,0,0,0,0,0,0,0,0,0,0,0,0,147
2025,A,131,1,0000000001,0000006870,林栚呈,94,中繼,,0,0,1,2,7,21,15,2,0,0,0,0,0,0,1,0,0,0,0,0,0,0,0,1,0,0,143
2025,A,131,2,0000000001,0000007067,曾奕翔,54,中繼,,0,0,1,0,4,17,9,0,0,0,0,1,0,0,1,0,0,0,0,0,0,0,0,0,0,0,140
2025,A,131,1,0000000001,0000000368,游霆崴,80,中繼,,0,0,1,0,10,37,22,6,0,4,4,2,0,0,0,0,0,0,0,0,0,0,0,0,0,0,138
2025,A,131,2,0000000001,0000006767,許育銘,74,中繼,,0,0,1,0,3,15,10,0,0,0,0,0,0,0,2,0,0,0,0,0,0,0,0,0,0,4,144
2025,A,131,1,0000000001,0000000773,李吳永勤,38,最後一任,,0,0,1,0,3,8,6,1,0,0,0,0,0,0,0,0,0,0,0,0,0,0,0,1,0,3,140
2025,A,131,2,0000000001,0000006982,黃群,46,最後一任,,0,0,1,0,4,10,7,1,0,0,0,0,0,0,0,0,0,0,0,0,0,0,0,0,0,4,140
2025,A,132,1,0000000001,0000007264,魔神樂,21,先發,勝,0,0,7,0,24,88,61,2,0,0,0,2,0,0,5,0,0,0,0,0,0,1,5,2,0,0,144
2025,A,132,2,0000000001,0000007560,飛力獅,93,先發,敗,0,0,4,0,16,62,37,4,0,2,2,1,0,0,1,0,0,0,0,0,0,0,3,1,0,0,146
2025,A,132,2,0000000001,0000001719,胡智爲,58,中繼,,0,0,3,0,12,50,32,3,0,1,1,0,0,0,1,0,0,0,0,0,0,0,0,2,1,2,146
2025,A,132,2,0000000001,0000002303,黃竣彥,40,中繼,,0,0,1,0,5,13,8,2,0,1,0,0,0,0,0,0,0,0,0,0,0,0,1,1,0,3,143
2025,A,132,1,0000000001,0000000128,朱承洋,22,中繼,,0,0,1,0,6,25,15,3,0,1,1,0,0,0,1,0,0,0,0,0,0,0,2,1,1,8,148
2025,A,132,2,0000000001,0000002276,鄭鈞仁,60,最後一任,,0,0,1,0,4,14,5,1,0,1,1,1,0,0,0,0,0,1,0,0,0,0,0,0,0,1,146
2025,A,132,1,0000000001,0000000941,陳冠宇,17,最後一任,,0,0,1,0,4,19,14,1,0,0,0,0,0,0,2,0,0,0,0,0,0,0,0,2,1,7,148
2025,A,133,1,0000000001,0000006497,鋼龍,37,先發,,0,0,4,2,28,106,60,8,1,6,6,5,0,2,4,1,0,0,0,0,0,0,4,1,0,0,151
2025,A,133,2,0000000001,0000005572,魏碩成,14,先發,,0,0,5,0,22,86,54,6,0,4,4,2,0,0,3,0,0,1,0,0,0,0,0,0,0,0,143
2025,A,133,1,0000000001,0000005541,郭郁政,17,中繼,,0,0,0,1,5,20,15,3,0,3,3,1,0,0,0,0,0,0,0,0,0,0,0,1,0,1,143
2025,A,133,2,0000000001,0000003506,謝榮豪,79,中繼,,0,1,1,0,4,16,11,1,1,1,1,0,0,0,0,0,0,0,0,0,0,0,1,0,0,1,145
2025,A,133,1,0000000001,0000002279,吳俊杰,20,中繼,,0,0,1,0,3,13,8,0,0,0,0,0,0,0,0,0,0,0,2,0,0,0,0,0,0,1,147
2025,A,133,2,0000000001,0000007283,陳冠穎,81,中繼,,0,0,0,2,7,21,18,4,1,4,4,0,0,1,1,0,0,0,0,0,0,0,3,0,0,9,147
2025,A,133,2,0000000001,0000000776,王凱程,15,中繼,,0,0,0,1,3,16,7,1,0,0,0,1,0,0,0,0,0,0,0,0,0,0,1,1,1,10,148
2025,A,133,1,0000000001,0000001603,王維中,16,中繼,,0,1,2,0,8,21,18,3,0,0,0,0,0,0,1,0,0,0,0,0,0,0,1,1,0,1,146
2025,A,133,2,0000000001,0000003639,呂彥青,58,中繼,,0,1,1,0,4,14,9,1,0,0,0,0,0,0,1,0,0,0,0,0,0,0,0,1,1,3,144
2025,A,133,2,0000000001,0000002271,黃恩賜,64,中繼,,0,1,1,0,5,13,8,2,0,0,0,0,0,0,0,0,0,0,0,0,0,0,1,2,13,2,147
2025,A,133,1,0000000001,0000005555,陳冠偉,59,中繼,,0,1,1,0,3,13,5,0,0,0,0,1,0,0,0,0,0,0,0,0,0,0,1,2,7,2,143
2025,A,133,2,0000000001,0000000778,蔡齊哲,50,中繼,,0,0,1,0,4,10,7,0,0,1,0,0,0,0,0,0,0,1,1,0,0,0,1,1,1,4,138
2025,A,133,1,0000000001,0000000135,陳禹勳,5,中繼,勝,0,0,1,0,4,13,9,1,0,1,0,0,0,0,1,0,0,0,0,0,0,0,2,1,2,2,146
2025,A,133,2,0000000001,0000003334,鄭凱文,19,最後一任,敗,0,0,1,0,7,23,13,4,0,4,3,0,0,0,1,1,0,0,0,0,0,0,2,3,0,0,145
2025,A,133,1,0000000001,0000006160,李超,0,最後一任,,0,0,1,0,4,12,6,1,0,0,0,0,0,0,1,0,0,0,0,0,0,0,1,0,0,1,144
2025,A,134,1,0000000001,0000006749,魔力藍,44,先發,敗,0,0,4,0,19,92,58,4,1,3,1,3,0,0,4,1,0,0,1,0,0,0,2,5,0,0,148
2025,A,134,2,0000000001,0000007053,艾速特,30,先發,,0,0,2,2,13,63,44,5,0,1,1,0,0,0,3,0,0,1,0,0,0,0,3,3,0,0,149
2025,A,134,2,0000000001,0000006922,黃紹睿,56,中繼,勝,0,0,2,1,10,29,17,3,0,1,1,1,0,0,1,0,0,1,0,0,0,0,2,1,0,2,142
2025,A,134,1,0000000001,0000002272,賴智垣,25,中繼,,0,0,2,0,9,19,14,3,1,1,1,0,0,0,1,0,0,0,0,0,0,0,0,0,0,0,148
2025,A,134,2,0000000001,0000006982,黃群,46,中繼,,0,1,0,2,5,24,17,3,0,1,1,0,0,0,1,0,0,0,0,0,0,0,0,0,0,5,142
2025,A,134,2,0000000001,0000006767,許育銘,74,中繼,,0,1,1,1,4,16,9,1,0,0,0,0,0,0,0,0,0,0,0,0,0,0,0,0,0,5,144
2025,A,134,1,0000000001,0000000773,李吳永勤,38,中繼,,0,0,1,0,5,19,12,1,0,1,1,0,0,1,2,0,0,0,0,0,0,0,0,1,0,3,141
2025,A,134,2,0000000001,0000007069,張誠恩,93,最後一任,,1,0,2,0,9,41,26,2,1,1,1,1,0,0,2,0,0,0,0,0,0,0,1,1,2,10,148
2025,A,134,1,0000000001,0000000367,吳世豪,50,最後一任,,0,0,1,0,4,10,8,1,0,0,0,0,0,0,0,0,0,1,0,0,0,0,0,0,0,0,145
2025,A,135,1,0000000001,0000007556,波賽樂,88,先發,敗,0,0,6,0,28,100,66,7,2,4,4,2,0,0,4,0,0,1,0,0,0,0,1,4,0,0,146
2025,A,135,2,0000000001,0000006555,梅賽斯,42,先發,勝,0,0,6,0,23,93,65,4,0,0,0,1,0,0,3,0,0,0,0,0,0,1,4,2,0,0,144
2025,A,135,2,0000000001,0000003393,王鏡銘,41,中繼,,0,0,1,0,3,11,8,0,0,0,0,0,0,0,0,0,0,0,0,0,0,0,0,1,0,4,140
2025,A,135,1,0000000001,0000005509,莊昕諺,77,中繼,,0,0,1,0,3,9,6,0,0,0,0,0,0,0,0,0,0,0,0,0,0,0,1,1,0,5,148
2025,A,135,2,0000000001,0000006818,髙塩將樹,28,中繼,,0,0,1,0,4,18,15,1,0,0,0,0,0,0,1,0,0,0,0,0,0,0,2,1,1,6,148
2025,A,135,1,0000000001,0000005372,呂詠臻,48,最後一任,,0,0,1,0,6,24,15,0,0,1,0,1,0,0,1,1,0,0,1,0,0,0,1,0,0,8,151
2025,A,135,2,0000000001,0000002688,陳韻文,12,最後一任,,0,0,1,0,5,17,14,2,0,0,0,0,0,0,2,0,0,0,0,0,0,0,3,0,8,2,149
2025,A,136,1,0000000001,0000005543,徐若熙,18,先發,敗,0,0,5,1,22,90,65,4,2,5,5,1,0,1,10,0,0,0,0,0,0,0,1,3,0,0,156
2025,A,136,2,0000000001,0000005151,羅戈,32,先發,勝,0,0,7,0,25,85,58,3,0,0,0,1,0,0,8,0,0,0,0,0,0,0,3,3,0,0,149
2025,A,136,1,0000000001,0000005552,呂偉晟,39,中繼,,0,0,0,2,2,10,6,0,0,0,0,0,0,0,1,0,0,0,0,0,0,0,1,1,0,2,146
2025,A,136,1,0000000001,0000005278,李承風,96,中繼,,0,0,0,1,7,27,16,3,0,6,5,2,0,0,0,0,0,0,0,0,0,0,0,0,0,0,146
2025,A,136,1,0000000001,0000005541,郭郁政,17,最後一任,,0,0,1,2,7,27,18,2,1,1,1,0,0,0,0,0,0,0,0,0,0,0,0,1,0,1,144
2025,A,136,2,0000000001,0000006875,陳柏均,56,中繼,,0,0,1,0,4,15,6,0,0,0,0,1,0,0,0,1,0,0,0,0,0,0,0,0,0,0,143
2025,A,136,2,0000000001,0000001005,彭識穎,21,最後一任,,0,0,1,0,8,19,13,5,2,4,4,0,0,0,0,0,0,0,0,0,0,0,0,0,0,0,140
2025,A,137,1,0000000001,0000006871,黃保羅,18,先發,敗,0,0,5,1,25,95,60,8,0,5,5,2,0,0,2,0,1,0,0,0,0,0,2,3,0,0,143
2025,A,137,2,0000000001,0000000762,伍鐸,52,先發,勝,0,0,6,0,25,79,58,7,0,0,0,0,0,1,2,0,0,0,0,0,0,0,3,3,0,0,144
2025,A,137,1,0000000001,0000004628,歐書誠,57,中繼,,0,0,0,2,4,20,11,0,0,0,0,1,0,1,0,0,0,0,0,0,0,0,0,0,0,0,134
2025,A,137,2,0000000001,0000001603,王維中,16,中繼,,0,0,1,0,3,10,7,0,0,0,0,0,0,0,0,0,0,0,0,0,0,0,1,1,0,1,132
2025,A,137,1,0000000001,0000005292,岳少華,48,中繼,,0,0,1,0,3,17,12,0,0,0,0,0,0,0,1,0,0,0,0,0,0,0,0,0,0,0,141
2025,A,137,2,0000000001,0000002279,吳俊杰,20,中繼,,0,0,1,0,5,17,11,1,0,0,0,1,0,0,1,0,0,0,0,0,0,0,0,0,0,1,133
2025,A,137,1,0000000001,0000006870,林栚呈,94,最後一任,,0,0,1,0,3,12,9,0,0,0,0,0,0,0,2,0,0,0,0,0,0,0,0,1,0,0,141
2025,A,137,2,0000000001,0000005555,陳冠偉,59,最後一任,,0,0,1,0,4,19,13,1,0,0,0,0,0,0,0,0,0,0,0,0,0,0,1,2,7,2,141
2025,A,138,1,0000000002,0000005151,羅戈,32,先發,勝,0,0,6,1,25,102,62,6,0,1,1,1,0,0,7,0,0,0,0,0,0,1,6,3,0,0,150
2025,A,138,2,0000000002,0000007264,魔神樂,21,先發,敗,0,0,7,0,29,103,75,5,1,2,2,2,0,0,6,0,0,1,0,0,0,0,7,4,0,0,148
2025,A,138,1,0000000002,0000000778,蔡齊哲,50,中繼,,0,1,0,2,2,6,4,0,0,0,0,0,0,0,1,0,0,0,0,0,0,0,2,1,2,5,141
2025,A,138,2,0000000002,0000000779,陳柏豪,9,中繼,,0,0,1,0,3,11,7,0,0,0,0,0,0,0,0,0,0,0,0,0,0,0,1,3,11,1,146
2025,A,138,1,0000000002,0000000776,王凱程,15,中繼,,0,1,1,0,4,17,10,1,0,0,0,0,0,0,0,0,0,0,0,0,0,0,2,2,1,11,139
2025,A,138,2,0000000002,0000001524,劉昱言,13,中繼,,0,0,0,1,2,4,4,1,0,0,0,0,0,0,0,0,0,1,0,0,0,0,0,0,0,0,141
2025,A,138,2,0000000002,0000005558,蘇俊璋,00,最後一任,,0,0,0,2,2,7,5,0,0,0,0,0,0,0,1,0,0,0,0,0,0,0,0,0,0,3,141
2025,A,138,1,0000000002,0000002271,黃恩賜,64,最後一任,,1,0,1,0,4,15,10,2,0,0,0,0,0,0,0,0,0,0,0,0,0,0,1,2,17,4,141
2025,A,139,1,0000000002,0000006871,黃保羅,18,先發,勝,0,0,8,0,30,105,62,3,0,0,0,4,0,0,1,0,0,1,0,0,0,1,3,5,0,0,146
2025,A,139,2,0000000002,0000005543,徐若熙,18,先發,,0,0,5,0,18,72,46,2,0,0,0,3,0,0,6,0,0,0,0,0,0,0,1,5,0,0,151
2025,A,139,2,0000000002,0000005541,郭郁政,17,中繼,敗,0,0,0,2,7,26,17,3,0,5,5,2,0,0,1,0,0,1,0,0,0,0,0,2,0,1,145
2025,A,139,2,0000000002,0000006160,李超,0,中繼,,0,0,0,1,3,5,5,2,0,0,0,0,0,0,0,0,0,0,0,0,0,0,1,0,0,1,148
2025,A,139,2,0000000002,0000002278,王定穎,90,中繼,,0,0,1,0,4,16,12,1,0,0,0,0,0,0,0,0,0,0,0,0,0,0,0,1,0,0,144
2025,A,139,2,0000000002,0000006215,趙璟榮,42,中繼,,0,0,1,0,5,12,7,1,0,0,0,1,0,0,0,0,0,0,0,0,0,0,0,0,0,0,143
2025,A,139,2,0000000002,0000007055,張景淯,51,最後一任,,0,0,1,0,4,17,7,0,0,0,0,2,0,0,1,0,0,0,0,0,0,0,0,0,0,0,137
2025,A,139,1,0000000002,0000003292,賴鴻誠,32,最後一任,,0,0,1,0,3,12,7,0,0,0,0,0,0,0,1,0,0,0,0,0,0,0,1,0,0,2,143
2025,A,141,1,0000000002,0000007547,石萬金,32,先發,敗,0,0,1,2,16,49,35,9,1,8,6,1,0,0,3,1,0,1,0,0,0,0,4,5,0,0,146
2025,A,141,2,0000000002,0000007560,飛力獅,93,先發,勝,0,0,6,0,25,87,53,8,0,3,3,1,0,0,4,0,0,0,0,0,0,0,6,1,0,0,146
2025,A,141,1,0000000002,0000007303,黃子豪,85,中繼,,0,0,1,1,10,43,22,4,0,4,4,3,0,0,1,0,0,0,0,0,0,0,2,1,0,1,148
2025,A,141,1,0000000002,0000000777,楊達翔,99,最後一任,,0,0,5,0,22,83,44,1,0,0,0,5,0,1,4,1,0,0,0,0,0,0,0,0,0,0,146
2025,A,141,2,0000000002,0000001719,胡智爲,58,中繼,,0,0,1,0,7,36,22,2,0,2,2,1,0,1,1,0,0,0,0,0,0,0,1,3,1,3,148
2025,A,141,2,0000000002,0000003393,王鏡銘,41,中繼,,0,0,1,0,5,20,10,1,0,0,0,1,0,0,0,0,0,0,0,0,0,0,0,2,0,6,138
2025,A,141,2,0000000002,0000005482,吳承諭,57,最後一任,,0,0,1,0,5,21,12,0,0,0,0,1,0,0,1,0,0,0,0,0,0,0,0,1,0,1,140
2025,A,142,1,0000000001,0000005731,布雷克,50,先發,勝,0,0,7,0,22,99,68,2,1,1,1,0,0,0,1,0,0,0,0,0,0,0,4,4,0,0,143
2025,A,142,2,0000000001,0000006906,艾璞樂,35,先發,敗,0,0,6,0,28,88,57,7,3,6,6,3,0,0,4,0,0,0,0,0,0,0,2,3,0,0,149
2025,A,142,2,0000000001,0000001404,羅華韋,68,中繼,,0,0,0,2,5,17,12,3,0,1,1,0,0,0,0,0,0,0,0,0,0,0,0,0,0,0,139
2025,A,142,2,0000000001,0000006160,李超,0,中繼,,0,0,0,1,1,2,1,0,0,0,0,0,0,0,0,0,0,0,0,0,0,0,1,0,0,1,144
2025,A,142,2,0000000001,0000005541,郭郁政,17,中繼,,0,0,1,0,3,12,7,0,0,0,0,0,0,0,0,0,0,0,0,0,0,0,0,1,0,1,147
2025,A,142,1,0000000001,0000001260,郭俊麟,75,中繼,,0,0,1,0,6,20,12,2,1,1,1,1,0,0,1,0,0,0,0,0,0,0,0,1,0,0,148
2025,A,142,2,0000000001,0000000135,陳禹勳,5,最後一任,,0,0,1,0,3,14,8,0,0,0,0,0,0,0,0,0,0,0,0,0,0,0,2,1,2,2,145
2025,A,142,1,0000000001,0000006818,髙塩將樹,28,最後一任,,0,0,1,0,5,22,13,2,1,2,2,0,0,0,1,0,0,0,0,0,0,0,2,1,1,6,144
2025,A,143,1,0000000001,0000007558,黃博多,37,先發,勝,0,0,6,0,23,102,68,5,0,1,1,1,0,0,7,0,0,0,0,0,0,1,6,2,0,0,150
2025,A,143,2,0000000001,0000006891,力亞士,55,先發,敗,0,0,4,0,25,94,62,9,0,10,6,2,0,2,4,0,1,0,1,0,0,0,2,5,0,0,153
2025,A,143,2,0000000001,0000006870,林栚呈,94,中繼,,0,0,1,0,4,17,11,1,0,0,0,0,0,0,1,0,0,0,0,0,0,0,0,1,0,0,140
2025,A,143,2,0000000001,0000000368,游霆崴,80,中繼,,0,0,3,0,12,46,27,4,1,1,1,0,0,0,2,0,0,0,0,0,0,0,0,0,0,0,138
2025,A,143,1,0000000001,0000007283,陳冠穎,81,中繼,,0,0,1,0,3,9,5,0,0,0,0,0,0,0,0,0,0,0,0,0,0,0,3,0,0,9,143
2025,A,143,1,0000000001,0000006875,陳柏均,56,中繼,,0,0,1,0,6,20,14,2,0,1,1,0,0,1,1,0,0,0,1,0,0,0,0,0,0,0,143
2025,A,143,2,0000000001,0000004628,歐書誠,57,最後一任,,0,0,1,0,3,16,10,0,0,0,0,0,0,0,2,0,0,0,0,0,0,0,0,0,0,0,141
2025,A,143,1,0000000001,0000001005,彭識穎,21,最後一任,,0,0,1,0,5,19,15,2,0,1,1,0,0,0,1,0,0,0,0,0,0,0,0,0,0,0,142
2025,A,144,1,0000000001,0000007274,吉田一将,41,先發,敗,0,0,5,0,23,81,52,8,0,4,4,0,0,0,4,1,0,0,0,0,0,0,1,3,0,0,146
2025,A,144,2,0000000001,0000007264,魔神樂,21,先發,勝,0,0,7,0,24,91,65,3,1,1,1,0,0,0,5,0,0,0,0,0,0,1,6,2,0,0,146
2025,A,144,1,0000000001,0000007303,黃子豪,85,中繼,,0,0,2,0,8,41,26,1,0,1,0,1,0,0,1,0,0,0,0,0,0,0,0,1,0,0,147
2025,A,144,2,0000000001,0000005372,呂詠臻,48,中繼,,0,0,1,0,3,12,8,0,0,0,0,0,0,0,0,0,0,0,0,0,0,0,1,0,0,9,147
2025,A,144,1,0000000001,0000007067,曾奕翔,54,最後一任,,0,0,1,0,6,26,16,2,0,2,2,1,0,0,1,0,0,0,0,0,0,0,0,0,0,0,143
2025,A,144,2,0000000001,0000005558,蘇俊璋,00,最後一任,,0,0,1,0,3,15,8,0,0,0,0,0,0,0,0,0,0,0,0,0,0,0,0,0,0,2,143
2025,A,145,1,0000000001,0000007560,飛力獅,93,先發,勝,0,0,7,0,23,84,52,2,0,0,0,2,0,0,3,0,0,0,0,0,0,1,4,1,0,0,148
2025,A,145,2,0000000001,0000007554,龍聖,33,先發,敗,0,0,5,0,22,91,54,7,1,3,3,1,0,0,4,0,0,0,0,0,0,0,2,2,0,0,144
2025,A,145,2,0000000001,0000005552,呂偉晟,39,中繼,,0,0,1,0,4,14,8,0,0,0,0,1,0,0,0,0,0,0,0,0,0,0,1,1,0,2,144
2025,A,145,2,0000000001,0000001821,林子昱,71,中繼,,0,0,1,0,5,19,12,0,0,0,0,0,0,1,1,1,0,0,0,0,0,0,3,1,0,6,144
2025,A,145,2,0000000001,0000002279,吳俊杰,20,中繼,,0,0,1,0,4,5,5,1,0,0,0,0,0,0,0,0,0,0,0,0,0,0,0,0,0,1,149
2025,A,145,1,0000000001,0000003393,王鏡銘,41,中繼,,0,0,0,2,4,8,6,1,0,2,0,0,0,0,0,0,0,0,0,0,0,0,0,1,0,4,140
2025,A,145,1,0000000001,0000002688,陳韻文,12,最後一任,,1,0,1,1,6,28,16,1,0,0,0,1,0,0,2,0,0,0,0,0,0,0,3,0,9,2,150
2025,A,145,2,0000000001,0000005555,陳冠偉,59,最後一任,,0,0,1,0,3,8,5,0,0,0,0,0,0,0,0,0,0,0,0,0,0,0,1,2,7,2,141
2025,A,146,1,0000000001,0000002345,鄭浩均,33,先發,勝,0,0,5,0,18,69,43,1,0,1,1,3,0,0,4,0,0,0,1,0,0,0,1,0,0,0,153
2025,A,146,2,0000000001,0000000363,陳仕朋,81,先發,敗,0,0,2,0,15,70,42,7,3,8,8,2,0,0,0,0,0,0,0,0,0,0,0,1,0,0,139
2025,A,146,2,0000000001,0000002272,賴智垣,25,中繼,,0,0,1,0,9,41,21,3,1,3,2,3,0,0,1,0,0,0,0,0,0,0,0,0,0,0,147
2025,A,146,2,0000000001,0000006870,林栚呈,94,中繼,,0,0,1,2,8,24,17,1,0,1,1,1,0,0,0,0,0,0,0,0,0,0,0,1,0,0,140
2025,A,146,2,0000000001,0000005292,岳少華,48,中繼,,0,0,1,1,5,8,6,1,0,0,0,0,0,0,0,0,0,0,0,0,0,0,0,0,0,0,141
2025,A,146,1,0000000001,0000003334,鄭凱文,19,最後一任,,1,0,4,0,17,51,37,4,0,1,1,0,0,1,5,0,0,0,0,0,0,0,2,3,1,0,140
2025,A,146,2,0000000001,0000000773,李吳永勤,38,中繼,,0,0,1,0,4,14,7,0,0,0,0,0,0,1,0,1,0,0,0,0,0,0,0,1,0,3,141
2025,A,146,2,0000000001,0000000367,吳世豪,50,中繼,,0,0,1,0,4,16,7,0,0,0,0,1,0,0,0,0,0,0,0,0,0,0,0,0,0,0,147
2025,A,146,2,0000000001,0000005592,富藍戈,87,最後一任,,0,0,1,0,3,13,8,0,0,0,0,0,0,0,2,0,0,0,0,0,0,0,2,0,1,6,155
2025,A,147,1,0000000001,0000007053,艾速特,30,先發,,0,0,6,1,26,106,71,8,2,5,5,2,0,0,5,0,0,0,0,0,0,0,3,3,0,0,148
2025,A,147,2,0000000001,0000002274,黃子鵬,69,先發,,0,0,6,0,27,86,60,9,1,3,3,1,0,0,3,0,0,1,1,0,0,0,3,2,0,0,133
2025,A,147,2,0000000001,0000005509,莊昕諺,77,中繼,,0,0,1,0,3,4,4,1,0,0,0,0,0,0,0,0,0,0,0,0,0,0,1,1,0,5,146
2025,A,147,1,0000000001,0000006767,許育銘,74,中繼,,0,0,0,2,2,9,6,0,0,0,0,0,0,0,0,0,0,0,0,0,0,0,0,0,0,5,142
2025,A,147,2,0000000001,0000006228,王志煊,64,中繼,,0,1,0,1,1,2,2,0,0,0,0,0,0,0,0,0,0,0,0,0,0,0,0,1,0,8,118
2025,A,147,2,0000000001,0000000128,朱承洋,22,中繼,,0,1,0,2,2,6,5,0,0,0,0,0,0,0,1,0,0,0,0,0,0,0,2,1,1,9,147
2025,A,147,1,0000000001,0000006922,黃紹睿,56,中繼,,0,0,1,0,3,9,6,0,0,0,0,0,0,0,0,0,0,0,0,0,0,0,2,1,0,2,145
2025,A,147,2,0000000001,0000000779,陳柏豪,9,中繼,,0,0,0,1,6,24,12,3,0,2,2,2,0,0,0,0,0,0,0,0,0,0,1,3,9,1,148
2025,A,147,2,0000000001,0000000941,陳冠宇,17,最後一任,勝,0,0,1,2,5,20,16,0,0,1,0,0,0,0,0,0,0,0,1,0,0,0,1,2,1,7,151
2025,A,147,1,0000000001,0000006949,林詩翔,14,中繼,,0,1,1,0,3,17,10,0,0,0,0,0,0,0,3,0,0,0,0,0,0,0,2,2,10,2,149
2025,A,147,1,0000000001,0000007069,張誠恩,93,最後一任,敗,0,0,0,2,4,10,6,2,0,2,1,0,0,0,0,0,0,1,0,0,0,0,1,2,2,10,149
2025,A,148,1,0000000001,0000006555,梅賽斯,42,先發,,0,0,6,0,27,98,63,8,0,2,2,2,0,0,2,0,0,1,0,0,0,0,4,2,0,0,146
2025,A,148,2,0000000001,0000006497,鋼龍,37,先發,,0,0,7,0,27,94,66,4,0,2,2,2,0,0,4,0,0,0,0,0,0,0,4,1,0,0,145
2025,A,148,1,0000000001,0000001719,胡智爲,58,中繼,勝,0,0,1,0,6,21,13,2,0,1,1,1,0,0,1,0,0,0,0,0,0,0,1,2,1,2,148
2025,A,148,2,0000000001,0000001603,王維中,16,中繼,敗,0,0,0,1,6,17,13,5,0,4,4,0,0,0,0,0,0,0,0,0,0,0,1,2,0,1,143
2025,A,148,2,0000000001,0000006160,李超,0,中繼,,0,0,0,2,2,10,7,0,0,0,0,0,0,1,0,0,0,0,0,0,0,0,1,0,0,1,146
2025,A,148,1,0000000001,0000006818,髙塩將樹,28,最後一任,,1,0,2,0,9,34,24,3,0,1,1,0,0,0,1,0,0,0,0,0,0,0,2,1,2,6,146
2025,A,148,2,0000000001,0000005541,郭郁政,17,最後一任,,0,0,1,0,5,12,9,2,0,0,0,0,0,0,1,0,0,0,0,0,0,0,0,1,0,1,147
2025,A,149,1,0000000001,0000005151,羅戈,32,先發,勝,0,0,6,0,25,97,64,5,0,2,1,2,0,0,12,1,1,0,0,0,0,1,4,3,0,0,150
2025,A,149,2,0000000001,0000006749,魔力藍,44,先發,敗,0,0,4,2,25,90,49,9,0,7,6,4,0,0,1,0,0,0,1,0,0,0,2,6,0,0,149
2025,A,149,2,0000000001,0000005292,岳少華,48,中繼,,0,0,0,1,3,9,5,0,0,0,0,1,0,0,0,0,0,0,0,0,0,0,0,0,0,0,144
2025,A,149,2,0000000001,0000005790,張奕,19,中繼,,0,0,2,0,8,31,18,3,0,0,0,0,0,0,1,0,0,0,0,0,0,0,1,6,0,0,149
2025,A,149,1,0000000001,0000000778,蔡齊哲,50,中繼,,0,0,1,0,5,18,13,3,0,0,0,0,0,0,0,0,0,0,0,0,0,0,1,1,1,4,143
2025,A,149,2,0000000001,0000005284,藍愷青,21,中繼,,0,0,1,0,4,14,9,1,0,0,0,0,0,0,0,0,0,0,0,0,0,0,0,0,0,0,131
2025,A,149,1,0000000001,0000000776,王凱程,15,中繼,,0,0,1,0,4,10,8,1,0,0,0,0,0,0,0,0,0,0,0,0,0,0,1,1,1,10,142
2025,A,149,2,0000000001,0000004628,歐書誠,57,最後一任,,0,0,1,0,6,19,11,3,0,1,1,0,0,0,0,0,0,0,0,0,0,0,0,0,0,0,139
2025,A,149,1,0000000001,0000002271,黃恩賜,64,最後一任,,0,0,1,0,6,19,11,2,0,1,1,1,0,0,0,0,0,0,0,0,0,0,1,2,13,2,144
2025,A,150,1,0000000001,0000007547,石萬金,32,先發,勝,0,0,6,0,24,97,64,6,0,0,0,1,0,0,3,0,0,0,0,0,0,1,4,3,0,0,147
2025,A,150,2,0000000001,0000007556,波賽樂,88,先發,敗,0,0,4,1,24,100,61,8,1,7,7,4,0,0,1,1,0,0,0,0,0,0,1,5,0,0,149
2025,A,150,2,0000000001,0000005558,蘇俊璋,00,中繼,,0,0,0,2,4,21,13,1,0,0,0,1,0,0,0,0,0,0,1,0,0,0,0,0,0,2,143
2025,A,150,2,0000000001,0000006720,邱駿威,46,中繼,,0,0,2,0,7,31,19,0,0,0,0,1,0,0,1,0,0,0,0,0,0,0,0,0,0,1,146
2025,A,150,1,0000000001,0000006922,黃紹睿,56,中繼,,0,0,0,2,7,25,13,3,1,4,4,2,0,0,1,0,0,0,0,0,0,0,2,1,0,2,141
2025,A,150,1,0000000001,0000006767,許育銘,74,中繼,,0,1,0,1,1,6,3,0,0,0,0,0,0,0,0,0,0,0,0,0,0,0,0,0,0,6,143
2025,A,150,2,0000000001,0000006228,王志煊,64,中繼,,0,0,1,0,3,19,10,0,0,0,0,0,0,0,1,0,0,0,0,0,0,0,0,1,0,8,136
2025,A,150,1,0000000001,0000007069,張誠恩,93,中繼,,0,1,1,0,4,10,7,1,0,0,0,0,0,0,0,0,0,0,0,0,0,0,1,2,2,11,148
2025,A,150,2,0000000001,0000007073,賴胤豪,63,最後一任,,0,0,1,0,4,13,8,1,0,0,0,0,0,0,0,0,0,0,0,0,0,0,0,0,0,0,151
2025,A,150,1,0000000001,0000006949,林詩翔,14,最後一任,,1,0,1,0,4,17,10,1,0,0,0,0,0,0,1,0,0,0,0,0,0,0,2,2,11,2,146
2025,A,151,1,0000000001,0000006507,後勁,40,先發,,0,0,5,1,27,101,57,9,0,7,7,2,0,2,1,2,0,1,0,0,0,0,6,0,0,0,150
2025,A,151,2,0000000001,0000006874,盧孟揚,71,先發,,0,0,2,0,15,55,28,7,0,5,5,4,0,0,1,0,0,0,0,0,0,0,0,0,0,0,146
2025,A,151,2,0000000001,0000003506,謝榮豪,79,中繼,,0,0,1,0,4,17,8,0,0,0,0,1,0,0,1,0,0,0,0,0,0,0,1,0,0,1,143
2025,A,151,2,0000000001,0000007276,伍立辰,83,中繼,,0,0,2,0,7,30,16,2,0,0,0,1,0,0,1,0,0,0,0,0,0,0,0,1,1,3,147
2025,A,151,2,0000000001,0000007283,陳冠穎,81,中繼,,0,0,1,0,5,17,8,1,1,1,1,1,0,0,0,0,0,0,0,0,0,0,3,0,0,9,145
2025,A,151,1,0000000001,0000007303,黃子豪,85,中繼,勝,0,0,1,2,8,35,23,1,0,0,0,2,0,0,3,0,0,0,0,0,0,0,1,1,0,0,149
2025,A,151,2,0000000001,0000003639,呂彥青,58,中繼,,0,1,1,0,3,8,5,0,0,0,0,0,0,0,0,0,0,0,0,0,0,0,0,1,1,4,142
2025,A,151,2,0000000001,0000000776,王凱程,15,中繼,敗,0,0,1,0,8,24,13,3,0,3,3,2,1,0,0,0,0,0,0,0,0,0,1,2,1,10,144
2025,A,151,1,0000000001,0000007069,張誠恩,93,中繼,,0,1,1,0,4,11,5,0,0,0,0,1,0,0,0,0,0,0,0,0,0,0,1,2,2,12,146
2025,A,151,2,0000000001,0000000778,蔡齊哲,50,最後一任,,0,0,1,0,5,10,7,2,0,1,1,0,0,0,0,0,0,1,0,0,0,0,1,1,1,4,140
2025,A,151,1,0000000001,0000006949,林詩翔,14,最後一任,,1,0,1,0,4,26,14,0,0,0,0,1,0,0,2,0,0,0,0,0,0,0,2,2,12,2,147
2025,A,152,1,0000000001,0000000762,伍鐸,52,先發,勝,0,0,6,0,25,97,68,6,0,3,1,0,0,1,3,0,0,0,0,0,0,0,4,3,0,0,139
2025,A,152,2,0000000001,0000007062,威能帝,49,先發,敗,0,0,5,1,26,106,67,7,0,5,4,3,0,0,6,1,0,0,0,0,0,0,6,2,0,0,153
2025,A,152,2,0000000001,0000005509,莊昕諺,77,中繼,,0,0,0,2,4,13,10,2,1,2,2,0,0,0,0,0,0,0,0,0,0,0,1,1,0,5,147
2025,A,152,2,0000000001,0000007073,賴胤豪,63,中繼,,0,0,1,0,5,17,10,1,1,1,1,1,0,0,1,0,0,0,0,0,0,0,0,0,0,0,151
2025,A,152,1,0000000001,0000006160,李超,0,中繼,,0,0,1,0,4,14,11,1,0,0,0,0,0,0,0,0,0,0,0,0,0,0,1,0,0,1,149
2025,A,152,2,0000000001,0000005558,蘇俊璋,00,中繼,,0,0,1,0,6,29,17,3,1,2,2,0,0,0,0,1,0,0,1,0,0,0,0,0,0,2,147
2025,A,152,1,0000000001,0000001821,林子昱,71,中繼,,0,0,1,0,3,14,6,0,0,0,0,1,0,0,0,0,0,0,0,0,0,0,3,1,0,6,143
2025,A,152,2,0000000001,0000006720,邱駿威,46,最後一任,,0,0,1,0,7,28,16,3,1,3,3,0,0,1,0,0,0,0,0,0,0,0,0,0,0,1,145
2025,A,152,1,0000000001,0000002279,吳俊杰,20,最後一任,,0,0,1,0,3,6,6,0,0,0,0,0,0,0,0,0,0,0,0,0,0,0,0,0,0,1,144
2025,A,153,1,0000000001,0000006739,李東洺,66,先發,,0,0,4,0,21,86,49,6,0,5,4,4,0,0,4,1,0,0,1,0,0,0,1,3,0,0,147
2025,A,153,2,0000000001,0000006848,林詔恩,74,先發,,0,0,5,2,25,90,59,7,2,4,4,2,0,0,2,0,0,1,0,0,0,0,2,0,0,0,145
2025,A,153,1,0000000001,0000005284,藍愷青,21,中繼,,0,0,1,0,4,16,8,0,0,0,0,1,0,0,0,0,0,0,0,0,0,0,0,0,0,0,132
2025,A,153,2,0000000001,0000003393,王鏡銘,41,中繼,,0,1,0,1,2,7,5,1,0,0,0,0,0,0,0,0,0,0,0,0,0,0,0,1,0,5,140
2025,A,153,1,0000000001,0000006870,林栚呈,94,中繼,,0,0,1,0,5,19,13,1,0,0,0,0,0,1,1,0,0,0,0,0,0,0,0,1,0,0,144
2025,A,153,2,0000000001,0000001719,胡智爲,58,中繼,,0,1,2,0,6,18,12,0,0,0,0,0,0,0,1,0,0,0,0,0,0,0,1,2,1,3,148
2025,A,153,1,0000000001,0000000773,李吳永勤,38,中繼,,0,0,1,0,4,13,8,1,0,0,0,0,0,0,1,0,0,0,0,0,0,0,0,1,0,3,140
2025,A,153,1,0000000001,0000005592,富藍戈,87,最後一任,敗,0,0,1,2,6,19,15,1,1,1,1,0,0,0,1,0,0,0,0,0,0,0,2,1,1,6,157
2025,A,153,2,0000000001,0000002688,陳韻文,12,最後一任,勝,0,0,1,0,6,24,14,2,0,1,0,1,0,0,1,0,0,0,0,0,0,0,4,0,9,2,148
2025,A,154,1,0000000001,0000003608,曾仁和,23,先發,敗,0,0,5,1,21,90,56,4,1,3,3,1,0,0,4,0,0,1,0,0,0,0,0,1,0,0,146
2025,A,154,2,0000000001,0000007558,黃博多,37,先發,勝,0,0,6,0,22,98,67,2,0,0,0,1,0,0,6,0,0,0,0,0,0,0,7,2,0,0,150
2025,A,154,1,0000000001,0000006228,王志煊,64,中繼,,0,0,0,2,4,15,8,1,0,0,0,1,0,0,0,0,0,0,0,0,0,0,0,1,0,8,134
2025,A,154,2,0000000001,0000003639,呂彥青,58,中繼,,0,1,1,0,5,21,12,2,0,0,0,0,0,0,0,0,0,0,0,0,0,0,0,1,1,5,142
2025,A,154,1,0000000001,0000005509,莊昕諺,77,中繼,,0,0,1,0,5,15,8,1,0,1,1,1,0,0,0,0,0,0,0,0,0,0,1,1,0,5,144
2025,A,154,2,0000000001,0000000776,王凱程,15,中繼,,0,0,1,0,4,18,13,1,1,1,1,0,0,0,1,0,0,0,0,0,0,0,1,2,1,10,142
2025,A,154,1,0000000001,0000007073,賴胤豪,63,最後一任,,0,0,1,0,3,15,9,0,0,0,0,0,0,0,1,0,0,0,0,0,0,0,0,0,0,0,151
2025,A,154,2,0000000001,0000002271,黃恩賜,64,最後一任,,1,0,1,0,3,6,4,0,0,0,0,0,0,0,0,0,0,0,0,0,0,0,1,2,14,2,147
2025,A,155,1,0000000001,0000005543,徐若熙,18,先發,敗,0,0,8,2,29,103,84,5,0,2,0,0,0,0,11,0,0,0,0,0,0,0,1,4,0,0,153
2025,A,155,2,0000000001,0000006891,力亞士,55,先發,,0,0,7,0,23,96,60,1,0,0,0,1,0,0,6,0,0,0,0,0,0,0,2,5,0,0,149
2025,A,155,2,0000000001,0000005592,富藍戈,87,中繼,,0,0,1,0,4,25,15,1,0,1,1,0,0,1,0,0,0,0,0,0,0,0,2,1,1,6,157
2025,A,155,2,0000000001,0000005790,張奕,19,最後一任,勝,0,0,1,0,3,11,10,0,0,0,0,0,0,0,2,0,0,0,0,0,0,0,2,6,0,0,146
2025,A,155,1,0000000001,0000005555,陳冠偉,59,最後一任,,0,0,0,0,2,8,3,0,0,0,0,1,0,0,0,0,0,0,0,0,0,0,1,2,7,2,142
2025,A,156,1,0000000001,0000002679,江承諺,20,先發,敗,0,0,4,0,22,65,41,8,1,6,5,1,0,0,1,0,0,1,0,0,0,0,0,5,0,0,140
2025,A,156,2,0000000001,0000005731,布雷克,50,先發,勝,0,0,5,1,25,95,60,8,0,3,3,1,0,0,3,0,0,0,0,0,0,0,5,4,0,0,143
2025,A,156,1,0000000001,0000006921,伍祐城,55,中繼,,0,0,1,2,8,40,25,2,0,3,3,1,0,0,4,0,0,0,0,0,0,0,0,0,0,3,148
2025,A,156,2,0000000001,0000003393,王鏡銘,41,中繼,,0,0,0,2,4,18,9,2,0,0,0,0,0,0,1,0,0,0,0,0,0,0,0,1,0,5,138
2025,A,156,1,0000000001,0000006982,黃群,46,中繼,,0,0,1,1,6,19,12,2,1,1,1,1,0,0,1,0,0,0,0,0,0,0,0,0,0,5,140
2025,A,156,2,0000000001,0000006818,髙塩將樹,28,中繼,,0,0,1,0,4,18,10,0,0,0,0,1,0,0,1,0,0,0,0,0,0,0,2,1,2,6,143
2025,A,156,2,0000000001,0000005482,吳承諭,57,中繼,,0,0,1,0,4,12,11,1,0,0,0,0,0,0,1,0,0,0,0,0,0,0,0,1,0,1,141
2025,A,156,1,0000000001,0000007067,曾奕翔,54,最後一任,,0,0,1,0,6,25,9,1,0,2,2,3,0,0,1,0,0,0,0,0,0,0,0,0,0,0,141
2025,A,156,2,0000000001,0000002276,鄭鈞仁,60,中繼,,0,0,0,0,2,6,2,1,0,1,0,1,0,0,0,0,0,0,0,0,0,0,0,0,0,1,146
2025,A,156,2,0000000001,0000007292,李軍,62,中繼,,0,0,0,2,3,14,8,1,0,0,0,0,0,0,1,0,0,0,0,0,0,0,0,0,0,0,146
2025,A,156,2,0000000001,0000007293,鍾允華,29,最後一任,,0,0,0,1,1,7,4,0,0,0,0,0,0,0,0,0,0,0,0,0,0,0,0,0,0,0,149
2025,A,157,1,0000000002,0000007555,霸鉧德,25,先發,勝,0,0,5,0,24,103,62,6,0,2,2,2,0,1,5,0,0,0,0,0,0,0,3,1,0,0,151
2025,A,157,2,0000000002,0000007558,黃博多,37,先發,,0,0,5,0,24,92,63,8,0,2,2,2,0,0,4,0,0,0,0,0,0,0,7,2,0,0,150
2025,A,157,2,0000000002,0000007283,陳冠穎,81,中繼,敗,0,0,0,2,5,22,13,2,0,2,2,1,0,0,1,0,0,0,0,0,0,0,3,1,0,9,144
2025,A,157,2,0000000002,0000000778,蔡齊哲,50,中繼,,0,0,0,1,2,9,6,1,0,0,0,0,0,0,1,0,0,0,0,0,0,0,1,1,2,4,141
2025,A,157,1,0000000002,0000005558,蘇俊璋,00,中繼,,0,1,1,0,3,13,7,0,0,0,0,0,0,0,1,0,0,0,0,0,0,0,0,0,0,3,145
2025,A,157,2,0000000002,0000007276,伍立辰,83,中繼,,0,0,1,0,4,16,10,1,0,0,0,1,0,0,1,0,0,0,0,0,0,0,0,1,1,3,143
2025,A,157,1,0000000002,0000007073,賴胤豪,63,中繼,,0,1,1,0,3,10,7,0,0,0,0,0,0,0,1,0,0,0,0,0,0,0,0,0,0,1,151
2025,A,157,2,0000000002,0000003639,呂彥青,58,中繼,,0,0,1,0,3,14,8,0,0,0,0,0,0,0,1,0,0,0,0,0,0,0,0,1,1,6,141
2025,A,157,1,0000000002,0000000941,陳冠宇,17,中繼,,0,1,1,0,3,11,8,1,0,0,0,0,0,0,0,0,0,0,0,0,0,0,1,2,1,9,150
2025,A,157,2,0000000002,0000003506,謝榮豪,79,最後一任,,0,0,1,0,5,22,14,2,0,0,0,0,0,0,0,0,0,0,0,0,0,0,1,0,0,1,142
2025,A,157,1,0000000002,0000000779,陳柏豪,9,最後一任,,1,0,1,0,4,24,12,0,0,0,0,1,0,0,2,0,0,0,0,0,0,0,1,3,11,1,148
2025,A,159,1,0000000002,0000006507,後勁,40,先發,勝,0,0,6,0,30,106,70,12,0,3,3,2,0,0,3,1,0,0,1,0,0,0,7,0,0,0,148
2025,A,159,2,0000000002,0000007559,蒙德茲,21,先發,敗,0,0,6,0,30,100,66,9,0,4,4,1,0,1,4,0,0,1,1,0,0,0,5,2,0,0,144
2025,A,159,2,0000000002,0000007061,辛俊昇,69,中繼,,0,0,1,0,3,8,7,0,0,0,0,0,0,0,1,0,0,0,0,0,0,0,0,0,0,0,141
2025,A,159,1,0000000002,0000006832,陳柏清,66,中繼,,0,1,1,0,4,16,11,1,0,0,0,0,0,0,1,0,0,0,0,0,0,0,0,4,0,1,143
2025,A,159,2,0000000002,0000002688,陳韻文,12,中繼,,0,0,1,0,4,21,16,1,0,0,0,0,0,0,0,0,0,0,0,0,0,0,4,0,9,2,146
2025,A,159,1,0000000002,0000006767,許育銘,74,中繼,,0,1,1,0,3,12,9,0,0,0,0,0,0,0,2,0,0,0,0,0,0,0,0,0,0,9,140
2025,A,159,2,0000000002,0000007292,李軍,62,最後一任,,0,0,1,0,3,15,13,1,0,0,0,0,0,0,1,0,0,0,0,0,0,0,0,0,0,1,141
2025,A,159,1,0000000002,0000006949,林詩翔,14,最後一任,,1,0,1,0,3,17,11,0,0,0,0,0,0,0,0,0,0,0,0,0,0,0,3,2,15,3,148
2025,A,160,1,0000000001,0000005151,羅戈,32,先發,,0,0,6,0,26,100,65,7,0,4,4,2,0,0,6,0,0,1,1,0,0,0,4,3,0,0,149
2025,A,160,2,0000000001,0000007560,飛力獅,93,先發,,0,0,7,0,25,91,60,5,0,1,1,0,0,1,6,0,0,0,0,0,0,0,4,1,0,0,149
2025,A,160,1,0000000001,0000007283,陳冠穎,81,中繼,,0,0,1,0,3,10,6,0,0,0,0,0,0,0,0,0,0,0,0,0,0,0,3,0,0,9,141
2025,A,160,2,0000000001,0000006818,髙塩將樹,28,中繼,,0,1,1,0,3,12,8,0,0,0,0,0,0,0,0,0,0,0,0,0,0,0,2,1,2,7,146
2025,A,160,1,0000000001,0000003639,呂彥青,58,中繼,,0,0,1,0,6,21,12,1,0,0,0,1,0,1,1,0,0,0,0,0,0,0,0,1,1,5,136
2025,A,160,2,0000000001,0000002688,陳韻文,12,中繼,,0,0,1,0,8,31,20,5,1,3,3,0,0,0,1,0,0,0,0,0,0,0,4,0,9,2,148
2025,A,160,1,0000000001,0000002271,黃恩賜,64,中繼,,0,1,1,0,5,17,8,1,0,0,0,1,0,0,0,0,0,0,0,0,0,0,1,2,14,3,148
2025,A,160,2,0000000001,0000003393,王鏡銘,41,中繼,,0,0,1,0,3,18,13,0,0,1,0,0,0,0,1,0,0,0,1,0,0,0,0,1,0,5,143
2025,A,160,1,0000000001,0000000776,王凱程,15,中繼,勝,0,0,1,0,5,12,6,1,0,1,0,1,0,0,0,1,0,1,0,0,0,0,2,2,1,10,143
2025,A,160,2,0000000001,0000001719,胡智爲,58,最後一任,敗,0,0,1,0,6,24,15,3,0,3,2,0,0,0,0,0,0,0,0,0,0,0,1,3,1,3,149
2025,A,160,1,0000000001,0000000778,蔡齊哲,50,最後一任,,1,0,1,0,3,15,10,0,0,1,0,0,0,0,0,0,0,0,0,0,0,0,1,1,2,4,141
2025,A,161,1,0000000001,0000006724,曹祐齊,67,先發,敗,0,0,5,1,23,87,49,5,0,3,3,2,0,0,2,0,0,1,0,0,0,0,2,1,0,0,144
2025,A,161,2,0000000001,0000007053,艾速特,30,先發,,0,0,5,0,21,84,57,5,0,0,0,1,0,0,7,0,0,0,0,0,0,0,3,3,0,0,149
2025,A,161,2,0000000001,0000007303,黃子豪,85,中繼,勝,0,0,1,0,5,10,6,2,0,1,1,0,0,0,0,0,0,0,0,0,0,0,2,1,0,0,144
2025,A,161,1,0000000001,0000005552,呂偉晟,39,中繼,,0,0,0,2,4,15,8,1,0,0,0,1,0,0,1,0,0,0,0,0,0,0,1,1,0,2,143
2025,A,161,2,0000000001,0000006767,許育銘,74,中繼,,0,1,1,0,3,13,9,0,0,0,0,0,0,0,1,0,0,0,0,0,0,0,0,0,0,7,145
2025,A,161,1,0000000001,0000001603,王維中,16,中繼,,0,0,1,0,5,23,12,2,0,0,0,1,0,0,0,0,0,0,0,0,0,0,1,2,0,1,144
2025,A,161,2,0000000001,0000007069,張誠恩,93,中繼,,0,1,1,0,4,16,9,0,0,0,0,1,0,0,1,0,0,0,0,0,0,0,1,2,2,13,145
2025,A,161,1,0000000001,0000005541,郭郁政,17,最後一任,,0,0,1,0,4,12,10,2,0,0,0,0,0,0,0,0,0,0,0,0,0,0,0,1,0,1,142
2025,A,161,2,0000000001,0000006949,林詩翔,14,最後一任,,1,0,1,0,5,20,12,2,0,0,0,0,0,0,1,0,0,0,0,0,0,0,2,2,13,2,145
2025,A,162,1,0000000001,0000007264,魔神樂,21,先發,勝,0,0,7,0,27,95,65,6,0,2,2,2,0,0,4,0,0,0,1,0,0,0,7,2,0,0,145
2025,A,162,2,0000000001,0000006871,黃保羅,18,先發,敗,0,0,5,1,27,96,59,8,0,6,2,1,0,1,4,0,0,1,0,0,0,0,2,4,0,0,145
2025,A,162,2,0000000001,0000005284,藍愷青,21,中繼,,0,0,0,2,1,4,1,0,0,0,0,0,0,0,0,0,0,0,0,0,0,0,0,0,0,0,126
2025,A,162,2,0000000001,0000006870,林栚呈,94,中繼,,0,0,1,0,5,13,9,2,0,0,0,0,0,0,0,0,0,0,0,0,0,0,0,1,0,0,142
2025,A,162,2,0000000001,0000000773,李吳永勤,38,中繼,,0,0,1,0,3,15,9,0,0,0,0,0,0,0,0,0,0,0,0,0,0,0,0,1,0,3,139
2025,A,162,1,0000000001,0000005372,呂詠臻,48,中繼,,0,0,1,0,3,12,10,0,0,0,0,0,0,0,2,0,0,0,0,0,0,0,1,0,0,9,148
2025,A,162,2,0000000001,0000005479,江國豪,12,最後一任,,0,0,1,0,6,18,12,3,0,1,1,0,0,0,0,0,0,0,0,0,0,0,0,0,0,0,145
2025,A,162,1,0000000001,0000000779,陳柏豪,9,最後一任,,0,0,1,0,3,11,7,0,0,0,0,0,0,0,1,0,0,0,0,0,0,0,1,3,9,1,143
2025,A,163,1,0000000001,0000006497,鋼龍,37,先發,勝,0,0,6,0,24,90,63,6,0,1,1,0,0,0,8,0,0,0,0,0,0,0,5,1,0,0,150
2025,A,163,2,0000000001,0000007547,石萬金,32,先發,敗,0,0,6,0,27,104,64,6,1,4,4,3,0,0,5,0,0,0,0,0,0,0,4,4,0,0,147
2025,A,163,2,0000000001,0000006922,黃紹睿,56,中繼,,0,0,1,0,5,18,13,1,0,0,0,1,0,0,0,0,0,0,0,0,0,0,2,1,0,2,142
2025,A,163,1,0000000001,0000006906,艾璞樂,35,中繼,,0,1,2,0,8,29,17,2,0,0,0,1,0,0,0,0,0,0,0,0,0,0,3,3,0,1,147
2025,A,163,2,0000000001,0000006982,黃群,46,中繼,,0,0,1,0,3,9,5,0,0,0,0,0,0,0,0,0,0,0,0,0,0,0,0,0,0,5,142
2025,A,163,2,0000000001,0000006937,黃勃睿,97,最後一任,,0,0,1,0,5,20,11,2,1,2,2,1,0,0,0,0,0,0,0,0,0,0,0,0,0,0,142
2025,A,163,1,0000000001,0000005555,陳冠偉,59,最後一任,,0,0,1,0,3,9,7,0,0,0,0,0,0,0,1,0,0,0,0,0,0,0,1,2,7,2,142
2025,A,164,1,0000000001,0000002274,黃子鵬,69,先發,敗,0,0,5,0,24,94,62,8,0,5,5,2,0,0,0,0,0,0,1,0,0,0,3,3,0,0,138
2025,A,164,2,0000000001,0000000363,陳仕朋,81,先發,勝,0,0,5,0,22,82,56,7,1,3,3,1,0,0,1,0,0,0,1,0,0,0,1,1,0,0,139
2025,A,164,2,0000000001,0000005292,岳少華,48,中繼,,0,1,1,0,3,16,8,0,0,0,0,0,0,0,0,0,0,0,0,0,0,0,0,0,0,1,145
2025,A,164,1,0000000001,0000006228,王志煊,64,中繼,,0,0,0,2,4,16,7,0,0,2,2,2,0,0,1,0,0,0,0,0,0,0,0,1,0,8,132
2025,A,164,1,0000000001,0000003616,黃偉晟,4,中繼,,0,0,0,1,2,2,2,1,0,0,0,0,0,0,0,0,0,0,0,0,0,0,0,0,0,0,138
2025,A,164,2,0000000001,0000000367,吳世豪,50,中繼,,0,0,1,0,4,17,11,0,0,0,0,1,0,0,1,0,0,0,0,0,0,0,0,0,0,1,146
2025,A,164,1,0000000001,0000007073,賴胤豪,63,中繼,,0,0,1,0,3,15,10,0,0,0,0,0,0,0,2,0,0,0,0,0,0,0,0,0,0,0,151
2025,A,164,2,0000000001,0000005592,富藍戈,87,中繼,,0,0,1,0,4,13,10,1,0,0,0,0,0,0,1,0,0,0,0,0,0,0,2,1,1,7,155
2025,A,164,1,0000000001,0000000941,陳冠宇,17,最後一任,,0,0,1,0,4,19,14,1,0,0,0,0,0,0,3,0,0,0,0,0,0,0,1,2,1,7,146
2025,A,164,2,0000000001,0000005790,張奕,19,最後一任,,0,0,1,0,3,11,9,0,0,0,0,0,0,0,1,0,0,0,0,0,0,0,2,7,0,0,151
2025,A,165,1,0000000001,0000002345,鄭浩均,33,先發,敗,0,0,5,0,18,62,48,4,1,1,1,0,0,0,7,0,0,0,0,0,0,0,1,1,0,0,152
2025,A,165,2,0000000001,0000006555,梅賽斯,42,先發,勝,0,0,7,0,22,102,70,2,0,0,0,1,0,0,9,0,0,0,0,0,0,1,5,2,0,0,144
2025,A,165,1,0000000001,0000007276,伍立辰,83,中繼,,0,0,2,0,7,32,19,1,0,0,0,0,0,0,1,0,0,0,0,0,0,0,0,1,1,3,146
2025,A,165,2,0000000001,0000007293,鍾允華,29,中繼,,0,1,0,1,3,14,7,1,0,0,0,1,0,0,0,0,0,0,0,0,0,0,0,0,0,1,148
2025,A,165,2,0000000001,0000003393,王鏡銘,41,中繼,,0,1,0,2,3,14,7,0,0,0,0,1,0,0,1,0,0,0,0,0,0,0,0,1,0,6,140
2025,A,165,1,0000000001,0000003506,謝榮豪,79,最後一任,,0,0,1,0,3,9,6,0,0,0,0,0,0,0,0,0,0,0,0,0,0,0,1,0,0,1,141
2025,A,165,2,0000000001,0000006818,髙塩將樹,28,最後一任,,1,0,1,0,3,12,8,0,0,0,0,0,0,0,1,0,0,0,0,0,0,0,2,1,3,7,146
2025,A,166,1,0000000001,0000006874,盧孟揚,71,先發,,0,0,6,0,26,102,69,6,3,4,4,2,0,0,5,0,0,0,0,0,0,0,0,0,0,0,145
2025,A,166,2,0000000001,0000006507,後勁,40,先發,,0,0,6,0,22,99,61,4,0,2,2,2,0,0,5,0,0,0,2,0,0,0,6,0,0,0,146
2025,A,166,2,0000000001,0000006767,許育銘,74,中繼,,0,0,0,2,5,12,8,3,0,3,3,0,0,0,0,0,0,0,0,0,0,0,0,0,0,7,143
2025,A,166,2,0000000001,0000007069,張誠恩,93,中繼,,0,0,0,1,2,7,4,1,0,0,0,0,0,0,0,0,0,0,0,0,0,0,1,2,2,13,148
2025,A,166,1,0000000001,0000003639,呂彥青,58,中繼,,0,1,1,0,4,14,12,1,0,0,0,0,0,0,2,0,0,0,0,0,0,0,0,1,1,6,144
2025,A,166,2,0000000001,0000007303,黃子豪,85,中繼,,0,0,2,0,6,25,19,0,0,0,0,0,0,0,3,0,0,0,0,0,0,0,2,1,0,0,146
2025,A,166,1,0000000001,0000000776,王凱程,15,中繼,,0,0,1,0,4,13,8,2,1,1,1,0,0,0,0,0,0,0,0,0,0,0,2,2,1,10,140
2025,A,166,1,0000000001,0000002271,黃恩賜,64,中繼,,0,1,1,0,3,7,7,0,0,0,0,0,0,0,2,0,0,0,0,0,0,0,1,2,14,4,133
2025,A,166,2,0000000001,0000006949,林詩翔,14,最後一任,勝,0,0,1,0,5,32,19,1,0,1,0,1,0,0,0,0,0,0,1,0,0,0,3,2,13,2,146
2025,A,166,1,0000000001,0000006875,陳柏均,56,最後一任,敗,0,0,0,2,5,18,9,2,0,2,1,2,1,0,0,0,0,0,0,0,0,0,0,1,0,0,143
2025,A,167,1,0000000001,0000007556,波賽樂,88,先發,,0,0,5,0,22,97,63,7,0,1,1,1,0,0,2,0,0,1,1,0,0,0,1,5,0,0,148
2025,A,167,2,0000000001,0000000762,伍鐸,52,先發,敗,0,0,7,0,28,95,63,8,0,2,2,1,0,0,1,0,0,0,0,0,0,0,4,4,0,0,139
2025,A,167,1,0000000001,0000005372,呂詠臻,48,中繼,勝,0,0,1,0,4,19,9,0,0,0,0,1,0,0,1,0,0,0,0,0,0,0,2,0,0,9,150
2025,A,167,1,0000000001,0000000941,陳冠宇,17,中繼,,0,1,1,0,3,12,8,0,0,0,0,0,0,0,0,0,0,0,0,0,0,0,1,2,1,8,148
2025,A,167,2,0000000001,0000001821,林子昱,71,中繼,,0,0,1,0,4,13,10,2,0,0,0,0,0,0,0,1,0,0,0,0,0,0,3,1,0,6,143
2025,A,167,1,0000000001,0000000128,朱承洋,22,中繼,,0,1,1,0,3,9,8,0,0,0,0,0,0,0,1,0,0,0,0,0,0,0,2,1,1,10,148
2025,A,167,2,0000000001,0000005555,陳冠偉,59,最後一任,,0,0,1,0,3,14,9,0,0,0,0,0,0,0,0,0,0,0,0,0,0,0,1,2,7,2,142
2025,A,167,1,0000000001,0000000779,陳柏豪,9,最後一任,,1,0,1,0,4,20,11,1,0,0,0,0,0,0,1,0,0,0,0,0,0,0,1,3,10,1,149
2025,A,168,1,0000000001,0000006848,林詔恩,74,先發,敗,0,0,5,0,20,74,46,5,0,2,2,1,0,0,2,0,0,0,0,0,0,0,2,1,0,0,145
2025,A,168,2,0000000001,0000006749,魔力藍,44,先發,勝,0,0,6,2,27,92,64,6,0,1,1,1,0,1,7,0,0,0,0,0,0,0,3,6,0,0,148
2025,A,168,1,0000000001,0000001260,郭俊麟,75,最後一任,,0,0,3,0,15,45,31,5,1,2,2,1,0,0,2,0,0,0,0,0,0,0,0,1,0,0,145
2025,A,168,2,0000000001,0000000773,李吳永勤,38,中繼,,0,1,0,1,1,4,3,0,0,0,0,0,0,0,0,0,0,0,0,0,0,0,0,1,0,4,143
2025,A,168,2,0000000001,0000005592,富藍戈,87,中繼,,0,1,1,0,4,15,8,2,0,0,0,0,0,0,0,0,0,0,0,0,0,0,2,1,1,8,155
2025,A,168,2,0000000001,0000005790,張奕,19,最後一任,,1,0,1,0,3,9,7,0,0,0,0,0,0,0,1,0,0,0,0,0,0,0,2,7,1,0,148
2025,A,169,1,0000000001,0000006739,李東洺,66,先發,敗,0,0,5,1,26,86,53,9,0,4,4,1,0,0,1,1,0,1,0,0,0,0,1,4,0,0,148
2025,A,169,2,0000000001,0000002679,江承諺,20,先發,勝,0,0,5,2,25,89,63,7,0,2,2,2,0,0,4,0,0,0,1,0,0,0,1,5,0,0,139
2025,A,169,2,0000000001,0000007303,黃子豪,85,中繼,,0,1,0,1,2,10,5,0,0,0,0,1,0,0,1,0,0,0,0,0,0,0,2,1,0,1,146
2025,A,169,1,0000000001,0000006870,林栚呈,94,中繼,,0,0,0,1,3,13,7,1,0,1,1,1,0,0,0,0,0,0,0,0,0,0,0,1,0,0,142
2025,A,169,1,0000000001,0000005284,藍愷青,21,中繼,,0,0,0,1,2,5,3,1,0,0,0,0,0,0,0,0,0,0,0,0,0,0,0,0,0,0,128
2025,A,169,2,0000000001,0000006767,許育銘,74,中繼,,0,1,1,0,4,20,11,0,0,0,0,1,0,0,2,0,0,0,0,0,0,0,0,0,0,8,143
2025,A,169,1,0000000001,0000005292,岳少華,48,中繼,,0,0,1,0,3,12,8,0,0,0,0,0,0,0,2,0,0,0,0,0,0,0,0,0,0,1,139
2025,A,169,2,0000000001,0000007069,張誠恩,93,中繼,,0,1,1,0,4,16,8,1,0,0,0,0,0,0,0,0,0,0,0,0,0,0,1,2,2,14,147
2025,A,169,1,0000000001,0000000367,吳世豪,50,最後一任,,0,0,1,0,3,10,6,0,0,0,0,1,0,0,0,0,0,0,0,0,0,0,0,0,0,1,148
2025,A,169,2,0000000001,0000006949,林詩翔,14,最後一任,,1,0,1,0,5,13,9,2,0,0,0,0,0,0,0,0,0,0,0,0,0,0,3,2,14,2,143
2025,A,170,1,0000000001,0000005731,布雷克,50,先發,,0,0,7,0,26,98,64,5,0,1,1,1,0,0,4,0,0,0,0,0,0,0,5,4,0,0,145
2025,A,170,2,0000000001,0000007062,威能帝,49,先發,,0,0,8,0,31,97,76,7,0,1,1,0,0,0,8,0,0,1,0,0,0,0,6,2,0,0,155
2025,A,170,1,0000000001,0000006818,髙塩將樹,28,中繼,,0,1,1,0,3,17,12,0,0,0,0,0,0,0,1,0,0,0,0,0,0,0,2,1,3,8,145
2025,A,170,2,0000000001,0000000128,朱承洋,22,最後一任,勝,0,0,1,0,3,13,10,0,0,0,0,0,0,0,1,0,0,0,0,0,0,0,3,1,1,10,147
2025,A,170,1,0000000001,0000003393,王鏡銘,41,最後一任,敗,0,0,0,1,4,11,10,3,0,1,1,0,0,0,0,0,0,1,0,0,0,0,0,2,0,6,139
2025,A,171,1,0000000001,0000005572,魏碩成,14,先發,勝,0,0,5,0,21,87,52,4,0,0,0,2,0,0,6,0,0,1,0,0,0,0,1,0,0,0,141
2025,A,171,2,0000000001,0000005543,徐若熙,18,先發,敗,0,0,5,0,21,81,57,6,0,3,3,0,0,0,5,1,0,0,0,0,0,0,1,5,0,0,154
2025,A,171,2,0000000001,0000005541,郭郁政,17,中繼,,0,0,1,0,6,15,10,3,0,1,1,0,0,0,0,0,0,0,1,0,0,0,0,1,0,1,144
2025,A,171,1,0000000001,0000000778,蔡齊哲,50,中繼,,0,0,2,0,6,22,16,0,0,0,0,0,0,0,2,0,0,0,0,0,0,0,1,1,2,4,142
2025,A,171,2,0000000001,0000001603,王維中,16,中繼,,0,0,2,0,8,24,16,1,0,1,0,0,0,0,0,0,0,0,0,0,0,0,1,2,0,1,145
2025,A,171,1,0000000001,0000000776,王凱程,15,中繼,,0,0,1,0,5,19,13,2,0,1,1,0,0,0,0,1,0,0,1,0,0,0,2,2,1,10,144
2025,A,171,2,0000000001,0000002279,吳俊杰,20,最後一任,,0,0,1,0,3,13,9,0,0,0,0,0,0,0,1,0,0,0,0,0,0,0,0,0,0,1,144
2025,A,171,1,0000000001,0000007276,伍立辰,83,最後一任,,0,0,1,0,3,7,6,0,0,0,0,0,0,0,0,0,0,0,0,0,0,0,0,1,1,3,143
2025,A,172,1,0000000001,0000007570,布坎南,64,先發,,0,0,6,1,24,90,62,5,1,2,2,0,0,1,5,0,0,0,0,0,0,0,0,0,0,0,146
2025,A,172,2,0000000001,0000007053,艾速特,30,先發,,0,0,6,0,28,109,79,9,1,3,3,1,0,0,8,0,0,0,0,0,0,0,3,3,0,0,149
2025,A,172,2,0000000001,0000006832,陳柏清,66,最後一任,敗,0,0,3,0,12,38,26,2,0,1,0,0,0,0,1,0,0,1,0,0,0,0,0,4,0,0,148
2025,A,172,1,0000000001,0000005592,富藍戈,87,中繼,勝,0,0,1,2,7,34,23,3,0,1,1,0,0,0,1,0,0,0,0,0,0,0,3,1,1,8,154
2025,A,172,1,0000000001,0000005790,張奕,19,最後一任,,1,0,1,0,3,15,11,0,0,0,0,0,0,0,2,0,0,0,0,0,0,0,2,7,2,0,149
2025,A,173,1,0000000001,0000007559,蒙德茲,21,先發,勝,0,0,6,0,24,98,55,2,0,2,2,4,0,1,6,0,0,0,0,0,0,1,5,1,0,0,148
2025,A,173,2,0000000001,0000007264,魔神樂,21,先發,敗,0,0,5,0,28,84,56,9,0,6,4,3,0,1,1,0,0,0,1,0,0,0,7,3,0,0,145
2025,A,173,2,0000000001,0000006720,邱駿威,46,中繼,,0,0,2,0,8,32,19,1,0,0,0,1,0,0,1,0,0,0,0,0,0,0,0,0,0,1,147
2025,A,173,1,0000000001,0000001719,胡智爲,58,中繼,,0,0,2,0,6,20,12,0,0,0,0,2,0,0,0,0,0,0,0,0,0,0,1,3,1,3,148
2025,A,173,2,0000000001,0000001524,劉昱言,13,中繼,,0,0,1,0,3,13,9,0,0,0,0,0,0,0,0,0,0,0,0,0,0,0,0,0,0,0,143
2025,A,173,2,0000000001,0000003616,黃偉晟,4,最後一任,,0,0,1,0,11,35,22,6,1,6,4,1,0,0,0,0,0,0,1,0,0,0,0,0,0,0,143
2025,A,173,1,0000000001,0000007293,鍾允華,29,最後一任,,0,0,1,0,3,9,7,0,0,0,0,0,0,0,2,0,0,0,0,0,0,0,0,0,0,1,150
2025,A,174,1,0000000001,0000005151,羅戈,32,先發,勝,0,0,7,0,27,93,68,7,0,1,1,1,0,0,3,0,0,0,0,0,0,0,5,3,0,0,152
2025,A,174,2,0000000001,0000007554,龍聖,33,先發,敗,0,0,8,0,33,106,66,8,1,4,3,2,0,0,1,0,0,2,0,0,0,0,2,3,0,0,146
2025,A,174,1,0000000001,0000003639,呂彥青,58,中繼,,0,1,1,0,5,17,12,2,1,2,2,0,0,0,2,0,0,0,0,0,0,0,0,1,1,7,141
2025,A,174,2,0000000001,0000005555,陳冠偉,59,最後一任,,0,0,1,0,3,11,8,0,0,0,0,0,0,0,2,0,0,0,0,0,0,0,1,2,7,2,142
2025,A,174,1,0000000001,0000002271,黃恩賜,64,最後一任,,1,0,1,0,3,11,8,0,0,0,0,0,0,0,1,0,0,0,0,0,0,0,1,2,15,4,146
2025,A,175,1,0000000001,0000006871,黃保羅,18,先發,敗,0,0,4,2,21,92,58,7,2,5,5,0,0,0,2,0,0,0,0,0,0,0,2,5,0,0,145
2025,A,175,2,0000000001,0000007573,李博登,38,先發,,0,0,4,0,15,55,39,3,0,0,0,0,0,0,6,0,0,0,0,0,0,0,0,0,0,0,145
2025,A,175,2,0000000001,0000003334,鄭凱文,19,中繼,,0,0,1,2,10,47,31,5,0,3,3,0,0,0,3,0,0,0,0,0,0,0,2,3,1,0,139
2025,A,175,1,0000000001,0000003292,賴鴻誠,32,中繼,,0,0,0,1,2,9,3,0,0,0,0,1,0,0,0,0,0,0,0,0,0,0,1,0,0,1,143
2025,A,175,2,0000000001,0000003506,謝榮豪,79,中繼,,0,1,0,1,3,12,6,1,0,0,0,1,0,0,0,0,0,0,0,0,0,0,1,0,0,2,142
2025,A,175,1,0000000001,0000006870,林栚呈,94,中繼,,0,0,1,2,5,18,12,0,0,0,0,0,0,0,1,0,0,0,0,0,0,0,0,1,0,0,142
2025,A,175,2,0000000001,0000000778,蔡齊哲,50,中繼,勝,0,0,1,0,3,9,7,0,0,0,0,0,0,0,1,0,0,0,0,0,0,0,2,1,2,4,143
2025,A,175,1,0000000001,0000000773,李吳永勤,38,中繼,,0,0,0,1,2,8,4,0,0,0,0,0,0,1,0,1,0,0,0,0,0,0,0,1,0,4,143
2025,A,175,2,0000000001,0000003639,呂彥青,58,中繼,,0,1,0,1,4,10,7,2,0,1,1,0,0,1,0,0,0,0,0,0,0,0,0,1,1,8,141
2025,A,175,2,0000000001,0000007283,陳冠穎,81,中繼,,0,1,0,2,3,14,7,0,0,0,0,1,0,0,0,0,0,0,0,0,0,0,3,1,0,10,143
2025,A,175,1,0000000001,0000000367,吳世豪,50,最後一任,,0,0,1,0,3,11,7,0,0,0,0,0,0,0,1,0,0,0,0,0,0,0,0,0,0,1,147
2025,A,175,2,0000000001,0000002271,黃恩賜,64,最後一任,,1,0,1,0,3,13,9,1,0,0,0,0,0,0,0,0,0,0,0,0,0,0,1,2,16,4,146
2025,A,176,1,0000000001,0000007547,石萬金,32,先發,,0,0,4,1,23,95,60,9,0,4,4,3,0,0,1,0,0,0,0,0,0,0,4,4,0,0,146
2025,A,176,2,0000000001,0000003608,曾仁和,23,先發,,0,0,0,2,11,34,19,8,0,7,7,1,0,0,0,0,0,0,0,0,0,0,0,1,0,0,143
2025,A,176,2,0000000001,0000006857,舒治浩,1,中繼,,0,0,2,1,11,40,24,2,1,1,1,1,0,0,0,0,0,0,0,0,0,0,0,0,0,0,147
2025,A,176,2,0000000001,0000007073,賴胤豪,63,中繼,,0,0,2,0,9,30,18,1,0,0,0,1,0,0,2,0,0,0,0,0,0,0,0,0,0,1,149
2025,A,176,1,0000000001,0000006982,黃群,46,中繼,,0,1,1,2,4,17,13,0,0,0,0,0,0,0,1,0,0,0,0,0,0,0,0,0,0,6,142
2025,A,176,2,0000000001,0000005558,蘇俊璋,00,中繼,,0,0,2,0,6,21,12,1,0,0,0,0,0,0,0,0,0,0,0,0,0,0,0,0,0,3,144
2025,A,176,1,0000000001,0000006767,許育銘,74,中繼,,0,0,1,0,3,12,8,0,0,0,0,0,0,0,0,0,0,0,0,0,0,0,0,0,0,8,142
2025,A,176,2,0000000001,0000001524,劉昱言,13,中繼,,0,0,1,0,4,14,7,0,0,1,0,1,0,0,0,0,0,0,1,0,0,0,0,0,0,0,144
2025,A,176,1,0000000001,0000007069,張誠恩,93,中繼,,0,0,0,2,8,35,13,3,0,6,6,3,0,0,1,0,0,0,0,0,0,0,1,2,2,14,152
2025,A,176,1,0000000001,0000007303,黃子豪,85,中繼,,0,0,0,1,2,8,5,1,0,0,0,0,0,0,0,0,0,0,0,0,0,0,2,1,0,1,143
2025,A,176,2,0000000001,0000000779,陳柏豪,9,中繼,,0,0,1,0,5,17,12,3,0,1,1,0,0,0,0,1,0,0,0,0,0,0,1,3,11,1,147
2025,A,176,1,0000000001,0000006949,林詩翔,14,中繼,,0,1,1,0,5,22,13,1,0,0,0,1,0,0,0,1,0,0,0,0,0,0,3,2,14,3,147
2025,A,176,2,0000000001,0000000941,陳冠宇,17,中繼,,0,0,1,0,4,16,11,2,0,1,0,0,0,0,0,0,0,0,0,0,0,0,1,2,1,9,149
2025,A,176,1,0000000001,0000006921,伍祐城,55,最後一任,勝,0,0,2,0,8,31,20,1,0,1,0,1,0,0,0,0,0,1,0,0,0,1,1,0,0,3,146
2025,A,176,2,0000000001,0000005372,呂詠臻,48,最後一任,敗,0,0,1,0,5,18,9,1,0,1,0,0,0,2,0,0,0,0,1,0,0,0,2,1,0,9,145
2025,A,177,1,0000000001,0000007560,飛力獅,93,先發,勝,0,0,6,0,27,106,61,4,0,1,1,5,0,0,2,0,0,1,0,0,0,0,5,1,0,0,147
2025,A,177,2,0000000001,0000006724,曹祐齊,67,先發,敗,0,0,5,0,19,65,32,2,0,1,1,2,0,1,2,0,0,1,0,0,0,0,2,2,0,0,141
2025,A,177,2,0000000001,0000006906,艾璞樂,35,中繼,,0,0,2,1,12,52,35,5,1,3,3,0,0,0,2,0,0,0,0,0,0,0,3,3,0,1,148
2025,A,177,1,0000000001,0000007292,李軍,62,中繼,,0,1,1,0,3,13,9,0,0,0,0,0,0,0,1,0,0,0,0,0,0,0,0,0,0,1,146
2025,A,177,2,0000000001,0000001821,林子昱,71,中繼,,0,0,0,2,3,10,5,1,0,0,0,0,0,0,1,0,0,0,0,0,0,0,3,1,0,6,144
2025,A,177,1,0000000001,0000006818,髙塩將樹,28,最後一任,,1,0,2,0,7,34,21,0,0,0,0,1,0,0,4,0,0,0,0,0,0,0,2,1,4,8,146
2025,A,177,2,0000000001,0000006160,李超,0,最後一任,,0,0,1,0,4,20,10,0,0,0,0,1,0,0,1,0,0,1,0,0,0,0,1,0,0,1,147
2025,A,178,1,0000000001,0000000363,陳仕朋,81,先發,敗,0,0,5,0,24,97,59,9,0,3,1,3,0,0,3,0,0,0,0,0,0,0,1,2,0,0,142
2025,A,178,2,0000000001,0000002345,鄭浩均,33,先發,勝,0,0,5,0,19,71,44,2,0,0,0,2,0,1,4,0,0,0,0,0,0,0,2,1,0,0,153
2025,A,178,2,0000000001,0000007276,伍立辰,83,中繼,,0,1,2,0,7,25,16,1,0,0,0,0,0,0,2,0,0,0,0,0,0,0,0,1,1,4,145
2025,A,178,1,0000000001,0000005479,江國豪,12,中繼,,0,0,1,0,10,33,16,4,0,6,6,2,0,0,1,1,0,1,0,0,0,0,0,0,0,0,144
2025,A,178,1,0000000001,0000006870,林栚呈,94,中繼,,0,0,1,0,7,27,17,2,0,1,0,1,0,0,1,1,0,0,0,0,0,0,0,1,0,0,142
2025,A,178,2,0000000001,0000000776,王凱程,15,中繼,,0,0,1,0,4,15,8,0,0,0,0,0,0,1,0,0,0,0,0,0,0,0,2,2,1,10,146
2025,A,178,1,0000000001,0000005284,藍愷青,21,最後一任,,0,0,1,0,3,17,11,0,0,0,0,0,0,0,1,0,0,0,0,0,0,0,0,0,0,0,130
2025,A,178,2,0000000001,0000000771,陳琥,62,最後一任,,0,0,1,0,4,18,11,0,0,0,0,0,0,1,1,0,0,0,0,0,0,0,0,1,0,1,148
2025,A,179,1,0000000001,0000007274,吉田一将,41,先發,敗,0,0,7,0,25,96,65,3,0,2,1,1,0,0,5,0,0,0,0,0,0,0,1,4,0,0,147
2025,A,179,2,0000000001,0000002274,黃子鵬,69,先發,勝,0,0,6,0,24,105,70,5,0,1,0,1,0,0,5,0,0,0,0,0,0,1,4,3,0,0,136
2025,A,179,2,0000000001,0000006720,邱駿威,46,中繼,,0,1,1,0,4,15,8,0,0,0,0,1,0,0,1,0,0,0,0,0,0,0,0,0,0,2,145
2025,A,179,2,0000000001,0000000941,陳冠宇,17,中繼,,0,1,1,0,4,13,7,0,0,0,0,1,1,0,1,0,0,0,0,0,0,0,1,2,1,10,147
2025,A,179,1,0000000001,0000006767,許育銘,74,最後一任,,0,0,1,0,5,23,12,1,0,0,0,1,0,0,1,0,0,0,0,0,0,0,0,0,0,8,144
2025,A,179,2,0000000001,0000000128,朱承洋,22,最後一任,,1,0,1,0,4,11,9,1,0,0,0,0,0,0,1,0,0,0,0,0,0,0,3,1,2,10,148
2025,A,180,1,0000000001,0000006555,梅賽斯,42,先發,敗,0,0,5,1,25,95,63,10,0,4,4,0,0,0,2,0,0,1,1,0,0,0,5,3,0,0,146
2025,A,180,2,0000000001,0000006497,鋼龍,37,先發,勝,0,0,6,0,25,93,60,5,0,1,1,2,0,0,5,0,0,0,0,0,0,0,6,1,0,0,145
2025,A,180,1,0000000001,0000001719,胡智爲,58,中繼,,0,0,1,2,7,31,19,1,0,0,0,1,0,0,1,0,0,0,0,0,0,0,1,3,1,3,148
2025,A,180,2,0000000001,0000002279,吳俊杰,20,中繼,,0,1,1,0,3,13,8,0,0,0,0,0,0,0,1,0,0,0,0,0,0,0,0,0,0,2,148
2025,A,180,2,0000000001,0000001821,林子昱,71,中繼,,0,1,1,0,3,13,8,0,0,0,0,0,0,0,0,0,0,0,0,0,0,0,3,1,0,7,143
2025,A,180,1,0000000001,0000002688,陳韻文,12,最後一任,,0,0,1,0,6,22,15,2,0,0,0,1,0,0,1,0,0,0,0,0,0,0,4,0,9,2,149
2025,A,180,2,0000000001,0000005555,陳冠偉,59,最後一任,,1,0,1,0,4,12,4,0,0,0,0,1,0,0,0,0,0,0,0,0,0,0,1,2,8,2,140
2025,A,181,1,0000000001,0000007570,布坎南,64,先發,敗,0,0,6,0,27,95,68,8,1,5,4,1,0,0,5,0,0,0,0,0,0,0,0,1,0,0,147
2025,A,181,2,0000000001,0000007062,威能帝,49,先發,勝,0,0,7,0,29,94,64,6,1,3,2,1,0,0,5,0,0,0,0,0,0,0,7,2,0,0,153
2025,A,181,1,0000000001,0000003292,賴鴻誠,32,中繼,,0,0,1,0,3,14,7,0,0,0,0,0,0,0,0,0,0,0,0,0,0,0,1,0,0,2,139
2025,A,181,2,0000000001,0000000128,朱承洋,22,中繼,,0,1,1,0,5,20,13,2,0,1,1,1,0,0,1,0,0,0,0,0,0,0,3,1,2,13,146
2025,A,181,1,0000000001,0000006870,林栚呈,94,最後一任,,0,0,1,0,3,11,8,1,0,0,0,0,0,0,0,0,0,0,0,0,0,0,0,1,0,2,137
2025,A,181,2,0000000001,0000000941,陳冠宇,17,最後一任,,1,0,1,0,4,18,11,2,0,0,0,0,0,0,1,0,0,0,0,0,0,0,1,2,2,11,147
2025,A,182,1,0000000001,0000005151,羅戈,32,先發,敗,0,0,6,1,28,101,74,9,1,2,2,1,0,0,4,0,0,1,0,0,0,0,6,4,0,0,150
2025,A,182,2,0000000001,0000006507,後勁,40,先發,勝,0,0,6,0,25,103,65,6,0,0,0,3,0,0,7,0,0,0,0,0,0,1,8,0,0,0,148
2025,A,182,2,0000000001,0000006767,許育銘,74,中繼,,0,1,1,0,3,12,9,0,0,0,0,0,0,0,1,0,0,0,0,0,0,0,0,0,0,10,143
2025,A,182,1,0000000001,0000003639,呂彥青,58,中繼,,0,0,1,0,3,13,8,0,0,0,0,0,0,0,2,1,0,0,0,0,0,0,0,1,1,8,141
2025,A,182,2,0000000001,0000006832,陳柏清,66,中繼,,0,1,1,0,4,14,11,2,0,0,0,0,0,0,0,0,0,0,0,0,0,0,0,4,0,3,147
2025,A,182,1,0000000001,0000000778,蔡齊哲,50,最後一任,,0,0,0,2,3,7,6,1,0,0,0,0,0,0,0,0,0,0,0,0,0,0,2,1,2,5,140
2025,A,182,2,0000000001,0000006949,林詩翔,14,最後一任,,1,0,1,0,3,12,8,0,0,0,0,0,0,0,2,0,0,0,0,0,0,0,3,2,16,3,147
2025,A,183,1,0000000001,0000007559,蒙德茲,21,先發,敗,0,0,5,0,23,94,60,5,0,4,4,2,0,2,4,1,0,0,0,0,0,0,5,3,0,0,148
2025,A,183,2,0000000001,0000005543,徐若熙,18,先發,勝,0,0,6,0,24,92,67,4,1,1,1,1,0,0,6,0,0,0,0,0,0,1,2,5,0,0,154
2025,A,183,1,0000000001,0000007061,辛俊昇,69,中繼,,0,0,1,0,4,14,8,0,0,0,0,1,0,0,1,0,0,0,0,0,0,0,0,0,0,0,141
2025,A,183,2,0000000001,0000002279,吳俊杰,20,中繼,,0,1,1,0,5,20,10,1,0,0,0,1,0,0,1,0,0,0,0,0,0,0,0,0,0,3,145
2025,A,183,1,0000000001,0000007293,鍾允華,29,中繼,,0,0,1,0,4,12,7,0,0,0,0,1,0,0,0,0,0,0,0,0,0,0,0,0,0,1,148
2025,A,183,2,0000000001,0000001821,林子昱,71,中繼,,0,1,1,0,3,17,12,0,0,0,0,0,0,0,1,0,0,0,0,0,0,0,3,1,0,9,145
2025,A,183,1,0000000001,0000005482,吳承諭,57,最後一任,,0,0,1,0,3,11,8,1,0,0,0,0,0,0,0,0,0,0,0,0,0,0,0,1,0,1,138
2025,A,183,2,0000000001,0000005555,陳冠偉,59,最後一任,,1,0,1,0,3,11,8,0,0,0,0,0,0,0,1,0,0,0,0,0,0,0,1,2,9,3,142
2025,A,184,1,0000000001,0000002345,鄭浩均,33,先發,勝,0,0,5,0,19,71,47,2,0,1,1,2,0,0,4,1,0,0,0,0,0,1,3,1,0,0,152
2025,A,184,2,0000000001,0000007274,吉田一将,41,先發,敗,0,0,4,2,27,81,56,11,0,6,6,1,0,1,3,0,0,2,1,0,0,0,2,5,0,0,144
2025,A,184,2,0000000001,0000006921,伍祐城,55,中繼,,0,0,3,1,11,39,30,1,0,0,0,0,0,0,3,0,0,0,0,0,0,0,1,0,0,3,146
2025,A,184,1,0000000001,0000000776,王凱程,15,中繼,,0,0,1,0,5,17,8,1,0,0,0,1,0,0,0,0,0,0,0,0,0,0,2,2,1,11,141
2025,A,184,1,0000000001,0000000778,蔡齊哲,50,中繼,,0,0,1,0,4,12,10,2,0,1,1,0,0,0,0,0,0,0,0,0,0,0,2,1,2,5,139
2025,A,184,1,0000000001,0000003639,呂彥青,58,中繼,,0,0,1,0,6,22,11,1,0,0,0,1,0,0,0,0,0,0,0,0,0,0,0,1,1,8,140
2025,A,184,2,0000000001,0000007069,張誠恩,93,最後一任,,0,0,1,0,3,8,6,0,0,0,0,0,0,0,1,0,0,0,0,0,0,0,1,2,2,14,147
2025,A,184,1,0000000001,0000003506,謝榮豪,79,中繼,,0,0,0,2,6,26,10,1,0,1,1,3,0,0,0,0,0,0,0,0,0,0,1,0,0,2,144
2025,A,184,1,0000000001,0000007283,陳冠穎,81,最後一任,,1,0,0,1,1,1,1,0,0,0,0,0,0,0,0,0,0,0,0,0,0,0,3,1,1,10,142
2025,A,185,1,0000000001,0000006891,力亞士,55,先發,勝,0,0,7,0,27,95,66,5,1,3,3,1,0,0,4,0,0,0,0,0,0,0,3,6,0,0,151
2025,A,185,2,0000000001,0000002274,黃子鵬,69,先發,敗,0,0,3,1,21,79,54,10,0,7,7,2,0,0,2,0,0,0,0,0,0,0,4,4,0,0,139
2025,A,185,2,0000000001,0000005509,莊昕諺,77,中繼,,0,0,0,1,7,28,16,4,0,6,6,2,0,0,0,0,0,0,1,0,0,0,1,1,0,5,148
2025,A,185,2,0000000001,0000006720,邱駿威,46,中繼,,0,0,1,1,11,38,28,7,1,4,4,1,0,0,1,0,0,0,0,0,0,0,0,0,0,2,146
2025,A,185,2,0000000001,0000006857,舒治浩,1,中繼,,0,0,1,0,6,30,17,2,1,1,1,1,0,0,2,0,0,0,0,0,0,0,0,0,0,0,148
2025,A,185,2,0000000001,0000005558,蘇俊璋,00,中繼,,0,0,1,0,5,15,8,1,0,0,0,1,0,0,0,0,0,0,0,0,0,0,0,0,0,3,145
2025,A,185,2,0000000001,0000001524,劉昱言,13,中繼,,0,0,1,0,3,11,6,1,0,0,0,0,0,0,0,0,0,0,0,0,0,0,0,0,0,0,143
2025,A,185,1,0000000001,0000002280,廖任磊,13,中繼,,0,0,1,0,3,16,9,0,0,0,0,0,0,0,1,0,0,0,0,0,0,0,0,0,0,0,149
2025,A,185,2,0000000001,0000003563,余德龍,36,最後一任,,0,0,1,0,3,9,8,0,0,0,0,0,0,0,0,0,0,0,0,0,0,0,0,0,0,0,139
2025,A,185,1,0000000001,0000005284,藍愷青,21,中繼,,0,0,0,2,3,10,5,1,0,1,1,0,0,0,0,0,0,0,0,0,0,0,0,0,0,0,130
2025,A,185,1,0000000001,0000005479,江國豪,12,最後一任,,0,0,0,1,3,18,12,1,0,0,0,0,0,0,0,0,0,0,0,0,0,0,1,0,0,0,145
2025,A,186,1,0000000001,0000007560,飛力獅,93,先發,,0,0,7,0,27,95,56,5,0,1,1,2,0,0,5,0,0,0,1,0,0,0,6,1,0,0,148
2025,A,186,2,0000000001,0000007554,龍聖,33,先發,,0,0,5,0,22,91,56,4,0,1,1,3,0,0,5,0,0,1,0,0,0,0,2,3,0,0,145
2025,A,186,2,0000000001,0000005788,林凱威,99,中繼,,0,1,1,0,3,11,9,0,0,0,0,0,0,0,1,0,0,0,0,0,0,0,1,0,1,4,150
2025,A,186,2,0000000001,0000007270,鑀龍,55,中繼,,0,1,1,0,3,15,10,1,0,0,0,0,0,0,0,0,0,1,0,0,0,0,0,1,0,6,144
2025,A,186,2,0000000001,0000001821,林子昱,71,中繼,,0,1,1,0,3,10,7,0,0,0,0,0,0,0,1,0,0,0,0,0,0,0,3,1,0,10,143
2025,A,186,1,0000000001,0000002688,陳韻文,12,中繼,,0,1,1,0,4,14,8,0,0,0,0,1,0,0,2,0,0,0,0,0,0,0,4,0,9,3,148
2025,A,186,2,0000000001,0000005555,陳冠偉,59,中繼,,0,1,1,0,3,21,15,0,0,0,0,0,0,0,1,0,0,0,0,0,0,0,1,2,9,4,142
2025,A,186,1,0000000001,0000006818,髙塩將樹,28,中繼,勝,0,0,1,0,5,19,9,2,0,0,0,1,0,0,1,0,0,0,0,0,0,0,3,1,6,8,144
2025,A,186,2,0000000001,0000000135,陳禹勳,5,中繼,敗,0,0,0,1,4,10,8,3,0,3,2,0,0,0,1,0,0,0,0,0,0,0,2,2,2,2,145
2025,A,186,2,0000000001,0000002278,王定穎,90,最後一任,,0,0,0,2,2,7,6,0,0,0,0,0,0,0,2,0,0,0,0,0,0,0,0,1,0,0,142
2025,A,186,1,0000000001,0000001719,胡智爲,58,最後一任,,1,0,1,0,5,12,8,2,0,1,0,0,0,0,0,0,0,0,0,0,0,0,1,3,2,3,150
2025,A,187,1,0000000002,0000005151,羅戈,32,先發,,0,0,2,0,6,23,17,0,0,0,0,0,0,0,2,0,0,0,0,0,0,0,11,7,0,0,148
2025,A,187,2,0000000002,0000002679,江承諺,20,先發,敗,0,0,5,0,22,90,63,7,1,4,4,2,0,0,5,0,0,0,0,0,0,0,4,10,0,0,138
2025,A,187,1,0000000002,0000000771,陳琥,62,中繼,勝,0,0,2,0,8,26,14,0,0,0,0,1,0,1,0,1,0,0,0,0,0,0,1,1,0,1,143
2025,A,187,1,0000000002,0000004626,王奕凱,54,中繼,,0,0,1,0,6,17,10,2,0,1,1,1,0,0,1,0,0,0,0,0,0,0,0,0,0,0,145
2025,A,187,2,0000000002,0000006922,黃紹睿,56,中繼,,0,0,3,0,11,41,26,1,0,0,0,1,0,0,2,0,0,0,0,0,0,0,3,1,0,2,143
2025,A,187,1,0000000002,0000003334,鄭凱文,19,中繼,,0,1,1,2,6,20,15,1,0,0,0,0,0,0,1,0,0,0,0,0,0,0,3,3,1,1,138
2025,A,187,1,0000000002,0000003506,謝榮豪,79,中繼,,0,1,0,1,2,8,5,0,0,0,0,0,0,0,0,0,0,0,0,0,0,0,1,0,1,3,143
2025,A,187,1,0000000002,0000007276,伍立辰,83,中繼,,0,1,1,0,4,13,10,0,0,0,0,0,0,0,0,0,0,0,0,0,0,0,0,1,1,5,143
2025,A,187,2,0000000002,0000006767,許育銘,74,最後一任,,0,0,1,0,3,11,2,0,0,0,0,1,0,0,0,0,0,1,0,0,0,0,0,1,0,17,140
2025,A,187,1,0000000002,0000007283,陳冠穎,81,最後一任,,1,0,1,0,3,11,6,0,0,0,0,0,0,1,1,0,0,0,0,0,0,0,3,1,2,10,143
2025,A,190,1,0000000001,0000005731,布雷克,50,先發,勝,0,0,6,2,29,98,64,7,0,2,2,2,0,0,6,0,0,0,0,0,0,1,6,4,0,0,142
2025,A,190,2,0000000001,0000007558,黃博多,37,先發,敗,0,0,5,0,21,94,63,7,1,3,3,1,0,0,1,1,0,0,1,0,0,0,7,4,0,0,150
2025,A,190,2,0000000001,0000003506,謝榮豪,79,中繼,,0,0,1,0,4,15,10,1,0,0,0,0,0,0,0,0,0,0,0,0,0,0,1,0,0,2,143
2025,A,190,2,0000000001,0000007283,陳冠穎,81,中繼,,0,0,1,0,3,12,9,0,0,0,0,0,0,0,1,0,0,0,0,0,0,0,3,1,1,10,144
2025,A,190,1,0000000001,0000006818,髙塩將樹,28,中繼,,0,1,1,1,4,15,10,0,0,0,0,0,0,0,1,0,0,0,0,0,0,0,3,1,6,9,145
2025,A,190,2,0000000001,0000003331,李振昌,34,中繼,,0,0,0,2,6,30,13,1,0,2,2,3,0,0,0,0,0,0,0,0,0,0,1,1,0,0,145
2025,A,190,2,0000000001,0000000771,陳琥,62,最後一任,,0,0,1,1,8,34,17,1,1,3,3,2,0,1,1,0,0,0,0,0,0,0,0,1,0,1,148
2025,A,190,1,0000000001,0000001719,胡智爲,58,最後一任,,0,0,1,0,3,13,9,0,0,0,0,0,0,0,1,0,0,0,0,0,0,0,1,3,2,3,150
2025,A,191,1,0000000001,0000006497,鋼龍,37,先發,,0,0,5,1,23,96,59,5,0,1,1,2,0,1,3,1,0,0,0,0,0,0,6,2,0,0,146
2025,A,191,2,0000000001,0000006739,李東洺,66,先發,,0,0,7,0,26,101,62,4,0,1,1,1,0,0,6,0,0,0,0,0,0,0,2,4,0,0,149
2025,A,191,1,0000000001,0000007270,鑀龍,55,中繼,,0,1,0,2,2,8,6,0,0,0,0,0,0,0,2,0,0,0,0,0,0,0,0,1,0,8,147
2025,A,191,1,0000000001,0000000135,陳禹勳,5,中繼,勝,0,0,1,1,5,19,13,1,0,0,0,0,0,0,1,0,0,0,0,0,0,0,3,2,2,2,144
2025,A,191,2,0000000001,0000003292,賴鴻誠,32,中繼,敗,0,0,0,0,3,17,6,1,0,3,0,2,0,0,0,0,0,0,0,0,0,0,1,1,0,2,144
2025,A,191,2,0000000001,0000005592,富藍戈,87,中繼,,0,0,1,0,4,15,8,1,0,0,0,0,0,0,0,0,0,1,0,0,0,0,3,1,1,9,153
2025,A,191,1,0000000001,0000002279,吳俊杰,20,中繼,,0,1,0,2,2,10,6,0,0,0,0,0,0,0,2,1,0,0,0,0,0,0,0,0,0,5,145
2025,A,191,2,0000000001,0000006870,林栚呈,94,最後一任,,0,0,1,0,4,17,11,1,0,0,0,0,0,0,1,0,0,0,0,0,0,0,0,1,0,2,141
2025,A,191,1,0000000001,0000005555,陳冠偉,59,最後一任,,1,0,1,0,3,11,5,0,0,0,0,1,0,0,1,0,0,0,0,0,0,0,1,2,10,4,143
2025,A,192,1,0000000002,0000007559,蒙德茲,21,先發,,0,0,5,0,23,101,59,8,0,1,0,1,0,0,1,0,0,0,0,0,0,0,10,6,0,0,147
2025,A,192,2,0000000002,0000005572,魏碩成,14,先發,,0,0,5,0,23,84,57,6,0,2,2,0,0,1,2,0,0,0,0,0,0,0,3,3,0,0,141
2025,A,192,2,0000000002,0000001232,江忠城,20,中繼,,0,0,1,0,2,6,4,0,0,0,0,0,0,0,1,0,0,0,0,0,0,0,0,0,0,4,135
2025,A,192,1,0000000002,0000000998,邱浩鈞,37,中繼,,0,0,1,0,6,28,15,3,0,2,2,0,0,1,1,0,0,0,0,0,0,0,1,1,0,2,143
2025,A,192,2,0000000002,0000003639,呂彥青,58,中繼,,0,1,1,0,5,25,15,1,0,0,0,1,0,0,1,0,0,0,0,0,0,0,5,3,8,13,143
2025,A,192,1,0000000002,0000007061,辛俊昇,69,中繼,勝,0,0,1,0,4,14,9,1,0,0,0,0,0,0,1,0,0,0,0,0,0,0,4,0,0,4,142
2025,A,192,2,0000000002,0000003331,李振昌,34,中繼,敗,0,0,1,0,6,20,11,2,1,2,2,1,0,0,0,0,0,0,0,0,0,0,3,2,0,10,146
2025,A,192,1,0000000002,0000006818,髙塩將樹,28,中繼,,0,1,1,0,5,21,11,0,0,0,0,1,0,1,2,0,0,0,0,0,0,0,3,2,7,25,144
2025,A,192,2,0000000002,0000007283,陳冠穎,81,最後一任,,0,0,1,0,5,22,13,2,1,2,2,0,0,0,1,0,0,0,0,0,0,0,3,1,1,10,143
2025,A,192,1,0000000002,0000002688,陳韻文,12,最後一任,,1,0,1,0,6,24,16,3,0,1,1,0,0,0,2,0,0,0,0,0,0,0,6,1,21,3,150
2025,A,193,1,0000000002,0000006724,曹祐齊,67,先發,,0,0,2,1,16,58,37,8,1,6,6,1,0,0,1,0,0,0,0,0,0,0,4,3,0,0,139
2025,A,193,2,0000000002,0000000363,陳仕朋,81,先發,勝,0,0,6,0,27,95,65,7,1,7,4,2,0,0,2,0,0,1,0,0,0,0,3,6,0,2,142
2025,A,193,1,0000000002,0000005552,呂偉晟,39,中繼,敗,0,0,1,0,9,26,19,6,0,4,4,0,0,0,0,0,0,0,0,0,0,0,1,3,0,2,147
2025,A,193,1,0000000002,0000000135,陳禹勳,5,中繼,,0,0,0,2,3,13,7,1,0,0,0,0,0,0,1,1,0,0,0,0,0,0,5,4,2,6,146
2025,A,193,1,0000000002,0000006729,陳志杰,45,中繼,,0,0,1,0,4,14,11,1,0,0,0,0,0,0,1,0,0,0,0,0,0,0,0,0,0,0,143
2025,A,193,1,0000000002,0000007581,黃暐傑,75,中繼,,0,0,1,0,3,11,8,0,0,0,0,0,0,0,2,0,0,0,0,0,0,0,0,1,0,0,149
2025,A,193,2,0000000002,0000003292,賴鴻誠,32,中繼,,0,1,1,0,3,12,9,0,0,0,0,0,0,0,1,0,0,0,0,0,0,0,2,1,0,3,145
2025,A,193,1,0000000002,0000006215,趙璟榮,42,中繼,,0,0,1,0,5,23,16,2,0,0,0,0,0,0,2,0,0,0,0,0,0,0,1,0,0,0,152
2025,A,193,2,0000000002,0000002347,王尉永,34,中繼,,0,1,1,0,5,22,13,1,0,0,0,1,0,0,2,0,0,0,0,0,0,0,0,0,0,4,146
2025,A,193,1,0000000002,0000001821,林子昱,71,最後一任,,0,0,1,0,3,7,6,0,0,0,0,0,0,0,0,0,0,0,0,0,0,0,4,3,0,18,144
2025,A,193,2,0000000002,0000000773,李吳永勤,38,中繼,,0,0,0,2,4,13,9,2,0,0,0,0,0,0,1,0,0,0,0,0,0,0,1,4,0,14,142
2025,A,193,2,0000000002,0000006870,林栚呈,94,最後一任,,1,0,0,1,1,6,5,0,0,0,0,0,0,0,1,0,0,0,0,0,0,0,1,1,1,7,143
2025,A,194,1,0000000002,0000007062,威能帝,49,先發,勝,0,0,7,0,24,100,66,1,0,0,0,2,0,0,6,0,0,0,0,0,0,1,15,2,0,0,150
2025,A,194,2,0000000002,0000006507,後勁,40,先發,敗,0,0,7,0,25,103,67,5,1,1,1,0,0,0,5,1,0,0,0,0,0,0,13,3,0,0,149
2025,A,194,2,0000000002,0000006832,陳柏清,66,中繼,,0,0,1,0,5,17,12,1,0,1,0,0,0,0,0,0,0,0,0,0,0,0,1,5,0,23,148
2025,A,194,1,0000000002,0000000941,陳冠宇,17,中繼,,0,1,1,0,3,7,7,0,0,0,0,0,0,0,0,0,0,0,0,0,0,0,3,3,5,22,147
2025,A,194,2,0000000002,0000007580,韋宏亮,52,中繼,,0,0,0,2,4,18,11,3,0,1,1,0,0,0,0,0,1,1,0,0,0,0,0,0,0,8,148
2025,A,194,2,0000000002,0000006767,許育銘,74,最後一任,,0,0,0,1,1,7,4,0,0,0,0,0,0,0,1,0,0,0,0,0,0,0,0,1,0,17,140
2025,A,194,1,0000000002,0000000128,朱承洋,22,最後一任,,1,0,1,0,6,24,13,2,0,2,2,1,0,0,1,1,0,0,0,0,0,0,5,2,13,15,149
2025,A,195,1,0000000002,0000006237,林子崴,54,先發,敗,0,0,4,0,17,62,37,4,0,3,2,0,0,0,1,0,0,1,1,0,0,0,1,3,0,0,145
2025,A,195,2,0000000002,0000007053,艾速特,30,先發,勝,0,0,6,0,22,85,57,4,0,0,0,1,0,0,4,0,0,0,0,0,0,1,11,4,0,0,148
2025,A,195,1,0000000002,0000002274,黃子鵬,69,中繼,,0,0,3,1,11,31,22,2,0,0,0,1,0,0,1,0,0,0,0,0,0,0,4,8,0,0,137
2025,A,195,2,0000000002,0000007580,韋宏亮,52,中繼,,0,1,1,0,4,18,13,1,0,0,0,0,0,0,2,0,0,0,0,0,0,0,0,0,0,8,148
2025,A,195,2,0000000002,0000006832,陳柏清,66,中繼,,0,1,1,0,4,15,8,1,0,0,0,0,0,0,0,0,0,0,0,0,0,0,1,5,0,23,147
2025,A,195,1,0000000002,0000006228,王志煊,64,最後一任,,0,0,0,2,3,8,7,1,0,0,0,0,0,0,0,0,0,0,0,0,0,0,0,1,0,13,134
2025,A,195,2,0000000002,0000006949,林詩翔,14,最後一任,,1,0,1,0,3,11,7,0,0,0,0,0,0,0,1,0,0,0,0,0,0,0,5,5,29,6,147
2025,A,196,1,0000000002,0000004796,鎛銳,29,先發,敗,0,0,4,0,17,65,37,2,0,2,1,3,0,0,1,0,0,0,0,0,0,0,2,2,0,1,151
2025,A,196,2,0000000002,0000007049,林暉盛,12,先發,勝,0,0,7,0,26,81,56,5,1,1,1,0,0,0,2,0,0,0,0,0,0,1,3,1,0,0,147
2025,A,196,1,0000000002,0000005541,郭郁政,17,中繼,,0,0,1,0,4,14,9,0,0,0,0,0,0,0,0,0,0,1,1,0,0,0,0,2,1,3,147
2025,A,196,1,0000000002,0000007581,黃暐傑,75,中繼,,0,0,1,0,6,25,14,1,0,2,2,2,0,0,1,1,0,0,1,0,0,0,0,1,0,0,148
2025,A,196,1,0000000002,0000001821,林子昱,71,中繼,,0,0,0,2,5,22,13,2,0,2,2,0,0,1,0,1,0,0,1,0,0,0,4,3,0,18,144
2025,A,196,1,0000000002,0000000135,陳禹勳,5,中繼,,0,0,0,1,1,2,1,0,0,0,0,0,0,0,0,0,0,0,0,0,0,0,5,4,2,6,143
2025,A,196,2,0000000002,0000001232,江忠城,20,中繼,,0,0,1,0,5,20,11,2,0,0,0,0,0,0,1,0,0,0,0,0,0,0,0,0,0,4,149
2025,A,196,1,0000000002,0000006723,張鈞守,74,中繼,,0,0,0,2,4,26,15,0,0,0,0,2,0,0,0,0,0,0,0,0,0,0,0,0,1,0,150
2025,A,196,1,0000000002,0000005789,林鋅杰,77,最後一任,,0,0,0,1,1,1,1,0,0,0,0,0,0,0,0,0,0,0,0,0,0,0,0,0,0,0,141
2025,A,196,2,0000000002,0000000776,王凱程,15,最後一任,,0,0,1,0,5,17,12,2,0,1,1,0,0,0,1,0,0,0,0,0,0,0,2,2,1,22,145
2025,A,197,1,0000000002,0000007556,波賽樂,88,先發,勝,0,0,5,1,23,91,58,5,1,3,3,2,0,0,3,0,0,0,0,0,0,0,6,7,0,0,147
2025,A,197,2,0000000002,0000007588,奧德銳,88,先發,敗,0,0,4,1,23,88,59,9,0,6,6,2,0,0,2,0,0,0,0,0,0,0,3,1,0,0,146
2025,A,197,2,0000000002,0000005482,吳承諭,57,中繼,,0,0,1,2,8,24,15,2,1,1,1,1,0,0,2,0,0,0,0,0,0,0,2,4,0,3,137
2025,A,197,1,0000000002,0000006228,王志煊,64,中繼,,0,0,0,0,1,4,2,1,0,0,0,0,0,0,0,0,0,0,0,0,0,0,0,1,0,13,132
2025,A,197,1,0000000002,0000005509,莊昕諺,77,中繼,,0,1,0,2,2,5,4,0,0,0,0,0,0,0,0,0,0,0,0,0,0,0,1,4,2,7,137
2025,A,197,2,0000000002,0000000998,邱浩鈞,37,中繼,,0,0,1,0,5,22,13,3,0,0,0,0,0,0,1,0,0,0,0,0,0,0,1,1,0,2,141
2025,A,197,1,0000000002,0000002274,黃子鵬,69,中繼,,0,0,0,1,3,12,7,0,0,0,0,1,0,0,0,0,0,0,0,0,0,0,4,8,0,0,135
2025,A,197,1,0000000002,0000000941,陳冠宇,17,中繼,,0,1,1,2,5,19,11,0,0,0,0,0,0,0,1,0,0,0,0,0,0,0,3,3,5,23,148
2025,A,197,2,0000000002,0000007061,辛俊昇,69,中繼,,0,0,1,0,3,12,7,0,0,0,0,0,0,0,0,0,0,0,0,0,0,0,4,0,0,4,141
2025,A,197,2,0000000002,0000001719,胡智爲,58,最後一任,,0,0,1,0,3,11,8,0,0,0,0,0,0,0,1,0,0,0,0,0,0,0,2,7,2,3,149
2025,A,197,1,0000000002,0000000128,朱承洋,22,最後一任,,0,0,1,0,3,12,7,1,0,0,0,0,0,0,0,0,0,0,0,0,0,0,5,2,13,15,146
2025,A,199,1,0000000001,0000007264,魔神樂,21,先發,敗,0,0,4,1,23,95,58,8,1,8,7,3,0,0,0,0,0,0,0,0,0,0,7,5,0,0,147
2025,A,199,2,0000000001,0000007559,蒙德茲,21,先發,勝,0,0,5,0,25,99,62,6,0,3,2,3,0,1,4,0,0,0,0,0,0,0,6,3,0,0,150
2025,A,199,1,0000000001,0000000779,陳柏豪,9,中繼,,0,0,0,2,3,14,6,0,0,0,0,1,0,0,0,1,0,0,0,0,0,0,1,4,11,1,143
2025,A,199,2,0000000001,0000006848,林詔恩,74,中繼,,0,0,1,0,3,16,10,0,0,0,0,0,0,0,2,0,0,0,0,0,0,0,3,1,0,0,143
2025,A,199,1,0000000001,0000006720,邱駿威,46,中繼,,0,0,0,2,4,20,13,2,0,2,2,0,0,0,0,0,0,0,0,0,0,0,0,0,0,2,143
2025,A,199,1,0000000001,0000001524,劉昱言,13,中繼,,0,0,0,1,2,10,5,1,1,1,1,0,0,0,0,0,0,0,0,0,0,0,0,0,0,0,142
2025,A,199,2,0000000001,0000007293,鍾允華,29,中繼,,0,0,1,0,6,22,14,3,0,1,1,0,0,0,1,0,0,0,0,0,0,0,0,0,0,1,148
2025,A,199,1,0000000001,0000005509,莊昕諺,77,中繼,,0,0,1,0,4,16,12,1,0,0,0,0,0,0,0,0,0,0,0,0,0,0,1,1,0,5,147
2025,A,199,2,0000000001,0000003620,江承峰,95,中繼,,0,0,1,0,4,13,7,0,0,0,0,1,0,0,1,0,0,0,0,0,0,0,0,0,0,0,136
2025,A,199,1,0000000001,0000006857,舒治浩,1,最後一任,,0,0,1,0,4,9,8,1,0,0,0,0,0,0,0,0,0,0,0,0,0,0,0,0,0,0,148
2025,A,199,2,0000000001,0000005482,吳承諭,57,最後一任,,0,0,1,0,5,18,13,2,0,0,0,0,0,0,1,0,0,0,0,0,0,0,0,1,0,1,140
2025,A,200,1,0000000001,0000007554,龍聖,33,先發,敗,0,0,5,0,24,80,50,7,1,6,6,2,0,1,2,0,0,0,0,0,0,0,2,4,0,0,143
2025,A,200,2,0000000001,0000005151,羅戈,32,先發,勝,0,0,5,2,27,102,66,10,0,3,2,2,0,0,4,0,0,0,0,0,0,0,7,4,0,0,150
2025,A,200,2,0000000001,0000000778,蔡齊哲,50,中繼,,0,1,1,1,6,25,19,2,0,0,0,0,0,0,1,0,0,0,0,0,0,0,2,1,2,6,142
2025,A,200,1,0000000001,0000006215,趙璟榮,42,中繼,,0,0,1,0,5,19,12,1,0,0,0,1,0,0,1,0,0,1,0,0,0,0,1,0,0,0,143
2025,A,200,1,0000000001,0000005788,林凱威,99,中繼,,0,0,1,0,3,18,12,0,0,0,0,0,0,0,2,0,0,0,0,0,0,0,1,0,1,4,153
2025,A,200,2,0000000001,0000000776,王凱程,15,中繼,,0,1,1,0,4,10,6,1,0,0,0,0,0,0,0,0,0,0,0,0,0,0,2,2,1,12,141
2025,A,200,1,0000000001,0000006160,李超,0,最後一任,,0,0,1,0,4,17,11,1,0,0,0,0,0,0,0,1,0,0,0,0,0,0,2,0,0,1,147
2025,A,200,2,0000000001,0000003639,呂彥青,58,最後一任,,1,0,1,0,4,12,9,1,0,0,0,0,0,0,0,0,0,0,0,0,0,0,0,1,2,8,143
2025,A,201,1,0000000001,0000006507,後勁,40,先發,勝,0,0,6,0,23,96,67,4,0,0,0,1,0,0,6,0,0,1,0,0,0,1,9,0,0,0,148
2025,A,201,2,0000000001,0000006891,力亞士,55,先發,敗,0,0,6,0,25,94,62,5,0,1,1,2,1,0,4,0,0,1,0,0,0,0,3,7,0,0,150
2025,A,201,2,0000000001,0000000773,李吳永勤,38,中繼,,0,0,0,2,3,14,6,0,0,0,0,1,0,0,0,0,0,0,0,0,0,0,0,1,0,5,142
2025,A,201,2,0000000001,0000000367,吳世豪,50,中繼,,0,0,0,1,1,2,1,0,0,0,0,0,0,0,0,0,0,0,0,0,0,0,0,0,0,1,135
2025,A,201,1,0000000001,0000006767,許育銘,74,中繼,,0,1,1,0,3,13,8,0,0,0,0,0,0,0,0,0,0,0,0,0,0,0,0,0,0,11,143
2025,A,201,2,0000000001,0000006870,林栚呈,94,中繼,,0,0,1,0,3,12,8,0,0,0,0,0,0,0,1,0,0,0,0,0,0,0,0,1,0,2,142
2025,A,201,1,0000000001,0000006832,陳柏清,66,中繼,,0,1,1,0,4,15,13,0,0,0,0,0,0,0,1,0,0,0,0,0,0,0,0,4,0,5,149
2025,A,201,2,0000000001,0000005790,張奕,19,最後一任,,0,0,1,0,3,10,7,0,0,0,0,0,0,0,2,0,0,0,0,0,0,0,2,7,3,0,153
2025,A,201,1,0000000001,0000006949,林詩翔,14,最後一任,,1,0,1,0,4,17,7,0,0,0,0,2,0,0,0,1,0,0,0,0,0,0,3,3,17,3,146
2025,A,202,1,0000000001,0000007062,威能帝,49,先發,勝,0,0,7,0,24,98,71,2,0,0,0,1,0,0,14,0,0,0,0,0,0,1,8,2,0,0,152
2025,A,202,2,0000000001,0000007560,飛力獅,93,先發,敗,0,0,5,0,20,93,64,6,1,2,2,0,0,0,5,0,0,0,0,0,0,0,6,2,0,0,148
2025,A,202,2,0000000001,0000001719,胡智爲,58,中繼,,0,0,1,0,5,25,15,2,0,1,1,0,0,0,2,0,0,0,0,0,0,0,1,3,2,3,148
2025,A,202,2,0000000001,0000007292,李軍,62,中繼,,0,0,1,0,4,12,7,1,0,0,0,0,0,0,0,0,0,1,0,0,0,0,0,0,0,2,145
2025,A,202,2,0000000001,0000002688,陳韻文,12,中繼,,0,0,1,0,6,15,12,3,1,1,1,0,0,0,0,0,0,0,0,0,0,0,4,0,9,3,146
2025,A,202,1,0000000001,0000000128,朱承洋,22,中繼,,0,0,1,0,5,15,10,1,0,0,0,1,0,0,0,0,0,0,0,0,0,0,3,1,2,13,148
2025,A,202,2,0000000001,0000007061,辛俊昇,69,最後一任,,0,0,1,0,4,12,11,1,0,0,0,0,0,0,1,0,0,0,0,0,0,0,0,0,0,0,
2025,A,202,1,0000000001,0000000941,陳冠宇,17,最後一任,,0,0,1,0,3,14,10,0,0,0,0,0,0,0,2,0,0,0,0,0,0,0,1,2,2,11,150
2025,A,203,1,0000000001,0000006906,艾璞樂,35,先發,勝,0,0,5,0,17,56,39,2,0,0,0,0,0,0,3,0,0,0,0,0,0,0,4,3,0,1,149
2025,A,203,2,0000000001,0000007573,李博登,38,先發,敗,0,0,5,0,24,80,53,9,2,6,6,1,0,0,4,0,0,0,0,0,0,0,0,2,0,0,143
2025,A,203,2,0000000001,0000007283,陳冠穎,81,中繼,,0,0,1,0,3,15,7,1,0,0,0,0,0,0,0,0,0,0,0,0,0,0,3,1,1,10,144
2025,A,203,1,0000000001,0000000762,伍鐸,52,中繼,,0,0,2,0,10,38,18,2,0,1,1,3,0,0,0,0,0,0,0,0,0,0,4,4,0,0,139
2025,A,203,2,0000000001,0000003331,李振昌,34,中繼,,0,0,1,0,8,22,15,4,0,2,2,0,0,1,0,0,0,0,0,0,0,0,1,1,0,0,144
2025,A,203,2,0000000001,0000003506,謝榮豪,79,中繼,,0,0,1,0,4,23,15,0,0,0,0,1,0,0,0,0,0,0,0,0,0,0,1,0,0,2,145
2025,A,203,1,0000000001,0000007270,鑀龍,55,中繼,,0,0,1,0,3,11,7,0,0,0,0,0,0,0,2,0,0,0,0,0,0,0,0,1,0,8,146
2025,A,203,2,0000000001,0000000771,陳琥,62,最後一任,,0,0,1,0,4,18,10,0,0,0,0,1,0,0,0,0,0,0,0,0,0,0,0,1,0,1,144
2025,A,203,1,0000000001,0000001821,林子昱,71,最後一任,,0,0,1,0,4,14,11,1,0,0,0,0,0,0,1,1,0,0,0,0,0,0,3,1,0,10,146
2025,A,204,1,0000000001,0000007274,吉田一将,41,先發,,0,0,6,0,21,92,59,4,0,2,2,0,0,0,4,0,0,0,0,0,0,0,2,5,0,0,146
2025,A,204,2,0000000001,0000006871,黃保羅,18,先發,,0,0,5,0,23,92,54,5,0,2,2,3,0,0,3,0,0,1,0,0,0,0,3,5,0,0,145
2025,A,204,2,0000000001,0000000773,李吳永勤,38,中繼,,0,1,1,0,5,25,14,0,0,0,0,1,0,1,2,0,0,0,0,0,0,0,0,1,0,6,143
2025,A,204,2,0000000001,0000005592,富藍戈,87,中繼,,0,1,2,0,7,20,11,1,0,0,0,0,0,0,1,0,0,0,0,0,0,0,4,1,1,10,158
2025,A,204,1,0000000001,0000006921,伍祐城,55,中繼,,0,1,2,0,7,32,18,1,0,0,0,0,0,0,3,0,0,0,0,0,0,0,1,0,0,4,148
2025,A,204,2,0000000001,0000005790,張奕,19,最後一任,勝,0,0,1,0,5,22,13,2,0,1,1,0,0,0,0,0,0,0,0,0,0,0,3,7,3,0,149
2025,A,204,1,0000000001,0000007069,張誠恩,93,中繼,敗,0,0,0,1,4,14,9,3,0,2,2,0,0,0,0,0,0,0,0,0,0,0,1,3,2,15,148
2025,A,204,1,0000000001,0000006767,許育銘,74,最後一任,,0,0,0,1,3,8,3,1,0,0,0,1,0,0,0,0,0,0,0,0,0,0,0,0,0,11,140
2025,A,205,1,0000000001,0000002679,江承諺,20,先發,敗,0,0,1,2,13,52,37,7,1,7,7,2,0,0,2,0,0,0,1,0,0,0,2,6,0,0,141
2025,A,205,2,0000000001,0000006497,鋼龍,37,先發,勝,0,0,5,0,25,113,70,8,0,4,4,4,0,0,1,1,0,0,0,0,0,0,7,2,0,0,149
2025,A,205,1,0000000001,0000007303,黃子豪,85,中繼,,0,0,2,1,9,34,24,2,0,0,0,1,0,0,1,0,0,0,0,0,0,0,2,1,0,1,145
2025,A,205,1,0000000001,0000000777,楊達翔,99,中繼,,0,0,1,0,6,30,17,2,0,2,2,1,0,0,0,0,0,0,0,0,0,0,0,0,0,0,146
2025,A,205,2,0000000001,0000006160,李超,0,中繼,,0,0,1,0,3,13,10,0,0,0,0,0,0,0,2,0,0,0,0,0,0,0,2,0,0,1,147
2025,A,205,1,0000000001,0000006982,黃群,46,中繼,,0,0,2,0,10,39,24,2,0,3,3,2,0,0,2,0,0,0,0,0,0,0,0,0,0,6,144
2025,A,205,2,0000000001,0000002279,吳俊杰,20,中繼,,0,0,0,1,3,14,6,1,0,0,0,1,0,0,0,0,0,0,0,0,0,0,0,0,0,5,148
2025,A,205,2,0000000001,0000000135,陳禹勳,5,中繼,,0,0,0,2,2,14,8,0,0,0,0,0,0,0,0,0,0,0,0,0,0,0,3,2,2,2,146
2025,A,205,2,0000000001,0000002278,王定穎,90,中繼,,0,0,1,0,4,18,9,0,0,0,0,0,0,1,0,0,0,0,0,0,0,0,0,1,0,0,144
2025,A,205,1,0000000001,0000001390,王躍霖,95,最後一任,,0,0,1,0,3,13,6,0,0,0,0,0,0,0,1,0,0,0,0,0,0,0,0,1,0,0,146
2025,A,205,2,0000000001,0000005555,陳冠偉,59,最後一任,,0,0,1,0,3,16,9,0,0,0,0,0,0,0,2,0,0,0,0,0,0,0,1,2,10,4,143
2025,A,206,1,0000000001,0000002345,鄭浩均,33,先發,,0,0,5,0,18,67,42,4,0,0,0,0,0,0,3,0,0,0,0,0,0,0,3,1,0,0,153
2025,A,206,2,0000000001,0000006237,林子崴,54,先發,,0,0,3,0,16,53,35,7,1,5,5,1,0,0,3,0,0,1,0,0,0,0,0,0,0,0,147
2025,A,206,2,0000000001,0000007556,波賽樂,88,中繼,,0,0,4,0,16,63,43,5,0,0,0,0,0,0,2,1,0,0,0,0,0,0,2,5,0,0,150
2025,A,206,1,0000000001,0000007283,陳冠穎,81,中繼,,0,0,0,1,4,14,10,3,0,3,3,0,0,0,1,0,0,0,0,0,0,0,3,1,1,10,145
2025,A,206,1,0000000001,0000003506,謝榮豪,79,中繼,,0,0,0,2,5,14,11,3,0,2,1,0,0,0,0,0,0,0,0,0,0,0,1,0,0,2,143
2025,A,206,1,0000000001,0000000778,蔡齊哲,50,中繼,,0,1,1,0,4,18,14,1,0,0,0,0,0,0,0,0,0,0,0,0,0,0,2,1,2,7,142
2025,A,206,2,0000000001,0000000128,朱承洋,22,中繼,,0,1,1,0,5,21,12,0,0,0,0,1,0,0,2,0,0,0,0,0,0,0,3,1,2,14,148
2025,A,206,1,0000000001,0000000776,王凱程,15,中繼,,0,1,1,0,3,13,8,0,0,0,0,0,0,0,1,0,0,0,0,0,0,0,2,2,1,13,143
2025,A,206,2,0000000001,0000000941,陳冠宇,17,最後一任,勝,0,0,1,0,3,8,6,0,0,0,0,0,0,0,1,0,0,0,0,0,0,0,2,2,2,11,149
2025,A,206,1,0000000001,0000003639,呂彥青,58,最後一任,敗,0,0,0,1,4,7,6,3,0,1,1,0,0,0,1,0,0,0,0,0,0,0,0,2,2,8,138
2025,A,207,1,0000000001,0000007547,石萬金,32,先發,,0,0,5,0,22,90,57,6,0,2,2,1,0,1,6,0,0,0,0,0,0,0,4,5,0,0,148
2025,A,207,2,0000000001,0000005543,徐若熙,18,先發,,0,0,5,0,21,82,59,6,0,2,2,1,0,0,4,0,0,0,0,0,0,0,2,5,0,0,151
2025,A,207,2,0000000001,0000007270,鑀龍,55,中繼,,0,1,0,2,4,25,13,0,0,0,0,2,0,0,1,0,0,0,0,0,0,0,0,1,0,9,145
2025,A,207,2,0000000001,0000006160,李超,0,中繼,,0,1,0,1,1,4,3,0,0,0,0,0,0,0,0,0,0,0,0,0,0,0,2,0,0,2,146
2025,A,207,1,0000000001,0000006921,伍祐城,55,中繼,,0,1,1,1,6,28,16,1,0,1,0,1,0,0,3,0,0,0,0,0,0,0,1,0,0,5,147
2025,A,207,2,0000000001,0000005788,林凱威,99,中繼,,0,0,1,0,6,17,13,2,0,1,1,1,0,0,1,0,0,0,0,0,0,0,1,0,1,4,150
2025,A,207,1,0000000001,0000006832,陳柏清,66,中繼,勝,0,0,1,2,6,28,20,0,0,0,0,0,0,0,2,0,0,0,0,0,0,0,1,4,0,5,149
2025,A,207,2,0000000001,0000001821,林子昱,71,中繼,敗,0,0,1,0,6,25,11,3,0,3,3,1,0,0,0,0,0,0,0,0,0,0,3,2,0,10,144
2025,A,207,2,0000000001,0000002278,王定穎,90,中繼,,0,0,0,1,5,9,8,4,1,3,3,0,0,0,0,0,0,0,0,0,0,0,0,1,0,0,141
2025,A,207,2,0000000001,0000006215,趙璟榮,42,最後一任,,0,0,0,2,2,12,10,0,0,0,0,0,0,0,1,0,0,0,0,0,0,0,1,0,0,0,150
2025,A,207,1,0000000001,0000006949,林詩翔,14,最後一任,,0,0,1,0,3,5,4,0,0,0,0,0,0,0,0,0,0,0,0,0,0,0,3,3,17,3,145
2025,A,208,1,0000000001,0000007558,黃博多,37,先發,勝,0,0,6,0,24,107,79,8,0,0,0,1,0,0,3,0,0,0,0,0,0,0,8,4,0,0,152
2025,A,208,2,0000000001,0000004624,陳克羿,19,先發,敗,0,0,2,1,16,69,35,5,0,4,4,4,0,0,2,1,0,0,0,0,0,0,0,1,0,0,146
2025,A,208,2,0000000001,0000005558,蘇俊璋,00,中繼,,0,0,0,2,2,10,7,0,0,0,0,0,0,0,2,0,0,0,0,0,0,0,0,0,0,3,146
2025,A,208,2,0000000001,0000005509,莊昕諺,77,中繼,,0,0,1,0,5,19,14,2,0,1,0,0,0,0,1,0,0,0,0,0,0,0,1,1,0,5,150
2025,A,208,2,0000000001,0000006857,舒治浩,1,中繼,,0,0,1,1,7,31,20,2,0,2,2,1,0,0,1,0,1,1,0,0,0,0,0,0,0,0,149
2025,A,208,2,0000000001,0000007073,賴胤豪,63,中繼,,0,0,1,2,7,26,20,3,0,0,0,0,0,0,0,0,0,0,0,0,0,0,1,0,0,1,152
2025,A,208,1,0000000001,0000003334,鄭凱文,19,中繼,,0,0,0,2,7,22,13,5,0,3,3,0,0,0,1,0,0,0,0,0,0,0,2,3,1,0,139
2025,A,208,1,0000000001,0000000778,蔡齊哲,50,中繼,,0,1,1,1,4,10,7,0,0,0,0,0,0,0,0,0,0,0,0,0,0,0,2,1,2,8,138
2025,A,208,2,0000000001,0000006720,邱駿威,46,中繼,,0,0,1,0,3,10,7,0,0,0,0,0,0,0,2,0,0,0,0,0,0,0,0,0,0,2,147
2025,A,208,2,0000000001,0000000779,陳柏豪,9,最後一任,,0,0,1,0,3,10,7,0,0,0,0,0,0,0,0,0,0,0,0,0,0,0,1,4,11,1,147
2025,A,208,1,0000000001,0000000776,王凱程,15,最後一任,,0,0,1,0,6,25,13,2,0,1,1,0,0,1,0,0,0,0,0,0,0,0,2,2,1,13,145
2025,A,209,1,0000000001,0000006739,李東洺,66,先發,,0,0,5,0,24,106,61,4,0,2,2,4,0,1,2,0,1,0,0,0,0,0,2,4,0,0,149
2025,A,209,2,0000000001,0000005731,布雷克,50,先發,,0,0,6,0,25,111,72,5,0,3,3,2,0,0,9,0,0,0,0,0,0,0,6,4,0,0,142
2025,A,209,1,0000000001,0000006870,林栚呈,94,中繼,,0,1,1,0,3,11,8,0,0,0,0,0,0,0,1,0,0,0,0,0,0,0,0,1,0,3,141
2025,A,209,2,0000000001,0000005482,吳承諭,57,中繼,勝,0,0,1,0,5,14,10,2,0,0,0,0,0,0,1,0,0,0,0,0,0,0,1,1,0,1,141
2025,A,209,1,0000000001,0000000773,李吳永勤,38,中繼,敗,0,0,0,1,4,16,8,1,0,3,0,1,0,0,0,0,0,0,0,0,0,0,0,2,0,6,141
2025,A,209,1,0000000001,0000005592,富藍戈,87,中繼,,0,0,0,2,4,9,6,1,0,1,0,0,0,0,0,0,0,0,1,0,0,0,4,1,1,10,152
2025,A,209,2,0000000001,0000006818,髙塩將樹,28,中繼,,0,1,1,0,3,8,6,1,0,0,0,0,0,0,0,0,0,0,0,0,0,0,3,1,6,10,141
2025,A,209,1,0000000001,0000005284,藍愷青,21,最後一任,,0,0,1,0,3,16,9,0,0,0,0,0,0,0,1,0,0,0,0,0,0,0,0,0,0,0,128
2025,A,209,2,0000000001,0000002688,陳韻文,12,最後一任,,1,0,1,0,3,18,13,0,0,0,0,0,0,0,2,0,0,0,0,0,0,0,4,0,10,3,149
2025,A,210,1,0000000001,0000006749,魔力藍,44,先發,勝,0,0,6,0,25,91,56,5,0,0,0,2,0,0,3,0,0,0,0,0,0,0,5,6,0,0,148
2025,A,210,2,0000000001,0000006848,林詔恩,74,先發,,0,0,5,0,20,77,46,4,0,0,0,1,0,0,4,0,0,0,0,0,0,0,3,1,0,0,144
2025,A,210,2,0000000001,0000001719,胡智爲,58,中繼,敗,0,0,1,0,7,22,13,4,1,2,2,0,0,0,0,0,0,0,0,0,0,0,1,4,2,3,147
2025,A,210,2,0000000001,0000003620,江承峰,95,中繼,,0,0,1,0,5,18,16,2,1,2,2,0,0,0,2,0,0,0,0,0,0,0,0,0,0,0,138
2025,A,210,1,0000000001,0000006870,林栚呈,94,中繼,,0,0,0,1,2,5,3,1,0,1,1,0,0,0,0,0,0,0,0,0,0,0,0,1,0,3,140
2025,A,210,1,0000000001,0000000363,陳仕朋,81,中繼,,0,0,0,2,3,9,6,1,0,0,0,0,0,0,0,0,0,0,0,0,0,0,2,3,0,0,140
2025,A,210,2,0000000001,0000007293,鍾允華,29,中繼,,0,0,1,0,3,15,9,0,0,0,0,0,0,0,1,0,0,0,0,0,0,0,0,0,0,1,149
2025,A,210,1,0000000001,0000005592,富藍戈,87,中繼,,0,1,1,0,3,11,7,0,0,0,0,0,0,0,2,0,0,0,0,0,0,0,4,1,1,11,154
2025,A,210,2,0000000001,0000007061,辛俊昇,69,最後一任,,0,0,1,0,3,8,5,0,0,0,0,0,0,0,1,0,0,0,0,0,0,0,0,0,0,0,143
2025,A,210,1,0000000001,0000005790,張奕,19,最後一任,,1,0,1,0,3,8,6,0,0,0,0,0,0,0,0,0,0,0,0,0,0,0,3,7,4,0,148
2025,A,211,1,0000000001,0000007264,魔神樂,21,先發,,0,0,5,0,22,97,65,5,0,2,2,2,0,0,4,0,0,0,0,0,0,0,7,5,0,0,145
2025,A,211,2,0000000001,0000006497,鋼龍,37,先發,,0,0,7,0,27,95,65,4,1,2,2,2,0,0,1,0,0,0,1,0,0,0,7,2,0,0,146
2025,A,211,1,0000000001,0000005558,蘇俊璋,00,中繼,,0,0,1,0,4,18,10,0,0,0,0,1,0,0,0,0,0,0,0,0,0,0,0,0,0,3,143
2025,A,211,1,0000000001,0000007073,賴胤豪,63,中繼,,0,1,1,0,3,11,7,0,0,0,0,0,0,0,1,0,0,0,0,0,0,0,1,0,0,2,150
2025,A,211,2,0000000001,0000005788,林凱威,99,中繼,,0,1,1,0,5,22,11,1,0,0,0,1,0,0,1,0,0,0,0,0,0,0,1,0,1,5,153
2025,A,211,1,0000000001,0000000128,朱承洋,22,中繼,,0,1,1,0,3,17,12,0,0,0,0,0,0,0,2,0,0,0,0,0,0,0,3,1,2,15,146
2025,A,211,2,0000000001,0000005555,陳冠偉,59,中繼,,0,1,1,0,3,19,12,0,0,0,0,0,0,0,1,0,0,0,0,0,0,0,1,2,10,5,
2025,A,211,1,0000000001,0000000941,陳冠宇,17,中繼,,0,1,1,0,3,16,12,0,0,0,0,0,0,0,2,0,0,0,0,0,0,0,2,2,2,12,147
2025,A,211,2,0000000001,0000000135,陳禹勳,5,中繼,敗,0,0,1,0,5,16,11,2,0,2,1,0,0,0,0,1,0,0,0,0,0,0,3,3,2,2,144
2025,A,211,1,0000000001,0000005372,呂詠臻,48,中繼,勝,0,0,1,0,3,6,3,0,0,0,0,0,0,0,0,0,0,0,0,0,0,0,3,2,0,10,148
2025,A,211,2,0000000001,0000001821,林子昱,71,最後一任,,0,0,1,0,3,12,10,0,0,0,0,0,0,0,1,1,0,0,0,0,0,0,3,2,0,10,146
2025,A,211,1,0000000001,0000005509,莊昕諺,77,最後一任,,1,0,1,0,4,8,5,1,0,1,0,0,0,1,0,0,0,0,0,0,0,0,1,1,1,5,146
2025,A,212,1,0000000001,0000005731,布雷克,50,先發,敗,0,0,5,0,27,86,51,10,0,6,6,2,0,0,6,1,0,1,2,0,0,0,6,5,0,0,140
2025,A,212,2,0000000001,0000007053,艾速特,30,先發,勝,0,0,6,0,20,79,56,4,0,0,0,0,0,0,6,0,0,0,0,0,0,1,4,3,0,0,147
2025,A,212,1,0000000001,0000007061,辛俊昇,69,中繼,,0,0,1,0,6,22,14,3,0,1,1,0,0,0,1,0,0,0,0,0,0,0,0,0,0,0,141
2025,A,212,2,0000000001,0000007069,張誠恩,93,中繼,,0,0,1,0,3,6,3,0,0,0,0,0,0,0,0,0,0,0,0,0,0,0,1,3,2,15,142
2025,A,212,1,0000000001,0000006222,劉予承,26,中繼,,0,0,1,0,3,14,9,0,0,0,0,0,0,0,0,0,0,0,0,0,0,0,0,0,0,0,145
2025,A,212,2,0000000001,0000006767,許育銘,74,中繼,,0,0,1,0,6,25,18,2,0,0,0,1,0,0,1,0,0,0,0,0,0,0,0,0,0,11,143
2025,A,212,1,0000000001,0000005482,吳承諭,57,最後一任,,0,0,1,0,4,14,10,1,0,0,0,0,0,0,0,0,0,0,0,0,0,0,1,1,0,1,138
2025,A,212,2,0000000001,0000001390,王躍霖,95,最後一任,,0,0,1,0,4,14,9,1,1,1,1,0,0,0,1,0,0,0,0,0,0,0,0,1,0,0,143
2025,A,213,1,0000000001,0000007556,波賽樂,88,先發,敗,0,0,5,0,25,111,70,6,1,2,2,3,0,1,5,0,0,0,0,0,0,0,2,6,0,0,148
2025,A,213,2,0000000001,0000005543,徐若熙,18,先發,勝,0,0,7,0,25,83,61,4,0,0,0,1,0,0,4,0,0,0,0,0,0,1,3,5,0,0,153
2025,A,213,1,0000000001,0000000779,陳柏豪,9,中繼,,0,0,1,0,4,13,8,1,0,0,0,0,0,0,1,0,0,0,0,0,0,0,1,4,11,1,144
2025,A,213,1,0000000001,0000006720,邱駿威,46,中繼,,0,0,1,0,6,20,14,2,0,0,0,1,0,0,1,0,0,0,0,0,0,0,0,0,0,2,147
2025,A,213,2,0000000001,0000007270,鑀龍,55,中繼,,0,1,1,0,4,15,8,1,0,0,0,0,0,0,1,0,0,0,0,0,0,0,0,1,0,10,143
2025,A,213,1,0000000001,0000007073,賴胤豪,63,最後一任,,0,0,1,0,4,24,13,1,0,0,0,1,0,0,2,0,0,0,0,0,0,0,1,0,0,2,153
2025,A,213,2,0000000001,0000005555,陳冠偉,59,最後一任,,1,0,1,0,4,15,7,0,0,0,0,1,0,0,0,0,0,0,0,0,0,0,1,2,11,5,141
2025,A,214,1,0000000001,0000006848,林詔恩,74,先發,勝,0,0,5,0,20,71,42,5,0,0,0,2,0,0,3,0,0,0,0,0,0,0,4,1,0,0,145
2025,A,214,2,0000000001,0000007547,石萬金,32,先發,敗,0,0,5,0,24,99,60,5,1,3,2,5,0,0,1,0,0,1,0,0,0,0,4,6,0,0,146
2025,A,214,2,0000000001,0000006982,黃群,46,中繼,,0,0,1,0,3,16,12,0,0,0,0,0,0,0,2,0,0,0,0,0,0,0,0,0,0,6,144
2025,A,214,1,0000000001,0000007292,李軍,62,中繼,,0,1,1,0,5,19,15,2,1,2,2,0,0,0,0,0,0,0,0,0,0,0,0,0,0,3,148
2025,A,214,2,0000000001,0000006921,伍祐城,55,中繼,,0,0,1,0,6,15,9,2,0,1,1,0,0,0,0,0,0,0,0,0,0,0,1,0,0,5,150
2025,A,214,1,0000000001,0000007293,鍾允華,29,中繼,,0,1,0,1,3,14,6,1,0,1,1,1,0,0,0,0,0,0,0,0,0,0,0,0,0,2,147
2025,A,214,1,0000000001,0000006818,髙塩將樹,28,中繼,,0,1,1,2,9,27,21,4,0,1,1,0,0,0,0,0,0,0,0,0,0,0,3,1,6,11,146
2025,A,214,2,0000000001,0000006832,陳柏清,66,中繼,,0,0,1,0,7,25,18,4,0,2,2,0,0,0,2,1,0,0,0,0,0,0,1,4,0,5,148
2025,A,214,2,0000000001,0000007069,張誠恩,93,最後一任,,0,0,1,0,3,8,6,0,0,0,0,0,0,0,0,0,0,0,0,0,0,0,1,3,2,15,142
2025,A,214,1,0000000001,0000002688,陳韻文,12,最後一任,,1,0,1,0,4,18,14,1,0,0,0,0,0,0,1,1,0,0,0,0,0,0,4,0,11,3,148
2025,A,215,1,0000000001,0000005151,羅戈,32,先發,敗,0,0,5,0,24,99,63,7,1,2,2,1,0,0,5,0,0,0,0,0,0,0,7,5,0,0,152
2025,A,215,2,0000000001,0000006891,力亞士,55,先發,勝,0,0,7,0,25,100,64,3,0,0,0,0,0,1,8,0,0,0,0,0,0,1,4,7,0,0,152
2025,A,215,1,0000000001,0000003506,謝榮豪,79,中繼,,0,0,1,0,2,5,3,0,0,0,0,0,0,0,0,0,0,0,0,0,0,0,1,0,0,2,141
2025,A,215,1,0000000001,0000007283,陳冠穎,81,中繼,,0,0,1,0,3,9,5,1,0,0,0,0,0,0,0,0,0,0,0,0,0,0,3,1,1,10,145
2025,A,215,2,0000000001,0000005592,富藍戈,87,中繼,,0,1,1,0,3,11,7,0,0,0,0,0,0,0,0,0,0,0,0,0,0,0,4,1,1,12,154
2025,A,215,1,0000000001,0000000776,王凱程,15,最後一任,,0,0,1,0,4,17,11,1,0,0,0,0,0,0,1,0,0,0,0,0,0,0,2,2,1,13,138
2025,A,215,2,0000000001,0000005790,張奕,19,最後一任,,1,0,1,0,4,18,9,0,0,0,0,1,0,0,1,0,0,0,0,0,0,0,3,7,5,0,152
2025,A,216,1,0000000001,0000007558,黃博多,37,先發,,0,0,1,0,3,12,9,0,0,0,0,0,0,0,1,0,0,0,0,0,0,0,10,7,0,0,152
2025,A,216,2,0000000001,0000000363,陳仕朋,81,先發,,0,0,1,0,4,14,11,1,0,0,0,0,0,0,0,0,0,0,0,0,0,0,3,6,0,2,141
2025,A,216,2,0000000001,0000005479,江國豪,12,中繼,,0,0,5,1,25,95,62,4,0,3,3,4,0,0,3,0,0,1,0,0,0,0,1,1,0,0,147
2025,A,216,1,0000000001,0000007579,韋禮加,89,中繼,,0,0,6,1,27,94,63,9,0,3,3,0,0,0,4,0,0,0,1,0,0,0,0,1,0,0,151
2025,A,216,2,0000000001,0000003292,賴鴻誠,32,中繼,,0,0,0,2,3,16,9,1,0,0,0,1,0,0,0,0,0,0,0,0,0,0,2,1,0,3,144
2025,A,216,2,0000000001,0000002280,廖任磊,13,中繼,,0,0,1,0,3,10,7,0,0,0,0,0,0,0,1,0,0,0,0,0,0,0,0,0,0,0,148
2025,A,216,1,0000000001,0000004625,吳俊偉,94,中繼,,0,0,0,2,3,16,10,1,0,0,0,0,0,0,2,0,0,0,0,0,0,0,2,2,8,4,147
2025,A,216,2,0000000001,0000006227,曾峻岳,60,中繼,,0,0,1,2,7,24,17,2,1,2,1,0,0,0,0,0,0,0,1,0,0,0,1,4,10,4,152
2025,A,216,1,0000000001,0000003331,李振昌,34,中繼,,0,1,1,0,4,19,12,0,0,0,0,1,0,0,1,0,0,0,0,0,0,0,3,2,0,11,144
2025,A,216,2,0000000001,0000000773,李吳永勤,38,最後一任,勝,0,0,0,1,1,3,2,0,0,0,0,0,0,0,0,0,0,0,0,0,0,0,2,4,0,14,140
2025,A,216,1,0000000001,0000003639,呂彥青,58,中繼,敗,0,0,0,1,4,17,10,2,0,3,2,1,0,0,1,0,0,0,0,0,0,0,5,4,8,13,143
2025,A,216,1,0000000001,0000000778,蔡齊哲,50,最後一任,,0,0,0,1,3,5,1,0,0,0,0,2,1,0,0,0,0,0,0,0,0,0,4,2,3,17,141
2025,A,217,1,0000000002,0000006891,力亞士,55,先發,勝,0,0,5,2,23,74,50,6,0,3,3,0,0,2,4,1,2,0,0,0,0,0,8,12,0,0,150
2025,A,217,2,0000000002,0000007055,張景淯,51,先發,敗,0,0,1,1,9,35,23,1,0,3,1,1,0,2,2,0,0,0,1,0,0,0,0,1,0,0,141
2025,A,217,2,0000000002,0000005789,林鋅杰,77,中繼,,0,0,1,2,9,28,19,4,0,3,3,0,0,0,1,0,0,0,0,0,0,0,0,0,0,0,146
2025,A,217,2,0000000002,0000005552,呂偉晟,39,中繼,,0,0,1,0,3,8,4,0,0,0,0,0,0,0,0,0,0,0,1,0,0,0,1,3,0,2,149
2025,A,217,2,0000000002,0000006729,陳志杰,45,中繼,,0,0,1,0,4,14,7,1,0,0,0,0,0,0,0,0,0,0,0,0,0,0,0,0,0,0,141
2025,A,217,2,0000000002,0000007305,李致霖,40,中繼,,0,0,1,0,3,11,7,0,0,0,0,0,0,0,2,0,0,0,0,0,0,0,0,0,0,0,149
2025,A,217,1,0000000002,0000002280,廖任磊,13,中繼,,0,1,1,1,5,18,12,1,0,0,0,0,0,0,1,0,0,0,0,0,0,0,0,0,0,1,150
2025,A,217,2,0000000002,0000006215,趙璟榮,42,中繼,,0,0,1,0,3,13,9,0,0,0,0,0,0,0,3,0,0,0,0,0,0,0,1,0,0,0,150
2025,A,217,2,0000000002,0000000135,陳禹勳,5,中繼,,0,0,1,0,5,17,10,1,0,0,0,1,0,0,1,0,0,0,0,0,0,0,5,4,2,6,145
2025,A,217,1,0000000002,0000006227,曾峻岳,60,中繼,,0,1,1,0,4,9,7,1,0,0,0,0,0,0,0,0,0,0,0,0,0,0,1,4,10,5,152
2025,A,217,2,0000000002,0000005788,林凱威,99,最後一任,,0,0,1,0,4,17,10,1,0,0,0,0,0,0,1,0,0,0,0,0,0,0,1,2,3,14,155
2025,A,217,1,0000000002,0000006870,林栚呈,94,最後一任,,1,0,1,0,3,7,7,0,0,0,0,0,0,0,0,0,0,0,0,0,0,0,1,1,3,7,144
2025,A,218,1,0000000002,0000007567,櫻井周斗,69,先發,勝,0,0,5,0,23,93,54,5,0,2,2,3,0,0,2,0,0,0,0,0,0,0,2,0,0,0,143
2025,A,218,2,0000000002,0000007264,魔神樂,21,先發,敗,0,0,5,2,28,87,61,9,0,4,1,1,0,0,4,0,0,0,0,0,0,0,13,8,0,0,144
2025,A,218,2,0000000002,0000006228,王志煊,64,中繼,,0,0,0,2,4,13,8,1,0,0,0,1,0,0,1,0,0,0,0,0,0,0,0,1,0,13,134
2025,A,218,1,0000000002,0000001390,王躍霖,95,中繼,,0,1,1,0,4,19,11,0,0,0,0,1,0,0,0,0,0,0,0,0,0,0,0,2,1,2,142
2025,A,218,2,0000000002,0000000941,陳冠宇,17,中繼,,0,0,1,2,5,17,11,0,0,0,0,0,0,0,2,0,0,0,0,0,0,0,3,3,5,21,147
2025,A,218,1,0000000002,0000007580,韋宏亮,52,中繼,,0,1,1,0,4,19,13,1,0,1,1,0,0,0,0,0,0,0,0,0,0,0,0,0,0,7,148
2025,A,218,1,0000000002,0000006832,陳柏清,66,中繼,,0,1,1,0,3,13,7,0,0,0,0,0,0,0,0,0,0,0,0,0,0,0,1,5,0,22,147
2025,A,218,2,0000000002,0000000128,朱承洋,22,中繼,,0,0,0,2,6,29,19,3,0,3,3,1,0,0,1,0,0,0,0,0,0,0,5,2,12,15,149
2025,A,218,2,0000000002,0000000779,陳柏豪,9,最後一任,,0,0,0,1,1,1,1,0,0,0,0,0,0,0,0,0,0,0,0,0,0,0,1,4,11,2,140
2025,A,218,1,0000000002,0000006949,林詩翔,14,最後一任,,0,0,1,0,4,15,10,1,0,0,0,0,0,0,1,0,0,0,0,0,0,0,5,5,28,6,145
2025,A,220,1,0000000001,0000002345,鄭浩均,33,先發,,0,0,5,1,20,78,47,3,0,0,0,3,0,0,1,0,0,1,0,0,0,0,3,1,0,0,152
2025,A,220,2,0000000001,0000007560,飛力獅,93,先發,,0,0,7,2,29,102,65,6,0,1,0,1,0,0,2,0,0,0,0,0,0,0,6,2,0,0,148
2025,A,220,1,0000000001,0000000778,蔡齊哲,50,中繼,,0,1,1,2,5,17,12,0,0,0,0,0,0,0,1,0,0,0,0,0,0,0,2,1,2,9,142
2025,A,220,2,0000000001,0000006818,髙塩將樹,28,中繼,,0,0,1,1,6,30,17,0,0,0,0,2,0,0,0,0,0,0,0,0,0,0,3,1,6,11,143
2025,A,220,1,0000000001,0000000776,王凱程,15,中繼,,0,1,0,1,3,12,6,1,0,0,0,1,0,0,1,0,0,0,0,0,0,0,2,2,1,14,140
2025,A,220,1,0000000001,0000003639,呂彥青,58,中繼,勝,0,0,1,2,6,28,18,1,1,1,1,0,0,0,2,0,0,0,0,0,0,0,1,2,2,8,141
2025,A,220,2,0000000001,0000002688,陳韻文,12,中繼,敗,0,0,0,2,6,34,19,3,0,4,3,2,0,0,1,0,0,0,0,0,0,0,4,1,11,3,150
2025,A,220,2,0000000001,0000005482,吳承諭,57,最後一任,,0,0,0,1,2,6,5,1,0,0,0,0,0,0,0,0,0,0,0,0,0,0,1,1,0,1,139
2025,A,220,1,0000000001,0000007283,陳冠穎,81,中繼,,0,0,0,2,5,23,12,1,0,2,1,2,0,0,2,0,0,0,0,0,0,0,3,1,1,10,143
2025,A,220,1,0000000001,0000003506,謝榮豪,79,最後一任,,1,0,0,1,2,9,3,0,0,0,0,1,0,0,0,0,0,0,0,0,0,0,1,0,1,2,144
2025,A,221,1,0000000001,0000006749,魔力藍,44,先發,勝,0,0,6,0,28,102,64,6,0,2,2,2,1,2,4,0,0,1,0,0,0,0,6,6,0,0,148
2025,A,221,2,0000000001,0000006906,艾璞樂,35,先發,,0,0,6,0,21,80,50,3,1,2,2,1,0,0,2,0,0,0,0,0,0,0,4,3,0,1,150
2025,A,221,2,0000000001,0000005788,林凱威,99,中繼,敗,0,0,0,2,6,21,10,3,0,2,2,1,0,0,0,0,0,1,0,0,0,0,1,1,1,5,151
2025,A,221,2,0000000001,0000006160,李超,0,中繼,,0,0,0,1,1,4,4,0,0,0,0,0,0,0,0,0,0,0,0,0,0,0,2,0,0,2,146
2025,A,221,1,0000000001,0000000367,吳世豪,50,中繼,,0,1,0,1,2,10,5,0,0,0,0,1,0,0,1,0,0,0,0,0,0,0,0,0,0,2,146
2025,A,221,1,0000000001,0000000773,李吳永勤,38,中繼,,0,1,0,2,2,7,5,0,0,0,0,0,0,0,1,0,0,0,0,0,0,0,0,2,0,7,141
2025,A,221,2,0000000001,0000007270,鑀龍,55,最後一任,,0,0,2,0,7,26,16,1,0,0,0,0,0,0,1,0,0,1,0,0,0,0,0,1,0,10,145
2025,A,221,1,0000000001,0000005592,富藍戈,87,中繼,,0,1,1,0,3,12,7,0,0,0,0,0,0,0,1,0,0,0,0,0,0,0,4,1,1,13,153
2025,A,221,1,0000000001,0000005790,張奕,19,最後一任,,1,0,1,0,4,19,12,1,0,0,0,0,0,0,2,0,0,0,0,0,0,0,3,7,6,0,150
2025,A,222,1,0000000001,0000006507,後勁,40,先發,,0,0,6,0,21,94,61,4,0,0,0,0,0,0,5,0,0,0,0,0,0,0,9,0,0,0,150
2025,A,222,2,0000000001,0000007062,威能帝,49,先發,,0,0,6,0,24,96,73,7,0,1,1,0,0,0,2,0,0,0,0,0,0,0,8,2,0,0,152
2025,A,222,2,0000000001,0000005558,蘇俊璋,00,中繼,,0,0,1,0,5,22,11,1,0,1,1,1,0,0,1,0,0,0,0,0,0,0,0,0,0,3,143
2025,A,222,1,0000000001,0000006921,伍祐城,55,中繼,,0,0,0,1,3,7,5,1,0,2,2,0,0,1,0,0,0,0,0,0,0,0,1,0,0,5,146
2025,A,222,1,0000000001,0000006767,許育銘,74,中繼,,0,0,0,2,3,8,7,1,1,1,1,0,0,0,1,0,0,0,0,0,0,0,0,0,0,11,142
2025,A,222,2,0000000001,0000000941,陳冠宇,17,中繼,,0,0,1,0,6,26,16,2,1,2,2,1,0,0,2,0,0,0,0,0,0,0,2,2,2,12,148
2025,A,222,1,0000000001,0000006832,陳柏清,66,中繼,,0,1,1,0,4,12,11,1,0,0,0,0,0,0,2,0,0,0,0,0,0,0,1,4,0,6,144
2025,A,222,2,0000000001,0000005372,呂詠臻,48,中繼,,0,0,1,0,3,15,12,0,0,0,0,0,0,0,1,0,0,0,0,0,0,0,3,2,0,10,146
2025,A,222,1,0000000001,0000006949,林詩翔,14,中繼,勝,0,0,1,0,4,10,7,2,1,1,1,0,0,0,0,0,0,0,0,0,0,0,4,3,17,3,145
2025,A,222,2,0000000001,0000000128,朱承洋,22,最後一任,敗,0,0,1,0,4,14,10,1,0,1,0,0,0,0,1,0,0,0,0,0,0,0,3,2,2,15,147
2025,A,222,1,0000000001,0000001390,王躍霖,95,最後一任,,1,0,1,0,3,10,8,0,0,0,0,0,0,0,1,0,0,0,0,0,0,0,0,1,1,0,143
2025,A,223,1,0000000001,0000005572,魏碩成,14,先發,勝,0,0,7,0,29,93,58,8,0,3,3,2,0,0,4,0,0,1,0,0,0,1,2,0,0,0,138
2025,A,223,2,0000000001,0000005731,布雷克,50,先發,敗,0,0,4,2,21,105,70,7,1,5,5,0,0,0,7,0,0,0,0,0,0,0,6,6,0,0,143
2025,A,223,2,0000000001,0000007292,李軍,62,中繼,,0,0,0,1,4,19,8,1,0,0,0,2,0,0,1,0,0,0,0,0,0,0,0,0,0,3,148
2025,A,223,2,0000000001,0000006222,劉予承,26,中繼,,0,0,1,0,4,14,10,1,0,0,0,0,0,0,0,0,0,0,0,0,0,0,0,0,0,0,143
2025,A,223,2,0000000001,0000007061,辛俊昇,69,中繼,,0,0,1,0,3,12,6,0,0,0,0,1,0,0,0,0,0,0,0,0,0,0,0,0,0,0,139
2025,A,223,2,0000000001,0000007293,鍾允華,29,最後一任,,0,0,2,0,6,17,12,0,0,0,0,0,0,0,2,0,0,0,0,0,0,0,0,0,0,2,149
2025,A,223,1,0000000001,0000003331,李振昌,34,中繼,,0,1,1,0,3,8,8,0,0,0,0,0,0,0,1,0,0,0,0,0,0,0,1,1,0,1,144
2025,A,223,1,0000000001,0000000778,蔡齊哲,50,最後一任,,1,0,1,0,3,7,4,0,0,0,0,0,0,0,0,0,0,0,0,0,0,0,2,1,3,9,142
2025,A,224,1,0000000001,0000007570,布坎南,64,先發,敗,0,0,6,0,28,88,58,8,0,4,0,2,0,0,3,0,0,2,2,0,0,0,0,2,0,0,148
2025,A,224,2,0000000001,0000000762,伍鐸,52,先發,勝,0,0,6,0,24,74,46,7,1,1,1,2,0,0,0,0,0,0,0,0,0,1,5,4,0,0,138
2025,A,224,2,0000000001,0000006160,李超,0,中繼,,0,1,1,0,3,11,8,0,0,0,0,0,0,0,0,0,0,0,0,0,0,0,2,0,0,3,145
2025,A,224,1,0000000001,0000005284,藍愷青,21,中繼,,0,0,1,0,4,15,9,1,0,0,0,0,0,0,1,0,0,0,0,0,0,0,0,0,0,0,129
2025,A,224,2,0000000001,0000001821,林子昱,71,中繼,,0,1,1,0,4,19,10,0,0,0,0,1,0,0,1,0,0,0,0,0,0,0,3,2,0,11,145
2025,A,224,1,0000000001,0000006871,黃保羅,18,最後一任,,0,0,1,0,6,19,10,2,0,1,1,1,0,0,2,0,0,1,0,0,0,0,3,5,0,0,144
2025,A,224,2,0000000001,0000005555,陳冠偉,59,最後一任,,0,0,1,0,4,16,12,1,0,0,0,0,0,0,1,0,0,0,0,0,0,0,1,2,11,5,142
2025,A,225,1,0000000001,0000007303,黃子豪,85,先發,,0,0,3,0,18,71,42,6,0,4,4,3,0,0,4,1,0,1,0,0,0,0,2,1,0,1,143
2025,A,225,2,0000000001,0000002274,黃子鵬,69,先發,,0,0,5,0,26,92,61,10,2,6,6,2,0,0,2,0,0,0,0,0,0,0,4,4,0,0,133
2025,A,225,1,0000000001,0000007069,張誠恩,93,中繼,,0,0,0,2,5,20,8,1,0,2,2,2,0,0,1,1,0,0,1,0,0,0,1,3,2,15,144
2025,A,225,1,0000000001,0000006982,黃群,46,中繼,,0,0,1,1,7,24,19,3,0,0,0,0,0,0,2,0,0,0,0,0,0,0,0,0,0,6,142
2025,A,225,2,0000000001,0000006237,林子崴,54,中繼,,0,0,3,0,14,44,28,6,0,1,1,0,0,0,1,0,0,0,0,0,0,0,0,0,0,0,145
2025,A,225,1,0000000001,0000006921,伍祐城,55,中繼,,0,1,2,0,7,36,21,2,0,0,0,0,0,0,1,0,0,0,0,0,0,0,1,0,0,6,147
2025,A,225,1,0000000001,0000006832,陳柏清,66,中繼,,0,0,1,0,6,23,17,2,0,1,0,0,0,0,1,0,0,0,1,0,0,0,1,4,0,6,144
2025,A,225,2,0000000001,0000007073,賴胤豪,63,最後一任,和,0,0,1,0,4,7,5,2,0,0,0,0,0,0,0,0,0,0,0,0,0,0,1,0,0,2,152
2025,A,225,1,0000000001,0000006949,林詩翔,14,最後一任,和,0,0,0,0,0,2,1,0,0,0,0,0,0,0,0,0,0,0,0,0,0,0,4,3,17,3,141
2025,A,226,1,0000000001,0000007053,艾速特,30,先發,,0,0,5,0,21,96,58,3,2,4,4,2,0,1,5,1,0,0,0,0,0,0,4,3,0,0,149
2025,A,226,2,0000000001,0000007558,黃博多,37,先發,,0,0,3,0,14,55,33,4,0,2,2,1,0,0,2,0,0,0,2,0,0,0,8,4,0,0,153
2025,A,226,2,0000000001,0000003334,鄭凱文,19,中繼,,0,0,1,2,12,39,22,5,0,6,5,2,0,0,2,0,0,0,0,0,0,0,2,3,1,0,140
2025,A,226,2,0000000001,0000003506,謝榮豪,79,中繼,,0,0,0,1,4,20,12,2,0,1,1,1,0,0,1,0,0,0,0,0,0,0,1,0,1,2,144
2025,A,226,2,0000000001,0000000771,陳琥,62,中繼,,0,0,2,0,9,40,23,2,0,2,2,2,0,0,0,0,0,0,0,0,0,0,0,1,0,1,144
2025,A,226,1,0000000001,0000001390,王躍霖,95,中繼,,0,0,2,0,8,23,17,1,0,0,0,0,0,0,1,0,0,0,0,0,0,0,0,1,1,0,144
2025,A,226,2,0000000001,0000003331,李振昌,34,中繼,,0,0,1,0,3,16,12,0,0,0,0,0,0,0,1,0,0,0,0,0,0,0,1,1,0,1,144
2025,A,226,1,0000000001,0000006982,黃群,46,中繼,,0,0,0,0,4,13,8,3,0,4,4,1,0,0,0,0,0,0,0,0,0,0,0,0,0,6,145
2025,A,226,1,0000000001,0000006832,陳柏清,66,中繼,,0,0,1,0,6,20,13,2,1,3,3,0,0,1,0,0,0,0,2,0,0,0,1,4,0,6,149
2025,A,226,2,0000000001,0000003639,呂彥青,58,中繼,,0,1,1,0,4,14,9,1,0,0,0,0,0,0,0,0,0,0,0,0,0,0,1,2,2,9,148
2025,A,226,1,0000000001,0000006949,林詩翔,14,中繼,勝,0,0,1,0,6,24,9,0,0,0,0,4,1,0,0,1,0,0,0,0,0,0,5,3,17,3,148
2025,A,226,2,0000000001,0000000778,蔡齊哲,50,最後一任,敗,0,0,1,0,7,25,11,1,1,4,3,2,0,1,0,0,0,0,0,0,0,0,2,2,3,9,141
2025,A,226,1,0000000001,0000006767,許育銘,74,最後一任,,0,0,1,0,3,15,9,0,0,0,0,0,0,0,1,1,0,0,0,0,0,0,0,0,0,11,141
2025,A,227,1,0000000001,0000007264,魔神樂,21,先發,,0,0,8,0,27,106,69,2,0,0,0,1,0,0,9,0,0,0,0,0,0,0,7,5,0,0,145
2025,A,227,2,0000000001,0000006739,李東洺,66,先發,,0,0,7,2,27,103,69,3,0,0,0,1,0,1,4,0,0,0,0,0,0,0,2,4,0,0,148
2025,A,227,2,0000000001,0000000363,陳仕朋,81,中繼,,0,1,0,1,2,10,5,0,0,0,0,1,0,0,0,0,0,0,0,0,0,0,2,3,0,1,140
2025,A,227,2,0000000001,0000005790,張奕,19,最後一任,勝,0,0,1,0,5,21,15,2,0,0,0,0,0,0,1,0,0,0,0,0,0,0,4,7,6,0,149
2025,A,227,1,0000000001,0000005372,呂詠臻,48,最後一任,敗,0,0,0,2,4,22,10,1,1,2,2,1,0,0,1,0,0,0,0,0,0,0,3,3,0,10,149
2025,A,228,1,0000000001,0000007547,石萬金,32,先發,敗,0,0,3,1,21,74,51,10,4,9,9,1,0,1,5,0,0,0,0,0,0,0,4,7,0,0,147
2025,A,228,2,0000000001,0000005151,羅戈,32,先發,勝,0,0,8,0,30,98,72,5,0,2,2,1,0,0,7,0,0,0,1,0,0,0,8,5,0,0,150
2025,A,228,1,0000000001,0000006918,李欣穎,18,中繼,,0,0,2,2,11,41,26,3,0,2,1,0,0,0,4,0,0,0,0,0,0,0,0,0,0,0,148
2025,A,228,1,0000000001,0000002348,施子謙,19,中繼,,0,0,1,0,3,15,8,0,0,0,0,0,0,0,2,0,0,0,0,0,0,0,3,0,0,1,145
2025,A,228,1,0000000001,0000006982,黃群,46,最後一任,,0,0,1,0,4,13,10,1,0,0,0,0,0,0,2,0,0,0,0,0,0,0,0,0,0,6,144
2025,A,228,2,0000000001,0000004625,吳俊偉,94,最後一任,,0,0,1,0,3,14,11,0,0,0,0,0,0,0,1,0,0,0,0,0,0,0,0,0,0,0,148
2025,A,229,1,0000000001,0000007556,波賽樂,88,先發,勝,0,0,5,0,21,114,68,3,0,1,1,3,0,0,8,1,0,0,0,0,0,0,3,6,0,0,149
2025,A,229,2,0000000001,0000006891,力亞士,55,先發,敗,0,0,5,2,30,113,82,11,0,7,5,0,0,1,4,0,0,0,1,0,0,0,4,8,0,0,149
2025,A,229,2,0000000001,0000002280,廖任磊,13,中繼,,0,0,0,1,2,9,3,0,0,0,0,1,0,0,0,0,0,0,0,0,0,0,0,0,0,0,148
2025,A,229,1,0000000001,0000007073,賴胤豪,63,中繼,,0,0,1,0,5,19,14,2,0,0,0,0,0,0,0,0,0,0,0,0,0,0,1,0,0,2,152
2025,A,229,2,0000000001,0000000368,游霆崴,80,中繼,,0,0,1,0,5,13,9,2,0,0,0,0,0,0,0,0,0,0,0,0,0,0,0,0,0,0,137
2025,A,229,1,0000000001,0000005558,蘇俊璋,00,中繼,,0,0,1,0,4,16,9,1,0,0,0,0,0,0,0,0,0,0,0,0,0,0,0,0,0,3,145
2025,A,229,2,0000000001,0000000367,吳世豪,50,中繼,,0,0,1,0,5,24,13,2,0,0,0,0,0,0,1,0,0,0,0,0,0,0,0,0,0,2,147
2025,A,229,1,0000000001,0000000779,陳柏豪,9,中繼,,0,0,1,0,4,22,13,0,0,0,0,1,0,0,0,0,0,0,0,0,0,0,1,4,11,1,146
2025,A,229,2,0000000001,0000006870,林栚呈,94,最後一任,,0,0,1,0,5,14,9,2,1,2,2,0,0,0,0,0,0,0,0,0,0,0,0,1,0,3,141
2025,A,229,1,0000000001,0000005509,莊昕諺,77,最後一任,,0,0,1,0,3,7,3,0,0,0,0,0,0,0,0,0,0,0,0,0,0,0,1,1,1,5,145
2025,A,230,1,0000000001,0000005543,徐若熙,18,先發,敗,0,0,5,0,19,72,52,5,1,3,3,0,0,0,6,0,0,0,0,0,0,0,3,6,0,0,154
2025,A,230,2,0000000001,0000006848,林詔恩,74,先發,勝,0,0,5,2,24,94,56,6,0,1,1,2,0,0,2,0,0,2,0,0,0,0,5,1,0,0,146
2025,A,230,2,0000000001,0000003393,王鏡銘,41,中繼,,0,1,1,1,4,9,8,0,0,0,0,0,0,0,1,0,0,0,0,0,0,0,0,3,0,8,136
2025,A,230,1,0000000001,0000005788,林凱威,99,中繼,,0,0,1,0,4,19,11,1,0,0,0,0,0,0,1,0,0,0,0,0,0,0,1,1,1,5,150
2025,A,230,1,0000000001,0000002279,吳俊杰,20,中繼,,0,0,0,2,5,19,13,2,0,1,0,0,0,0,1,0,0,0,0,0,0,0,0,0,0,5,143
2025,A,230,1,0000000001,0000000135,陳禹勳,5,中繼,,0,0,0,1,1,2,1,0,0,0,0,0,0,0,0,0,0,0,0,0,0,0,3,3,2,2,127
2025,A,230,2,0000000001,0000006818,髙塩將樹,28,中繼,,0,1,1,0,4,13,9,1,0,0,0,0,0,0,1,0,0,0,0,0,0,0,3,1,6,12,142
2025,A,230,1,0000000001,0000006215,趙璟榮,42,最後一任,,0,0,1,0,6,22,13,2,1,3,0,0,0,0,1,1,0,0,0,0,0,0,1,0,0,0,145
2025,A,230,2,0000000001,0000002688,陳韻文,12,最後一任,,0,0,1,0,3,13,7,0,0,0,0,0,0,0,1,0,0,0,0,0,0,0,4,1,11,3,146
2025,A,231,1,0000000001,0000006497,鋼龍,37,先發,敗,0,0,6,0,23,88,55,5,0,2,2,1,0,0,4,0,0,0,0,0,0,0,7,3,0,0,144
2025,A,231,2,0000000001,0000007559,蒙德茲,21,先發,勝,0,0,7,0,31,102,67,6,0,0,0,2,0,3,7,1,0,0,0,0,0,1,7,4,0,0,151
2025,A,231,1,0000000001,0000006160,李超,0,中繼,,0,0,1,0,3,11,7,0,0,0,0,0,0,0,1,0,0,0,0,0,0,0,2,0,0,3,144
2025,A,231,2,0000000001,0000006818,髙塩將樹,28,中繼,,0,1,1,0,5,17,12,2,0,0,0,0,0,0,2,0,0,0,0,0,0,0,3,1,6,13,148
2025,A,231,1,0000000001,0000000135,陳禹勳,5,最後一任,,0,0,1,0,4,11,8,1,0,0,0,0,0,0,0,0,0,0,0,0,0,0,3,3,2,2,142
2025,A,231,2,0000000001,0000002688,陳韻文,12,最後一任,,1,0,1,0,6,19,11,1,0,1,1,1,0,1,1,0,0,0,1,0,0,0,4,1,12,3,148
2025,A,232,1,0000000001,0000007555,霸鉧德,25,先發,敗,0,0,4,2,25,109,65,8,0,4,3,4,0,0,3,0,0,1,1,0,0,0,3,4,0,0,144
2025,A,232,2,0000000001,0000007573,李博登,38,先發,勝,0,0,7,0,28,95,65,8,0,3,3,0,0,0,2,0,0,0,0,0,0,0,2,2,0,0,140
2025,A,232,1,0000000001,0000005509,莊昕諺,77,中繼,,0,0,0,1,2,9,7,1,0,0,0,0,0,0,0,0,0,0,0,0,0,0,1,1,1,5,148
2025,A,232,1,0000000001,0000005372,呂詠臻,48,中繼,,0,0,1,0,4,22,17,1,0,0,0,0,0,0,2,0,0,0,0,0,0,0,3,3,0,10,149
2025,A,232,1,0000000001,0000000779,陳柏豪,9,中繼,,0,0,1,0,7,23,15,3,0,3,1,0,0,0,1,0,0,0,1,0,0,0,1,4,11,1,147
2025,A,232,2,0000000001,0000004625,吳俊偉,94,中繼,,0,0,1,0,3,10,6,0,0,0,0,0,0,0,0,0,0,0,0,0,0,0,0,0,0,0,145
2025,A,232,1,0000000001,0000006720,邱駿威,46,最後一任,,0,0,1,0,3,9,6,0,0,0,0,0,0,0,1,0,0,0,0,0,0,0,0,0,0,2,148
2025,A,232,2,0000000001,0000000776,王凱程,15,中繼,,0,0,0,2,6,21,14,3,0,2,2,0,0,1,1,0,0,0,1,0,0,0,2,2,1,14,142
2025,A,232,2,0000000001,0000003639,呂彥青,58,最後一任,,1,0,0,1,1,2,1,0,0,0,0,0,0,0,0,0,0,0,0,0,0,0,1,2,3,9,137
2025,A,233,1,0000000001,0000006906,艾璞樂,35,先發,和,0,0,5,1,18,65,48,2,0,0,0,0,0,0,4,0,0,0,0,1,1,1,4,3,0,1,150
2025,A,233,2,0000000001,0000007274,吉田一将,41,先發,,0,0,5,0,18,64,47,3,0,0,0,0,0,0,3,0,0,0,0,0,0,0,2,5,0,0,144
2025,A,233,2,0000000001,0000002348,施子謙,19,最後一任,和,0,0,1,0,3,10,7,0,0,0,0,0,0,0,0,0,0,0,0,0,0,0,3,0,0,1,142
2025,A,234,1,0000000002,0000007597,獅帝芬,42,先發,勝,0,0,7,0,24,84,54,4,0,2,2,0,0,0,6,0,0,0,0,0,0,1,1,0,0,0,148
2025,A,234,2,0000000002,0000005479,江國豪,12,先發,敗,0,0,4,1,22,100,62,8,2,4,4,2,0,0,3,0,0,0,1,0,0,0,1,1,0,0,145
2025,A,234,2,0000000002,0000003292,賴鴻誠,32,中繼,,0,0,0,2,2,6,5,0,0,0,0,0,0,0,0,0,0,0,0,0,0,0,2,1,0,2,143
2025,A,234,2,0000000002,0000002280,廖任磊,13,中繼,,0,0,1,0,7,26,11,3,1,4,4,1,0,0,0,0,0,0,0,0,0,0,0,0,0,0,150
2025,A,234,2,0000000002,0000000368,游霆崴,80,最後一任,,0,0,3,0,9,19,13,0,0,0,0,0,0,0,0,0,0,0,0,0,0,0,0,0,0,0,140
2025,A,234,1,0000000002,0000007293,鍾允華,29,中繼,,0,0,1,1,4,11,8,0,0,0,0,0,0,0,1,0,0,0,0,0,0,0,1,0,0,4,148
2025,A,234,1,0000000002,0000002688,陳韻文,12,最後一任,,0,0,0,2,3,11,8,1,0,0,0,0,0,0,2,0,0,0,0,0,0,0,6,1,18,3,148
2025,A,235,1,0000000001,0000007270,鑀龍,55,先發,敗,0,0,0,2,8,34,14,1,0,3,3,4,0,1,1,0,0,0,0,0,0,0,0,2,0,10,144
2025,A,235,2,0000000001,0000006507,後勁,40,先發,勝,0,0,5,0,20,66,43,5,0,1,1,1,0,0,2,0,0,0,0,1,0,1,10,0,0,0,145
2025,A,235,1,0000000001,0000005541,郭郁政,17,中繼,,0,0,3,1,15,51,38,5,0,1,1,1,0,0,4,0,0,0,0,0,0,0,0,2,1,1,146
2025,A,235,1,0000000001,0000002279,吳俊杰,20,最後一任,,0,0,0,2,4,17,10,2,1,1,1,0,0,0,0,0,0,0,0,0,0,0,0,0,0,5,140
2025,A,236,1,0000000001,0000007062,威能帝,49,先發,,0,0,8,1,30,121,89,3,0,3,2,1,0,0,14,0,0,0,0,0,0,0,8,2,0,0,155
2025,A,236,2,0000000001,0000002345,鄭浩均,33,先發,,0,0,5,0,21,73,48,4,0,3,3,2,0,0,5,1,0,0,0,0,0,0,3,1,0,0,153
2025,A,236,2,0000000001,0000003331,李振昌,34,中繼,,0,0,1,0,4,24,16,1,0,0,0,0,0,0,2,0,0,0,0,0,0,0,1,1,0,1,146
2025,A,236,2,0000000001,0000000778,蔡齊哲,50,中繼,,0,0,1,0,4,21,16,1,0,0,0,0,0,0,0,0,0,0,0,0,0,0,2,2,3,9,141
2025,A,236,2,0000000001,0000003506,謝榮豪,79,中繼,,0,0,1,0,3,11,6,1,0,0,0,0,0,0,0,0,0,0,0,0,0,0,1,0,1,2,142
2025,A,236,2,0000000001,0000000771,陳琥,62,中繼,,0,0,1,0,3,8,5,0,0,0,0,0,0,0,0,0,0,0,0,0,0,0,0,1,0,1,145
2025,A,236,1,0000000001,0000000128,朱承洋,22,中繼,,0,0,0,2,3,9,6,1,0,0,0,0,0,0,1,0,0,0,1,0,0,0,3,2,2,15,150
2025,A,236,2,0000000001,0000003639,呂彥青,58,最後一任,勝,0,0,1,0,3,7,6,0,0,0,0,0,0,0,0,0,0,0,0,0,0,0,2,2,3,9,141
2025,A,236,1,0000000001,0000000941,陳冠宇,17,最後一任,敗,0,0,0,2,5,8,3,1,0,1,0,2,2,0,0,0,0,1,0,0,0,0,2,3,2,12,148
2025,A,237,1,0000000001,0000007560,飛力獅,93,先發,勝,0,0,7,0,26,98,59,6,1,1,1,1,0,0,4,0,0,0,0,0,0,0,7,2,0,0,148
2025,A,237,2,0000000001,0000006749,魔力藍,44,先發,敗,0,0,6,2,27,98,71,8,2,4,4,0,0,0,7,1,0,0,1,0,0,0,6,7,0,0,150
2025,A,237,2,0000000001,0000000773,李吳永勤,38,中繼,,0,0,0,1,1,2,1,0,0,0,0,0,0,0,0,0,0,0,0,0,0,0,0,2,0,7,139
2025,A,237,2,0000000001,0000007568,王偉軒,37,中繼,,0,0,1,0,6,24,12,2,0,1,1,1,0,0,0,0,0,0,1,0,0,0,0,0,0,0,142
2025,A,237,1,0000000001,0000003393,王鏡銘,41,中繼,,0,0,0,2,5,11,7,3,0,2,2,0,0,0,0,0,0,0,0,0,0,0,0,3,0,8,139
2025,A,237,1,0000000001,0000006818,髙塩將樹,28,最後一任,,1,0,1,1,5,21,13,1,0,0,0,0,0,0,2,0,0,0,0,0,0,0,3,1,7,13,147
2025,A,237,2,0000000001,0000006227,曾峻岳,60,最後一任,,0,0,1,0,5,20,11,1,0,0,0,1,0,0,2,0,0,0,0,0,0,0,0,3,6,1,151
2025,A,238,1,0000000001,0000002274,黃子鵬,69,先發,敗,0,0,5,0,22,82,54,6,1,4,2,0,0,0,3,0,0,1,0,0,0,0,4,5,0,0,133
2025,A,238,2,0000000001,0000005572,魏碩成,14,先發,勝,0,0,5,2,25,95,61,5,0,2,2,3,0,0,4,0,0,0,0,0,0,0,3,0,0,0,137
2025,A,238,2,0000000001,0000000778,蔡齊哲,50,中繼,,0,1,0,1,2,12,6,1,0,0,0,0,0,0,0,0,0,0,0,0,0,0,2,2,3,10,137
2025,A,238,1,0000000001,0000006228,王志煊,64,中繼,,0,0,1,0,3,4,4,0,0,0,0,0,0,0,0,0,0,1,0,0,0,0,0,1,0,8,131
2025,A,238,2,0000000001,0000000776,王凱程,15,中繼,,0,1,1,0,6,26,18,3,0,1,1,0,0,0,2,0,0,0,0,0,0,0,2,2,1,15,138
2025,A,238,1,0000000001,0000007073,賴胤豪,63,中繼,,0,0,1,0,4,21,12,1,1,1,1,0,0,0,0,0,0,0,0,0,0,0,1,0,0,2,152
2025,A,238,2,0000000001,0000003639,呂彥青,58,中繼,,0,1,1,0,3,13,9,0,0,0,0,0,0,0,1,0,0,0,0,0,0,0,2,2,3,10,140
2025,A,238,1,0000000001,0000005372,呂詠臻,48,最後一任,,0,0,1,0,6,24,13,1,0,0,0,2,0,0,2,0,0,0,0,0,0,0,3,3,0,10,149
2025,A,238,2,0000000001,0000004625,吳俊偉,94,最後一任,,1,0,1,0,3,7,7,0,0,0,0,0,0,0,1,0,0,0,0,0,0,0,0,0,1,0,146
2025,A,239,1,0000000002,0000005541,郭郁政,17,先發,,0,0,2,2,11,45,26,0,0,0,0,3,0,0,0,0,0,0,0,0,0,0,0,2,1,3,145
2025,A,239,2,0000000002,0000007567,櫻井周斗,69,先發,,0,0,6,0,23,97,54,4,1,2,2,3,0,0,5,0,0,0,0,0,0,0,2,0,0,0,146
2025,A,239,1,0000000002,0000001821,林子昱,71,中繼,,0,0,1,1,6,21,14,2,1,1,1,0,0,0,0,0,0,0,0,0,0,0,4,3,0,18,143
2025,A,239,1,0000000002,0000007305,李致霖,40,中繼,,0,0,1,0,4,17,10,0,0,0,0,1,0,0,1,0,0,0,0,0,0,0,0,0,0,0,148
2025,A,239,1,0000000002,0000006724,曹祐齊,67,中繼,,0,1,1,0,5,11,8,3,0,0,0,0,0,0,0,0,0,0,0,0,0,0,4,3,0,1,137
2025,A,239,2,0000000002,0000007069,張誠恩,93,中繼,,0,0,1,1,6,27,16,2,0,1,0,0,0,0,2,0,0,0,1,0,0,0,2,4,2,15,142
2025,A,239,1,0000000002,0000006215,趙璟榮,42,中繼,,0,1,1,0,4,19,14,0,0,0,0,0,0,0,1,0,0,1,0,0,0,0,1,0,0,1,151
2025,A,239,2,0000000002,0000006982,黃群,46,中繼,勝,0,0,0,2,2,9,6,0,0,0,0,0,0,0,1,0,0,0,0,0,0,0,1,0,0,6,141
2025,A,239,1,0000000002,0000005788,林凱威,99,最後一任,敗,0,0,1,0,6,27,13,1,1,3,3,2,0,0,0,0,0,0,0,0,0,0,1,3,3,14,151
2025,A,239,2,0000000002,0000006949,林詩翔,14,最後一任,,1,0,1,0,4,15,13,1,0,0,0,0,0,0,2,0,0,0,0,0,0,0,5,5,30,6,148
2025,A,240,1,0000000001,0000005731,布雷克,50,先發,,0,0,6,0,23,94,63,3,0,0,0,2,0,0,4,0,0,0,0,0,0,0,6,6,0,0,140
2025,A,240,2,0000000001,0000007570,布坎南,64,先發,,0,0,5,0,21,97,62,4,0,1,1,2,0,1,3,0,0,0,0,0,0,0,0,2,0,0,146
2025,A,240,2,0000000001,0000000363,陳仕朋,81,中繼,,0,0,2,0,7,27,19,1,0,0,0,0,0,0,2,0,0,0,0,0,0,0,2,3,0,1,141
2025,A,240,1,0000000001,0000006222,劉予承,26,中繼,,0,1,0,1,2,10,5,0,0,0,0,1,0,0,0,0,0,0,0,0,0,0,0,0,0,1,145
2025,A,240,1,0000000001,0000007061,辛俊昇,69,中繼,,0,1,0,2,2,10,6,0,0,0,0,0,0,0,2,0,0,0,0,0,0,0,0,0,0,1,142
2025,A,240,2,0000000001,0000000773,李吳永勤,38,中繼,勝,0,0,1,0,3,18,13,0,0,0,0,0,0,0,0,0,0,0,0,0,0,0,1,2,0,7,141
2025,A,240,1,0000000001,0000005482,吳承諭,57,最後一任,敗,0,0,1,0,6,20,12,1,0,2,0,1,0,0,0,0,0,0,0,0,0,0,1,2,0,1,142
2025,A,240,2,0000000001,0000005790,張奕,19,最後一任,,1,0,1,0,5,11,6,1,0,0,0,1,1,0,0,0,0,1,0,0,0,0,4,7,7,0,149
2025,A,241,1,0000000001,0000007063,周彥農,45,先發,敗,0,0,4,0,18,68,44,7,0,3,3,0,0,0,1,0,0,1,0,0,0,0,0,1,0,0,142
2025,A,241,2,0000000001,0000007264,魔神樂,21,先發,勝,0,0,6,2,26,99,65,4,0,2,0,3,0,0,3,0,0,0,0,0,0,1,8,5,0,0,144
2025,A,241,1,0000000001,0000001719,胡智爲,58,中繼,,0,0,2,0,8,28,17,1,0,0,0,1,0,0,1,0,0,0,0,0,0,0,1,4,2,3,151
2025,A,241,2,0000000001,0000006228,王志煊,64,中繼,,0,1,0,1,2,6,3,1,0,0,0,0,0,0,0,0,0,0,0,0,0,0,0,1,0,9,134
2025,A,241,1,0000000001,0000007292,李軍,62,中繼,,0,0,0,2,3,22,16,1,0,0,0,0,0,0,1,0,0,0,0,0,0,0,0,0,0,3,149
2025,A,241,1,0000000001,0000007293,鍾允華,29,最後一任,,0,0,1,1,6,24,16,2,0,0,0,0,0,0,2,0,0,0,0,0,0,0,0,0,0,2,150
2025,A,241,2,0000000001,0000000941,陳冠宇,17,中繼,,0,1,1,0,3,12,8,0,0,0,0,0,0,0,0,0,0,0,0,0,0,0,2,3,2,13,149
2025,A,241,2,0000000001,0000000128,朱承洋,22,最後一任,,1,0,1,0,4,15,12,2,0,0,0,0,0,0,2,0,0,0,0,0,0,0,3,2,3,15,147
2025,A,242,1,0000000001,0000007558,黃博多,37,先發,敗,0,0,5,0,26,101,67,9,1,4,4,2,0,0,3,0,0,0,0,0,0,0,8,5,0,0,151
2025,A,242,2,0000000001,0000006497,鋼龍,37,先發,勝,0,0,6,0,24,91,55,1,0,2,1,5,0,0,6,0,0,0,0,0,0,0,8,3,0,0,144
2025,A,242,1,0000000001,0000003331,李振昌,34,中繼,,0,0,1,0,4,16,10,1,0,0,0,0,0,0,1,0,0,1,0,0,0,0,1,1,0,1,147
2025,A,242,2,0000000001,0000005788,林凱威,99,中繼,,0,1,1,0,4,12,8,1,0,0,0,0,0,0,0,0,0,0,0,0,0,0,1,1,1,6,143
2025,A,242,1,0000000001,0000003334,鄭凱文,19,中繼,,0,0,1,0,3,22,14,0,0,0,0,0,0,0,0,0,0,0,0,0,0,0,2,3,1,0,137
2025,A,242,2,0000000001,0000001821,林子昱,71,中繼,,0,1,1,0,3,5,4,0,0,0,0,0,0,0,0,0,0,0,0,0,0,0,3,2,0,12,145
2025,A,242,1,0000000001,0000003506,謝榮豪,79,最後一任,,0,0,1,0,3,15,9,0,0,0,0,0,0,0,0,0,0,0,0,0,0,0,1,0,1,2,144
2025,A,242,2,0000000001,0000005555,陳冠偉,59,最後一任,,1,0,1,0,6,29,15,2,0,1,1,1,0,0,0,1,0,0,0,0,0,0,1,2,12,5,143
2025,A,243,1,0000000001,0000006739,李東洺,66,先發,敗,0,0,5,0,21,91,57,5,0,3,3,2,0,0,4,1,0,0,0,0,0,0,2,5,0,0,146
2025,A,243,2,0000000001,0000007053,艾速特,30,先發,勝,0,0,6,0,24,88,62,7,0,2,1,0,0,0,6,0,0,0,0,0,0,0,5,3,0,0,147
2025,A,243,1,0000000001,0000000367,吳世豪,50,中繼,,0,0,1,1,5,11,9,1,0,0,0,0,0,0,0,0,0,1,0,0,0,0,0,0,0,2,145
2025,A,243,2,0000000001,0000006767,許育銘,74,中繼,,0,1,1,0,4,18,16,1,0,0,0,0,0,0,2,0,0,0,0,0,0,0,0,0,0,12,142
2025,A,243,1,0000000001,0000000773,李吳永勤,38,中繼,,0,0,0,2,2,9,5,0,0,0,0,0,0,0,0,0,0,0,0,0,0,0,1,2,0,7,140
2025,A,243,2,0000000001,0000006832,陳柏清,66,中繼,,0,1,1,0,3,12,9,0,0,0,0,0,0,0,1,0,0,0,0,0,0,0,1,4,0,7,146
2025,A,243,1,0000000001,0000006227,曾峻岳,60,最後一任,,0,0,1,0,5,15,9,2,0,1,1,0,0,0,0,0,0,0,0,0,0,0,0,3,6,1,151
2025,A,243,2,0000000001,0000006949,林詩翔,14,最後一任,,1,0,1,0,6,40,23,1,0,1,1,2,0,0,2,0,0,0,0,0,0,0,5,3,18,3,146
2025,A,244,1,0000000001,0000007559,蒙德茲,21,先發,敗,0,0,5,2,27,106,67,6,1,4,4,4,0,0,4,0,0,0,1,0,0,0,7,5,0,0,148
2025,A,244,2,0000000001,0000006237,林子崴,54,先發,,0,0,5,0,20,73,51,5,0,1,1,0,0,0,3,0,0,0,0,0,0,0,0,0,0,0,145
2025,A,244,2,0000000001,0000007073,賴胤豪,63,中繼,勝,0,0,1,0,5,15,9,1,0,0,0,1,0,0,1,0,0,0,0,0,0,0,2,0,0,2,151
2025,A,244,1,0000000001,0000006222,劉予承,26,中繼,,0,0,0,2,4,15,10,2,0,0,0,0,0,0,1,0,0,0,0,0,0,0,0,0,0,1,145
2025,A,244,2,0000000001,0000005558,蘇俊璋,00,中繼,,0,0,0,1,2,7,5,1,0,1,1,0,0,0,1,0,0,0,0,0,0,0,0,0,0,3,144
2025,A,244,2,0000000001,0000006228,王志煊,64,中繼,,0,1,0,2,5,19,12,2,0,0,0,1,0,0,0,0,0,0,0,0,0,0,0,1,0,10,135
2025,A,244,1,0000000001,0000007061,辛俊昇,69,最後一任,,0,0,1,2,6,23,15,1,0,0,0,0,0,0,0,0,0,0,0,0,0,0,0,0,0,1,142
2025,A,244,2,0000000001,0000005372,呂詠臻,48,中繼,,0,1,1,0,3,14,8,0,0,0,0,0,0,0,1,0,0,0,0,0,0,0,3,3,0,11,148
2025,A,244,2,0000000001,0000000941,陳冠宇,17,最後一任,,1,0,1,0,5,19,13,2,0,0,0,0,0,0,2,0,0,0,0,0,0,0,2,3,3,13,149
2025,A,245,1,0000000001,0000005151,羅戈,32,先發,敗,0,0,6,0,25,100,62,4,0,3,3,4,0,0,3,0,0,0,0,0,0,0,8,6,0,0,151
2025,A,245,2,0000000001,0000005543,徐若熙,18,先發,勝,0,0,6,0,25,96,67,7,0,1,0,1,0,0,6,0,0,0,0,0,0,1,4,6,0,0,152
2025,A,245,2,0000000001,0000007270,鑀龍,55,中繼,,0,1,1,0,4,13,6,2,0,0,0,0,0,0,0,0,0,0,0,0,0,0,0,2,0,11,142
2025,A,245,1,0000000001,0000000776,王凱程,15,中繼,,0,0,1,0,3,12,8,0,0,0,0,0,0,0,0,0,0,0,0,0,0,0,2,2,1,15,135
2025,A,245,2,0000000001,0000001821,林子昱,71,中繼,,0,1,1,0,4,14,9,1,0,0,0,0,0,0,0,0,0,0,0,0,0,0,3,2,0,13,140
2025,A,245,1,0000000001,0000000778,蔡齊哲,50,最後一任,,0,0,1,0,4,14,9,1,1,1,1,0,0,0,0,0,0,0,0,0,0,0,2,2,3,10,139
2025,A,245,2,0000000001,0000005555,陳冠偉,59,最後一任,,1,0,1,0,3,18,12,0,0,0,0,0,0,0,0,0,0,0,0,0,0,0,1,2,13,5,141
2025,A,246,1,0000000001,0000006891,力亞士,55,先發,勝,0,0,6,0,24,92,64,5,0,1,1,1,0,0,4,0,0,0,0,0,0,0,5,8,0,0,150
2025,A,246,2,0000000001,0000002679,江承諺,20,先發,敗,0,0,6,0,21,75,55,3,0,2,2,0,0,1,4,0,0,0,0,0,0,0,2,7,0,0,138
2025,A,246,2,0000000001,0000002348,施子謙,19,中繼,,0,0,0,2,5,27,14,2,1,2,2,1,0,0,0,1,0,0,0,0,0,0,3,0,0,1,141
2025,A,246,2,0000000001,0000006982,黃群,46,中繼,,0,0,1,1,5,17,13,1,0,1,1,0,0,0,1,0,0,1,1,0,0,0,0,0,0,6,141
2025,A,246,1,0000000001,0000000363,陳仕朋,81,中繼,,0,1,1,0,5,15,11,2,0,0,0,0,0,0,1,0,0,0,0,0,0,0,2,3,0,2,140
2025,A,246,1,0000000001,0000006227,曾峻岳,60,中繼,,0,0,1,0,5,15,10,2,0,0,0,0,0,0,1,0,0,0,0,0,0,0,0,3,6,1,147
2025,A,246,2,0000000001,0000006917,謝葆錡,10,最後一任,,0,0,1,0,3,18,12,0,0,0,0,0,0,0,1,0,0,0,0,0,0,0,0,0,0,0,142
2025,A,246,1,0000000001,0000005790,張奕,19,最後一任,,0,0,1,0,4,14,7,0,0,0,0,1,0,0,0,0,0,0,0,0,0,0,4,7,7,0,
2025,A,247,1,0000000001,0000006906,艾璞樂,35,先發,,0,0,7,0,26,100,67,4,1,3,3,1,0,1,5,0,0,0,0,0,0,0,4,3,0,1,149
2025,A,247,2,0000000001,0000003608,曾仁和,23,先發,,0,0,5,1,24,97,62,8,0,3,3,1,0,0,3,1,0,0,0,0,0,0,0,1,0,0,144
2025,A,247,2,0000000001,0000005509,莊昕諺,77,中繼,,0,0,1,2,4,14,11,0,0,0,0,0,0,0,0,0,0,0,0,0,0,0,1,1,1,5,148
2025,A,247,2,0000000001,0000000128,朱承洋,22,中繼,勝,0,0,1,0,3,4,4,1,0,0,0,0,0,0,0,0,0,0,0,0,0,0,4,2,3,15,144
2025,A,247,1,0000000001,0000001821,林子昱,71,最後一任,敗,0,0,1,0,6,20,15,3,1,1,1,0,0,0,2,0,0,0,0,0,0,0,3,3,0,13,144
2025,A,247,2,0000000001,0000000941,陳冠宇,17,最後一任,,1,0,1,0,4,11,9,1,0,0,0,0,0,0,1,0,0,0,0,0,0,0,2,3,4,13,144
2025,A,248,1,0000000001,0000007274,吉田一将,41,先發,勝,0,0,6,0,25,85,58,7,0,3,3,0,0,0,7,1,0,0,0,0,0,0,3,5,0,0,146
2025,A,248,2,0000000001,0000001719,胡智爲,58,先發,,0,0,4,0,15,46,32,3,0,0,0,0,0,0,3,0,0,0,0,0,0,0,1,4,2,3,149
2025,A,248,2,0000000001,0000007292,李軍,62,中繼,,0,0,1,2,7,30,19,1,0,0,0,0,0,1,0,0,0,0,0,0,0,0,0,0,0,3,149
2025,A,248,2,0000000001,0000007293,鍾允華,29,中繼,,0,1,0,1,3,14,5,1,0,2,2,1,0,0,1,0,0,0,0,0,0,0,0,0,0,3,145
2025,A,248,2,0000000001,0000006818,髙塩將樹,28,中繼,敗,0,0,1,0,7,33,18,2,0,2,2,2,0,0,0,0,0,0,0,0,0,0,3,2,7,13,145
2025,A,248,1,0000000001,0000006767,許育銘,74,中繼,,0,1,1,0,3,12,9,0,0,0,0,0,0,0,0,0,0,0,0,0,0,0,0,0,0,13,143
2025,A,248,2,0000000001,0000005482,吳承諭,57,中繼,,0,0,1,0,3,13,10,0,0,0,0,0,0,0,2,0,0,0,0,0,0,0,1,2,0,1,138
2025,A,248,1,0000000001,0000006832,陳柏清,66,中繼,,0,1,1,0,4,20,14,1,0,0,0,0,0,0,0,0,0,0,0,0,0,0,1,4,0,8,148
2025,A,248,2,0000000001,0000003393,王鏡銘,41,最後一任,,0,0,1,0,6,23,12,1,0,0,0,2,0,0,1,0,0,0,0,0,0,0,0,3,0,8,137
2025,A,248,1,0000000001,0000006949,林詩翔,14,最後一任,,1,0,1,0,5,21,15,0,0,0,0,0,0,0,1,0,0,0,0,0,0,0,5,3,19,3,144
2025,A,249,1,0000000001,0000006749,魔力藍,44,先發,,0,0,6,0,23,93,58,3,0,1,1,2,0,0,5,0,0,0,0,0,0,0,6,7,0,0,150
2025,A,249,2,0000000001,0000007573,李博登,38,先發,,0,0,6,0,22,103,68,4,0,1,1,2,0,0,5,0,0,0,0,0,0,0,2,2,0,0,143
2025,A,249,2,0000000001,0000000778,蔡齊哲,50,中繼,,0,0,1,0,6,11,8,3,0,1,1,0,0,0,0,0,0,0,0,0,0,0,2,2,3,10,139
2025,A,249,1,0000000001,0000000367,吳世豪,50,中繼,,0,1,1,0,3,14,9,0,0,0,0,0,0,0,0,0,0,0,0,0,0,0,0,0,0,3,145
2025,A,249,2,0000000001,0000000776,王凱程,15,中繼,,0,0,1,0,3,4,4,0,0,0,0,0,0,0,0,0,0,0,0,0,0,0,2,2,1,15,139
2025,A,249,1,0000000001,0000006227,曾峻岳,60,中繼,,0,1,1,0,3,12,6,0,0,0,0,0,0,0,0,0,0,0,0,0,0,0,0,3,6,2,151
2025,A,249,2,0000000001,0000003331,李振昌,34,最後一任,勝,0,0,1,0,3,9,6,0,0,0,0,0,0,0,0,0,0,0,0,0,0,0,2,1,0,1,146
2025,A,249,1,0000000001,0000005790,張奕,19,最後一任,敗,0,0,0,2,5,14,6,2,0,2,2,1,0,0,0,0,0,0,0,0,0,0,4,8,7,0,150
2025,A,250,1,0000000001,0000006507,後勁,40,先發,勝,0,0,7,0,23,92,61,1,0,0,0,1,0,0,7,0,0,0,0,0,0,1,11,0,0,0,147
2025,A,250,2,0000000001,0000005731,布雷克,50,先發,敗,0,0,5,0,25,80,54,8,1,6,6,1,0,1,3,1,0,0,0,0,0,0,6,7,0,0,140
2025,A,250,2,0000000001,0000006222,劉予承,26,中繼,,0,0,2,0,8,24,16,3,1,2,2,0,0,0,0,0,0,0,0,0,0,0,0,0,0,1,143
2025,A,250,2,0000000001,0000002276,鄭鈞仁,60,最後一任,,0,0,2,0,7,29,14,1,0,0,0,0,0,0,0,0,0,0,0,0,0,0,0,0,0,1,144
2025,A,250,1,0000000001,0000002348,施子謙,19,中繼,,0,0,1,0,4,17,11,1,0,0,0,0,0,0,0,0,0,0,0,0,0,0,3,0,0,1,143
2025,A,250,1,0000000001,0000006921,伍祐城,55,最後一任,,0,0,1,0,4,15,10,1,0,0,0,0,0,0,0,0,0,0,0,0,0,0,1,0,0,6,144
2025,A,251,1,0000000001,0000000762,伍鐸,52,先發,,0,0,6,0,27,78,53,9,0,2,2,0,0,0,3,1,0,0,0,0,0,0,5,4,0,0,137
2025,A,251,2,0000000001,0000007062,威能帝,49,先發,,0,0,7,0,26,94,68,3,0,2,2,2,0,0,7,2,0,0,0,0,0,0,8,2,0,0,152
2025,A,251,1,0000000001,0000000135,陳禹勳,5,中繼,勝,0,0,1,0,5,15,10,1,0,0,0,0,0,1,0,0,0,0,0,0,0,0,4,3,2,2,145
2025,A,251,2,0000000001,0000005372,呂詠臻,48,中繼,敗,0,0,0,0,4,15,4,2,0,2,2,2,0,0,0,0,0,0,0,0,0,0,3,4,0,11,148
2025,A,251,2,0000000001,0000007073,賴胤豪,63,中繼,,0,0,1,0,3,7,6,0,0,0,0,0,0,0,1,0,0,0,0,0,0,0,2,0,0,2,149
2025,A,251,1,0000000001,0000007270,鑀龍,55,中繼,,0,1,1,0,4,19,12,1,0,0,0,0,0,0,2,0,0,0,0,0,0,0,0,2,0,12,143
2025,A,251,2,0000000001,0000005558,蘇俊璋,00,中繼,,0,0,0,1,3,10,7,2,0,1,1,0,0,0,0,0,0,1,0,0,0,0,0,0,0,3,143
2025,A,251,2,0000000001,0000006228,王志煊,64,最後一任,,0,0,0,2,2,6,4,0,0,0,0,0,0,0,0,0,0,0,1,0,0,0,0,1,0,10,132
2025,A,251,1,0000000001,0000005555,陳冠偉,59,最後一任,,1,0,1,0,4,18,12,0,0,0,0,1,0,0,1,0,0,0,0,0,0,0,1,2,14,5,142
2025,A,252,1,0000000001,0000006871,黃保羅,18,先發,敗,0,0,2,1,17,63,32,4,0,5,5,5,0,1,1,1,0,0,0,0,0,0,3,6,0,0,144
2025,A,252,2,0000000001,0000002345,鄭浩均,33,先發,勝,0,0,5,0,19,71,41,1,0,0,0,1,0,3,3,0,0,0,0,0,0,0,4,1,0,0,154
2025,A,252,1,0000000001,0000007568,王偉軒,37,中繼,,0,0,2,0,13,43,27,4,0,3,2,1,0,2,1,0,0,0,0,0,0,0,0,0,0,0,143
2025,A,252,1,0000000001,0000000363,陳仕朋,81,中繼,,0,0,0,2,2,9,6,0,0,0,0,0,0,0,1,0,0,0,1,0,0,0,2,3,0,2,140
2025,A,252,2,0000000001,0000003506,謝榮豪,79,中繼,,0,0,1,0,3,12,7,1,0,0,0,0,0,0,1,0,0,0,0,0,0,0,1,0,1,2,141
2025,A,252,1,0000000001,0000000368,游霆崴,80,中繼,,0,0,2,0,8,30,20,1,0,0,0,0,0,0,1,0,0,0,0,0,0,0,0,0,0,0,139
2025,A,252,2,0000000001,0000000771,陳琥,62,中繼,,0,0,2,0,7,18,10,1,0,0,0,0,0,0,0,0,0,0,0,0,0,0,0,1,0,1,150
2025,A,252,1,0000000001,0000006870,林栚呈,94,最後一任,,0,0,1,0,4,14,9,1,0,0,0,0,0,0,0,0,0,0,0,0,0,0,0,1,0,3,143
2025,A,252,2,0000000001,0000003334,鄭凱文,19,最後一任,,0,0,1,0,4,19,12,1,0,0,0,0,0,0,0,0,0,0,0,0,0,0,2,3,1,0,140
2025,A,253,1,0000000001,0000007303,黃子豪,85,先發,,0,0,3,2,19,70,43,6,0,4,4,1,0,2,2,0,0,0,1,0,0,0,2,1,0,1,146
2025,A,253,2,0000000001,0000001260,郭俊麟,75,先發,,0,0,4,0,19,78,47,5,0,3,3,1,0,1,6,0,0,0,0,0,0,0,0,2,0,0,146
2025,A,253,1,0000000001,0000005285,許峻暘,84,中繼,敗,0,0,1,0,7,33,18,3,0,3,3,1,0,0,1,0,0,0,0,0,0,0,0,1,0,0,143
2025,A,253,2,0000000001,0000007293,鍾允華,29,中繼,,0,0,0,1,6,34,19,2,0,2,1,2,0,0,1,0,0,0,0,0,0,0,0,0,0,3,150
2025,A,253,2,0000000001,0000007061,辛俊昇,69,中繼,勝,0,0,1,2,4,20,14,1,0,0,0,0,0,0,2,0,0,0,0,0,0,0,1,0,0,1,142
2025,A,253,1,0000000001,0000006918,李欣穎,18,中繼,,0,0,1,1,7,35,17,1,0,2,2,2,0,0,2,3,0,0,0,0,0,0,0,0,0,0,145
2025,A,253,2,0000000001,0000007292,李軍,62,中繼,,0,0,0,2,6,17,9,3,0,2,2,1,0,0,0,1,0,0,0,0,0,0,0,0,0,3,145
2025,A,253,2,0000000001,0000005482,吳承諭,57,中繼,,0,1,0,1,1,4,3,0,0,0,0,0,0,0,0,0,0,0,0,0,0,0,1,2,0,2,137
2025,A,253,1,0000000001,0000006917,謝葆錡,10,最後一任,,0,0,2,0,7,27,16,1,1,1,1,0,0,0,0,0,0,0,0,0,0,0,0,0,0,0,145
2025,A,253,2,0000000001,0000006818,髙塩將樹,28,中繼,,0,1,1,0,3,14,10,0,0,0,0,0,0,0,0,0,0,0,0,0,0,0,3,2,7,14,145
2025,A,253,2,0000000001,0000002688,陳韻文,12,最後一任,,1,0,1,0,3,13,9,1,0,0,0,0,0,0,0,0,0,0,0,0,0,0,4,1,13,3,147
2025,A,254,1,0000000001,0000006724,曹祐齊,67,先發,勝,0,0,5,0,17,70,48,2,0,0,0,0,0,0,3,0,0,0,0,0,0,1,3,2,0,0,140
2025,A,254,2,0000000001,0000002274,黃子鵬,69,先發,敗,0,0,6,0,27,82,60,6,1,3,2,1,0,1,2,1,0,0,0,0,0,0,4,6,0,0,130
2025,A,254,1,0000000001,0000006160,李超,0,中繼,,0,1,1,0,3,20,14,0,0,0,0,0,0,0,2,0,0,0,0,0,0,0,2,0,0,4,145
2025,A,254,2,0000000001,0000007073,賴胤豪,63,中繼,,0,0,1,0,4,16,11,1,1,1,1,0,0,0,2,0,0,0,0,0,0,0,2,0,0,2,152
2025,A,254,1,0000000001,0000005788,林凱威,99,中繼,,0,0,1,0,4,14,10,1,0,0,0,0,0,0,0,0,0,0,0,0,0,0,1,1,1,6,152
2025,A,254,2,0000000001,0000005509,莊昕諺,77,中繼,,0,0,1,0,4,9,6,1,0,0,0,0,0,0,0,0,0,0,0,0,0,0,1,1,1,5,145
2025,A,254,1,0000000001,0000007270,鑀龍,55,中繼,,0,0,1,0,3,14,10,0,0,0,0,0,0,0,2,0,0,0,0,0,0,0,0,2,0,12,142
2025,A,254,2,0000000001,0000006228,王志煊,64,中繼,,0,0,0,2,4,20,8,0,0,2,2,2,0,0,0,1,0,0,0,0,0,0,0,1,0,10,132
2025,A,254,2,0000000001,0000000779,陳柏豪,9,最後一任,,0,0,0,1,3,8,6,2,0,0,0,0,0,0,1,0,0,0,0,0,0,0,1,4,11,1,145
2025,A,254,1,0000000001,0000000135,陳禹勳,5,中繼,,0,0,0,1,4,13,7,2,0,2,2,1,0,0,0,0,0,0,0,0,0,0,4,3,2,2,144
2025,A,254,1,0000000001,0000001821,林子昱,71,最後一任,,0,0,0,2,3,5,4,1,0,0,0,0,0,0,0,0,0,0,0,0,0,0,3,3,0,13,143
2025,A,255,1,0000000001,0000007570,布坎南,64,先發,,0,0,5,0,23,94,51,6,0,2,2,4,0,0,1,0,0,0,0,0,0,0,0,2,0,0,148
2025,A,255,2,0000000001,0000005572,魏碩成,14,先發,,0,0,6,0,28,86,55,6,0,3,2,1,0,2,3,0,0,0,1,0,0,0,3,0,0,0,141
2025,A,255,1,0000000001,0000000367,吳世豪,50,中繼,,0,1,1,0,5,17,11,1,0,0,0,1,0,0,1,0,0,0,0,0,0,0,0,0,0,4,148
2025,A,255,2,0000000001,0000003331,李振昌,34,中繼,,0,0,1,0,3,18,12,0,0,0,0,0,0,0,0,0,0,0,0,0,0,0,2,1,0,1,148
2025,A,255,1,0000000001,0000000773,李吳永勤,38,中繼,,0,1,0,2,3,9,6,0,0,0,0,0,0,0,1,0,0,0,0,0,0,0,1,2,0,8,142
2025,A,255,1,0000000001,0000006227,曾峻岳,60,中繼,敗,0,0,1,0,7,33,20,3,0,3,3,1,0,0,2,0,0,0,0,0,0,0,0,4,6,2,152
2025,A,255,2,0000000001,0000003639,呂彥青,58,中繼,勝,0,0,1,0,3,13,8,0,0,0,0,0,0,0,1,0,0,0,0,0,0,0,3,2,3,10,142
2025,A,255,1,0000000001,0000005790,張奕,19,最後一任,,0,0,0,1,2,10,7,1,0,0,0,0,0,0,0,0,0,0,0,0,0,0,4,8,7,0,153
2025,A,255,2,0000000001,0000004625,吳俊偉,94,最後一任,,1,0,1,0,4,16,11,0,0,0,0,1,0,0,1,0,0,0,0,0,0,0,0,0,2,0,146
2025,A,256,1,0000000001,0000007560,飛力獅,93,先發,勝,0,0,5,2,30,118,65,6,0,4,4,7,0,0,5,0,0,0,0,0,0,0,8,2,0,0,147
2025,A,256,2,0000000001,0000006739,李東洺,66,先發,敗,0,0,0,1,8,33,21,5,2,7,7,1,0,1,0,0,0,0,0,0,0,0,2,6,0,0,146
2025,A,256,2,0000000001,0000000368,游霆崴,80,中繼,,0,0,3,2,17,71,42,5,0,3,3,1,0,0,2,0,0,0,1,0,0,0,0,0,0,0,140
2025,A,256,2,0000000001,0000000938,張瑞麟,72,中繼,,0,0,2,0,9,26,16,1,0,1,1,0,0,2,1,0,0,0,0,0,0,0,0,0,0,1,142
2025,A,256,1,0000000001,0000006222,劉予承,26,中繼,,0,0,1,1,5,24,12,0,0,0,0,1,0,0,1,0,0,0,0,0,0,0,0,0,0,1,143
2025,A,256,2,0000000001,0000006871,黃保羅,18,中繼,,0,0,2,0,7,24,16,1,0,0,0,0,0,0,1,0,0,0,0,0,0,0,3,6,0,0,145
2025,A,256,1,0000000001,0000005482,吳承諭,57,最後一任,,0,0,2,0,6,19,11,1,0,0,0,0,0,0,0,0,0,0,0,0,0,0,1,2,0,2,139
2025,A,256,2,0000000001,0000006870,林栚呈,94,最後一任,,0,0,1,0,5,17,8,2,0,1,1,0,0,0,0,0,0,0,0,0,0,0,0,1,0,3,143
2025,A,257,1,0000000001,0000007053,艾速特,30,先發,敗,0,0,6,0,22,93,56,3,0,1,0,1,0,1,4,0,0,1,0,0,0,0,5,4,0,0,146
2025,A,257,2,0000000001,0000007264,魔神樂,21,先發,勝,0,0,7,0,26,98,62,4,0,0,0,2,0,0,5,0,0,0,0,0,0,1,9,5,0,0,146
2025,A,257,1,0000000001,0000006921,伍祐城,55,中繼,,0,0,1,0,3,10,5,0,0,0,0,1,0,0,1,0,0,0,0,0,0,0,1,0,0,6,142
2025,A,257,2,0000000001,0000000941,陳冠宇,17,中繼,,0,1,1,0,3,13,7,0,0,0,0,0,0,0,1,0,0,0,0,0,0,0,2,3,4,14,146
2025,A,257,1,0000000001,0000006767,許育銘,74,最後一任,,0,0,1,0,4,20,15,0,0,0,0,1,0,0,1,0,0,1,0,0,0,0,0,0,0,13,141
2025,A,257,2,0000000001,0000000128,朱承洋,22,最後一任,,1,0,1,0,3,13,8,1,0,0,0,0,0,0,2,0,0,0,0,0,0,0,4,2,4,15,148
2025,A,258,1,0000000001,0000007063,周彥農,45,先發,,0,0,4,0,17,69,40,2,0,0,0,4,0,0,1,0,0,0,0,0,0,0,0,1,0,0,140
2025,A,258,2,0000000001,0000006891,力亞士,55,先發,敗,0,0,6,0,30,97,65,8,2,5,5,2,0,2,7,0,0,0,0,0,0,0,5,9,0,0,150
2025,A,258,1,0000000001,0000001719,胡智爲,58,中繼,勝,0,0,3,0,13,52,36,2,0,1,1,2,0,0,3,0,0,0,0,0,0,0,2,4,2,3,150
2025,A,258,2,0000000001,0000000367,吳世豪,50,中繼,,0,0,1,0,3,6,6,0,0,0,0,0,0,0,0,0,0,0,0,0,0,0,0,0,0,4,146
2025,A,258,2,0000000001,0000000773,李吳永勤,38,中繼,,0,0,1,0,4,10,8,1,0,0,0,0,0,0,0,0,0,0,0,0,0,0,1,2,0,8,140
2025,A,258,1,0000000001,0000006818,髙塩將樹,28,中繼,,0,0,1,0,5,17,10,1,0,0,0,0,0,0,0,0,0,0,0,0,0,0,3,2,7,14,145
2025,A,258,2,0000000001,0000005479,江國豪,12,最後一任,,0,0,1,0,5,21,15,2,0,0,0,0,0,0,0,0,0,0,0,0,0,0,1,0,0,0,146
2025,A,258,1,0000000001,0000002688,陳韻文,12,最後一任,,0,0,1,0,3,12,9,1,0,0,0,0,0,0,0,0,0,0,0,0,0,0,4,1,13,3,147
2025,A,259,1,0000000001,0000002679,江承諺,20,先發,敗,0,0,6,0,24,80,53,5,1,3,3,1,0,0,2,0,0,0,0,0,0,0,2,8,0,0,137
2025,A,259,2,0000000001,0000004624,陳克羿,19,先發,勝,0,0,5,0,22,76,45,4,0,2,2,2,0,1,2,2,0,0,0,0,0,0,1,1,0,0,147
2025,A,259,2,0000000001,0000005509,莊昕諺,77,中繼,,0,1,1,0,3,5,4,0,0,0,0,0,0,0,0,0,0,1,1,0,0,0,1,1,1,6,146
2025,A,259,2,0000000001,0000005558,蘇俊璋,00,中繼,,0,1,1,0,3,12,7,0,0,0,0,0,0,0,0,0,0,0,0,0,0,0,0,0,0,4,143
2025,A,259,1,0000000001,0000006917,謝葆錡,10,中繼,,0,0,1,0,3,7,7,0,0,0,0,0,0,0,1,0,0,0,0,0,0,0,0,0,0,0,145
2025,A,259,2,0000000001,0000007073,賴胤豪,63,中繼,,0,1,1,0,3,15,11,0,0,0,0,0,0,0,2,0,0,0,0,0,0,0,2,0,0,3,153
2025,A,259,1,0000000001,0000006832,陳柏清,66,最後一任,,0,0,1,0,3,10,9,0,0,0,0,0,0,0,1,0,0,0,0,0,0,0,1,4,0,8,
2025,A,259,2,0000000001,0000000941,陳冠宇,17,最後一任,,1,0,1,0,5,17,9,1,0,0,0,1,0,0,2,0,0,1,0,0,0,0,2,3,5,14,147
2025,A,260,1,0000000001,0000007554,龍聖,33,先發,,0,0,6,0,20,80,47,2,0,0,0,0,0,2,3,0,0,0,0,0,0,0,2,4,0,0,146
2025,A,260,2,0000000001,0000005151,羅戈,32,先發,,0,0,9,0,32,95,68,4,0,0,0,0,0,0,6,0,0,0,0,0,0,0,8,6,0,0,150
2025,A,260,1,0000000001,0000005788,林凱威,99,中繼,,0,1,1,0,4,13,8,1,0,0,0,0,0,0,1,0,0,0,0,0,0,0,1,1,1,7,149
2025,A,260,1,0000000001,0000001821,林子昱,71,中繼,,0,1,1,0,4,14,11,1,0,0,0,0,0,0,0,0,0,0,0,0,0,0,3,3,0,14,143
2025,A,260,1,0000000001,0000005555,陳冠偉,59,中繼,勝,0,0,1,0,4,8,6,0,0,0,0,0,0,0,0,0,0,0,0,0,0,0,2,2,14,5,143
2025,A,260,2,0000000001,0000004625,吳俊偉,94,最後一任,敗,0,0,1,0,6,22,17,4,2,4,3,0,0,0,0,0,0,0,0,0,0,0,0,1,2,0,146
2025,A,260,1,0000000001,0000000135,陳禹勳,5,最後一任,,0,0,1,0,5,20,13,2,0,1,0,0,0,0,3,0,0,0,0,0,0,0,4,3,2,2,145
2025,A,261,1,0000000001,0000006906,艾璞樂,35,先發,,0,0,7,0,26,93,66,4,0,0,0,0,0,1,4,0,0,0,0,0,0,0,4,3,0,1,149
2025,A,261,2,0000000001,0000007573,李博登,38,先發,,0,0,7,0,31,101,65,7,0,0,0,3,1,1,3,0,0,1,0,0,0,0,2,2,0,0,143
2025,A,261,2,0000000001,0000003639,呂彥青,58,中繼,勝,0,0,1,0,3,12,8,0,0,0,0,0,0,0,1,0,0,0,0,0,0,0,4,2,3,10,142
2025,A,261,1,0000000001,0000006160,李超,0,中繼,敗,0,0,0,2,5,17,10,2,0,2,2,1,0,0,1,0,0,0,0,0,0,0,2,1,0,4,147
2025,A,261,1,0000000001,0000005541,郭郁政,17,最後一任,,0,0,0,1,3,12,9,2,0,0,0,0,0,0,0,0,0,0,0,0,0,0,0,2,1,1,146
2025,A,261,2,0000000001,0000004625,吳俊偉,94,最後一任,,1,0,1,0,5,14,9,2,0,0,0,0,0,0,0,0,0,0,0,0,0,0,0,1,3,0,149
2025,A,262,1,0000000001,0000007558,黃博多,37,先發,勝,0,0,5,2,25,110,69,5,0,1,1,3,0,0,6,0,0,0,0,0,0,0,9,5,0,0,149
2025,A,262,2,0000000001,0000006749,魔力藍,44,先發,敗,0,0,6,0,24,95,61,6,0,2,2,1,0,0,6,0,0,0,0,0,0,0,6,8,0,0,147
2025,A,262,1,0000000001,0000000778,蔡齊哲,50,中繼,,0,1,0,1,0,6,5,0,0,0,0,0,0,0,0,0,0,0,0,0,0,0,2,2,3,11,139
2025,A,262,2,0000000001,0000000367,吳世豪,50,中繼,,0,0,1,0,3,14,7,0,0,0,0,0,0,0,1,0,0,0,0,0,0,0,0,0,0,4,146
2025,A,262,1,0000000001,0000003331,李振昌,34,中繼,,0,1,1,0,4,12,8,1,0,0,0,0,0,0,0,0,0,1,0,0,0,0,2,1,0,2,146
2025,A,262,2,0000000001,0000000773,李吳永勤,38,中繼,,0,0,1,0,3,9,7,0,0,0,0,0,0,0,1,0,0,0,0,0,0,0,1,2,0,8,139
2025,A,262,1,0000000001,0000000776,王凱程,15,中繼,,0,1,1,0,4,14,12,1,0,0,0,0,0,0,1,0,0,0,0,0,0,0,2,2,1,16,141
2025,A,262,2,0000000001,0000006227,曾峻岳,60,最後一任,,0,0,1,0,4,12,9,1,0,0,0,0,0,0,2,0,0,0,0,0,0,0,0,4,6,2,151
2025,A,262,1,0000000001,0000003639,呂彥青,58,最後一任,,1,0,1,0,3,9,5,0,0,0,0,0,0,0,0,0,0,0,0,0,0,0,4,2,4,10,138
2025,A,263,1,0000000001,0000007559,蒙德茲,21,先發,勝,0,0,5,2,28,104,67,9,0,4,4,2,0,0,3,0,0,1,0,0,0,0,8,5,0,0,150
2025,A,263,2,0000000001,0000007274,吉田一将,41,先發,敗,0,0,4,2,24,97,61,9,1,6,6,1,0,0,5,0,0,0,0,0,0,0,3,6,0,0,145
2025,A,263,2,0000000001,0000006917,謝葆錡,10,中繼,,0,0,0,1,3,11,5,1,0,1,1,1,0,0,0,0,0,0,0,0,0,0,0,0,0,0,143
2025,A,263,2,0000000001,0000002348,施子謙,19,中繼,,0,0,2,0,7,25,17,1,0,0,0,0,0,0,1,0,0,0,0,0,0,0,3,0,0,1,144
2025,A,263,1,0000000001,0000005482,吳承諭,57,中繼,,0,1,0,1,1,1,1,0,0,0,0,0,0,0,0,0,0,0,0,0,0,0,1,2,0,3,135
2025,A,263,1,0000000001,0000007061,辛俊昇,69,中繼,,0,1,1,0,3,12,8,0,0,0,0,0,0,0,1,0,0,0,0,0,0,0,1,0,0,2,142
2025,A,263,2,0000000001,0000006937,黃勃睿,97,最後一任,,0,0,2,0,7,21,14,1,0,0,0,0,0,0,0,0,0,0,0,0,0,0,0,0,0,0,141
2025,A,263,1,0000000001,0000006818,髙塩將樹,28,中繼,,0,1,1,0,5,20,10,1,0,0,0,1,0,0,2,0,0,0,0,0,0,0,3,2,7,15,144
2025,A,263,1,0000000001,0000002688,陳韻文,12,最後一任,,1,0,1,0,5,22,11,0,0,0,0,2,0,0,0,0,0,0,0,0,0,0,4,1,14,3,149
2025,A,264,1,0000000001,0000007556,波賽樂,88,先發,勝,0,0,6,2,27,97,64,4,0,0,0,3,0,0,6,0,0,1,0,0,0,1,4,6,0,0,149
2025,A,264,2,0000000001,0000006497,鋼龍,37,先發,敗,0,0,8,0,32,93,62,8,0,2,2,1,0,0,4,0,0,0,0,0,0,0,8,4,0,0,146
2025,A,264,1,0000000001,0000006228,王志煊,64,中繼,,0,1,0,1,1,6,5,0,0,0,0,0,0,0,0,0,0,0,0,0,0,0,0,1,0,11,134
2025,A,264,1,0000000001,0000000941,陳冠宇,17,中繼,,0,1,1,0,4,11,7,2,0,0,0,0,0,0,0,0,0,0,0,0,0,0,2,3,5,15,148
2025,A,264,2,0000000001,0000001603,王維中,16,最後一任,,0,0,1,0,5,14,10,2,0,1,1,0,0,0,0,0,0,0,0,0,0,0,1,2,0,1,143
2025,A,264,1,0000000001,0000000128,朱承洋,22,最後一任,,1,0,1,0,4,11,7,1,0,0,0,0,0,0,0,0,0,0,0,0,0,0,4,2,5,15,145
2025,A,265,1,0000000001,0000005731,布雷克,50,先發,敗,0,0,5,2,26,92,60,7,0,3,3,2,0,0,3,0,0,0,1,0,0,0,6,8,0,0,142
2025,A,265,2,0000000001,0000006507,後勁,40,先發,勝,0,0,7,0,25,88,62,5,1,2,2,0,0,0,6,0,0,0,0,0,0,1,12,0,0,0,148
2025,A,265,1,0000000001,0000007292,李軍,62,中繼,,0,0,1,1,6,26,17,1,0,1,1,1,0,0,1,0,0,0,0,0,0,0,0,0,0,3,149
2025,A,265,2,0000000001,0000006832,陳柏清,66,中繼,,0,1,1,0,3,9,6,0,0,0,0,0,0,0,1,0,0,0,0,0,0,0,1,4,0,9,146
2025,A,265,1,0000000001,0000002276,鄭鈞仁,60,最後一任,,0,0,1,0,6,22,12,1,0,1,1,2,0,0,1,0,0,0,0,0,0,0,0,0,0,1,144
2025,A,265,2,0000000001,0000006949,林詩翔,14,最後一任,,1,0,1,0,5,13,9,2,0,0,0,0,0,0,1,0,0,0,0,0,0,0,5,3,20,3,144
2025,A,266,1,0000000001,0000007583,柯威士,24,先發,,0,0,2,1,14,59,34,7,0,5,5,1,0,0,2,0,0,0,0,0,0,0,0,0,0,0,147
2025,A,266,2,0000000001,0000000363,陳仕朋,81,先發,,0,0,5,1,25,86,53,7,0,3,3,2,0,1,3,2,0,0,0,0,0,0,2,3,0,2,139
2025,A,266,1,0000000001,0000003506,謝榮豪,79,中繼,,0,0,0,2,4,16,8,3,0,1,1,0,0,0,0,0,0,0,0,0,0,0,1,0,1,2,143
2025,A,266,1,0000000001,0000000771,陳琥,62,中繼,,0,0,2,0,6,31,19,1,0,0,0,0,0,0,0,0,0,0,0,0,0,0,0,1,0,1,145
2025,A,266,2,0000000001,0000005479,江國豪,12,中繼,,0,0,1,0,6,21,9,2,0,3,3,1,0,0,1,0,0,0,0,0,0,0,1,0,0,0,145
2025,A,266,1,0000000001,0000003334,鄭凱文,19,中繼,勝,0,0,1,0,4,12,9,1,0,0,0,0,0,0,1,0,0,0,0,0,0,0,3,3,1,0,139
2025,A,266,2,0000000001,0000000773,李吳永勤,38,中繼,敗,0,0,0,1,2,11,7,1,0,1,1,0,0,0,1,0,0,0,0,0,0,0,1,3,0,8,143
2025,A,266,2,0000000001,0000006227,曾峻岳,60,中繼,,0,0,0,1,4,13,9,3,0,2,2,0,0,0,0,0,0,0,0,0,0,0,0,4,6,2,152
2025,A,266,1,0000000001,0000003331,李振昌,34,中繼,,0,1,1,0,5,16,8,1,0,0,0,1,0,0,0,0,0,0,0,0,0,0,2,1,0,3,146
2025,A,266,2,0000000001,0000006870,林栚呈,94,中繼,,0,0,1,0,3,11,10,1,0,0,0,0,0,0,0,0,0,0,0,0,0,0,0,1,0,3,142
2025,A,266,1,0000000001,0000000778,蔡齊哲,50,中繼,,0,1,1,0,4,11,9,1,0,0,0,0,0,0,0,0,0,0,0,0,0,0,2,2,3,12,142
2025,A,266,2,0000000001,0000005790,張奕,19,最後一任,,0,0,1,0,4,11,8,1,0,0,0,0,0,0,2,0,0,0,0,0,0,0,4,8,7,0,148
2025,A,266,1,0000000001,0000004625,吳俊偉,94,最後一任,,1,0,1,0,3,19,11,0,0,0,0,0,0,0,2,0,0,0,0,0,0,0,0,1,4,0,145
2025,A,267,1,0000000001,0000007062,威能帝,49,先發,,0,0,6,0,23,88,65,5,1,2,2,1,0,0,7,1,0,0,1,0,0,0,8,2,0,0,156
2025,A,267,2,0000000001,0000000762,伍鐸,52,先發,,0,0,5,2,23,80,52,5,0,2,2,2,0,0,1,0,0,1,0,0,0,0,5,4,0,0,141
2025,A,267,2,0000000001,0000000135,陳禹勳,5,中繼,,0,1,0,1,1,2,1,0,0,0,0,0,0,0,0,0,0,0,0,0,0,0,4,3,2,3,143
2025,A,267,2,0000000001,0000005788,林凱威,99,中繼,,0,1,1,0,4,13,9,1,0,0,0,0,0,0,1,0,0,0,0,0,0,0,1,1,1,8,151
2025,A,267,1,0000000001,0000007073,賴胤豪,63,中繼,,0,1,1,0,4,13,6,0,0,0,0,1,0,0,0,0,0,0,0,0,0,0,2,0,0,4,152
2025,A,267,2,0000000001,0000001821,林子昱,71,中繼,勝,0,0,1,0,5,14,9,1,0,0,0,1,0,0,1,0,0,0,0,0,0,0,4,3,0,14,143
2025,A,267,1,0000000001,0000005509,莊昕諺,77,最後一任,敗,0,0,1,0,5,20,14,2,0,1,1,0,0,0,1,0,0,0,0,0,0,0,1,2,1,6,151
2025,A,267,2,0000000001,0000005555,陳冠偉,59,最後一任,,1,0,1,0,3,14,7,0,0,0,0,0,0,0,0,0,0,0,0,0,0,0,2,2,15,5,141
2025,A,268,1,0000000001,0000001260,郭俊麟,75,先發,敗,0,0,3,0,20,68,41,9,2,7,6,1,0,0,3,0,0,0,1,0,0,0,0,3,0,0,147
2025,A,268,2,0000000001,0000007567,櫻井周斗,69,先發,勝,0,0,5,0,21,90,50,2,0,0,0,3,0,1,2,0,0,0,0,0,0,0,1,0,0,0,142
2025,A,268,1,0000000001,0000001719,胡智爲,58,中繼,,0,0,1,0,3,12,8,0,0,0,0,0,0,0,1,0,0,0,0,0,0,0,2,4,2,3,148
2025,A,268,1,0000000001,0000007293,鍾允華,29,中繼,,0,0,1,1,10,37,19,3,0,2,2,3,0,0,1,0,0,0,0,0,0,0,0,0,0,3,146
2025,A,268,2,0000000001,0000006921,伍祐城,55,中繼,,0,0,2,0,10,32,24,3,0,1,0,0,0,1,3,0,0,0,0,0,0,0,1,0,0,6,145
2025,A,268,1,0000000001,0000006222,劉予承,26,中繼,,0,0,1,2,8,33,17,2,0,2,2,2,0,0,0,1,0,0,1,0,0,0,0,0,0,1,144
2025,A,268,2,0000000001,0000006767,許育銘,74,中繼,,0,0,1,0,4,20,12,0,0,0,0,1,0,0,0,0,0,0,0,0,0,0,0,0,0,13,142
2025,A,268,1,0000000001,0000005482,吳承諭,57,中繼,,0,0,0,2,2,6,5,0,0,0,0,0,0,0,1,0,0,0,0,0,0,0,1,2,0,3,136
2025,A,268,1,0000000001,0000001339,林祖傑,39,最後一任,,0,0,0,1,1,5,3,0,0,0,0,0,0,0,1,0,0,0,0,0,0,0,0,0,0,0,130
2025,A,268,2,0000000001,0000006922,黃紹睿,56,最後一任,,0,0,1,0,4,15,10,1,0,0,0,0,0,0,0,0,0,0,0,0,0,0,2,1,0,2,144
2025,A,269,1,0000000001,0000005572,魏碩成,14,先發,敗,0,0,5,1,24,100,55,2,0,1,0,5,0,0,6,0,0,0,0,0,0,0,3,1,0,0,138
2025,A,269,2,0000000001,0000007570,布坎南,64,先發,勝,0,0,9,0,31,117,80,3,0,0,0,1,0,1,5,0,0,2,0,1,1,1,1,2,0,0,148
2025,A,269,1,0000000001,0000000778,蔡齊哲,50,中繼,,0,0,0,2,2,7,5,0,0,0,0,0,0,0,1,0,0,0,0,0,0,0,2,2,3,12,141
2025,A,269,1,0000000001,0000000776,王凱程,15,中繼,,0,0,1,0,4,8,7,1,0,0,0,0,0,0,0,0,0,0,0,0,0,0,2,2,1,16,140
2025,A,269,1,0000000001,0000003639,呂彥青,58,最後一任,,0,0,1,0,4,8,6,1,0,0,0,0,0,0,1,0,0,0,0,0,0,0,4,2,4,10,139
2025,A,270,1,0000000001,0000002274,黃子鵬,69,先發,,0,0,5,0,19,81,53,5,0,2,2,1,0,1,4,0,0,0,1,0,0,0,4,6,0,0,136
2025,A,270,2,0000000001,0000005543,徐若熙,18,先發,,0,0,5,2,22,83,59,3,0,3,3,1,0,1,7,0,0,0,0,0,0,0,4,6,0,0,155
2025,A,270,2,0000000001,0000006160,李超,0,中繼,,0,0,0,1,2,7,5,1,0,0,0,0,0,0,0,0,0,0,0,0,0,0,2,1,0,4,146
2025,A,270,1,0000000001,0000003608,曾仁和,23,中繼,,0,0,0,1,4,15,9,3,0,3,3,0,0,0,0,0,0,0,0,0,0,0,0,1,0,0,144
2025,A,270,1,0000000001,0000005558,蘇俊璋,00,中繼,,0,0,0,0,1,3,2,1,0,0,0,0,0,0,0,0,0,0,0,0,0,0,0,0,0,4,144
2025,A,270,1,0000000001,0000006228,王志煊,64,中繼,,0,0,0,2,2,7,3,0,0,0,0,0,0,0,0,0,0,0,1,0,0,0,0,1,0,11,132
2025,A,270,2,0000000001,0000005788,林凱威,99,中繼,,0,1,1,0,5,22,17,2,0,0,0,0,0,0,1,0,0,0,0,0,0,0,1,1,1,9,152
2025,A,270,1,0000000001,0000007073,賴胤豪,63,中繼,,0,0,1,0,3,9,7,0,0,0,0,0,0,0,1,0,0,0,0,0,0,0,2,0,0,4,150
2025,A,270,2,0000000001,0000001821,林子昱,71,中繼,,0,0,0,2,4,11,8,3,1,2,2,0,0,0,0,0,0,0,0,0,0,0,4,3,0,14,143
2025,A,270,2,0000000001,0000005555,陳冠偉,59,中繼,敗,0,0,1,0,7,23,10,1,0,1,0,2,0,0,0,0,0,1,0,0,0,0,2,3,15,5,143
2025,A,270,1,0000000001,0000000941,陳冠宇,17,中繼,勝,0,0,1,0,3,14,6,0,0,0,0,1,0,0,0,0,0,0,0,0,0,0,3,3,5,15,148
2025,A,270,2,0000000001,0000000135,陳禹勳,5,最後一任,,0,0,0,1,2,7,5,1,0,0,0,0,0,0,1,0,0,0,0,0,0,0,4,3,2,3,146
2025,A,270,1,0000000001,0000000128,朱承洋,22,最後一任,,1,0,1,0,3,10,8,0,0,0,0,0,0,0,0,0,0,0,0,0,0,0,4,2,6,15,147
2025,A,271,1,0000000001,0000006871,黃保羅,18,先發,敗,0,0,5,0,23,91,58,5,0,2,1,3,1,0,1,0,0,0,1,0,0,0,3,7,0,0,147
2025,A,271,2,0000000001,0000007264,魔神樂,21,先發,勝,0,0,6,0,27,93,62,9,0,1,1,1,0,1,2,0,0,0,0,0,0,0,10,5,0,0,144
2025,A,271,1,0000000001,0000006870,林栚呈,94,中繼,,0,0,1,0,4,12,7,0,0,0,0,0,0,1,0,0,0,1,0,0,0,0,0,1,0,3,144
2025,A,271,2,0000000001,0000007073,賴胤豪,63,中繼,,0,1,1,0,5,21,12,1,0,0,0,1,0,0,0,0,0,0,0,0,0,0,2,0,0,5,149
2025,A,271,1,0000000001,0000006227,曾峻岳,60,中繼,,0,0,1,0,3,14,11,0,0,0,0,0,0,0,1,0,0,0,0,0,0,0,0,4,6,2,153
2025,A,271,2,0000000001,0000000941,陳冠宇,17,中繼,,0,1,1,0,3,13,8,2,0,0,0,0,0,0,0,0,0,1,0,0,0,0,3,3,5,16,145
2025,A,271,1,0000000001,0000000367,吳世豪,50,中繼,,0,0,0,2,4,9,6,2,0,0,0,0,0,0,0,0,0,0,0,0,0,0,0,0,0,4,145
2025,A,271,1,0000000001,0000000773,李吳永勤,38,最後一任,,0,0,0,1,2,10,6,0,0,0,0,1,0,0,1,0,0,0,0,0,0,0,1,3,0,8,138
2025,A,271,2,0000000001,0000000128,朱承洋,22,最後一任,,1,0,1,0,5,22,15,2,0,0,0,0,0,0,2,0,0,0,0,0,0,0,4,2,7,15,146
2025,A,272,1,0000000001,0000005151,羅戈,32,先發,敗,0,0,5,0,22,86,52,4,0,4,3,3,0,0,5,0,0,0,0,0,0,0,8,7,0,0,150
2025,A,272,2,0000000001,0000007560,飛力獅,93,先發,勝,0,0,6,0,22,94,57,3,0,0,0,2,0,0,7,0,0,0,0,0,0,1,9,2,0,0,146
2025,A,272,1,0000000001,0000001232,江忠城,20,中繼,,0,0,1,0,3,12,7,0,0,0,0,0,0,0,1,0,0,0,0,0,0,0,0,0,0,0,146
2025,A,272,2,0000000001,0000007061,辛俊昇,69,中繼,,0,0,1,0,3,12,9,0,0,0,0,0,0,0,1,0,0,0,0,0,0,0,1,0,0,2,142
2025,A,272,1,0000000001,0000000771,陳琥,62,中繼,,0,0,1,0,5,16,8,0,0,0,0,1,0,1,1,0,0,0,0,0,0,0,0,1,0,1,139
2025,A,272,2,0000000001,0000006818,髙塩將樹,28,中繼,,0,0,1,0,3,16,10,0,0,0,0,0,0,0,1,0,0,0,0,0,0,0,3,2,7,15,143
2025,A,272,1,0000000001,0000003506,謝榮豪,79,最後一任,,0,0,1,0,3,10,6,0,0,0,0,0,0,0,0,0,0,0,0,0,0,0,1,0,1,2,144
2025,A,272,2,0000000001,0000002688,陳韻文,12,最後一任,,0,0,1,0,5,10,8,2,0,1,0,0,0,0,0,0,0,0,0,0,0,0,4,1,14,3,144
2025,A,273,1,0000000001,0000007554,龍聖,33,先發,敗,0,0,6,0,28,95,57,5,1,5,3,5,0,0,4,0,0,0,0,0,0,0,2,5,0,0,143
2025,A,273,2,0000000001,0000007053,艾速特,30,先發,勝,0,0,6,0,23,86,49,5,0,2,2,3,0,0,1,0,0,0,0,0,0,0,6,4,0,0,146
2025,A,273,2,0000000001,0000006767,許育銘,74,中繼,,0,1,1,0,3,11,9,0,0,0,0,0,0,0,2,0,0,0,0,0,0,0,0,0,0,14,139
2025,A,273,1,0000000001,0000005541,郭郁政,17,最後一任,,0,0,2,0,7,18,15,1,0,0,0,0,0,0,2,0,0,0,0,0,0,0,0,2,1,1,146
2025,A,273,2,0000000001,0000006832,陳柏清,66,中繼,,0,1,1,0,5,21,13,1,0,0,0,1,0,0,0,0,0,0,0,0,0,0,1,4,0,10,145
2025,A,273,2,0000000001,0000006949,林詩翔,14,最後一任,,1,0,1,0,3,13,7,0,0,0,0,0,0,0,0,0,0,0,0,0,0,0,5,3,21,3,142
2025,A,274,1,0000000001,0000006891,力亞士,55,先發,勝,0,0,7,0,26,102,66,6,0,1,1,0,0,1,6,0,0,0,1,0,0,0,6,9,0,0,151
2025,A,274,2,0000000001,0000004624,陳克羿,19,先發,敗,0,0,5,0,24,98,56,7,0,2,2,2,0,0,6,0,0,0,1,0,0,0,1,2,0,0,145
2025,A,274,2,0000000001,0000005558,蘇俊璋,00,中繼,,0,0,0,2,7,24,16,5,0,5,2,0,0,0,1,0,0,0,0,0,0,0,0,0,0,4,145
2025,A,274,2,0000000001,0000005509,莊昕諺,77,中繼,,0,0,0,1,2,6,5,0,0,0,0,0,0,0,0,0,0,0,0,0,0,0,1,2,1,6,149
2025,A,274,2,0000000001,0000005372,呂詠臻,48,中繼,,0,0,1,0,3,22,15,0,0,0,0,0,0,0,3,0,0,0,0,0,0,0,3,4,0,11,148
2025,A,274,2,0000000001,0000000779,陳柏豪,9,中繼,,0,0,1,0,6,22,9,1,1,2,2,2,0,0,1,0,0,0,0,0,0,0,1,4,11,1,145
2025,A,274,1,0000000001,0000000367,吳世豪,50,中繼,,0,0,1,0,4,14,10,1,0,0,0,0,0,0,0,0,0,0,0,0,0,0,0,0,0,4,148
2025,A,274,2,0000000001,0000003608,曾仁和,23,最後一任,,0,0,1,0,4,17,10,1,0,0,0,0,0,0,0,0,0,0,0,0,0,0,0,1,0,0,144
2025,A,274,1,0000000001,0000005479,江國豪,12,最後一任,,0,0,1,0,4,15,9,1,0,0,0,0,0,0,2,0,0,0,0,0,0,0,1,0,0,0,144
2025,A,275,1,0000000001,0000007573,李博登,38,先發,勝,0,0,7,0,25,87,59,7,0,3,3,0,0,0,4,0,0,0,0,0,0,1,3,2,0,0,146
2025,A,275,2,0000000001,0000007063,周彥農,45,先發,敗,0,0,3,0,14,56,25,1,1,4,4,6,0,0,0,0,0,0,0,0,0,0,0,2,0,0,138
2025,A,275,2,0000000001,0000006222,劉予承,26,中繼,,0,0,1,0,5,27,14,1,0,1,1,1,0,0,0,0,0,0,0,0,0,0,0,0,0,1,144
2025,A,275,2,0000000001,0000001719,胡智爲,58,中繼,,0,0,2,2,13,44,28,3,0,3,3,2,0,0,1,0,0,0,1,0,0,0,2,4,2,3,148
2025,A,275,2,0000000001,0000003393,王鏡銘,41,中繼,,0,0,1,0,2,9,6,0,0,0,0,0,0,0,0,0,0,0,0,0,0,0,0,3,0,8,135
2025,A,275,2,0000000001,0000007292,李軍,62,最後一任,,0,0,1,1,4,19,13,1,0,0,0,0,0,0,1,0,0,0,0,0,0,0,0,0,0,3,149
2025,A,275,1,0000000001,0000003331,李振昌,34,中繼,,0,0,1,0,3,9,7,0,0,0,0,0,0,0,1,0,0,0,0,0,0,0,2,1,0,3,142
2025,A,275,1,0000000001,0000003334,鄭凱文,19,最後一任,,0,0,1,0,3,13,9,0,0,0,0,0,0,0,1,0,0,0,0,0,0,0,3,3,1,0,138
2025,A,276,1,0000000001,0000006906,艾璞樂,35,先發,,0,0,5,0,23,93,61,7,2,4,4,2,0,1,1,0,0,0,0,0,0,0,4,3,0,1,146
2025,A,276,2,0000000001,0000002679,江承諺,20,先發,,0,0,5,0,25,79,54,8,1,3,3,1,0,1,5,0,0,0,0,0,0,0,2,8,0,0,139
2025,A,276,2,0000000001,0000006921,伍祐城,55,中繼,勝,0,0,1,0,6,19,12,2,0,1,1,0,0,1,1,0,0,0,0,0,0,0,2,0,0,6,142
2025,A,276,1,0000000001,0000001603,王維中,16,最後一任,敗,0,0,3,0,15,60,39,4,0,3,3,2,0,0,1,0,0,0,0,0,0,0,1,3,0,1,144
2025,A,276,2,0000000001,0000006767,許育銘,74,中繼,,0,1,1,0,3,14,8,0,0,0,0,0,0,0,0,0,0,0,0,0,0,0,0,0,0,15,140
2025,A,276,2,0000000001,0000006832,陳柏清,66,中繼,,0,1,1,0,3,14,8,0,0,0,0,0,0,0,2,0,0,0,0,0,0,0,1,4,0,11,143
2025,A,276,2,0000000001,0000006949,林詩翔,14,最後一任,,1,0,1,0,3,10,7,0,0,0,0,0,0,0,1,0,0,0,0,0,0,0,5,3,22,3,143
2025,A,277,1,0000000001,0000007559,蒙德茲,21,先發,敗,0,0,5,1,25,83,56,9,1,6,6,0,0,0,3,0,0,0,0,0,0,0,8,6,0,0,146
2025,A,277,2,0000000001,0000007556,波賽樂,88,先發,勝,0,0,6,0,23,93,62,5,0,0,0,1,0,0,5,0,0,0,0,0,0,0,5,6,0,0,150
2025,A,277,1,0000000001,0000005482,吳承諭,57,中繼,,0,0,0,2,2,6,4,0,0,0,0,0,0,0,0,0,0,0,0,0,0,0,1,2,0,3,137
2025,A,277,2,0000000001,0000005509,莊昕諺,77,中繼,,0,0,1,0,5,18,10,1,0,0,0,1,0,0,0,0,0,0,0,0,0,0,1,2,1,6,148
2025,A,277,1,0000000001,0000007293,鍾允華,29,中繼,,0,0,1,0,5,26,17,2,0,0,0,0,0,0,2,0,0,0,0,0,0,0,0,0,0,3,149
2025,A,277,2,0000000001,0000007073,賴胤豪,63,中繼,,0,0,1,0,4,23,15,0,0,0,0,0,0,0,0,0,0,0,0,0,0,0,2,0,0,5,149
2025,A,277,1,0000000001,0000005282,姚杰宏,79,最後一任,,0,0,1,0,7,28,17,2,0,3,3,1,0,1,0,0,0,0,0,0,0,0,0,0,0,0,143
2025,A,277,2,0000000001,0000003608,曾仁和,23,最後一任,,0,0,1,0,3,11,6,0,0,0,0,0,0,0,0,0,0,0,0,0,0,0,0,1,0,0,143
2025,A,278,1,0000000001,0000006497,鋼龍,37,先發,,0,0,5,0,26,110,68,7,1,3,2,3,0,0,8,0,0,0,0,0,0,0,8,4,0,0,147
2025,A,278,2,0000000001,0000006749,魔力藍,44,先發,勝,0,0,7,0,28,110,72,5,0,3,3,3,0,0,4,0,0,0,0,0,0,0,7,8,0,0,148
2025,A,278,1,0000000001,0000005541,郭郁政,17,中繼,,0,1,0,2,3,10,4,1,0,0,0,1,0,0,0,0,0,0,0,0,0,0,0,2,1,2,145
2025,A,278,1,0000000001,0000000135,陳禹勳,5,中繼,敗,0,0,0,1,4,14,6,2,0,3,3,1,0,0,0,0,0,0,0,0,0,0,4,4,2,3,143
2025,A,278,1,0000000001,0000001821,林子昱,71,中繼,,0,0,1,0,4,19,14,1,0,0,0,0,0,0,0,0,0,0,0,0,0,0,4,3,0,14,145
2025,A,278,2,0000000001,0000006227,曾峻岳,60,中繼,,0,1,1,0,6,22,14,2,0,1,1,1,0,0,1,0,0,0,0,0,0,0,0,4,6,3,153
2025,A,278,1,0000000001,0000006723,張鈞守,74,最後一任,,0,0,1,0,3,15,9,0,0,0,0,0,0,0,2,0,0,0,0,0,0,0,0,0,0,0,147
2025,A,278,2,0000000001,0000005790,張奕,19,最後一任,,1,0,1,0,5,14,12,2,0,0,0,0,0,0,2,0,0,0,0,0,0,0,4,8,8,0,147
2025,A,279,1,0000000001,0000006507,後勁,40,先發,敗,0,0,5,0,21,103,66,5,2,4,3,3,0,0,4,0,0,0,0,0,0,0,12,1,0,0,148
2025,A,279,2,0000000001,0000002345,鄭浩均,33,先發,,0,0,4,0,22,85,47,5,0,3,3,5,0,1,4,0,0,0,0,0,0,0,4,1,0,0,154
2025,A,279,2,0000000001,0000000778,蔡齊哲,50,中繼,勝,0,0,1,0,5,15,8,1,0,0,0,1,0,0,0,0,0,0,0,0,0,0,3,2,3,12,142
2025,A,279,2,0000000001,0000003331,李振昌,34,中繼,,0,1,1,0,4,12,10,1,0,0,0,0,0,0,2,0,0,0,0,0,0,0,2,1,0,4,145
2025,A,279,1,0000000001,0000002348,施子謙,19,最後一任,,0,0,3,0,9,32,21,0,0,0,0,0,0,0,3,0,0,0,0,0,0,0,3,0,0,1,145
2025,A,279,2,0000000001,0000000776,王凱程,15,中繼,,0,1,1,0,5,24,14,0,0,0,0,1,0,1,1,1,0,0,0,0,0,0,2,2,1,17,145
2025,A,279,2,0000000001,0000004625,吳俊偉,94,中繼,,0,1,1,0,3,9,7,1,0,0,0,0,0,0,0,0,0,0,0,0,0,0,0,1,4,1,145
2025,A,279,2,0000000001,0000003639,呂彥青,58,最後一任,,1,0,1,0,4,15,9,2,0,0,0,0,0,0,0,0,0,0,0,0,0,0,4,2,5,10,141
2025,A,280,1,0000000001,0000005731,布雷克,50,先發,敗,0,0,4,2,25,102,64,10,0,6,4,1,0,0,1,0,0,0,2,0,0,0,6,9,0,0,142
2025,A,280,2,0000000001,0000007062,威能帝,49,先發,勝,0,0,6,0,25,106,75,6,0,2,2,1,0,0,6,1,0,0,0,0,0,1,9,2,0,0,153
2025,A,280,1,0000000001,0000006222,劉予承,26,中繼,,0,0,1,1,5,19,13,2,0,0,0,0,0,0,1,0,0,0,0,0,0,0,0,0,0,1,145
2025,A,280,2,0000000001,0000005372,呂詠臻,48,中繼,,0,0,1,0,5,13,11,2,0,0,0,0,0,0,2,0,0,0,0,0,0,0,3,4,0,11,147
2025,A,280,1,0000000001,0000003393,王鏡銘,41,中繼,,0,0,0,2,5,25,16,2,0,2,2,1,0,0,1,0,0,0,0,0,0,0,0,3,0,8,138
2025,A,280,1,0000000001,0000007292,李軍,62,最後一任,,0,0,1,1,6,24,16,2,0,0,0,0,0,0,0,0,0,0,0,0,0,0,0,0,0,3,148
2025,A,280,2,0000000001,0000006228,王志煊,64,中繼,,0,0,1,0,3,9,5,0,0,0,0,0,0,0,1,0,0,0,0,0,0,0,0,1,0,11,134
2025,A,280,2,0000000001,0000005558,蘇俊璋,00,中繼,,0,0,0,2,5,23,12,2,0,1,1,1,0,0,2,0,0,0,0,0,0,0,0,0,0,4,144
2025,A,280,2,0000000001,0000000941,陳冠宇,17,最後一任,,0,0,0,1,1,4,2,0,0,0,0,0,0,0,0,0,0,0,0,0,0,0,3,3,5,16,145
2025,A,281,1,0000000001,0000000762,伍鐸,52,先發,勝,0,0,6,0,21,87,55,3,0,0,0,0,0,0,4,0,0,0,0,0,0,0,6,4,0,0,137
2025,A,281,2,0000000001,0000000363,陳仕朋,81,先發,敗,0,0,7,0,27,91,60,4,1,3,3,1,0,0,6,0,0,0,0,0,0,0,2,4,0,2,142
2025,A,281,1,0000000001,0000001821,林子昱,71,中繼,,0,0,0,2,4,15,11,2,1,1,1,0,0,0,0,0,0,0,0,0,0,0,4,3,0,14,145
2025,A,281,1,0000000001,0000000135,陳禹勳,5,中繼,,0,1,0,1,1,3,1,0,0,0,0,0,0,0,0,0,0,0,0,0,0,0,4,4,2,4,141
2025,A,281,2,0000000001,0000000773,李吳永勤,38,中繼,,0,0,0,2,2,4,4,0,0,0,0,0,0,0,0,0,0,0,0,0,0,0,1,3,0,8,142
2025,A,281,2,0000000001,0000000367,吳世豪,50,中繼,,0,0,0,1,1,9,6,0,0,0,0,0,0,0,1,0,0,0,0,0,0,0,0,0,0,4,149
2025,A,281,1,0000000001,0000005788,林凱威,99,中繼,,0,1,1,0,4,18,12,0,0,0,0,1,0,0,2,0,0,0,0,0,0,0,1,1,1,10,152
2025,A,281,2,0000000001,0000006870,林栚呈,94,最後一任,,0,0,1,0,4,8,7,1,0,0,0,0,0,0,0,0,0,0,0,0,0,0,0,1,0,3,142
2025,A,281,1,0000000001,0000005555,陳冠偉,59,最後一任,,1,0,1,0,3,9,8,0,0,0,0,0,0,0,1,0,0,0,0,0,0,0,2,3,16,5,141
2025,A,282,1,0000000001,0000007567,櫻井周斗,69,先發,,0,0,6,0,26,99,51,3,1,2,2,4,0,1,4,1,0,0,0,0,0,0,1,0,0,0,142
2025,A,282,2,0000000001,0000007583,柯威士,24,先發,,0,0,3,2,17,80,52,4,0,3,1,3,0,0,5,1,1,0,0,0,0,0,0,0,0,0,149
2025,A,282,2,0000000001,0000003506,謝榮豪,79,中繼,,0,0,0,1,1,6,4,0,0,0,0,0,0,0,0,0,0,0,0,0,0,0,1,0,1,2,136
2025,A,282,2,0000000001,0000000771,陳琥,62,中繼,,0,0,2,0,9,33,19,0,0,0,0,3,1,0,1,0,1,0,0,0,0,0,0,1,0,1,145
2025,A,282,2,0000000001,0000001232,江忠城,20,中繼,,0,0,1,0,3,8,6,0,0,0,0,0,0,0,0,0,0,0,0,0,0,0,0,0,0,0,146
2025,A,282,1,0000000001,0000006767,許育銘,74,中繼,,0,0,0,2,5,21,10,1,0,1,1,2,0,0,0,0,0,0,0,0,0,0,0,0,0,15,138
2025,A,282,1,0000000001,0000006921,伍祐城,55,中繼,,0,1,0,1,2,7,3,0,0,0,0,1,1,0,1,0,0,0,0,0,0,0,2,0,0,7,144
2025,A,282,2,0000000001,0000003331,李振昌,34,中繼,,0,1,1,0,5,15,11,2,0,0,0,0,0,0,2,0,0,0,0,0,0,0,2,1,0,5,147
2025,A,282,1,0000000001,0000006832,陳柏清,66,中繼,,0,1,1,0,3,13,7,0,0,0,0,0,0,0,0,0,0,0,0,0,0,0,1,4,0,12,142
2025,A,282,2,0000000001,0000004625,吳俊偉,94,最後一任,勝,0,0,1,0,5,21,8,0,0,0,0,2,0,0,0,0,0,1,0,0,0,0,1,1,4,1,145
2025,A,282,1,0000000001,0000006949,林詩翔,14,最後一任,敗,0,0,0,2,4,25,13,1,0,1,1,1,0,0,0,0,0,0,0,0,0,0,5,4,22,3,148
2025,A,283,1,0000000001,0000007590,那瑪夏,45,先發,,0,0,5,0,22,89,58,5,0,3,3,3,0,0,6,1,0,0,0,0,0,0,0,0,0,0,154
2025,A,283,2,0000000001,0000005572,魏碩成,14,先發,,0,0,5,0,23,94,60,4,0,2,1,3,0,0,4,0,0,0,0,0,0,0,3,1,0,0,139
2025,A,283,2,0000000001,0000000778,蔡齊哲,50,中繼,,0,1,1,0,3,11,6,1,0,0,0,0,0,0,1,0,0,0,0,0,0,0,3,2,3,13,141
2025,A,283,1,0000000001,0000006921,伍祐城,55,中繼,勝,0,0,2,0,7,28,19,0,0,0,0,0,0,0,2,0,0,0,0,0,0,0,3,0,0,7,147
2025,A,283,2,0000000001,0000001232,江忠城,20,中繼,,0,1,1,0,4,10,5,0,0,0,0,1,0,0,0,0,0,0,0,0,0,0,0,0,0,1,145
2025,A,283,2,0000000001,0000003639,呂彥青,58,中繼,敗,0,0,0,1,7,28,16,4,1,4,3,1,0,0,0,0,0,1,0,0,0,0,4,3,5,10,140
2025,A,283,2,0000000001,0000003506,謝榮豪,79,中繼,,0,0,0,2,2,6,4,0,0,0,0,0,0,0,0,0,0,0,0,0,0,0,1,0,1,2,138
2025,A,283,1,0000000001,0000006832,陳柏清,66,中繼,,0,1,1,0,3,9,7,0,0,0,0,0,0,0,1,0,0,0,0,0,0,0,1,4,0,13,144
2025,A,283,2,0000000001,0000003334,鄭凱文,19,最後一任,,0,0,1,0,6,22,14,3,0,2,2,0,0,0,0,0,0,0,0,0,0,0,3,3,1,0,139
2025,A,283,1,0000000001,0000006949,林詩翔,14,最後一任,,0,0,1,0,5,20,13,2,0,1,0,0,0,0,2,0,0,0,0,0,0,0,5,4,22,3,145
2025,A,284,1,0000000001,0000007588,奧德銳,88,先發,,0,0,4,0,16,60,33,2,0,0,0,2,0,0,2,0,0,0,0,0,0,0,0,0,0,0,146
2025,A,284,2,0000000001,0000006237,林子崴,54,先發,敗,0,0,4,2,23,72,45,8,1,6,2,0,0,0,2,0,0,0,0,0,0,0,0,1,0,0,145
2025,A,284,2,0000000001,0000005509,莊昕諺,77,中繼,,0,0,1,1,5,16,13,1,0,0,0,0,0,0,1,0,0,0,0,0,0,0,1,2,1,6,146
2025,A,284,1,0000000001,0000007293,鍾允華,29,中繼,勝,0,0,1,0,3,13,8,0,0,0,0,0,0,0,1,0,0,0,0,0,0,0,1,0,0,3,152
2025,A,284,1,0000000001,0000005482,吳承諭,57,中繼,,0,0,1,0,5,21,13,3,0,1,1,0,0,0,1,0,0,0,0,0,0,0,1,2,0,3,138
2025,A,284,2,0000000001,0000003608,曾仁和,23,中繼,,0,0,1,1,9,32,21,5,0,2,2,1,0,0,0,0,0,0,0,0,0,0,0,1,0,0,142
2025,A,284,1,0000000001,0000007061,辛俊昇,69,中繼,,0,0,1,0,3,9,6,0,0,0,0,0,0,0,0,0,0,0,0,0,0,0,1,0,0,2,141
2025,A,284,2,0000000001,0000000779,陳柏豪,9,最後一任,,0,0,1,2,6,24,13,0,0,0,0,1,0,0,2,1,0,0,0,0,0,0,1,4,11,1,146
2025,A,284,1,0000000001,0000006818,髙塩將樹,28,中繼,,0,0,1,0,6,27,13,1,0,1,1,2,0,0,0,0,0,0,0,0,0,0,3,2,7,15,146
2025,A,284,1,0000000001,0000002688,陳韻文,12,最後一任,,0,0,1,0,3,13,10,0,0,0,0,0,0,0,3,0,0,0,0,0,0,0,4,1,14,3,150
2025,A,285,1,0000000001,0000006724,曹祐齊,67,先發,勝,0,0,5,0,21,72,43,6,0,0,0,2,0,0,3,0,0,0,0,0,0,1,4,2,0,0,139
2025,A,285,2,0000000001,0000007570,布坎南,64,先發,敗,0,0,7,0,30,107,73,10,0,2,2,0,0,0,4,0,0,0,0,0,0,0,1,3,0,0,146
2025,A,285,1,0000000001,0000005541,郭郁政,17,中繼,,0,1,1,2,7,32,22,1,0,0,0,1,0,0,2,0,0,0,0,0,0,0,0,2,1,3,148
2025,A,285,1,0000000001,0000000135,陳禹勳,5,中繼,,0,1,0,1,1,4,2,0,0,0,0,0,0,0,0,0,0,0,0,0,0,0,4,4,2,5,141
2025,A,285,2,0000000001,0000006227,曾峻岳,60,中繼,,0,0,1,0,3,11,8,0,0,0,0,0,0,0,1,0,0,0,0,0,0,0,0,4,6,3,151
2025,A,285,1,0000000001,0000005788,林凱威,99,中繼,,0,1,1,0,6,29,19,2,0,0,0,1,0,0,2,0,0,0,0,0,0,0,1,1,1,11,151
2025,A,285,2,0000000001,0000005790,張奕,19,最後一任,,0,0,1,0,4,10,7,1,0,0,0,0,0,0,0,0,0,0,0,0,0,0,4,8,8,0,151
2025,A,285,1,0000000001,0000005555,陳冠偉,59,最後一任,,1,0,1,0,3,11,7,0,0,0,0,0,0,0,1,0,0,0,0,0,0,0,2,3,17,5,141
2025,A,286,1,0000000001,0000001719,胡智爲,58,先發,,0,0,5,0,19,64,45,4,0,1,1,0,0,0,5,0,0,0,0,0,0,0,2,4,2,3,148
2025,A,286,2,0000000001,0000007554,龍聖,33,先發,,0,0,7,0,23,90,65,3,0,1,0,1,0,0,4,0,0,0,0,0,0,1,2,5,0,0,149
2025,A,286,1,0000000001,0000007292,李軍,62,中繼,,0,1,1,0,5,14,10,1,0,0,0,0,0,1,2,0,0,0,0,0,0,0,0,0,0,4,145
2025,A,286,1,0000000001,0000007061,辛俊昇,69,中繼,,0,1,1,2,5,17,11,0,0,0,0,0,0,0,0,0,0,0,0,0,0,0,1,0,0,3,142
2025,A,286,2,0000000001,0000001821,林子昱,71,中繼,,0,1,1,0,3,14,9,1,0,0,0,0,0,0,0,0,0,0,0,0,0,0,4,3,0,15,143
2025,A,286,1,0000000001,0000006818,髙塩將樹,28,中繼,,0,1,1,1,5,19,13,1,0,0,0,0,0,0,3,0,0,0,0,0,0,0,3,2,7,16,146
2025,A,286,2,0000000001,0000005555,陳冠偉,59,中繼,,0,1,1,0,4,15,11,1,0,0,0,0,0,0,0,0,0,0,0,0,0,0,2,3,17,6,143
2025,A,286,2,0000000001,0000000135,陳禹勳,5,最後一任,勝,0,0,1,0,3,8,6,0,0,0,0,0,0,0,0,0,0,0,0,0,0,0,5,4,2,5,144
2025,A,286,1,0000000001,0000005482,吳承諭,57,最後一任,敗,0,0,0,1,2,5,3,1,0,1,0,0,0,0,0,0,0,1,0,0,0,0,1,3,0,3,135
2025,A,287,1,0000000001,0000007053,艾速特,30,先發,勝,0,0,5,0,24,96,54,5,0,1,1,3,0,0,3,0,0,1,0,0,0,0,7,4,0,0,148
2025,A,287,2,0000000001,0000006871,黃保羅,18,先發,敗,0,0,3,2,20,87,48,4,1,2,2,3,0,2,1,0,0,0,0,0,0,0,3,8,0,0,146
2025,A,287,2,0000000001,0000000938,張瑞麟,72,中繼,,0,0,1,0,5,25,11,0,0,1,1,2,0,0,3,0,0,0,0,0,0,0,0,0,0,1,140
2025,A,287,2,0000000001,0000005479,江國豪,12,最後一任,,0,0,4,1,16,57,38,4,0,1,1,1,0,0,1,0,0,0,0,0,0,0,1,0,0,0,143
2025,A,287,1,0000000001,0000006921,伍祐城,55,中繼,,0,1,1,2,6,29,20,2,0,0,0,0,0,1,2,0,0,0,0,0,0,0,3,0,0,8,147
2025,A,287,1,0000000001,0000002348,施子謙,19,中繼,,0,1,0,1,1,1,1,0,0,0,0,0,0,0,0,0,0,0,0,0,0,0,3,0,0,2,129
2025,A,287,1,0000000001,0000006832,陳柏清,66,中繼,,0,1,1,0,3,10,8,0,0,0,0,0,0,0,1,0,0,0,0,0,0,0,1,4,0,14,148
2025,A,287,1,0000000001,0000006949,林詩翔,14,最後一任,,1,0,1,0,3,14,10,0,0,0,0,0,0,0,1,0,0,0,0,0,0,0,5,4,23,3,147
2025,A,288,1,0000000001,0000007559,蒙德茲,21,先發,勝,0,0,5,0,23,96,60,5,0,1,1,3,0,0,1,0,0,1,0,0,0,0,9,6,0,0,151
2025,A,288,2,0000000001,0000006906,艾璞樂,35,先發,敗,0,0,6,0,26,108,69,7,0,5,5,1,0,1,3,0,0,0,0,0,0,0,4,4,0,1,149
2025,A,288,1,0000000001,0000006222,劉予承,26,中繼,,0,0,1,0,6,29,13,0,0,1,1,3,0,0,1,0,0,0,1,0,0,0,0,0,0,1,143
2025,A,288,2,0000000001,0000006160,李超,0,中繼,,0,0,1,0,5,20,10,0,0,0,0,2,0,0,1,0,0,0,0,0,0,0,2,1,0,4,148
2025,A,288,1,0000000001,0000003393,王鏡銘,41,中繼,,0,1,1,0,3,11,9,0,0,0,0,0,0,0,2,0,0,0,0,0,0,0,0,3,0,9,137
2025,A,288,2,0000000001,0000006723,張鈞守,74,中繼,,0,0,1,0,3,21,13,0,0,0,0,1,0,0,0,0,0,0,0,0,0,0,0,0,0,0,150
2025,A,288,1,0000000001,0000006818,髙塩將樹,28,中繼,,0,1,1,0,4,13,12,1,0,0,0,0,0,0,0,0,0,0,0,0,0,0,3,2,7,17,145
2025,A,288,2,0000000001,0000005541,郭郁政,17,最後一任,,0,0,1,0,4,16,12,1,0,0,0,0,0,0,0,0,0,0,0,0,0,0,0,2,1,3,148
2025,A,288,1,0000000001,0000002688,陳韻文,12,最後一任,,1,0,1,0,4,19,10,0,0,0,0,1,0,0,0,1,0,0,0,0,0,0,4,1,15,3,148
2025,A,289,1,0000000001,0000002679,江承諺,20,先發,勝,0,0,6,0,24,76,51,4,0,0,0,2,0,0,2,0,0,0,0,0,0,1,3,8,0,0,138
2025,A,289,2,0000000001,0000007228,鈴木駿輔,69,先發,敗,0,0,6,0,25,91,55,6,0,1,1,0,0,1,5,0,0,0,0,0,0,0,0,1,0,0,150
2025,A,289,2,0000000001,0000000367,吳世豪,50,中繼,,0,0,1,0,3,19,14,0,0,0,0,0,0,0,2,0,0,0,0,0,0,0,0,0,0,4,147
2025,A,289,1,0000000001,0000006767,許育銘,74,中繼,,0,1,0,2,4,20,10,1,0,0,0,1,0,0,1,0,0,0,0,0,0,0,0,0,0,16,143
2025,A,289,1,0000000001,0000002348,施子謙,19,中繼,,0,1,0,1,1,7,5,0,0,0,0,0,0,0,1,0,0,0,0,0,0,0,3,0,0,3,147
2025,A,289,2,0000000001,0000006227,曾峻岳,60,中繼,,0,0,1,0,3,18,11,0,0,0,0,0,0,0,0,0,0,0,0,0,0,0,0,4,6,3,153
2025,A,289,1,0000000001,0000006832,陳柏清,66,中繼,,0,1,1,0,3,7,5,1,0,0,0,0,0,0,0,0,0,0,0,0,0,0,1,4,0,15,
2025,A,289,2,0000000001,0000005790,張奕,19,最後一任,,0,0,1,0,5,23,16,2,0,1,0,0,0,0,2,0,0,0,0,0,0,0,4,8,8,0,150
2025,A,289,1,0000000001,0000006949,林詩翔,14,最後一任,,1,0,1,0,3,15,10,0,0,0,0,0,0,0,1,0,0,0,0,0,0,0,5,4,24,3,146
2025,A,290,1,0000000001,0000007264,魔神樂,21,先發,敗,0,0,5,0,24,91,60,9,0,7,7,0,0,1,3,0,0,1,2,0,0,0,10,6,0,0,144
2025,A,290,2,0000000001,0000007573,李博登,38,先發,勝,0,0,6,0,23,90,63,4,0,1,1,1,0,0,6,0,0,0,0,0,0,1,4,2,0,0,141
2025,A,290,1,0000000001,0000005558,蘇俊璋,00,中繼,,0,0,1,0,4,10,9,1,0,0,0,0,0,1,1,0,0,0,0,0,0,0,0,0,0,4,143
2025,A,290,2,0000000001,0000000776,王凱程,15,中繼,,0,0,1,0,3,11,6,0,0,0,0,0,0,0,0,0,0,0,0,0,0,0,2,2,1,17,141
2025,A,290,1,0000000001,0000000779,陳柏豪,9,中繼,,0,0,1,0,3,13,9,0,0,0,0,0,0,0,0,0,0,0,0,0,0,0,1,4,11,1,147
2025,A,290,2,0000000001,0000001232,江忠城,20,中繼,,0,0,1,0,3,9,6,0,0,0,0,0,0,0,0,0,0,0,0,0,0,0,0,0,0,1,148
2025,A,290,1,0000000001,0000003608,曾仁和,23,最後一任,,0,0,1,0,3,6,6,1,0,0,0,0,0,0,0,0,0,0,0,0,0,0,0,1,0,0,142
2025,A,290,2,0000000001,0000003334,鄭凱文,19,最後一任,,0,0,1,0,4,16,11,1,0,0,0,0,0,0,1,0,0,0,0,0,0,0,3,3,1,0,138
2025,A,291,1,0000000001,0000002274,黃子鵬,69,先發,敗,0,0,1,2,12,49,28,5,0,5,5,1,0,1,1,0,0,0,0,0,0,0,4,7,0,0,133
2025,A,291,2,0000000001,0000005151,羅戈,32,先發,勝,0,0,6,0,23,98,63,5,1,3,3,1,0,0,4,0,0,0,0,0,0,1,9,7,0,0,148
2025,A,291,1,0000000001,0000006228,王志煊,64,中繼,,0,0,1,0,4,18,9,0,0,0,0,1,0,0,0,0,0,0,0,0,0,0,0,1,0,11,133
2025,A,291,1,0000000001,0000005509,莊昕諺,77,中繼,,0,0,1,1,5,19,13,1,0,0,0,0,0,0,1,0,0,1,0,0,0,0,1,2,1,6,147
2025,A,291,1,0000000001,0000007073,賴胤豪,63,中繼,,0,0,1,0,3,14,8,1,0,0,0,0,0,0,2,0,0,0,0,0,0,0,2,0,0,5,149
2025,A,291,1,0000000001,0000005372,呂詠臻,48,中繼,,0,0,1,0,3,11,7,0,0,0,0,0,0,0,1,0,0,0,0,0,0,0,3,4,0,11,148
2025,A,291,2,0000000001,0000003639,呂彥青,58,中繼,,0,1,1,0,5,27,17,1,0,0,0,1,0,0,0,0,0,0,0,0,0,0,4,3,5,11,139
2025,A,291,1,0000000001,0000000779,陳柏豪,9,中繼,,0,0,1,0,5,20,11,1,1,2,2,1,0,0,0,0,0,0,0,0,0,0,1,4,11,1,144
2025,A,291,2,0000000001,0000003331,李振昌,34,中繼,,0,0,1,0,4,15,6,0,0,0,0,1,0,0,0,0,0,0,0,0,0,0,2,1,0,5,147
2025,A,291,1,0000000001,0000005558,蘇俊璋,00,最後一任,,0,0,1,0,4,13,10,1,0,1,1,0,0,0,0,0,0,0,1,0,0,0,0,0,0,4,147
2025,A,291,2,0000000001,0000003506,謝榮豪,79,中繼,,0,0,0,1,4,19,9,2,0,3,3,1,0,0,0,0,0,0,0,0,0,0,1,0,1,2,142
2025,A,291,2,0000000001,0000004625,吳俊偉,94,最後一任,,1,0,0,2,3,9,5,1,0,0,0,0,0,0,1,1,0,0,0,0,0,0,1,1,5,1,145
2025,A,292,1,0000000001,0000007583,柯威士,24,先發,敗,0,0,1,2,15,61,38,8,0,8,7,2,0,0,0,0,0,0,0,0,0,0,0,1,0,0,145
2025,A,292,2,0000000001,0000006497,鋼龍,37,先發,勝,0,0,6,0,26,85,60,6,0,2,2,2,0,0,8,0,0,0,0,0,0,0,9,4,0,0,148
2025,A,292,1,0000000001,0000003506,謝榮豪,79,中繼,,0,0,0,1,3,14,9,2,0,1,1,0,0,0,0,0,0,0,0,0,0,0,1,0,1,2,139
2025,A,292,1,0000000001,0000003334,鄭凱文,19,中繼,,0,0,2,0,9,42,28,4,0,0,0,0,0,0,0,0,0,0,0,0,0,0,3,3,1,0,138
2025,A,292,1,0000000001,0000000771,陳琥,62,中繼,,0,0,3,0,13,49,29,1,0,0,0,3,0,0,1,0,0,0,0,0,0,0,0,1,0,1,145
2025,A,292,2,0000000001,0000006160,李超,0,中繼,,0,0,1,0,3,14,8,0,0,0,0,0,0,0,0,0,0,0,0,0,0,0,2,1,0,4,146
2025,A,292,2,0000000001,0000005552,呂偉晟,39,中繼,,0,0,1,0,5,23,14,2,0,1,1,0,0,0,1,0,0,0,1,0,0,0,1,2,0,2,144
2025,A,292,1,0000000001,0000001232,江忠城,20,最後一任,,0,0,1,0,3,9,6,0,0,0,0,0,0,0,0,0,0,0,0,0,0,0,0,0,0,1,147
2025,A,292,2,0000000001,0000000135,陳禹勳,5,最後一任,,0,0,1,0,3,13,8,1,0,0,0,0,0,0,1,0,0,0,0,0,0,0,5,4,2,5,146
2025,A,293,1,0000000001,0000006749,魔力藍,44,先發,敗,0,0,5,0,26,95,60,9,0,4,4,2,0,0,2,1,0,1,0,0,0,0,7,9,0,0,147
2025,A,293,2,0000000001,0000005731,布雷克,50,先發,勝,0,0,6,2,26,97,73,6,0,2,1,1,0,0,5,0,0,0,0,0,0,1,7,9,0,0,142
2025,A,293,1,0000000001,0000000938,張瑞麟,72,中繼,,0,0,1,0,4,15,10,2,0,0,0,0,0,0,1,0,0,0,0,0,0,0,0,0,0,1,139
2025,A,293,2,0000000001,0000007061,辛俊昇,69,中繼,,0,1,0,1,2,4,4,1,0,0,0,0,0,0,0,0,0,0,0,0,0,0,1,0,0,4,146
2025,A,293,1,0000000001,0000000368,游霆崴,80,中繼,,0,0,1,0,5,13,8,3,0,1,1,0,0,0,0,0,0,0,0,0,0,0,0,0,0,0,137
2025,A,293,2,0000000001,0000006818,髙塩將樹,28,中繼,,0,1,1,0,3,12,8,0,0,0,0,0,0,0,0,0,0,0,0,0,0,0,3,2,7,18,145
2025,A,293,1,0000000001,0000002280,廖任磊,13,最後一任,,0,0,1,0,6,20,13,3,0,2,2,0,0,0,0,0,0,0,0,0,0,0,0,0,0,0,146
2025,A,293,2,0000000001,0000007293,鍾允華,29,最後一任,,0,0,1,0,4,15,12,1,0,0,0,0,0,0,2,0,0,0,0,0,0,0,1,0,0,3,151
2025,A,294,1,0000000001,0000007556,波賽樂,88,先發,,0,0,5,1,24,90,54,6,1,4,4,3,0,0,2,0,0,0,0,0,0,0,5,6,0,0,146
2025,A,294,2,0000000001,0000006507,後勁,40,先發,,0,0,5,0,24,98,60,7,0,3,1,1,0,0,5,1,0,2,0,0,0,0,12,1,0,0,147
2025,A,294,2,0000000001,0000006922,黃紹睿,56,中繼,勝,0,0,1,0,6,23,16,3,0,1,1,0,0,0,2,1,0,0,0,0,0,0,3,1,0,2,143
2025,A,294,1,0000000001,0000005509,莊昕諺,77,中繼,敗,0,0,0,1,4,14,7,1,0,3,1,1,0,1,0,0,0,0,0,0,0,0,1,3,1,6,143
2025,A,294,1,0000000001,0000007073,賴胤豪,63,中繼,,0,0,0,0,4,16,12,3,0,1,0,0,0,0,0,0,0,0,0,0,0,0,2,0,0,5,149
2025,A,294,1,0000000001,0000006228,王志煊,64,中繼,,0,0,0,1,1,4,3,0,0,0,0,0,0,0,0,0,0,0,0,0,0,0,0,1,0,11,131
2025,A,294,2,0000000001,0000002348,施子謙,19,中繼,,0,0,1,0,3,15,9,0,0,0,0,0,0,0,1,0,0,0,0,0,0,0,3,0,0,3,143
2025,A,294,1,0000000001,0000003608,曾仁和,23,最後一任,,0,0,2,0,10,31,21,3,0,2,2,1,0,0,1,0,0,0,0,0,0,0,0,1,0,0,142
2025,A,294,2,0000000001,0000006832,陳柏清,66,中繼,,0,0,1,0,6,25,13,1,0,1,0,1,0,0,0,0,0,0,0,0,0,0,1,4,0,15,148
2025,A,294,2,0000000001,0000006767,許育銘,74,最後一任,,0,0,1,0,3,7,4,1,0,0,0,0,0,0,0,0,0,0,0,0,0,0,0,0,0,16,139
2025,A,295,1,0000000001,0000007062,威能帝,49,先發,勝,0,0,7,0,27,106,68,3,0,1,1,2,0,0,6,1,0,0,0,0,0,1,10,2,0,0,152
2025,A,295,2,0000000001,0000007590,那瑪夏,45,先發,敗,0,0,6,0,25,97,61,5,0,4,4,1,0,1,5,0,0,0,0,0,0,0,0,1,0,0,150
2025,A,295,2,0000000001,0000006921,伍祐城,55,中繼,,0,0,1,0,5,21,11,1,0,0,0,1,0,0,2,0,0,0,0,0,0,0,3,0,0,8,145
2025,A,295,2,0000000001,0000006937,黃勃睿,97,最後一任,,0,0,2,0,7,24,16,1,0,0,0,0,0,0,1,0,0,0,0,0,0,0,0,0,0,0,141
2025,A,295,1,0000000001,0000000941,陳冠宇,17,中繼,,0,0,0,1,3,15,4,0,0,2,2,2,0,0,0,0,0,0,0,0,0,0,3,3,5,16,148
2025,A,295,1,0000000001,0000005372,呂詠臻,48,中繼,,0,1,0,2,4,13,9,2,0,0,0,0,0,0,2,0,0,0,0,0,0,0,3,4,0,12,147
2025,A,295,1,0000000001,0000000128,朱承洋,22,最後一任,,1,0,1,0,3,19,12,0,0,0,0,0,0,0,3,0,0,0,0,0,0,0,4,2,8,15,147
2025,A,296,1,0000000001,0000000363,陳仕朋,81,先發,,0,0,6,0,27,99,63,7,1,4,3,2,0,0,1,0,0,0,0,0,0,0,2,4,0,2,141
2025,A,296,2,0000000001,0000007588,奧德銳,88,先發,,0,0,4,0,18,80,51,5,1,2,2,1,0,0,4,0,0,0,1,0,0,0,0,0,0,0,147
2025,A,296,2,0000000001,0000006222,劉予承,26,中繼,,0,1,1,0,5,20,7,0,0,0,0,2,0,0,1,0,0,0,0,0,0,0,0,0,0,2,142
2025,A,296,2,0000000001,0000007292,李軍,62,中繼,,0,1,1,2,6,31,18,0,0,1,1,1,0,0,2,0,0,0,0,0,0,0,0,0,0,5,148
2025,A,296,2,0000000001,0000005482,吳承諭,57,中繼,,0,0,1,1,7,19,14,2,1,1,1,1,1,0,1,0,0,1,0,0,0,0,1,3,0,3,138
2025,A,296,1,0000000001,0000000773,李吳永勤,38,中繼,,0,1,1,1,4,15,8,0,0,0,0,0,0,0,1,0,0,0,0,0,0,0,1,3,0,9,140
2025,A,296,1,0000000001,0000006227,曾峻岳,60,中繼,,0,1,0,2,2,12,6,0,0,0,0,0,0,0,2,0,0,0,0,0,0,0,0,4,6,4,150
2025,A,296,2,0000000001,0000002688,陳韻文,12,最後一任,勝,0,0,1,0,3,17,11,0,0,0,0,0,0,0,0,0,0,0,0,0,0,0,5,1,15,3,149
2025,A,296,1,0000000001,0000005790,張奕,19,最後一任,敗,0,0,0,1,5,14,11,3,0,1,1,1,1,0,1,0,0,0,0,0,0,0,4,9,8,0,150
2025,A,297,1,0000000001,0000007049,林暉盛,12,先發,勝,0,0,5,0,20,90,61,3,0,1,1,3,0,0,4,0,0,0,0,0,0,1,1,0,0,0,148
2025,A,297,2,0000000001,0000000762,伍鐸,52,先發,敗,0,0,6,0,23,82,55,6,1,4,4,1,0,0,2,0,0,0,0,0,0,0,6,5,0,0,139
2025,A,297,1,0000000001,0000000776,王凱程,15,中繼,,0,1,1,0,6,13,11,3,0,1,1,0,0,0,0,0,0,0,1,0,0,0,2,2,1,18,142
2025,A,297,2,0000000001,0000005541,郭郁政,17,中繼,,0,0,1,0,4,16,11,1,0,0,0,0,0,0,0,0,0,0,0,0,0,0,0,2,1,3,147
2025,A,297,1,0000000001,0000003331,李振昌,34,中繼,,0,1,1,0,3,8,6,0,0,0,0,0,0,0,0,0,0,0,0,0,0,0,2,1,0,6,145
2025,A,297,2,0000000001,0000001821,林子昱,71,中繼,,0,0,1,0,4,14,11,1,0,0,0,0,0,0,1,0,0,0,0,0,0,0,4,3,0,15,145
2025,A,297,1,0000000001,0000003639,呂彥青,58,中繼,,0,0,0,0,3,14,8,3,0,1,1,0,0,0,0,0,0,0,0,0,0,0,4,3,5,11,139
2025,A,297,1,0000000001,0000000778,蔡齊哲,50,中繼,,0,1,1,0,2,4,2,0,0,0,0,0,0,0,0,0,0,0,0,0,0,0,3,2,3,14,138
2025,A,297,2,0000000001,0000005555,陳冠偉,59,最後一任,,0,0,1,0,5,17,9,1,0,1,1,1,0,0,1,0,0,1,1,0,0,0,2,3,17,6,140
2025,A,297,1,0000000001,0000004625,吳俊偉,94,最後一任,,1,0,1,0,3,10,8,0,0,0,0,0,0,0,1,0,0,0,0,0,0,0,1,1,6,1,145
2025,A,298,1,0000000001,0000007558,黃博多,37,先發,勝,0,0,6,1,29,95,65,12,0,3,3,1,0,0,3,1,0,1,0,0,0,0,10,5,0,0,150
2025,A,298,2,0000000001,0000006724,曹祐齊,67,先發,敗,0,0,3,2,21,79,48,9,0,6,5,2,0,0,3,1,0,0,0,0,0,0,4,3,0,0,139
2025,A,298,2,0000000001,0000006160,李超,0,中繼,,0,0,1,1,7,27,17,2,0,2,2,1,0,0,1,2,0,0,0,0,0,0,2,1,0,4,146
2025,A,298,2,0000000001,0000005552,呂偉晟,39,中繼,,0,0,1,0,3,15,11,0,0,0,0,0,0,0,2,0,0,0,0,0,0,0,1,2,0,2,148
2025,A,298,2,0000000001,0000006723,張鈞守,74,中繼,,0,0,0,2,5,28,17,2,0,1,1,1,0,0,1,0,0,0,0,0,0,0,0,0,0,0,150
2025,A,298,2,0000000001,0000000135,陳禹勳,5,中繼,,0,0,0,1,1,4,3,0,0,0,0,0,0,0,0,1,0,0,0,0,0,0,5,4,2,5,129
2025,A,298,1,0000000001,0000001232,江忠城,20,中繼,,0,0,1,2,5,11,7,0,0,0,0,0,0,0,0,0,0,0,0,0,0,0,0,0,0,1,147
2025,A,298,2,0000000001,0000005788,林凱威,99,中繼,,0,0,1,0,3,11,8,0,0,0,0,0,0,0,1,0,0,0,0,0,0,0,1,1,1,11,154
2025,A,298,2,0000000001,0000005541,郭郁政,17,最後一任,,0,0,1,0,6,18,12,2,0,1,1,1,0,0,0,0,0,0,0,0,0,0,0,2,1,3,144
2025,A,298,1,0000000001,0000006875,陳柏均,56,中繼,,0,0,0,0,5,27,11,1,0,4,0,2,0,0,0,0,0,0,0,0,0,0,0,1,0,0,142
2025,A,298,1,0000000001,0000003506,謝榮豪,79,中繼,,0,0,0,0,1,2,1,1,0,0,0,0,0,0,0,0,0,0,0,0,0,0,1,0,1,2,139
2025,A,298,1,0000000001,0000000778,蔡齊哲,50,中繼,,0,1,0,2,2,7,4,0,0,0,0,0,0,0,0,0,0,0,0,0,0,0,3,2,3,15,142
2025,A,298,1,0000000001,0000004625,吳俊偉,94,最後一任,,1,0,0,1,1,3,2,0,0,0,0,0,0,0,0,0,0,0,0,0,0,0,1,1,7,1,144
2025,A,299,1,0000000001,0000007570,布坎南,64,先發,,0,0,3,1,17,62,37,5,0,3,1,2,0,0,1,0,0,0,1,0,0,0,1,3,0,0,146
2025,A,299,2,0000000001,0000007290,張宥謙,16,先發,,0,0,4,0,18,68,46,6,0,1,1,0,0,0,4,0,0,0,0,0,0,0,0,0,0,0,144
2025,A,299,1,0000000001,0000006870,林栚呈,94,中繼,,0,0,1,1,5,24,15,0,0,0,0,0,0,1,1,0,0,0,0,0,0,0,0,1,0,3,142
2025,A,299,2,0000000001,0000005282,姚杰宏,79,中繼,,0,1,1,2,8,33,20,3,0,0,0,1,0,0,0,0,0,0,0,0,0,0,0,0,0,1,145
2025,A,299,1,0000000001,0000000938,張瑞麟,72,中繼,,0,0,0,2,2,5,4,0,0,0,0,0,0,0,0,0,0,0,0,0,0,0,0,0,0,1,140
2025,A,299,2,0000000001,0000003393,王鏡銘,41,中繼,,0,1,0,1,1,5,3,0,0,0,0,0,0,0,0,0,0,0,0,0,0,0,0,3,0,10,134
2025,A,299,1,0000000001,0000000367,吳世豪,50,中繼,,0,0,0,2,2,8,5,0,0,0,0,0,0,0,1,0,0,0,0,0,0,0,0,0,0,4,146
2025,A,299,2,0000000001,0000007061,辛俊昇,69,中繼,勝,0,0,1,0,7,23,15,3,1,2,2,1,0,0,1,0,0,1,0,0,0,0,2,0,0,4,144
2025,A,299,1,0000000001,0000000773,李吳永勤,38,中繼,敗,0,0,1,0,6,32,19,2,0,2,2,1,0,0,1,0,0,0,1,0,0,0,1,4,0,9,141
2025,A,299,2,0000000001,0000006818,髙塩將樹,28,中繼,,0,1,1,0,4,13,7,0,0,0,0,1,0,0,0,0,0,1,0,0,0,0,3,2,7,19,146
2025,A,299,1,0000000001,0000006227,曾峻岳,60,最後一任,,0,0,1,0,4,14,8,1,0,1,1,0,0,0,0,1,0,1,0,0,0,0,0,4,6,4,152
2025,A,299,2,0000000001,0000002688,陳韻文,12,最後一任,,1,0,1,0,4,9,4,0,0,0,0,1,0,0,0,0,0,0,0,0,0,0,5,1,16,3,148
2025,A,300,1,0000000001,0000004624,陳克羿,19,先發,,0,0,5,0,20,82,49,2,0,2,0,2,0,0,3,0,0,0,0,0,0,0,1,2,0,0,144
2025,A,300,2,0000000001,0000007053,艾速特,30,先發,,0,0,5,0,18,87,55,5,0,1,0,0,0,0,4,0,0,0,0,0,0,0,7,4,0,0,148
2025,A,300,2,0000000001,0000002348,施子謙,19,中繼,,0,0,1,0,4,10,7,2,0,1,1,0,0,0,0,0,0,0,0,0,0,0,3,0,0,3,142
2025,A,300,1,0000000001,0000005372,呂詠臻,48,中繼,,0,0,1,0,4,14,8,1,1,1,1,0,0,0,1,0,0,0,0,0,0,0,3,4,0,12,146
2025,A,300,2,0000000001,0000006767,許育銘,74,中繼,,0,1,1,0,4,15,9,1,0,0,0,0,0,0,1,0,0,0,0,0,0,0,0,0,0,17,141
2025,A,300,1,0000000001,0000007073,賴胤豪,63,中繼,,0,0,0,0,2,10,4,1,0,1,1,0,0,1,0,0,0,0,0,0,0,0,2,0,0,5,147
2025,A,300,1,0000000001,0000006228,王志煊,64,中繼,,0,0,1,0,4,9,5,1,0,0,0,1,0,0,0,0,0,1,0,0,0,0,0,1,0,11,133
2025,A,300,2,0000000001,0000006832,陳柏清,66,中繼,,0,0,1,0,6,23,13,2,0,2,2,1,0,0,1,0,0,1,0,0,0,0,1,4,0,15,147
2025,A,300,1,0000000001,0000000941,陳冠宇,17,中繼,,0,1,1,0,3,12,8,0,0,0,0,0,0,0,2,0,0,0,0,0,0,0,3,3,5,17,150
2025,A,300,2,0000000001,0000006949,林詩翔,14,中繼,,0,1,1,0,4,15,10,1,0,0,0,0,0,0,0,0,0,0,0,0,0,0,5,4,24,4,145
2025,A,300,1,0000000001,0000000128,朱承洋,22,中繼,,0,0,2,0,8,29,20,1,0,1,0,1,0,0,3,1,0,0,1,0,0,0,4,2,8,15,148
2025,A,300,2,0000000001,0000006921,伍祐城,55,中繼,,0,0,1,0,4,14,9,1,0,1,0,0,0,0,0,0,0,0,0,0,0,0,3,0,0,8,145
2025,A,300,2,0000000001,0000006922,黃紹睿,56,中繼,,0,0,1,0,5,18,11,1,0,1,0,1,0,0,1,0,0,1,0,0,0,0,3,1,0,2,143
2025,A,300,1,0000000001,0000005558,蘇俊璋,00,中繼,勝,0,0,1,0,3,11,7,1,0,1,0,0,0,0,0,0,0,0,0,0,0,0,1,0,0,4,142
2025,A,300,2,0000000001,0000006917,謝葆錡,10,最後一任,敗,0,0,1,0,5,20,13,2,0,1,0,0,0,0,1,0,0,0,0,0,0,0,0,1,0,0,143
2025,A,300,1,0000000001,0000005509,莊昕諺,77,最後一任,,1,0,1,0,3,12,7,0,0,0,0,0,0,0,0,0,0,0,0,0,0,0,1,3,2,6,147
2025,A,301,1,0000000001,0000006739,李東洺,66,先發,敗,0,0,3,1,19,88,50,5,0,2,2,5,0,0,1,0,0,0,0,0,0,0,2,7,0,0,146
2025,A,301,2,0000000001,0000002345,鄭浩均,33,先發,勝,0,0,5,0,17,63,37,3,0,0,0,1,0,0,2,1,0,1,0,0,0,1,5,1,0,0,150
2025,A,301,1,0000000001,0000002280,廖任磊,13,中繼,,0,0,1,2,7,28,15,1,0,0,0,1,0,0,1,0,0,0,0,0,0,0,0,0,0,0,151
2025,A,301,2,0000000001,0000000776,王凱程,15,中繼,,0,1,1,0,4,15,10,1,0,0,0,0,0,0,0,0,0,0,0,0,0,0,2,2,1,19,140
2025,A,301,1,0000000001,0000006870,林栚呈,94,中繼,,0,0,1,2,6,24,17,2,0,0,0,0,0,0,2,0,0,0,0,0,0,0,0,1,0,3,144
2025,A,301,2,0000000001,0000003331,李振昌,34,中繼,,0,1,1,0,3,7,5,1,0,0,0,0,0,0,0,0,0,0,0,0,0,0,2,1,0,7,144
2025,A,301,1,0000000001,0000000367,吳世豪,50,中繼,,0,0,0,1,1,7,5,0,0,0,0,0,0,0,0,0,0,0,0,0,0,0,0,0,0,4,146
2025,A,301,2,0000000001,0000001232,江忠城,20,中繼,,0,1,1,0,4,13,10,1,0,0,0,0,0,0,1,0,0,0,0,0,0,0,0,0,0,2,148
2025,A,301,1,0000000001,0000005790,張奕,19,最後一任,,0,0,1,0,3,16,10,0,0,0,0,0,0,0,0,0,0,0,0,0,0,0,4,9,8,0,150
2025,A,301,2,0000000001,0000004625,吳俊偉,94,最後一任,,1,0,1,0,4,15,11,1,0,0,0,0,0,0,2,0,0,0,0,0,0,0,1,1,8,1,149
2025,A,302,1,0000000001,0000006906,艾璞樂,35,先發,勝,0,0,6,0,25,99,65,3,0,2,2,3,0,1,6,0,0,0,0,0,0,0,5,4,0,1,148
2025,A,302,2,0000000001,0000007264,魔神樂,21,先發,敗,0,0,6,0,25,94,66,6,0,3,3,1,0,0,4,0,0,0,0,0,0,0,10,7,0,0,144
2025,A,302,2,0000000001,0000005509,莊昕諺,77,中繼,,0,0,0,1,4,23,12,2,0,2,2,1,0,0,0,0,0,0,0,0,0,0,1,3,2,6,148
2025,A,302,2,0000000001,0000007073,賴胤豪,63,中繼,,0,0,0,2,2,8,5,0,0,0,0,0,0,0,0,0,0,0,0,0,0,0,2,0,0,5,148
2025,A,302,1,0000000001,0000005788,林凱威,99,中繼,,0,1,1,0,5,20,14,2,0,0,0,0,0,0,1,0,0,0,0,0,0,0,1,1,1,12,153
2025,A,302,2,0000000001,0000000779,陳柏豪,9,中繼,,0,0,1,0,3,11,8,0,0,0,0,0,0,0,2,0,0,0,0,0,0,0,1,4,11,1,144
2025,A,302,1,0000000001,0000001821,林子昱,71,中繼,,0,1,1,0,4,26,18,0,0,0,0,1,0,0,1,0,0,0,0,0,0,0,4,3,0,16,146
2025,A,302,2,0000000001,0000006720,邱駿威,46,最後一任,,0,0,1,0,3,10,4,0,0,0,0,1,0,0,0,0,0,0,0,0,0,0,0,0,0,2,147
2025,A,302,1,0000000001,0000005555,陳冠偉,59,最後一任,,1,0,1,0,4,14,8,0,0,0,0,1,0,0,2,0,0,0,0,0,0,0,2,3,18,6,139
2025,A,303,1,0000000001,0000007228,鈴木駿輔,69,先發,勝,0,0,7,0,25,103,63,3,0,0,0,1,0,0,7,1,0,0,0,0,0,1,1,1,0,0,151
2025,A,303,2,0000000001,0000007573,李博登,38,先發,敗,0,0,7,0,26,98,64,6,0,1,0,1,0,0,6,0,0,1,0,0,0,0,4,3,0,0,143
2025,A,303,2,0000000001,0000000778,蔡齊哲,50,中繼,,0,0,1,0,5,15,11,2,1,1,1,0,0,0,0,0,0,0,0,0,0,0,3,2,3,15,143
2025,A,303,1,0000000001,0000000773,李吳永勤,38,中繼,,0,0,0,0,1,6,2,0,0,0,0,1,0,0,0,0,0,0,0,0,0,0,1,4,0,9,140
2025,A,303,1,0000000001,0000000367,吳世豪,50,中繼,,0,1,1,0,3,11,7,0,0,0,0,0,0,0,1,1,0,0,0,0,0,0,0,0,0,5,145
2025,A,303,2,0000000001,0000003639,呂彥青,58,最後一任,,0,0,1,0,3,8,7,0,0,0,0,0,0,0,1,0,0,0,0,0,0,0,4,3,5,11,142
2025,A,303,1,0000000001,0000005790,張奕,19,中繼,,0,1,0,1,4,12,7,3,0,1,1,0,0,0,0,0,0,0,0,0,0,0,4,9,8,1,150
2025,A,303,1,0000000001,0000006227,曾峻岳,60,最後一任,,1,0,0,2,1,4,3,0,0,0,0,0,0,0,0,0,0,0,0,0,0,0,0,4,7,4,154
2025,A,304,1,0000000001,0000005543,徐若熙,18,先發,,0,0,7,0,22,98,68,0,0,0,0,1,0,0,8,0,0,0,0,0,0,0,4,6,0,0,152
2025,A,304,2,0000000001,0000002274,黃子鵬,69,先發,,0,0,6,2,26,84,54,5,1,1,1,1,0,0,1,0,0,0,0,0,0,0,4,7,0,0,133
2025,A,304,2,0000000001,0000006228,王志煊,64,中繼,,0,0,0,1,1,3,2,0,0,0,0,0,0,0,0,0,0,0,0,0,0,0,0,1,0,11,129
2025,A,304,2,0000000001,0000000941,陳冠宇,17,中繼,,0,0,1,0,4,17,9,0,0,0,0,1,0,0,1,0,0,0,0,0,0,0,3,3,5,17,145
2025,A,304,1,0000000001,0000005788,林凱威,99,中繼,,0,1,1,0,3,9,6,1,0,0,0,0,0,0,0,0,0,0,0,0,0,0,1,1,1,13,152
2025,A,304,2,0000000001,0000000128,朱承洋,22,最後一任,勝,0,0,1,0,4,12,9,1,0,0,0,0,0,0,2,0,1,0,0,0,0,0,5,2,8,15,147
2025,A,304,1,0000000001,0000005555,陳冠偉,59,最後一任,敗,0,0,0,2,6,21,11,3,0,2,2,2,0,0,0,0,0,0,0,0,0,0,2,4,18,6,142
2025,A,305,1,0000000001,0000002679,江承諺,20,先發,,0,0,6,0,24,80,52,4,0,1,1,3,0,0,2,0,0,0,0,0,0,0,3,8,0,0,138
2025,A,305,2,0000000001,0000001719,胡智爲,58,先發,,0,0,5,2,22,87,57,5,2,2,2,1,0,0,6,0,0,1,0,0,0,0,2,4,2,3,149
2025,A,305,2,0000000001,0000007292,李軍,62,中繼,,0,0,1,0,6,22,11,2,0,1,1,0,0,2,1,0,0,1,0,0,0,0,0,0,0,5,148
2025,A,305,2,0000000001,0000007293,鍾允華,29,中繼,,0,0,1,1,4,12,10,0,0,0,0,0,0,0,1,0,0,0,0,0,0,0,1,0,0,3,149
2025,A,305,1,0000000001,0000006921,伍祐城,55,中繼,,0,1,1,0,3,11,7,0,0,0,0,0,0,0,0,0,0,0,0,0,0,0,3,0,0,9,146
2025,A,305,1,0000000001,0000006767,許育銘,74,中繼,,0,0,0,2,5,11,7,2,0,2,2,0,0,1,0,0,0,0,0,0,0,0,0,0,0,17,139
2025,A,305,1,0000000001,0000002348,施子謙,19,中繼,,0,0,0,1,2,8,5,1,0,0,0,0,0,0,0,0,0,0,0,0,0,0,3,0,0,3,143
2025,A,305,2,0000000001,0000002688,陳韻文,12,最後一任,勝,0,0,1,0,5,16,12,0,0,0,0,0,0,0,1,0,0,0,0,0,0,0,6,1,16,3,149
2025,A,305,1,0000000001,0000006949,林詩翔,14,最後一任,敗,0,0,0,2,4,12,9,2,1,2,2,0,0,0,0,0,0,0,0,0,0,0,5,5,24,4,145
2025,A,306,1,0000000001,0000006507,後勁,40,先發,,0,0,5,0,22,93,56,4,0,3,2,1,0,0,8,1,0,1,0,0,0,0,12,1,0,0,148
2025,A,306,2,0000000001,0000007559,蒙德茲,21,先發,,0,0,6,0,27,101,67,5,0,3,2,1,0,1,5,0,0,0,0,0,0,1,9,6,0,0,147
2025,A,306,1,0000000001,0000002348,施子謙,19,中繼,,0,1,1,0,5,27,16,1,0,0,0,1,0,0,2,0,0,0,0,0,0,0,3,0,0,4,146
2025,A,306,2,0000000001,0000007061,辛俊昇,69,中繼,勝,0,0,1,0,3,7,5,1,0,0,0,0,0,0,0,0,0,0,0,0,0,0,3,0,0,4,141
2025,A,306,1,0000000001,0000006921,伍祐城,55,中繼,敗,0,0,1,0,6,28,14,1,0,1,1,2,0,0,1,1,0,0,0,0,0,0,3,1,0,9,148
2025,A,306,2,0000000001,0000006818,髙塩將樹,28,中繼,,0,1,1,0,3,9,9,0,0,0,0,0,0,0,1,0,0,0,0,0,0,0,3,2,7,20,146
2025,A,306,1,0000000001,0000006767,許育銘,74,最後一任,,0,0,1,0,5,21,13,1,0,1,1,1,0,0,1,0,0,1,0,0,0,0,0,0,0,17,140
2025,A,306,2,0000000001,0000002688,陳韻文,12,最後一任,,1,0,1,0,3,9,6,0,0,0,0,0,0,0,0,0,0,0,0,0,0,0,6,1,17,3,149
2025,A,307,1,0000000001,0000007560,飛力獅,93,先發,,0,0,7,0,26,94,55,5,0,1,1,1,0,1,5,0,0,0,0,0,0,0,9,2,0,0,148
2025,A,307,2,0000000001,0000005151,羅戈,32,先發,,0,0,7,0,26,103,65,4,0,0,0,2,0,0,7,0,0,0,0,0,0,0,9,7,0,0,150
2025,A,307,2,0000000001,0000003331,李振昌,34,中繼,,0,1,1,0,3,12,8,0,0,0,0,0,0,0,1,0,0,0,0,0,0,0,2,1,0,8,145
2025,A,307,1,0000000001,0000003393,王鏡銘,41,中繼,,0,0,1,0,3,15,11,0,0,0,0,0,0,0,3,0,0,0,0,0,0,0,0,3,0,10,140
2025,A,307,2,0000000001,0000004625,吳俊偉,94,中繼,,0,0,0,2,6,23,15,4,0,1,1,0,0,0,0,0,0,0,0,0,0,0,1,1,8,1,150
2025,A,307,2,0000000001,0000003639,呂彥青,58,最後一任,勝,0,0,1,1,5,12,8,0,0,0,0,1,1,0,0,0,0,0,0,0,0,1,5,3,5,11,142
2025,A,307,1,0000000001,0000007293,鍾允華,29,中繼,,0,1,1,0,3,11,7,0,0,0,0,0,0,0,0,0,0,0,0,0,0,0,1,0,0,4,150
2025,A,307,1,0000000001,0000005482,吳承諭,57,最後一任,敗,0,0,0,2,3,4,3,0,0,1,0,1,1,0,0,0,0,1,0,0,0,0,1,4,0,3,137
2025,A,308,1,0000000001,0000006237,林子崴,54,先發,勝,0,0,5,0,18,68,43,3,0,0,0,1,0,0,2,0,0,0,0,0,0,0,1,1,0,0,145
2025,A,308,2,0000000001,0000006891,力亞士,55,先發,敗,0,0,6,0,26,105,63,6,1,2,2,2,0,0,5,1,0,0,0,0,0,0,6,10,0,0,150
2025,A,308,1,0000000001,0000005372,呂詠臻,48,中繼,,0,0,0,0,2,8,0,0,0,1,1,2,0,0,0,0,0,0,0,0,0,0,3,4,0,12,149
2025,A,308,1,0000000001,0000007073,賴胤豪,63,中繼,,0,1,1,0,3,16,8,0,0,0,0,1,0,0,1,0,0,0,0,0,0,0,2,0,0,6,151
2025,A,308,2,0000000001,0000000773,李吳永勤,38,中繼,,0,0,1,0,3,9,6,0,0,0,0,0,0,0,1,0,0,0,0,0,0,0,1,4,0,9,141
2025,A,308,1,0000000001,0000005558,蘇俊璋,00,中繼,,0,1,0,2,2,3,3,0,0,0,0,0,0,0,0,0,0,0,0,0,0,0,1,0,0,5,143
2025,A,308,1,0000000001,0000006228,王志煊,64,中繼,,0,1,0,1,1,3,2,0,0,0,0,0,0,0,0,0,0,0,0,0,0,0,0,1,0,12,132
2025,A,308,2,0000000001,0000000367,吳世豪,50,中繼,,0,0,1,0,3,12,7,0,0,0,0,0,0,0,1,0,0,0,0,0,0,0,0,0,0,5,147
2025,A,308,1,0000000001,0000000941,陳冠宇,17,中繼,,0,1,1,0,3,10,7,1,0,0,0,0,0,0,1,0,0,0,0,0,0,0,3,3,5,18,149
2025,A,308,2,0000000001,0000005790,張奕,19,最後一任,,0,0,1,0,5,21,12,1,0,1,1,1,0,0,1,0,0,0,0,0,0,0,4,9,8,1,150
2025,A,308,1,0000000001,0000000128,朱承洋,22,最後一任,,1,0,1,0,5,23,18,2,0,0,0,0,0,0,1,0,0,0,0,0,0,0,5,2,9,15,148
2025,A,309,1,0000000001,0000007590,那瑪夏,45,先發,敗,0,0,6,0,24,91,54,4,0,1,1,3,0,0,3,0,0,0,0,0,0,0,0,2,0,0,151
2025,A,309,2,0000000001,0000007554,龍聖,33,先發,,0,0,5,0,21,90,59,4,0,0,0,2,0,0,3,0,0,1,0,0,0,0,2,5,0,0,143
2025,A,309,2,0000000001,0000004796,鎛銳,29,中繼,勝,0,0,3,0,14,51,36,5,0,0,0,0,0,0,2,0,0,0,0,0,0,0,1,0,0,0,147
2025,A,309,1,0000000001,0000001390,王躍霖,95,中繼,,0,0,1,0,4,14,7,1,0,1,0,0,0,0,0,0,0,1,1,0,0,0,0,1,1,0,142
2025,A,309,1,0000000001,0000007303,黃子豪,85,最後一任,,0,0,1,0,4,15,9,2,0,1,1,0,0,0,0,0,0,0,0,0,0,0,2,1,0,1,146
2025,A,309,2,0000000001,0000005788,林凱威,99,最後一任,,1,0,1,0,5,20,12,2,0,1,1,0,0,0,1,0,0,0,0,0,0,0,1,1,2,13,153
2025,A,310,1,0000000001,0000007588,奧德銳,88,先發,勝,0,0,7,0,24,86,58,3,0,0,0,0,0,0,2,0,0,0,0,0,0,1,1,0,0,0,147
2025,A,310,2,0000000001,0000007558,黃博多,37,先發,敗,0,0,4,1,25,96,56,9,1,7,4,2,0,1,4,0,0,0,0,0,0,0,10,6,0,0,152
2025,A,310,2,0000000001,0000003506,謝榮豪,79,中繼,,0,0,0,2,3,12,8,1,0,0,0,0,0,0,0,0,0,0,0,0,0,0,1,0,1,2,143
2025,A,310,2,0000000001,0000000771,陳琥,62,最後一任,,0,0,4,0,14,61,38,1,0,0,0,1,0,0,1,0,0,0,0,0,0,0,0,1,0,1,143
2025,A,310,1,0000000001,0000007061,辛俊昇,69,中繼,,0,0,1,0,4,14,11,0,0,1,1,0,0,1,1,0,0,0,1,0,0,0,3,0,0,4,142
2025,A,310,1,0000000001,0000006222,劉予承,26,最後一任,,0,0,1,0,3,14,10,0,0,0,0,0,0,0,0,0,0,0,0,0,0,0,0,0,0,2,145
2025,A,311,1,0000000001,0000007062,威能帝,49,先發,勝,0,0,6,0,23,94,70,4,0,0,0,1,0,0,10,2,0,1,0,0,0,1,11,2,0,0,153
2025,A,311,2,0000000001,0000000363,陳仕朋,81,先發,敗,0,0,4,1,25,90,62,12,0,7,6,0,0,0,2,0,0,0,0,0,0,0,2,5,0,2,141
2025,A,311,2,0000000001,0000002280,廖任磊,13,中繼,,0,0,1,2,7,38,26,2,0,1,1,0,0,0,0,0,0,0,1,0,0,0,0,0,0,0,150
2025,A,311,2,0000000001,0000000938,張瑞麟,72,中繼,,0,0,1,0,4,14,11,1,0,0,0,0,0,0,0,1,0,0,0,0,0,0,0,0,0,1,141
2025,A,311,1,0000000001,0000005509,莊昕諺,77,中繼,,0,0,1,0,3,8,5,0,0,0,0,0,0,0,0,0,0,0,0,0,0,0,1,3,2,6,147
2025,A,311,2,0000000001,0000003292,賴鴻誠,32,中繼,,0,0,1,0,5,25,16,2,0,0,0,1,0,0,0,0,0,0,0,0,0,0,1,1,0,2,145
2025,A,311,1,0000000001,0000000779,陳柏豪,9,中繼,,0,0,1,0,5,25,14,1,0,0,0,1,0,0,1,0,0,0,0,0,0,0,1,4,11,1,146
2025,A,311,2,0000000001,0000000368,游霆崴,80,最後一任,,0,0,1,0,3,6,5,0,0,0,0,0,0,0,1,0,0,0,0,0,0,0,0,0,0,0,138
2025,A,311,1,0000000001,0000006720,邱駿威,46,最後一任,,0,0,1,0,4,12,9,1,0,0,0,0,0,0,2,0,0,0,0,0,0,0,0,0,0,2,148
2025,A,312,1,0000000001,0000007053,艾速特,30,先發,勝,0,0,6,0,25,96,58,3,0,1,1,3,0,1,3,0,0,1,0,0,0,0,8,4,0,0,146
2025,A,312,2,0000000001,0000006497,鋼龍,37,先發,敗,0,0,7,0,28,96,70,7,0,3,3,0,0,0,6,0,0,0,0,0,0,0,9,5,0,0,148
2025,A,312,1,0000000001,0000007580,韋宏亮,52,中繼,,0,1,1,0,3,14,8,0,0,0,0,1,0,0,0,0,0,0,0,0,0,0,0,0,0,1,149
2025,A,312,2,0000000001,0000001821,林子昱,71,中繼,,0,0,1,0,3,8,5,0,0,0,0,0,0,0,0,0,0,0,0,0,0,0,4,3,0,16,145
2025,A,312,1,0000000001,0000006832,陳柏清,66,中繼,,0,1,1,0,4,17,8,0,0,0,0,1,0,0,0,0,0,0,0,0,0,0,1,4,0,16,142
2025,A,312,2,0000000001,0000005541,郭郁政,17,最後一任,,0,0,1,0,4,11,10,1,0,0,0,0,0,0,0,0,0,0,0,0,0,0,0,2,1,3,147
2025,A,312,1,0000000001,0000006949,林詩翔,14,最後一任,,1,0,1,0,3,6,5,0,0,0,0,0,0,0,1,0,0,0,0,0,0,0,5,5,25,4,148
2025,A,313,1,0000000001,0000007303,黃子豪,85,先發,敗,0,0,2,2,17,49,38,8,2,8,8,0,0,1,5,1,0,0,0,0,0,0,2,2,0,1,148
2025,A,313,2,0000000001,0000000762,伍鐸,52,先發,勝,0,0,7,0,27,90,59,6,0,0,0,2,0,1,3,0,0,0,0,0,0,0,7,5,0,0,139
2025,A,313,1,0000000001,0000006921,伍祐城,55,中繼,,0,0,1,1,10,41,25,5,0,2,2,1,0,0,1,0,0,0,0,0,0,0,3,1,0,9,144
2025,A,313,1,0000000001,0000006767,許育銘,74,中繼,,0,0,2,0,8,26,19,2,1,1,1,0,0,0,0,0,0,0,0,0,0,0,0,0,0,17,140
2025,A,313,1,0000000001,0000002348,施子謙,19,最後一任,,0,0,2,0,6,24,15,0,0,0,0,0,0,0,1,0,0,0,0,0,0,0,3,0,0,4,145
2025,A,313,2,0000000001,0000007581,黃暐傑,75,中繼,,0,0,0,2,5,26,15,2,0,1,1,1,0,0,1,0,0,0,0,0,0,0,0,0,0,0,151
2025,A,313,2,0000000001,0000006160,李超,0,中繼,,0,0,0,1,1,4,3,0,0,0,0,0,0,0,1,0,0,0,0,0,0,0,2,1,0,4,145
2025,A,313,2,0000000001,0000000135,陳禹勳,5,最後一任,,0,0,1,0,4,14,9,1,0,0,0,0,0,0,0,0,0,0,0,0,0,0,5,4,2,5,145
2025,A,314,1,0000000002,0000007560,飛力獅,93,先發,勝,0,0,5,0,20,73,51,4,0,1,0,0,0,0,2,0,0,0,0,0,0,0,10,3,0,0,148
2025,A,314,2,0000000002,0000006874,盧孟揚,71,先發,敗,0,0,2,1,11,33,18,3,0,2,2,2,0,0,0,0,0,0,0,0,0,0,0,1,0,0,145
2025,A,314,2,0000000002,0000003506,謝榮豪,79,中繼,,0,0,0,1,1,1,1,0,0,0,0,0,0,0,0,0,0,0,1,0,0,0,1,0,1,3,
2025,A,314,2,0000000002,0000001005,彭識穎,21,中繼,,0,0,0,1,1,4,2,0,0,0,0,0,0,0,0,0,0,0,0,0,0,0,0,0,0,0,139
2025,A,314,2,0000000002,0000007281,游竣宥,27,中繼,,0,0,2,2,9,40,21,0,0,0,0,1,0,0,3,0,0,0,0,0,0,0,0,0,0,0,143
2025,A,314,2,0000000002,0000000778,蔡齊哲,50,中繼,,0,0,0,1,1,3,2,0,0,0,0,0,0,0,0,0,0,0,0,0,0,0,4,2,3,18,134
2025,A,314,1,0000000002,0000007293,鍾允華,29,中繼,,0,1,0,2,3,7,5,1,0,0,0,0,0,0,1,0,0,1,0,0,0,0,1,1,0,5,148
2025,A,314,1,0000000002,0000007292,李軍,62,中繼,,0,1,0,1,1,2,2,0,0,0,0,0,0,0,0,0,0,0,0,0,0,0,0,0,0,7,145
2025,A,314,2,0000000002,0000006869,馮皓,59,中繼,,0,0,0,1,5,16,7,2,1,4,3,1,0,0,1,0,0,0,0,0,0,0,0,0,0,0,142
2025,A,314,2,0000000002,0000004626,王奕凱,54,中繼,,0,0,0,2,4,14,12,2,0,0,0,0,0,0,1,0,0,0,0,0,0,0,0,0,0,0,147
2025,A,314,1,0000000002,0000006818,髙塩將樹,28,中繼,,0,0,1,0,4,13,11,1,0,0,0,0,0,0,1,0,0,0,0,0,0,0,3,2,7,25,143
2025,A,314,2,0000000002,0000006176,余謙,49,最後一任,,0,0,2,0,8,36,23,1,0,1,1,1,0,0,1,1,0,0,0,0,0,0,0,0,0,0,146
2025,A,314,1,0000000002,0000003393,王鏡銘,41,中繼,,0,0,1,0,3,11,8,0,0,0,0,0,0,0,0,0,0,0,0,0,0,0,0,3,0,11,139
2025,A,314,1,0000000002,0000002688,陳韻文,12,最後一任,,0,0,1,0,4,22,14,0,0,0,0,1,0,0,0,0,0,0,0,0,0,0,6,1,21,3,147
2025,A,315,1,0000000002,0000004624,陳克羿,19,先發,敗,0,0,4,0,20,72,46,7,0,4,4,1,0,0,4,1,0,0,0,0,0,0,2,4,0,0,146
2025,A,315,2,0000000002,0000006749,魔力藍,44,先發,勝,0,0,7,0,22,93,62,2,0,0,0,0,0,0,7,0,0,0,0,0,0,1,10,10,0,0,148
2025,A,315,1,0000000002,0000002274,黃子鵬,69,中繼,,0,0,1,0,5,16,10,1,0,0,0,0,0,0,1,0,0,0,0,0,0,0,4,8,0,0,134
2025,A,315,1,0000000002,0000005558,蘇俊璋,00,中繼,,0,0,1,0,6,19,11,2,1,3,3,1,0,0,1,0,0,0,0,0,0,0,1,0,0,6,144
2025,A,315,1,0000000002,0000007073,賴胤豪,63,中繼,,0,0,1,0,3,11,6,0,0,0,0,0,0,0,0,0,0,0,0,0,0,0,2,0,0,6,151
2025,A,315,2,0000000002,0000002347,王尉永,34,中繼,,0,0,0,2,5,19,13,2,0,2,2,1,0,0,1,0,0,0,0,0,0,0,0,0,0,5,145
2025,A,315,2,0000000002,0000000773,李吳永勤,38,中繼,,0,0,0,1,1,4,3,0,0,0,0,0,0,0,0,0,0,0,0,0,0,0,2,4,0,15,142
2025,A,315,1,0000000002,0000007314,王宇翔,40,最後一任,,0,0,1,0,3,8,4,1,0,0,0,0,0,0,0,0,0,0,0,0,0,0,0,0,0,0,147
2025,A,315,2,0000000002,0000006227,曾峻岳,60,最後一任,,0,0,1,0,4,12,7,1,0,0,0,0,0,0,0,0,0,0,0,0,0,0,1,4,10,5,151
2025,A,316,1,0000000001,0000007573,李博登,38,先發,,0,0,7,0,27,92,64,7,0,1,1,0,0,0,4,0,0,0,0,0,0,0,4,3,0,0,145
2025,A,316,2,0000000001,0000002679,江承諺,20,先發,,0,0,6,0,22,82,49,4,0,1,1,1,0,1,3,0,0,0,0,0,0,0,3,8,0,0,138
2025,A,316,2,0000000001,0000007580,韋宏亮,52,中繼,,0,1,1,0,4,11,4,0,0,0,0,1,0,0,0,1,0,0,0,0,0,0,0,0,0,2,148
2025,A,316,2,0000000001,0000006832,陳柏清,66,中繼,,0,0,1,0,6,19,10,1,0,1,1,2,0,0,0,0,0,1,1,0,0,0,1,4,0,16,146
2025,A,316,1,0000000001,0000001232,江忠城,20,中繼,,0,1,1,0,4,10,7,0,0,0,0,0,0,1,2,0,0,1,0,0,0,0,0,0,0,3,145
2025,A,316,2,0000000001,0000002348,施子謙,19,最後一任,勝,0,0,1,0,3,12,7,0,0,0,0,0,0,0,0,0,0,0,0,0,0,0,4,0,0,4,144
2025,A,316,1,0000000001,0000004625,吳俊偉,94,最後一任,敗,0,0,0,1,5,22,8,2,0,2,2,2,0,0,1,0,0,0,0,0,0,0,1,2,8,1,147
2025,A,317,1,0000000001,0000007264,魔神樂,21,先發,勝,0,0,7,0,23,82,55,2,0,0,0,0,0,1,5,0,0,0,0,0,0,1,11,7,0,0,145
2025,A,317,2,0000000001,0000001719,胡智爲,58,先發,敗,0,0,5,0,21,88,65,5,0,3,0,1,0,0,3,0,0,0,0,0,0,0,2,5,2,3,149
2025,A,317,2,0000000001,0000005282,姚杰宏,79,中繼,,0,0,2,0,7,18,13,1,1,1,1,0,0,0,1,0,0,0,0,0,0,0,0,0,0,1,143
2025,A,317,2,0000000001,0000007292,李軍,62,中繼,,0,0,1,0,3,10,3,0,0,0,0,1,0,0,0,0,0,0,0,0,0,0,0,0,0,5,145
2025,A,317,1,0000000001,0000000941,陳冠宇,17,中繼,,0,0,1,0,3,14,9,0,0,0,0,0,0,0,2,0,0,0,0,0,0,0,3,3,5,18,146
2025,A,317,2,0000000001,0000005482,吳承諭,57,最後一任,,0,0,1,0,3,6,4,0,0,0,0,0,0,0,0,0,0,0,0,0,0,0,1,4,0,3,136
2025,A,317,1,0000000001,0000000128,朱承洋,22,最後一任,,0,0,1,0,4,23,14,1,0,0,0,0,0,0,2,0,0,0,0,0,0,0,5,2,9,15,148
2025,A,318,1,0000000001,0000002345,鄭浩均,33,先發,,0,0,5,0,16,65,42,0,0,0,0,1,0,0,7,0,0,0,0,0,0,0,5,1,0,0,151
2025,A,318,2,0000000001,0000006507,後勁,40,先發,,0,0,6,0,25,96,67,6,0,0,0,1,0,0,2,1,0,0,0,0,0,0,12,1,0,0,149
2025,A,318,1,0000000001,0000000776,王凱程,15,中繼,,0,1,1,0,3,9,7,0,0,0,0,0,0,0,2,0,0,0,0,0,0,0,2,2,1,20,140
2025,A,318,2,0000000001,0000007580,韋宏亮,52,中繼,,0,1,1,0,5,20,10,0,0,0,0,2,0,0,0,0,0,0,0,0,0,0,0,0,0,3,150
2025,A,318,1,0000000001,0000001232,江忠城,20,中繼,,0,1,1,0,3,8,4,0,0,0,0,0,0,0,0,0,0,0,0,0,0,0,0,0,0,4,143
2025,A,318,2,0000000001,0000006832,陳柏清,66,中繼,,0,1,1,0,5,21,13,1,0,0,0,1,0,0,0,0,0,0,0,0,0,0,1,4,0,17,143
2025,A,318,1,0000000001,0000003639,呂彥青,58,中繼,,0,1,1,0,4,8,6,0,0,0,0,0,0,1,1,0,0,0,0,0,0,0,5,3,5,12,142
2025,A,318,2,0000000001,0000006949,林詩翔,14,中繼,,0,1,1,0,3,10,9,0,0,0,0,0,0,0,2,0,0,0,0,0,0,0,5,5,25,5,145
2025,A,318,1,0000000001,0000003331,李振昌,34,中繼,,0,1,1,0,3,13,8,0,0,0,0,0,0,0,1,0,0,0,0,0,0,0,2,1,0,9,143
2025,A,318,2,0000000001,0000006921,伍祐城,55,中繼,,0,0,0,2,6,21,9,1,0,2,1,2,0,1,0,0,0,0,0,0,0,0,3,1,0,9,145
2025,A,318,2,0000000001,0000001390,王躍霖,95,最後一任,敗,0,0,1,1,6,22,11,2,0,2,1,1,0,0,0,0,0,0,0,0,0,0,0,2,1,0,146
2025,A,318,1,0000000001,0000000778,蔡齊哲,50,中繼,,0,0,0,1,5,24,13,3,0,2,1,1,0,0,0,0,0,0,0,0,0,0,3,2,3,15,140
2025,A,318,1,0000000001,0000004625,吳俊偉,94,最後一任,勝,0,0,1,2,7,24,13,2,0,1,0,0,0,0,1,0,0,0,0,0,0,0,2,2,8,1,146
2025,A,319,1,0000000001,0000002274,黃子鵬,69,先發,敗,0,0,5,0,26,89,62,6,0,3,1,2,0,0,1,0,0,1,1,0,0,0,4,8,0,0,135
2025,A,319,2,0000000001,0000007597,獅帝芬,42,先發,,0,0,4,1,19,83,56,6,0,0,0,1,0,0,5,0,0,1,0,0,0,0,0,0,0,0,150
2025,A,319,2,0000000001,0000006222,劉予承,26,中繼,勝,0,0,1,2,6,19,14,1,0,0,0,0,0,0,1,0,0,0,0,0,0,1,1,0,0,2,145
2025,A,319,1,0000000001,0000006228,王志煊,64,中繼,,0,0,1,0,5,20,12,1,0,0,0,0,0,0,1,0,0,0,0,0,0,0,0,1,0,12,132
2025,A,319,2,0000000001,0000003393,王鏡銘,41,中繼,,0,1,1,0,4,17,11,1,0,0,0,0,0,0,2,0,0,0,0,0,0,0,0,3,0,11,139
2025,A,319,1,0000000001,0000007073,賴胤豪,63,中繼,,0,0,1,0,4,16,11,1,0,0,0,0,0,0,0,0,0,0,0,0,0,0,2,0,0,6,149
2025,A,319,2,0000000001,0000006818,髙塩將樹,28,中繼,,0,1,1,0,4,18,12,1,0,0,0,0,0,0,0,0,0,0,0,0,0,0,3,2,7,21,146
2025,A,319,1,0000000001,0000005558,蘇俊璋,00,最後一任,,0,0,1,0,3,10,5,0,0,0,0,1,0,0,0,0,0,0,0,0,0,0,1,0,0,5,143
2025,A,319,2,0000000001,0000002688,陳韻文,12,最後一任,,1,0,1,0,4,21,15,0,0,0,0,1,0,0,2,0,0,0,0,0,0,0,6,1,18,3,150
2025,A,320,1,0000000001,0000007228,鈴木駿輔,69,先發,,0,0,5,2,30,103,60,7,0,4,2,5,0,0,3,0,0,0,0,0,0,0,1,1,0,0,148
2025,A,320,2,0000000001,0000005543,徐若熙,18,先發,,0,0,6,0,24,82,59,5,1,3,3,1,0,0,4,0,0,0,1,0,0,0,4,6,0,0,149
2025,A,320,1,0000000001,0000003292,賴鴻誠,32,中繼,,0,0,0,1,2,7,3,0,0,0,0,1,0,0,0,0,0,0,0,0,0,0,1,1,0,2,143
2025,A,320,2,0000000001,0000000135,陳禹勳,5,中繼,,0,1,1,0,3,11,6,0,0,0,0,0,0,1,0,0,0,0,0,0,0,0,5,4,2,6,142
2025,A,320,1,0000000001,0000006870,林栚呈,94,中繼,勝,0,0,1,0,4,13,11,0,0,0,0,0,0,0,1,0,0,0,0,0,0,0,1,1,0,3,142
2025,A,320,2,0000000001,0000005788,林凱威,99,中繼,敗,0,0,1,0,5,19,12,2,1,2,2,0,0,0,0,0,0,0,0,0,0,0,1,2,2,13,155
2025,A,320,1,0000000001,0000000773,李吳永勤,38,中繼,,0,1,1,0,4,21,15,1,0,0,0,0,0,0,1,0,0,0,0,0,0,0,1,4,0,10,141
2025,A,320,2,0000000001,0000007581,黃暐傑,75,最後一任,,0,0,1,0,4,9,6,1,0,0,0,0,0,0,1,0,0,0,0,0,0,0,0,0,0,0,147
2025,A,320,1,0000000001,0000006227,曾峻岳,60,最後一任,,1,0,1,0,3,10,6,0,0,0,0,0,0,0,1,0,0,0,0,0,0,0,0,4,8,4,156
2025,A,321,1,0000000001,0000006891,力亞士,55,先發,勝,0,0,6,0,22,90,50,2,0,1,1,4,0,0,4,0,0,0,0,0,0,1,7,10,0,0,148
2025,A,321,2,0000000001,0000007554,龍聖,33,先發,敗,0,0,4,0,23,95,57,8,1,4,4,5,0,0,4,0,0,1,0,0,0,0,2,6,0,0,144
2025,A,321,2,0000000001,0000005541,郭郁政,17,中繼,,0,0,2,0,9,25,17,4,0,2,2,0,0,0,1,0,0,0,0,0,0,0,0,2,1,3,146
2025,A,321,2,0000000001,0000005552,呂偉晟,39,中繼,,0,0,0,2,7,33,17,2,0,3,3,2,0,1,0,0,0,0,0,0,0,0,1,2,0,2,147
2025,A,321,2,0000000001,0000006160,李超,0,中繼,,0,0,1,1,6,25,15,2,0,0,0,0,0,0,1,0,0,0,0,0,0,0,2,1,0,4,148
2025,A,321,1,0000000001,0000002280,廖任磊,13,中繼,,0,0,1,0,6,23,11,1,0,0,0,2,0,0,0,0,0,0,0,0,0,0,0,0,0,0,148
2025,A,321,1,0000000001,0000000938,張瑞麟,72,中繼,,0,0,0,2,6,26,15,3,1,4,4,1,0,0,1,0,0,0,0,0,0,0,0,0,0,1,141
2025,A,321,1,0000000001,0000000368,游霆崴,80,中繼,,0,0,0,1,3,8,5,2,0,0,0,0,0,0,0,0,0,0,0,0,0,0,0,0,0,0,139
2025,A,321,2,0000000001,0000005555,陳冠偉,59,最後一任,,0,0,1,0,4,16,7,0,0,0,0,1,0,0,1,0,0,0,0,0,0,0,2,4,18,6,141
2025,A,321,1,0000000001,0000000367,吳世豪,50,最後一任,,0,0,1,0,3,8,6,0,0,0,0,0,0,0,1,0,0,0,0,0,0,0,0,0,0,5,148
2025,A,322,1,0000000001,0000000363,陳仕朋,81,先發,,0,0,6,0,24,85,50,6,0,3,3,3,0,0,5,1,0,0,0,0,0,0,2,5,0,2,141
2025,A,322,2,0000000001,0000007053,艾速特,30,先發,,0,0,5,0,20,87,52,4,0,2,2,2,0,0,7,0,0,0,1,0,0,0,8,4,0,0,153
2025,A,322,2,0000000001,0000002348,施子謙,19,中繼,,0,0,1,0,4,19,13,1,1,1,1,0,0,0,1,0,0,0,0,0,0,0,4,0,0,4,143
2025,A,322,2,0000000001,0000007580,韋宏亮,52,中繼,,0,1,1,0,4,11,9,1,0,0,0,0,0,0,1,0,1,0,0,0,0,0,0,0,0,4,149
2025,A,322,1,0000000001,0000000773,李吳永勤,38,中繼,,0,1,1,0,4,12,7,0,0,0,0,0,0,1,1,0,0,0,0,0,0,0,1,4,0,11,139
2025,A,322,2,0000000001,0000006832,陳柏清,66,中繼,,0,1,1,0,3,15,9,0,0,0,0,0,0,0,0,0,0,0,0,0,0,0,1,4,0,18,148
2025,A,322,1,0000000001,0000006870,林栚呈,94,中繼,,0,1,1,0,3,12,6,0,0,0,0,0,0,0,0,0,0,0,0,0,0,0,1,1,0,4,142
2025,A,322,2,0000000001,0000006949,林詩翔,14,中繼,,0,1,1,0,3,13,9,0,0,0,0,0,0,0,2,0,0,0,0,0,0,0,5,5,25,6,147
2025,A,322,1,0000000001,0000006227,曾峻岳,60,最後一任,勝,0,0,2,0,6,25,17,0,0,0,0,0,0,0,2,0,0,0,0,0,0,1,1,4,8,4,156
2025,A,322,2,0000000001,0000006767,許育銘,74,最後一任,敗,0,0,1,0,4,9,7,1,0,1,0,0,0,0,0,0,0,2,0,0,0,0,0,1,0,17,142
2025,A,323,1,0000000001,0000006497,鋼龍,37,先發,,0,0,7,0,23,93,65,2,0,1,1,0,0,0,6,0,0,0,0,0,0,0,9,5,0,0,147
2025,A,323,2,0000000001,0000007560,飛力獅,93,先發,,0,0,6,0,27,107,66,5,1,3,3,4,0,0,3,2,0,1,0,0,0,0,9,2,0,0,146
2025,A,323,2,0000000001,0000007292,李軍,62,中繼,,0,0,1,0,3,9,6,0,0,0,0,0,0,0,1,0,0,0,0,0,0,0,0,0,0,5,145
2025,A,323,2,0000000001,0000007061,辛俊昇,69,中繼,,0,0,1,0,4,15,9,1,1,1,1,0,0,0,0,0,0,0,0,0,0,0,3,0,0,4,143
2025,A,323,1,0000000001,0000005788,林凱威,99,中繼,,0,0,1,0,4,16,15,1,0,0,0,0,0,0,1,0,0,0,0,0,0,0,1,2,2,13,152
2025,A,323,2,0000000001,0000005482,吳承諭,57,最後一任,勝,0,0,1,0,3,6,5,0,0,0,0,0,0,0,0,0,0,0,0,0,0,0,2,4,0,3,136
2025,A,323,1,0000000001,0000005555,陳冠偉,59,中繼,敗,0,0,0,1,5,18,11,3,0,4,4,1,0,0,0,0,0,0,0,0,0,0,2,5,18,6,142
2025,A,323,1,0000000001,0000000135,陳禹勳,5,最後一任,,0,0,0,1,3,4,3,1,0,0,0,1,1,0,0,0,0,0,1,0,0,0,5,4,2,6,143
2025,A,324,1,0000000001,0000005151,羅戈,32,先發,勝,0,0,7,0,28,104,74,6,0,1,0,1,0,0,6,0,0,0,0,0,0,0,10,7,0,0,149
2025,A,324,2,0000000001,0000007603,凱樂,26,先發,,0,0,5,0,20,83,47,3,0,0,0,3,0,0,4,0,0,0,0,0,0,0,0,0,0,0,144
2025,A,324,2,0000000001,0000005509,莊昕諺,77,中繼,敗,0,0,0,2,6,26,12,1,1,3,3,2,0,1,0,0,0,0,0,0,0,0,1,4,2,6,147
2025,A,324,2,0000000001,0000007073,賴胤豪,63,中繼,,0,0,0,2,4,11,9,2,0,2,2,0,0,0,0,0,0,0,0,0,0,0,2,0,0,6,150
2025,A,324,2,0000000001,0000006228,王志煊,64,中繼,,0,0,0,0,1,4,0,0,0,0,0,1,0,0,0,0,0,0,0,0,0,0,0,1,0,12,129
2025,A,324,2,0000000001,0000005558,蘇俊璋,00,中繼,,0,0,0,2,2,12,8,1,0,0,0,0,0,0,0,0,0,0,0,0,0,0,1,0,0,5,144
2025,A,324,2,0000000001,0000000779,陳柏豪,9,中繼,,0,0,1,0,3,8,6,0,0,0,0,0,0,0,1,0,0,0,0,0,0,0,1,4,11,1,145
2025,A,324,1,0000000001,0000001232,江忠城,20,中繼,,0,0,0,2,4,17,10,2,0,0,0,0,0,0,1,0,0,0,0,0,0,0,0,0,0,4,147
2025,A,324,1,0000000001,0000003639,呂彥青,58,最後一任,,1,0,1,1,4,20,13,0,0,0,0,0,0,0,2,0,0,0,0,0,0,0,5,3,6,12,142
2025,A,324,2,0000000001,0000005372,呂詠臻,48,最後一任,,0,0,1,0,5,16,8,0,0,0,0,1,0,0,0,0,0,0,0,0,0,0,3,4,0,12,149
2025,A,325,1,0000000001,0000006871,黃保羅,18,先發,,0,0,5,1,23,94,60,5,1,2,2,2,0,0,2,0,0,0,0,0,0,0,3,8,0,0,141
2025,A,325,2,0000000001,0000007590,那瑪夏,45,先發,,0,0,6,0,23,99,65,6,0,1,1,0,0,0,8,0,0,1,0,0,0,0,0,2,0,0,151
2025,A,325,1,0000000001,0000003292,賴鴻誠,32,中繼,勝,0,0,1,2,5,18,12,0,0,0,0,0,0,0,1,0,0,0,0,0,0,0,2,1,0,2,145
2025,A,325,2,0000000001,0000007580,韋宏亮,52,中繼,,0,1,1,0,3,9,6,0,0,0,0,0,0,0,1,0,0,0,0,0,0,0,0,0,0,5,148
2025,A,325,2,0000000001,0000006832,陳柏清,66,中繼,敗,0,0,0,2,7,28,17,3,0,5,0,1,0,0,2,0,0,1,0,0,0,0,1,5,0,18,147
2025,A,325,2,0000000001,0000006921,伍祐城,55,中繼,,0,0,0,1,3,11,7,2,0,1,1,0,0,0,1,0,0,0,0,0,0,0,3,1,0,9,142
2025,A,325,1,0000000001,0000006870,林栚呈,94,中繼,,0,0,1,0,4,15,8,0,0,0,0,1,0,0,0,0,0,0,0,0,0,0,1,1,0,4,140
2025,A,325,2,0000000001,0000000777,楊達翔,99,最後一任,,0,0,1,0,4,10,6,1,1,1,1,0,0,0,1,0,0,0,0,0,0,0,0,0,0,0,148
2025,A,325,1,0000000001,0000000367,吳世豪,50,最後一任,,0,0,1,0,3,9,8,0,0,0,0,0,0,0,0,0,0,0,0,0,0,0,0,0,0,5,145
2025,A,326,1,0000000001,0000000762,伍鐸,52,先發,敗,0,0,2,1,16,65,43,8,0,3,3,1,0,0,1,0,0,0,0,0,0,0,7,6,0,0,139
2025,A,326,2,0000000001,0000007588,奧德銳,88,先發,勝,0,0,6,0,24,105,65,4,0,1,1,2,0,1,10,0,0,0,0,0,0,1,2,0,0,0,148
2025,A,326,1,0000000001,0000002279,吳俊杰,20,中繼,,0,0,1,2,6,18,14,2,2,2,2,0,0,0,2,0,0,0,0,0,0,0,0,0,0,5,141
2025,A,326,1,0000000001,0000005541,郭郁政,17,中繼,,0,0,1,0,5,15,10,1,1,1,1,0,0,0,0,0,0,0,0,0,0,0,0,2,1,3,144
2025,A,326,1,0000000001,0000007581,黃暐傑,75,中繼,,0,0,1,1,5,23,14,0,0,0,0,0,0,1,2,0,0,0,0,0,0,0,0,0,0,0,151
2025,A,326,2,0000000001,0000003393,王鏡銘,41,中繼,,0,0,1,0,5,19,9,1,0,0,0,1,0,0,0,0,0,0,0,0,0,0,0,3,0,11,137
2025,A,326,1,0000000001,0000006160,李超,0,中繼,,0,0,0,2,3,10,7,1,0,0,0,0,0,0,0,0,0,0,0,0,0,0,2,1,0,4,146
2025,A,326,2,0000000001,0000006818,髙塩將樹,28,中繼,,0,0,1,0,4,17,11,0,0,0,0,1,0,0,0,0,0,0,0,0,0,0,3,2,7,21,146
2025,A,326,1,0000000001,0000001821,林子昱,71,最後一任,,0,0,1,0,4,17,10,0,0,0,0,1,0,0,0,0,0,0,0,0,0,0,4,3,0,16,144
2025,A,326,2,0000000001,0000007293,鍾允華,29,最後一任,,0,0,1,0,4,15,10,0,0,0,0,0,0,1,2,0,0,0,0,0,0,0,1,0,0,4,149
2025,A,327,1,0000000001,0000007558,黃博多,37,先發,敗,0,0,2,1,15,61,37,6,0,6,3,2,0,0,3,1,0,0,0,0,0,0,10,7,0,0,151
2025,A,327,2,0000000001,0000007062,威能帝,49,先發,勝,0,0,7,0,29,91,65,7,0,0,0,2,0,0,6,0,0,0,0,0,0,1,12,2,0,0,153
2025,A,327,1,0000000001,0000003506,謝榮豪,79,中繼,,0,0,0,2,5,19,11,2,0,2,2,1,0,0,1,0,0,0,1,0,0,0,1,0,1,2,141
2025,A,327,1,0000000001,0000000771,陳琥,62,最後一任,,0,0,5,0,16,43,36,1,0,0,0,0,0,0,3,0,0,0,0,0,0,0,0,1,0,1,144
2025,A,327,2,0000000001,0000006720,邱駿威,46,最後一任,,0,0,2,0,8,29,20,1,0,0,0,1,0,0,2,0,0,0,0,0,0,0,0,0,0,2,147
2025,A,328,1,0000000001,0000005572,魏碩成,14,先發,敗,0,0,6,0,24,95,67,7,1,3,3,1,1,0,5,0,0,0,0,0,0,0,3,2,0,0,141
2025,A,328,2,0000000001,0000004624,陳克羿,19,先發,勝,0,0,6,0,25,95,65,6,0,1,1,1,0,1,8,1,0,0,1,0,0,0,2,2,0,0,146
2025,A,328,2,0000000001,0000000779,陳柏豪,9,中繼,,0,1,0,1,2,10,4,0,0,0,0,1,0,0,0,0,0,0,0,0,0,0,1,4,11,2,145
2025,A,328,2,0000000001,0000006228,王志煊,64,中繼,,0,1,0,1,2,12,5,0,0,0,0,1,0,0,0,0,0,0,0,0,0,0,0,1,0,13,132
2025,A,328,2,0000000001,0000000941,陳冠宇,17,中繼,,0,1,1,1,7,20,12,2,0,1,1,1,0,0,0,2,0,1,1,0,0,0,3,3,5,19,147
2025,A,328,1,0000000001,0000001232,江忠城,20,中繼,,0,0,1,0,4,14,9,0,0,0,0,0,0,0,1,0,0,0,0,0,0,0,0,0,0,4,146
2025,A,328,1,0000000001,0000003331,李振昌,34,最後一任,,0,0,1,0,3,16,10,0,0,0,0,0,0,0,1,0,0,0,0,0,0,0,2,1,0,9,146
2025,A,328,2,0000000001,0000000128,朱承洋,22,最後一任,,1,0,1,0,3,13,8,0,0,0,0,0,0,0,1,0,0,0,0,0,0,0,5,2,10,15,147
2025,A,329,1,0000000001,0000006749,魔力藍,44,先發,敗,0,0,7,0,28,94,56,6,0,1,1,3,0,0,6,0,0,0,0,0,0,0,7,10,0,0,147
2025,A,329,2,0000000001,0000002679,江承諺,20,先發,勝,0,0,5,0,18,62,35,0,0,0,0,2,0,1,6,0,0,0,0,0,0,1,4,8,0,0,137
2025,A,329,2,0000000001,0000006921,伍祐城,55,中繼,,0,1,1,0,3,12,6,0,0,0,0,0,0,0,0,0,0,0,0,0,0,0,3,1,0,10,144
2025,A,329,2,0000000001,0000002348,施子謙,19,中繼,,0,1,1,0,4,15,11,1,0,0,0,0,0,0,1,0,0,0,0,0,0,0,4,0,0,5,144
2025,A,329,2,0000000001,0000006832,陳柏清,66,中繼,,0,1,1,0,4,15,9,0,0,0,0,0,0,0,1,0,0,0,0,0,0,0,1,5,0,19,147
2025,A,329,1,0000000001,0000000773,李吳永勤,38,中繼,,0,0,0,2,3,13,7,0,0,0,0,1,0,0,0,0,0,0,0,0,0,0,1,4,0,11,142
2025,A,329,1,0000000001,0000000367,吳世豪,50,最後一任,,0,0,0,1,1,3,3,0,0,0,0,0,0,0,0,0,0,0,0,0,0,0,0,0,0,5,142
2025,A,329,2,0000000001,0000006949,林詩翔,14,最後一任,,1,0,1,0,4,11,8,1,0,0,0,0,0,0,1,0,0,0,0,0,0,0,5,5,26,6,146
2025,A,330,1,0000000001,0000006724,曹祐齊,67,先發,,0,0,2,0,9,29,15,2,0,1,1,2,0,0,1,0,0,0,1,0,0,0,4,3,0,0,137
2025,A,330,2,0000000001,0000001260,郭俊麟,75,先發,敗,0,0,6,0,27,80,50,7,1,3,3,2,0,0,0,1,0,0,0,0,0,0,0,4,0,0,144
2025,A,330,1,0000000001,0000004796,鎛銳,29,中繼,勝,0,0,4,0,16,61,37,3,0,0,0,2,0,0,3,0,0,0,0,0,0,1,2,0,0,0,148
2025,A,330,2,0000000001,0000007292,李軍,62,中繼,,0,0,0,1,4,20,9,2,1,3,3,1,0,0,0,0,0,0,0,0,0,0,0,0,0,5,143
2025,A,330,2,0000000001,0000006222,劉予承,26,中繼,,0,0,0,2,4,15,10,2,1,1,1,0,0,0,0,0,0,0,0,0,0,0,1,0,0,2,140
2025,A,330,1,0000000001,0000006160,李超,0,中繼,,0,0,1,0,5,15,10,2,0,0,0,0,0,0,0,0,0,0,0,0,0,0,2,1,0,4,144
2025,A,330,2,0000000001,0000005282,姚杰宏,79,最後一任,,0,0,2,0,6,26,18,0,0,0,0,0,0,0,2,0,0,0,0,0,0,0,0,0,0,1,143
2025,A,330,1,0000000001,0000001821,林子昱,71,中繼,,0,0,1,0,3,9,5,0,0,0,0,0,0,0,0,0,0,0,0,0,0,0,4,3,0,16,143
2025,A,330,1,0000000001,0000005788,林凱威,99,最後一任,,0,0,1,0,3,10,7,0,0,0,0,0,0,0,1,0,0,0,0,0,0,0,1,2,2,13,151
2025,A,331,1,0000000001,0000007581,黃暐傑,75,先發,敗,0,0,1,0,9,29,19,4,0,5,3,1,0,0,0,0,0,0,0,0,0,0,0,1,0,0,147
2025,A,331,2,0000000001,0000007264,魔神樂,21,先發,勝,0,0,6,0,21,84,59,4,1,1,1,1,0,0,2,0,0,0,0,0,0,1,12,7,0,0,150
2025,A,331,1,0000000001,0000005541,郭郁政,17,中繼,,0,0,2,2,13,46,30,4,0,0,0,0,0,1,1,0,0,0,0,0,0,0,0,2,1,3,147
2025,A,331,1,0000000001,0000000135,陳禹勳,5,中繼,,0,0,1,1,6,27,17,2,0,2,0,0,0,1,0,0,0,0,0,0,0,0,5,4,2,6,146
2025,A,331,1,0000000001,0000006724,曹祐齊,67,中繼,,0,0,2,0,6,25,20,1,0,0,0,0,0,0,1,0,0,0,0,0,0,0,4,3,0,0,142
2025,A,331,2,0000000001,0000007073,賴胤豪,63,中繼,,0,0,1,0,7,16,12,3,0,3,0,0,0,0,1,0,0,0,1,0,0,0,2,0,0,6,150
2025,A,331,2,0000000001,0000000941,陳冠宇,17,中繼,,0,1,1,0,4,17,12,1,0,0,0,0,0,0,0,0,0,0,0,0,0,0,3,3,5,20,147
2025,A,331,1,0000000001,0000005555,陳冠偉,59,最後一任,,0,0,1,0,3,13,9,1,0,0,0,0,0,0,0,0,0,0,0,0,0,0,2,5,18,6,143
2025,A,331,2,0000000001,0000000128,朱承洋,22,最後一任,,1,0,1,0,4,14,9,1,0,0,0,0,0,0,1,0,0,0,0,0,0,0,5,2,11,15,148
2025,A,332,1,0000000001,0000001719,胡智爲,58,先發,敗,0,0,5,0,24,90,59,9,1,6,6,2,0,0,2,0,0,0,0,0,0,0,2,6,2,3,148
2025,A,332,2,0000000001,0000007228,鈴木駿輔,69,先發,勝,0,0,5,0,22,99,55,2,0,2,2,5,0,0,2,1,0,1,0,0,0,0,2,1,0,0,149
2025,A,332,2,0000000001,0000003292,賴鴻誠,32,中繼,,0,0,0,2,4,16,9,2,0,0,0,0,0,0,0,0,0,0,0,0,0,0,2,1,0,2,144
2025,A,332,2,0000000001,0000002347,王尉永,34,中繼,,0,1,0,1,1,5,3,0,0,0,0,0,0,0,0,0,0,0,0,0,0,0,0,0,0,3,143
2025,A,332,1,0000000001,0000005482,吳承諭,57,中繼,,0,0,2,0,6,22,12,0,0,0,0,0,0,0,0,0,0,0,0,0,0,0,2,4,0,3,137
2025,A,332,2,0000000001,0000000773,李吳永勤,38,中繼,,0,0,1,0,4,16,8,0,0,0,0,1,0,0,0,1,0,0,0,0,0,0,1,4,0,11,140
2025,A,332,2,0000000001,0000006870,林栚呈,94,中繼,,0,0,1,0,3,9,7,0,0,0,0,0,0,0,1,0,0,0,0,0,0,0,1,1,0,4,142
2025,A,332,1,0000000001,0000007061,辛俊昇,69,最後一任,,0,0,1,0,3,13,10,0,0,0,0,0,0,0,1,0,0,0,0,0,0,0,3,0,0,4,145
2025,A,332,2,0000000001,0000006227,曾峻岳,60,最後一任,,0,0,1,0,3,19,10,1,0,0,0,0,0,0,1,0,0,0,0,0,0,0,1,4,8,4,152
2025,A,333,1,0000000001,0000007579,韋禮加,89,先發,敗,0,0,6,1,25,95,60,5,0,2,2,1,0,0,1,0,0,1,0,0,0,0,0,1,0,0,148
2025,A,333,2,0000000001,0000006507,後勁,40,先發,,0,0,6,0,23,94,55,3,0,0,0,3,0,0,2,0,0,1,0,0,0,1,12,1,0,0,149
2025,A,333,2,0000000001,0000002348,施子謙,19,中繼,勝,0,0,1,0,3,9,5,0,0,0,0,0,0,0,1,0,0,0,0,0,0,0,5,0,0,5,144
2025,A,333,1,0000000001,0000003639,呂彥青,58,中繼,,0,0,0,1,5,12,8,4,0,3,3,0,0,0,0,0,0,0,0,0,0,0,5,3,6,12,141
2025,A,333,1,0000000001,0000001232,江忠城,20,中繼,,0,0,0,1,1,5,2,0,0,0,0,0,0,0,0,0,0,0,0,0,0,0,0,0,0,4,145
2025,A,333,2,0000000001,0000007580,韋宏亮,52,中繼,,0,0,0,2,6,23,13,2,0,1,1,2,0,0,0,0,0,0,0,0,0,0,0,0,0,5,148
2025,A,333,2,0000000001,0000001390,王躍霖,95,中繼,,0,1,0,1,1,6,3,0,0,0,0,0,0,0,0,0,0,0,0,0,0,0,0,2,1,1,143
2025,A,333,1,0000000001,0000003334,鄭凱文,19,最後一任,,0,0,1,0,3,12,10,1,0,0,0,0,0,0,0,0,0,0,0,0,0,0,3,3,1,0,138
2025,A,333,2,0000000001,0000006949,林詩翔,14,最後一任,,0,0,1,0,4,12,7,0,0,0,0,1,0,0,0,0,0,0,0,0,0,0,5,5,26,6,145
2025,A,334,1,0000000001,0000007053,艾速特,30,先發,勝,0,0,5,0,20,68,40,3,0,0,0,1,0,1,3,1,0,0,0,0,0,0,9,4,0,0,145
2025,A,334,2,0000000001,0000005543,徐若熙,18,先發,敗,0,0,6,0,25,93,71,7,1,4,4,0,0,0,6,0,0,0,0,0,0,0,4,7,0,0,151
2025,A,334,1,0000000001,0000002348,施子謙,19,中繼,,0,0,1,0,3,6,5,0,0,0,0,0,0,0,0,0,0,0,0,0,0,0,5,0,0,5,145
2025,A,334,2,0000000001,0000005789,林鋅杰,77,中繼,,0,0,1,0,6,21,15,3,0,1,1,0,0,0,1,0,0,0,0,0,0,0,0,0,0,0,146
2025,A,334,1,0000000001,0000007580,韋宏亮,52,中繼,,0,0,1,0,5,13,8,1,0,0,0,0,0,1,0,0,0,0,0,0,0,0,0,0,0,5,148
2025,A,334,2,0000000001,0000005555,陳冠偉,59,中繼,,0,0,0,1,5,12,8,4,0,4,4,0,0,0,0,0,0,0,1,0,0,0,2,5,18,6,141
2025,A,334,2,0000000001,0000000135,陳禹勳,5,中繼,,0,0,0,2,3,12,8,2,0,1,1,0,0,0,1,0,0,0,0,0,0,0,5,4,2,6,144
2025,A,334,1,0000000001,0000006767,許育銘,74,中繼,,0,0,0,0,3,11,9,3,1,2,2,0,0,0,0,0,0,0,0,0,0,0,0,1,0,17,137
2025,A,334,1,0000000001,0000001390,王躍霖,95,中繼,,0,0,1,0,4,15,11,1,0,0,0,0,0,0,0,0,0,0,0,0,0,0,0,2,1,1,146
2025,A,334,2,0000000001,0000006160,李超,0,最後一任,,0,0,1,0,7,26,9,1,0,1,1,2,0,1,0,0,0,0,0,0,0,0,2,1,0,4,147
2025,A,334,1,0000000001,0000006921,伍祐城,55,最後一任,,0,0,1,0,6,38,30,2,0,1,1,1,0,0,2,1,0,0,0,0,0,0,3,1,0,10,148
2025,A,335,1,0000000001,0000006891,力亞士,55,先發,敗,0,0,7,0,35,97,71,11,0,4,3,3,0,0,4,0,0,1,1,0,0,0,7,11,0,0,154
2025,A,335,2,0000000001,0000007603,凱樂,26,先發,勝,0,0,6,0,24,91,58,4,0,1,1,3,0,0,5,0,0,0,0,0,0,1,1,0,0,0,151
2025,A,335,2,0000000001,0000005558,蘇俊璋,00,中繼,,0,1,1,0,3,12,10,0,0,0,0,0,0,0,1,0,0,0,0,0,0,0,1,0,0,6,144
2025,A,335,2,0000000001,0000000941,陳冠宇,17,中繼,,0,1,1,0,4,17,12,2,0,1,1,0,0,0,0,0,0,0,0,0,0,0,3,3,5,21,146
2025,A,335,1,0000000001,0000000367,吳世豪,50,最後一任,,0,0,1,0,6,24,13,1,0,1,1,1,0,1,0,0,0,0,0,0,0,0,0,0,0,5,146
2025,A,335,2,0000000001,0000000128,朱承洋,22,最後一任,,1,0,1,0,3,8,6,0,0,0,0,0,0,0,1,0,0,0,0,0,0,0,5,2,12,15,147
2025,A,336,1,0000000001,0000007560,飛力獅,93,先發,敗,0,0,6,0,25,95,64,6,0,3,3,1,0,0,6,2,0,0,0,0,0,0,9,3,0,0,146
2025,A,336,2,0000000001,0000007573,李博登,38,先發,勝,0,0,7,0,26,104,66,4,0,1,1,2,0,0,5,0,0,0,0,0,0,0,5,3,0,0,141
2025,A,336,1,0000000001,0000003393,王鏡銘,41,中繼,,0,0,0,1,3,12,7,2,0,2,1,0,0,0,0,0,0,0,1,0,0,0,0,3,0,11,138
2025,A,336,1,0000000001,0000007061,辛俊昇,69,最後一任,,0,0,1,2,5,16,9,0,0,0,0,0,0,0,1,0,0,0,0,0,0,0,3,0,0,4,139
2025,A,336,2,0000000001,0000001232,江忠城,20,中繼,,0,0,1,0,5,20,11,0,0,0,0,1,0,0,0,0,0,0,0,0,0,0,0,0,0,4,147
2025,A,336,2,0000000001,0000000776,王凱程,15,最後一任,,0,0,1,0,3,12,10,0,0,0,0,0,0,0,1,0,0,0,0,0,0,0,2,2,1,20,143
2025,A,337,1,0000000001,0000007590,那瑪夏,45,先發,敗,0,0,5,0,27,90,56,6,1,4,3,5,0,0,3,0,0,2,1,0,0,0,0,3,0,0,151
2025,A,337,2,0000000001,0000007554,龍聖,33,先發,勝,0,0,5,0,21,85,53,4,1,3,3,2,0,0,3,0,0,0,0,0,0,0,3,6,0,0,143
2025,A,337,2,0000000001,0000004796,鎛銳,29,中繼,,0,1,2,0,8,33,19,1,0,0,0,2,0,0,1,0,0,1,0,0,0,0,2,0,0,1,150
2025,A,337,1,0000000001,0000000777,楊達翔,99,中繼,,0,0,1,0,6,25,10,0,0,2,0,2,0,1,1,0,0,0,0,0,0,0,0,0,0,0,148
2025,A,337,1,0000000001,0000006767,許育銘,74,最後一任,,0,0,2,0,7,27,16,1,0,0,0,1,0,0,4,0,0,1,0,0,0,0,0,1,0,17,139
2025,A,337,2,0000000001,0000001821,林子昱,71,中繼,,0,1,1,0,5,17,14,2,0,0,0,0,0,0,2,0,0,0,0,0,0,0,4,3,0,17,144
2025,A,337,2,0000000001,0000005788,林凱威,99,最後一任,,1,0,1,0,3,7,5,0,0,0,0,0,0,0,1,0,0,0,0,0,0,0,1,2,3,13,153
2025,A,338,1,0000000001,0000007295,陳鐿中,75,先發,敗,0,0,5,0,26,82,48,8,0,6,2,1,0,1,0,0,0,0,0,0,0,0,0,1,0,0,147
2025,A,338,2,0000000001,0000007062,威能帝,49,先發,勝,0,0,7,0,22,80,59,1,1,1,1,0,0,0,5,0,0,0,0,0,0,1,13,2,0,0,153
2025,A,338,1,0000000001,0000003292,賴鴻誠,32,中繼,,0,0,1,0,3,8,5,0,0,0,0,0,0,0,0,0,0,1,1,0,0,0,2,1,0,2,141
2025,A,338,1,0000000001,0000002280,廖任磊,13,中繼,,0,0,1,0,3,8,5,0,0,0,0,0,0,0,1,0,0,0,0,0,0,0,0,0,0,0,145
2025,A,338,2,0000000001,0000006720,邱駿威,46,中繼,,0,0,1,0,4,15,8,1,1,1,1,0,0,0,0,0,0,0,0,0,0,0,0,0,0,2,146
2025,A,338,1,0000000001,0000002347,王尉永,34,最後一任,,0,0,1,0,4,14,9,1,0,0,0,0,0,0,0,0,0,0,0,0,0,0,0,0,0,3,147
2025,A,338,2,0000000001,0000007073,賴胤豪,63,最後一任,,0,0,1,0,4,17,11,1,0,0,0,0,0,0,1,0,0,0,0,0,0,0,2,0,0,6,150
2025,A,339,1,0000000001,0000007588,奧德銳,88,先發,,0,0,7,0,23,94,65,4,0,0,0,0,0,1,7,0,0,0,0,0,0,0,2,0,0,0,147
2025,A,339,2,0000000001,0000005151,羅戈,32,先發,,0,0,7,0,25,108,71,3,0,0,0,0,0,1,10,0,0,0,0,0,0,1,10,7,0,0,150
2025,A,339,2,0000000001,0000004625,吳俊偉,94,中繼,,0,1,1,0,3,12,9,0,0,0,0,0,0,0,1,0,0,0,0,0,0,0,2,2,8,2,145
2025,A,339,1,0000000001,0000006818,髙塩將樹,28,中繼,,0,1,1,0,3,13,9,0,0,0,0,0,0,0,2,0,0,0,0,0,0,0,3,2,7,22,145
2025,A,339,2,0000000001,0000003331,李振昌,34,最後一任,勝,0,0,1,0,4,16,7,1,0,0,0,1,0,0,0,0,0,0,0,0,0,0,3,1,0,9,146
2025,A,339,1,0000000001,0000007293,鍾允華,29,中繼,敗,0,0,0,2,5,33,17,0,0,1,0,3,0,0,1,0,0,0,0,0,0,0,1,1,0,4,152
2025,A,339,1,0000000001,0000005482,吳承諭,57,最後一任,,0,0,0,0,1,4,3,0,0,0,0,0,0,0,0,0,0,0,0,0,0,0,2,4,0,3,139
2025,A,340,1,0000000001,0000006237,林子崴,54,先發,敗,0,0,3,1,18,77,44,7,0,2,1,2,0,0,3,0,0,0,1,0,0,0,1,2,0,0,145
2025,A,340,2,0000000001,0000007559,蒙德茲,21,先發,勝,0,0,7,0,25,96,64,3,0,1,1,1,0,1,3,0,0,0,0,0,0,1,10,6,0,0,149
2025,A,340,1,0000000001,0000006228,王志煊,64,中繼,,0,0,0,2,2,9,6,0,0,0,0,0,0,0,1,0,0,0,0,0,0,0,0,1,0,13,134
2025,A,340,1,0000000001,0000002274,黃子鵬,69,中繼,,0,0,3,0,12,50,36,2,0,0,0,1,0,0,5,0,0,0,0,0,0,0,4,8,0,0,136
2025,A,340,2,0000000001,0000006818,髙塩將樹,28,中繼,,0,1,1,0,5,25,20,2,0,0,0,0,0,0,0,0,0,0,0,0,0,0,3,2,7,23,145
2025,A,340,1,0000000001,0000005558,蘇俊璋,00,最後一任,,0,0,1,0,4,15,7,1,0,0,0,0,0,0,0,0,0,1,0,0,0,0,1,0,0,6,142
2025,A,340,2,0000000001,0000002688,陳韻文,12,最後一任,,1,0,1,0,3,12,9,0,0,0,0,0,0,0,0,0,0,0,0,0,0,0,6,1,19,3,147
2025,A,341,1,0000000001,0000002679,江承諺,20,先發,敗,0,0,5,0,22,89,61,4,0,2,2,1,0,0,2,1,0,0,0,0,0,0,4,9,0,0,135
2025,A,341,2,0000000001,0000006749,魔力藍,44,先發,勝,0,0,6,1,27,102,68,4,0,1,1,4,0,0,9,0,0,0,0,0,0,1,8,10,0,0,146
2025,A,341,1,0000000001,0000001390,王躍霖,95,中繼,,0,0,1,0,4,16,12,1,0,0,0,0,0,0,1,0,0,0,0,0,0,0,0,2,1,1,143
2025,A,341,2,0000000001,0000006870,林栚呈,94,中繼,,0,1,0,1,3,10,5,1,0,0,0,1,0,0,0,0,0,0,0,0,0,0,1,1,0,5,139
2025,A,341,2,0000000001,0000000773,李吳永勤,38,中繼,,0,1,0,2,4,20,14,2,0,0,0,0,0,0,0,0,0,0,0,0,0,0,1,4,0,12,141
2025,A,341,1,0000000001,0000007580,韋宏亮,52,中繼,,0,0,1,0,3,15,9,0,0,0,0,1,0,0,0,0,0,0,0,0,0,0,0,0,0,5,148
2025,A,341,2,0000000001,0000006227,曾峻岳,60,最後一任,,1,0,1,2,5,17,11,0,0,0,0,0,0,0,1,0,0,0,0,0,0,0,1,4,9,4,153
2025,A,341,1,0000000001,0000006832,陳柏清,66,最後一任,,0,0,1,0,6,18,11,2,1,1,1,1,0,0,0,0,0,0,0,0,0,0,1,5,0,19,145
2025,A,342,1,0000000001,0000006497,鋼龍,37,先發,勝,0,0,6,0,25,82,51,5,1,1,1,0,0,3,6,0,0,0,0,0,0,0,10,5,0,0,146
2025,A,342,2,0000000001,0000005572,魏碩成,14,先發,敗,0,0,4,2,23,92,55,4,0,2,2,5,0,2,4,0,0,0,0,0,0,0,3,3,0,0,146
2025,A,342,2,0000000001,0000000778,蔡齊哲,50,中繼,,0,0,0,1,2,13,7,0,0,0,0,1,0,0,0,0,0,0,0,0,0,0,3,2,3,15,141
2025,A,342,2,0000000001,0000000776,王凱程,15,中繼,,0,0,1,0,7,17,10,4,0,3,3,0,0,0,0,0,0,0,1,0,0,0,2,2,1,20,142
2025,A,342,2,0000000001,0000007283,陳冠穎,81,中繼,,0,0,1,0,6,22,15,2,0,1,1,1,0,0,2,0,0,0,0,0,0,0,3,1,1,10,143
2025,A,342,1,0000000001,0000005541,郭郁政,17,中繼,,0,0,1,0,3,13,8,0,0,0,0,0,0,0,0,0,0,0,0,0,0,0,0,2,1,3,144
2025,A,342,2,0000000001,0000000771,陳琥,62,中繼,,0,0,1,0,5,15,10,2,1,2,2,0,0,0,1,0,0,0,0,0,0,0,0,1,0,1,144
2025,A,342,1,0000000001,0000006215,趙璟榮,42,中繼,,0,0,1,0,4,18,10,0,0,0,0,1,0,0,2,0,0,0,0,0,0,0,1,0,0,0,150
2025,A,342,2,0000000001,0000003334,鄭凱文,19,最後一任,,0,0,1,0,3,15,11,0,0,0,0,0,0,0,0,0,0,0,0,0,0,0,3,3,1,0,141
2025,A,342,1,0000000001,0000006723,張鈞守,74,最後一任,,0,0,1,0,4,14,7,1,0,0,0,0,0,0,0,0,0,0,0,0,0,0,0,0,0,0,151
2025,A,343,1,0000000002,0000007074,曾家輝,44,先發,,0,0,4,0,14,56,37,1,0,0,0,0,0,1,4,0,0,0,0,0,0,1,0,0,0,0,142
2025,A,343,2,0000000002,0000007559,蒙德茲,21,先發,,0,0,3,0,15,62,39,6,1,2,2,1,0,0,3,0,0,0,0,0,0,0,10,6,0,0,147
2025,A,343,2,0000000002,0000001719,胡智爲,58,中繼,,0,0,2,0,8,24,15,2,0,0,0,0,0,0,1,0,0,0,0,0,0,0,2,7,2,3,147
2025,A,343,1,0000000002,0000006228,王志煊,64,中繼,,0,1,1,0,3,7,5,1,0,0,0,0,0,0,0,0,0,0,0,0,0,0,0,1,0,14,134
2025,A,343,2,0000000002,0000000998,邱浩鈞,37,中繼,,0,0,1,0,4,12,8,1,0,0,0,0,0,0,0,0,0,0,0,0,0,0,1,1,0,2,140
2025,A,343,1,0000000002,0000006720,邱駿威,46,中繼,,0,0,1,0,7,20,14,4,1,2,2,0,0,0,0,0,0,0,0,0,0,0,0,0,0,2,147
2025,A,343,2,0000000002,0000007294,林易霆,53,中繼,,0,0,0,2,3,13,8,0,0,1,0,0,0,0,0,0,0,0,0,0,0,0,0,0,0,0,146
2025,A,343,2,0000000002,0000005482,吳承諭,57,中繼,,0,0,1,1,7,21,15,2,0,1,0,0,0,1,1,0,0,0,0,0,0,0,2,4,0,3,137
2025,A,343,1,0000000002,0000000779,陳柏豪,9,中繼,,0,1,1,0,5,21,12,2,1,1,1,0,0,0,1,1,0,0,0,0,0,0,1,4,11,3,142
2025,A,343,1,0000000002,0000005509,莊昕諺,77,中繼,,0,0,1,0,5,12,10,2,0,1,1,0,0,0,1,0,0,1,0,0,0,0,1,4,2,7,149
2025,A,343,2,0000000002,0000005282,姚杰宏,79,最後一任,敗,0,0,2,0,10,31,16,3,0,1,0,0,0,2,0,0,0,0,1,0,0,0,0,1,0,1,141
2025,A,343,1,0000000002,0000007073,賴胤豪,63,中繼,勝,0,0,1,0,3,15,10,0,0,0,0,0,0,0,0,0,0,0,0,0,0,0,3,0,0,6,148
2025,A,343,1,0000000002,0000007047,盧冠宇,82,最後一任,,1,0,1,0,3,8,5,0,0,0,0,0,0,0,0,0,0,0,0,0,0,0,0,0,1,0,147
2025,A,346,1,0000000001,0000007264,魔神樂,21,先發,勝,0,0,6,0,26,85,63,8,0,2,2,0,0,0,1,0,0,0,1,0,0,1,13,7,0,0,144
2025,A,346,2,0000000001,0000000762,伍鐸,52,先發,敗,0,0,4,0,23,78,50,8,0,7,1,1,0,0,1,0,0,0,0,0,0,0,7,7,0,0,137
2025,A,346,2,0000000001,0000005541,郭郁政,17,中繼,,0,0,1,0,4,19,13,0,0,0,0,0,0,0,0,0,0,0,1,0,0,0,0,2,1,3,147
2025,A,346,2,0000000001,0000007581,黃暐傑,75,中繼,,0,0,1,0,6,33,22,1,0,1,1,1,0,1,0,1,0,0,0,0,0,0,0,1,0,0,151
2025,A,346,2,0000000001,0000005789,林鋅杰,77,中繼,,0,0,1,0,3,11,7,0,0,0,0,0,0,0,2,0,0,0,1,0,0,0,0,0,0,0,146
2025,A,346,1,0000000001,0000005558,蘇俊璋,00,中繼,,0,0,1,0,5,11,7,2,1,1,1,0,0,0,0,0,0,0,0,0,0,0,1,0,0,6,143
2025,A,346,2,0000000001,0000006215,趙璟榮,42,中繼,,0,0,1,0,3,12,5,0,0,0,0,1,0,0,0,0,0,0,0,0,0,0,1,0,0,0,150
2025,A,346,1,0000000001,0000000941,陳冠宇,17,中繼,,0,0,1,0,3,14,11,1,0,0,0,0,0,0,1,0,0,0,0,0,0,0,3,3,5,21,148
2025,A,346,2,0000000001,0000006723,張鈞守,74,最後一任,,0,0,1,0,3,12,10,0,0,0,0,0,0,0,3,0,0,0,0,0,0,0,0,0,0,0,150
2025,A,346,1,0000000001,0000000128,朱承洋,22,最後一任,,0,0,1,0,3,6,4,1,0,0,0,0,0,0,0,0,0,0,0,0,0,0,5,2,12,15,144
2025,A,347,1,0000000002,0000000368,游霆崴,80,先發,勝,0,0,5,0,17,60,41,3,0,0,0,0,0,0,1,0,0,0,0,0,0,1,1,1,0,0,138
2025,A,347,2,0000000002,0000007597,獅帝芬,42,先發,敗,0,0,6,0,24,76,56,6,0,2,2,0,0,1,5,0,0,0,1,0,0,0,2,1,0,0,147
2025,A,347,1,0000000002,0000002347,王尉永,34,中繼,,0,1,1,2,6,24,15,1,0,0,0,0,0,0,2,0,0,0,0,0,0,0,0,0,0,5,145
2025,A,347,2,0000000002,0000007292,李軍,62,中繼,,0,0,1,0,5,16,12,2,0,0,0,0,0,0,0,0,0,0,0,0,0,0,0,0,0,6,148
2025,A,347,1,0000000002,0000003292,賴鴻誠,32,中繼,,0,1,0,1,1,4,2,0,0,0,0,0,0,0,0,0,0,0,0,0,0,0,2,1,0,4,140
2025,A,347,2,0000000002,0000003393,王鏡銘,41,中繼,,0,0,1,0,3,13,9,1,0,0,0,0,0,0,0,0,0,0,0,0,0,0,0,3,0,11,135
2025,A,347,1,0000000002,0000000773,李吳永勤,38,中繼,,0,1,0,2,4,22,13,2,0,0,0,0,0,0,0,0,0,0,0,0,0,0,2,4,0,15,142
2025,A,347,1,0000000002,0000006870,林栚呈,94,最後一任,,1,0,1,1,4,6,5,0,0,0,0,0,0,0,0,0,0,0,0,0,0,0,1,1,2,7,141
2025,A,347,2,0000000002,0000007293,鍾允華,29,最後一任,,0,0,1,0,4,16,8,0,0,0,0,1,0,0,2,0,0,0,0,0,0,0,1,1,0,4,148
2025,A,348,1,0000000002,0000007069,張誠恩,93,先發,敗,0,0,3,0,13,54,29,2,0,2,0,2,0,0,1,0,0,0,0,0,0,0,2,4,2,15,147
2025,A,348,2,0000000002,0000007573,李博登,38,先發,勝,0,0,5,0,20,82,50,3,0,0,0,3,0,0,2,0,0,0,0,0,0,1,7,3,0,0,142
2025,A,348,1,0000000002,0000006982,黃群,46,中繼,,0,0,2,0,6,27,13,0,0,0,0,1,0,0,1,0,0,0,0,0,0,0,0,0,0,6,144
2025,A,348,2,0000000002,0000001232,江忠城,20,中繼,,0,1,1,0,5,27,14,1,0,0,0,1,0,0,0,0,0,0,0,0,0,0,0,0,0,5,147
2025,A,348,1,0000000002,0000006922,黃紹睿,56,中繼,,0,0,1,0,3,17,10,0,0,0,0,0,0,0,0,0,0,0,0,0,0,0,3,1,0,2,143
2025,A,348,2,0000000002,0000000778,蔡齊哲,50,中繼,,0,1,1,0,3,12,8,1,0,0,0,0,0,0,0,0,0,0,0,0,0,0,4,2,3,18,142
2025,A,348,1,0000000002,0000006767,許育銘,74,中繼,,0,0,1,0,3,10,5,0,0,0,0,0,0,0,0,0,0,0,0,0,0,0,0,1,0,17,140
2025,A,348,2,0000000002,0000004625,吳俊偉,94,中繼,,0,1,1,0,3,11,7,0,0,0,0,0,0,0,0,0,0,0,0,0,0,0,2,2,8,5,147
2025,A,348,1,0000000002,0000001390,王躍霖,95,最後一任,,0,0,1,0,5,20,10,1,0,0,0,1,0,0,0,0,0,1,0,0,0,0,0,2,1,2,146
2025,A,348,2,0000000002,0000003331,李振昌,34,最後一任,,1,0,1,0,4,13,7,1,0,0,0,0,0,0,0,1,0,0,0,0,0,0,3,2,1,11,146
2025,A,349,1,0000000001,0000007579,韋禮加,89,先發,,0,0,6,2,27,101,65,9,0,4,3,0,0,0,4,0,0,0,1,0,0,0,0,1,0,0,147
2025,A,349,2,0000000001,0000007228,鈴木駿輔,69,先發,,0,0,5,0,24,113,71,8,0,5,3,1,0,0,2,1,0,0,1,0,0,0,2,1,0,0,150
2025,A,349,2,0000000001,0000003292,賴鴻誠,32,中繼,,0,0,1,0,4,17,12,1,0,0,0,0,0,0,2,0,0,0,0,0,0,0,2,1,0,2,145
2025,A,349,2,0000000001,0000002347,王尉永,34,中繼,,0,0,1,0,4,19,9,0,0,0,0,1,0,0,1,0,0,0,0,0,0,0,0,0,0,3,145
2025,A,349,1,0000000001,0000001232,江忠城,20,中繼,,0,0,0,1,3,14,8,1,0,1,1,1,0,0,0,0,0,0,0,0,0,0,0,0,0,4,147
2025,A,349,2,0000000001,0000006870,林栚呈,94,中繼,,0,1,0,1,2,6,2,0,0,0,0,1,0,0,0,0,0,1,0,0,0,0,1,1,0,6,143
2025,A,349,2,0000000001,0000000773,李吳永勤,38,中繼,,0,1,0,2,2,6,5,0,0,0,0,0,0,0,1,0,0,0,0,0,0,0,1,4,0,13,141
2025,A,349,1,0000000001,0000004625,吳俊偉,94,中繼,,0,1,1,0,3,11,10,0,0,0,0,0,0,0,1,0,0,0,0,0,0,0,2,2,8,3,148
2025,A,349,2,0000000001,0000006227,曾峻岳,60,中繼,,0,0,2,0,8,27,17,1,0,1,0,1,0,0,1,0,0,0,0,0,0,0,1,4,9,4,152
2025,A,349,1,0000000001,0000003331,李振昌,34,中繼,,0,1,1,0,4,13,7,0,0,0,0,1,0,0,1,0,0,0,0,0,0,0,3,1,0,10,147
2025,A,349,1,0000000001,0000000778,蔡齊哲,50,中繼,勝,0,0,1,0,4,10,8,0,0,1,0,0,0,0,1,0,0,0,1,0,0,0,4,2,3,15,141
2025,A,349,2,0000000001,0000000368,游霆崴,80,最後一任,敗,0,0,1,0,4,12,8,1,0,1,0,0,0,0,1,0,0,1,0,0,0,0,0,1,0,0,140
2025,A,349,1,0000000001,0000003639,呂彥青,58,最後一任,,1,0,1,0,3,11,7,0,0,0,0,0,0,0,1,0,0,1,0,0,0,0,5,3,7,12,144
2025,A,350,1,0000000001,0000004796,鎛銳,29,先發,敗,0,0,3,2,17,80,47,6,2,6,6,0,0,0,4,0,0,0,0,0,0,0,2,1,0,1,149
2025,A,350,2,0000000001,0000007597,獅帝芬,42,先發,勝,0,0,7,0,27,94,64,5,1,2,2,1,0,1,4,0,0,1,0,0,0,0,2,0,0,0,150
2025,A,350,1,0000000001,0000005789,林鋅杰,77,中繼,,0,0,0,2,7,25,8,2,0,2,2,3,0,0,0,0,0,0,0,0,0,0,0,0,0,0,145
2025,A,350,1,0000000001,0000005552,呂偉晟,39,中繼,,0,0,0,2,3,14,7,0,0,0,0,1,0,0,0,0,0,0,0,0,0,0,1,2,0,2,143
2025,A,350,1,0000000001,0000000135,陳禹勳,5,中繼,,0,0,1,0,3,12,5,0,0,0,0,1,0,0,0,0,0,0,0,0,0,0,5,4,2,6,142
2025,A,350,1,0000000001,0000006215,趙璟榮,42,中繼,,0,0,1,0,3,10,6,0,0,0,0,0,0,0,0,0,0,0,0,0,0,0,1,0,0,0,148
2025,A,350,2,0000000001,0000007292,李軍,62,中繼,,0,0,1,0,4,23,12,0,0,0,0,1,0,0,0,0,0,0,0,0,0,0,0,0,0,5,148
2025,A,350,1,0000000001,0000001821,林子昱,71,最後一任,,0,0,1,0,4,13,7,0,0,0,0,1,0,0,0,0,0,0,0,0,0,0,4,3,0,17,139
2025,A,350,2,0000000001,0000002303,黃竣彥,40,最後一任,,0,0,1,0,5,17,9,2,0,0,0,1,0,0,0,0,0,0,0,0,0,0,1,1,0,3,144
2025,A,351,1,0000000001,0000007603,凱樂,26,先發,敗,0,0,4,1,22,98,63,8,0,5,5,1,0,0,1,0,0,0,1,0,0,0,1,1,0,0,143
2025,A,351,2,0000000001,0000007053,艾速特,30,先發,勝,0,0,5,2,25,108,70,7,0,1,1,0,0,1,3,1,0,0,0,0,0,0,10,4,0,0,146
2025,A,351,1,0000000001,0000005509,莊昕諺,77,中繼,,0,0,0,2,2,6,4,0,0,0,0,0,0,0,1,0,0,0,0,0,0,0,1,4,2,6,149
2025,A,351,2,0000000001,0000007580,韋宏亮,52,中繼,,0,1,0,1,2,9,4,0,0,0,0,1,0,0,0,0,0,0,0,0,0,0,0,0,0,6,150
2025,A,351,1,0000000001,0000006720,邱駿威,46,中繼,,0,0,2,0,7,28,16,2,0,0,0,0,0,0,1,0,0,0,0,0,0,0,0,0,0,2,148
2025,A,351,2,0000000001,0000002348,施子謙,19,中繼,,0,0,1,0,6,29,20,3,0,1,1,0,0,0,1,0,0,0,0,0,0,0,5,0,0,6,145
2025,A,351,2,0000000001,0000006832,陳柏清,66,中繼,,0,1,1,0,3,10,9,0,0,0,0,0,0,0,0,0,0,0,0,0,0,0,1,5,0,21,145
2025,A,351,1,0000000001,0000000779,陳柏豪,9,最後一任,,0,0,1,0,4,16,8,0,0,0,0,1,0,0,0,1,0,0,0,0,0,0,1,4,11,2,148
2025,A,351,2,0000000001,0000006949,林詩翔,14,最後一任,,1,0,1,0,3,7,6,1,0,0,0,0,0,0,0,0,0,0,0,0,0,0,5,5,28,6,144
2025,A,352,1,0000000001,0000007049,林暉盛,12,先發,勝,0,0,5,0,21,78,50,3,0,2,2,2,0,1,3,0,0,0,0,0,0,0,2,1,0,0,147
2025,A,352,2,0000000001,0000007570,布坎南,64,先發,敗,0,0,5,0,26,87,58,9,0,4,2,2,0,0,1,1,0,1,1,0,0,0,1,4,0,0,147
2025,A,352,2,0000000001,0000002280,廖任磊,13,中繼,,0,0,2,0,9,36,25,2,0,1,1,0,0,0,0,0,0,0,0,0,0,0,0,0,0,0,150
2025,A,352,1,0000000001,0000000778,蔡齊哲,50,中繼,,0,1,1,0,5,20,9,0,0,0,0,2,0,0,1,0,0,0,0,0,0,0,4,2,3,16,140
2025,A,352,1,0000000001,0000000776,王凱程,15,中繼,,0,1,1,0,3,10,7,0,0,0,0,0,0,0,0,0,0,0,0,0,0,0,2,2,1,21,147
2025,A,352,2,0000000001,0000007568,王偉軒,37,中繼,,0,0,1,0,8,32,18,4,0,4,4,0,0,1,1,0,0,0,0,0,0,0,0,0,0,0,143
2025,A,352,1,0000000001,0000007283,陳冠穎,81,中繼,,0,0,1,0,4,16,12,1,0,0,0,0,0,0,2,0,0,0,0,0,0,0,3,1,1,10,143
2025,A,352,2,0000000001,0000000368,游霆崴,80,最後一任,,0,0,1,0,4,17,11,1,0,0,0,0,0,0,0,0,0,0,0,0,0,0,0,1,0,0,138
2025,A,352,1,0000000001,0000003334,鄭凱文,19,最後一任,,0,0,1,0,4,13,7,1,0,0,0,0,0,0,0,0,0,0,0,0,0,0,3,3,1,0,137
2025,A,353,1,0000000001,0000006497,鋼龍,37,先發,勝,0,0,6,0,20,85,54,3,0,0,0,1,0,0,7,0,0,0,0,0,0,1,11,5,0,0,146
2025,A,353,2,0000000001,0000001719,胡智爲,58,先發,敗,0,0,7,0,25,85,54,5,0,1,1,2,0,0,3,0,0,0,0,0,0,0,2,7,2,3,148
2025,A,353,1,0000000001,0000001821,林子昱,71,中繼,,0,1,1,0,4,16,7,0,0,0,0,1,0,0,1,0,0,0,0,0,0,0,4,3,0,18,141
2025,A,353,2,0000000001,0000007061,辛俊昇,69,中繼,,0,0,1,0,3,11,9,0,0,0,0,0,0,0,0,0,0,0,0,0,0,0,3,0,0,4,142
2025,A,353,1,0000000001,0000005788,林凱威,99,中繼,,0,1,1,0,4,11,8,1,0,0,0,0,0,0,1,0,0,0,0,0,0,0,1,2,3,14,150
2025,A,353,2,0000000001,0000003393,王鏡銘,41,最後一任,,0,0,1,0,5,20,11,3,0,1,1,0,0,0,0,0,0,0,0,0,0,0,0,3,0,11,137
2025,A,353,1,0000000001,0000006723,張鈞守,74,最後一任,,1,0,1,0,5,21,14,2,0,0,0,0,0,0,1,0,0,0,0,0,0,0,0,0,1,0,147
2025,A,354,1,0000000001,0000007062,威能帝,49,先發,勝,0,0,8,0,25,99,67,1,0,0,0,1,0,0,10,0,0,0,0,0,0,1,14,2,0,0,153
2025,A,354,2,0000000001,0000007590,那瑪夏,45,先發,敗,0,0,6,1,28,100,64,6,0,4,4,2,0,1,3,0,0,0,0,0,0,0,0,4,0,0,151
2025,A,354,2,0000000001,0000007580,韋宏亮,52,中繼,,0,0,0,2,3,11,3,0,0,0,0,1,0,0,0,1,0,0,1,0,0,0,0,0,0,6,147
2025,A,354,2,0000000001,0000006767,許育銘,74,中繼,,0,0,1,0,5,24,17,2,0,0,0,0,0,0,1,0,0,0,0,0,0,0,0,1,0,17,137
2025,A,354,2,0000000001,0000001390,王躍霖,95,最後一任,,0,0,1,0,4,15,10,1,0,0,0,0,0,0,1,0,0,0,0,0,0,0,0,2,1,1,143
2025,A,354,1,0000000001,0000000941,陳冠宇,17,最後一任,,0,0,1,0,3,11,10,0,0,0,0,0,0,0,3,0,0,0,0,0,0,0,3,3,5,21,146
2025,A,355,1,0000000001,0000007588,奧德銳,88,先發,勝,0,0,6,2,27,105,67,8,0,0,0,1,0,0,3,0,0,0,0,0,0,1,3,0,0,0,147
2025,A,355,2,0000000001,0000006507,後勁,40,先發,敗,0,0,6,0,24,108,67,6,0,1,0,0,0,0,2,0,0,0,0,0,0,0,13,2,0,0,148
2025,A,355,2,0000000001,0000002348,施子謙,19,中繼,,0,0,1,0,4,24,16,1,0,0,0,0,0,0,2,0,0,0,0,0,0,0,5,0,0,6,146
2025,A,355,1,0000000001,0000007292,李軍,62,中繼,,0,1,0,1,2,9,6,1,0,0,0,0,0,0,0,0,0,0,0,0,0,0,0,0,0,6,146
2025,A,355,2,0000000001,0000006832,陳柏清,66,中繼,,0,0,1,0,4,12,7,1,0,0,0,0,0,0,0,0,0,0,0,0,0,0,1,5,0,21,143
2025,A,355,1,0000000001,0000006818,髙塩將樹,28,中繼,,0,1,1,0,5,18,11,1,0,0,0,1,0,0,1,0,0,0,0,0,0,0,3,2,7,24,145
2025,A,355,2,0000000001,0000006921,伍祐城,55,最後一任,,0,0,1,0,3,14,9,0,0,0,0,0,0,0,3,0,0,0,0,0,0,0,3,1,0,10,145
2025,A,355,1,0000000001,0000002688,陳韻文,12,最後一任,,1,0,1,0,4,19,15,1,0,0,0,0,0,0,1,0,0,0,0,0,0,0,6,1,20,3,150
2025,A,356,1,0000000001,0000007573,李博登,38,先發,勝,0,0,5,2,25,92,57,8,0,1,1,1,0,0,0,0,0,0,1,0,0,0,6,3,0,0,142
2025,A,356,2,0000000001,0000007556,波賽樂,88,先發,敗,0,0,6,0,26,101,66,6,0,2,2,1,0,0,5,0,0,0,0,0,0,0,5,7,0,0,151
2025,A,356,1,0000000001,0000000778,蔡齊哲,50,中繼,,0,1,0,1,0,2,1,0,0,0,0,0,0,0,0,0,0,0,0,0,0,0,4,2,3,17,129
2025,A,356,2,0000000001,0000005509,莊昕諺,77,中繼,,0,0,1,0,3,9,7,0,0,0,0,0,0,0,0,0,0,0,0,0,0,0,1,4,2,6,153
2025,A,356,1,0000000001,0000000776,王凱程,15,中繼,,0,1,1,0,3,10,6,0,0,0,0,0,0,0,0,0,0,0,0,0,0,0,2,2,1,22,141
2025,A,356,2,0000000001,0000006228,王志煊,64,中繼,,0,0,0,1,2,12,7,0,0,0,0,1,0,0,0,0,0,0,0,0,0,0,0,1,0,13,133
2025,A,356,2,0000000001,0000005558,蘇俊璋,00,中繼,,0,0,0,2,3,10,8,1,0,0,0,0,0,0,0,0,0,0,0,0,0,0,1,0,0,6,144
2025,A,356,1,0000000001,0000004625,吳俊偉,94,中繼,,0,1,1,0,3,10,8,1,0,0,0,0,0,0,0,0,0,0,0,0,0,0,2,2,8,4,144
2025,A,356,2,0000000001,0000006720,邱駿威,46,中繼,,0,0,0,0,2,4,3,1,0,2,1,0,0,0,0,0,0,1,0,0,0,0,0,0,0,2,145
2025,A,356,2,0000000001,0000007073,賴胤豪,63,最後一任,,0,0,1,0,6,21,14,3,1,3,3,0,0,0,1,0,0,0,0,0,0,0,2,0,0,6,150
2025,A,356,1,0000000001,0000000771,陳琥,62,中繼,,0,0,0,2,6,23,10,3,0,4,4,1,0,0,0,0,0,0,1,0,0,0,0,1,0,1,143
2025,A,356,1,0000000001,0000003639,呂彥青,58,最後一任,,1,0,0,1,3,12,7,2,0,0,0,0,0,0,0,0,0,0,0,0,0,0,5,3,8,12,143
2025,A,357,1,0000000001,0000006891,力亞士,55,先發,敗,0,0,6,0,28,96,70,10,0,5,3,0,0,0,5,0,0,1,0,0,0,0,7,12,0,0,151
2025,A,357,2,0000000001,0000005543,徐若熙,18,先發,勝,0,0,6,0,20,79,62,3,0,0,0,0,0,1,6,0,0,0,0,0,0,1,5,7,0,0,154
2025,A,357,2,0000000001,0000006215,趙璟榮,42,中繼,,0,0,1,0,4,17,12,0,0,0,0,0,0,0,3,0,0,0,0,0,0,0,1,0,0,0,150
2025,A,357,1,0000000001,0000002347,王尉永,34,中繼,,0,0,0,2,5,22,15,2,0,3,0,0,0,0,0,1,0,0,0,0,0,0,0,0,0,3,147
2025,A,357,1,0000000001,0000003292,賴鴻誠,32,中繼,,0,0,0,1,1,2,1,1,0,0,0,0,0,0,0,0,0,0,0,0,0,0,2,1,0,2,142
2025,A,357,2,0000000001,0000007581,黃暐傑,75,中繼,,0,0,1,0,5,23,12,1,0,0,0,1,0,0,1,0,0,0,0,0,0,0,0,1,0,0,151
2025,A,357,1,0000000001,0000004632,范柏絜,15,最後一任,,0,0,1,0,5,15,12,2,0,1,1,0,0,0,1,0,0,0,0,0,0,0,0,0,0,0,142
2025,A,357,2,0000000001,0000005552,呂偉晟,39,最後一任,,0,0,1,0,4,21,13,1,0,0,0,0,0,0,0,0,0,0,0,0,0,0,1,2,0,2,148
2025,A,358,1,0000000001,0000001260,郭俊麟,75,先發,敗,0,0,2,2,15,55,31,5,1,6,6,2,0,0,1,0,0,0,0,0,0,0,0,5,0,0,143
2025,A,358,2,0000000001,0000002679,江承諺,20,先發,,0,0,4,2,23,98,60,6,0,3,3,1,0,2,3,0,0,0,0,0,0,0,4,9,0,0,135
2025,A,358,1,0000000001,0000002303,黃竣彥,40,中繼,,0,0,1,1,6,27,17,3,0,1,1,0,0,0,0,0,0,0,0,0,0,0,1,1,0,3,146
2025,A,358,2,0000000001,0000007069,張誠恩,93,中繼,勝,0,0,0,1,2,12,5,0,0,0,0,1,0,0,0,0,0,0,0,0,0,0,2,3,2,15,146
2025,A,358,1,0000000001,0000007293,鍾允華,29,中繼,,0,0,2,0,9,34,20,2,0,1,1,1,0,0,1,0,0,0,1,0,0,0,1,1,0,4,150
2025,A,358,2,0000000001,0000001390,王躍霖,95,中繼,,0,0,1,0,3,14,9,0,0,0,0,0,0,0,2,0,0,0,0,0,0,0,0,2,1,1,140
2025,A,358,2,0000000001,0000007580,韋宏亮,52,中繼,,0,0,1,0,5,22,16,1,0,0,0,1,0,0,0,0,0,0,0,0,0,0,0,0,0,6,151
2025,A,358,1,0000000001,0000005482,吳承諭,57,最後一任,,0,0,2,0,7,25,19,1,0,0,0,0,0,0,3,0,0,0,0,0,0,0,2,4,0,3,136
2025,A,358,2,0000000001,0000006832,陳柏清,66,中繼,,0,0,1,0,3,17,9,0,0,0,0,1,0,0,0,0,0,0,0,0,0,0,1,5,0,21,145
2025,A,358,2,0000000001,0000006949,林詩翔,14,最後一任,,0,0,1,0,4,17,10,1,0,0,0,0,0,0,2,0,0,0,0,0,0,0,5,5,28,6,147
2025,A,359,1,0000000001,0000005151,羅戈,32,先發,勝,0,0,7,0,23,97,68,3,0,0,0,0,0,0,5,1,0,0,0,0,0,1,11,7,0,0,150
2025,A,359,2,0000000001,0000004624,陳克羿,19,先發,敗,0,0,5,0,22,88,58,8,1,4,4,1,0,0,3,0,0,0,0,0,0,0,2,3,0,0,147
2025,A,359,2,0000000001,0000005509,莊昕諺,77,中繼,,0,0,1,0,4,11,7,1,0,0,0,0,0,0,1,1,0,0,1,0,0,0,1,4,2,6,148
2025,A,359,2,0000000001,0000002274,黃子鵬,69,中繼,,0,0,2,0,10,29,20,4,0,0,0,0,0,0,3,0,0,0,0,0,0,0,4,8,0,0,137
2025,A,359,1,0000000001,0000004625,吳俊偉,94,中繼,,0,0,1,0,3,9,6,0,0,0,0,0,0,0,1,0,0,0,0,0,0,0,2,2,8,4,143
2025,A,359,2,0000000001,0000000779,陳柏豪,9,最後一任,,0,0,1,0,3,11,7,0,0,0,0,0,0,0,0,0,0,0,0,0,0,0,1,4,11,2,145
2025,A,359,1,0000000001,0000003331,李振昌,34,最後一任,,0,0,1,0,4,15,10,1,0,0,0,0,0,0,1,0,0,0,0,0,0,0,3,1,0,10,145
2025,A,360,1,0000000001,0000006749,魔力藍,44,先發,勝,0,0,6,0,24,102,69,5,1,1,1,2,0,0,5,0,0,0,0,0,0,1,9,10,0,0,147
2025,A,360,2,0000000001,0000006906,艾璞樂,35,先發,敗,0,0,4,0,21,85,52,7,0,2,2,2,0,1,3,0,0,0,0,0,0,0,6,5,0,1,149
2025,A,360,2,0000000001,0000005789,林鋅杰,77,中繼,,0,0,1,0,6,24,13,2,0,0,0,1,0,0,0,0,0,0,0,0,0,0,0,0,0,0,144
2025,A,360,2,0000000001,0000005541,郭郁政,17,中繼,,0,0,2,0,8,32,24,1,0,0,0,0,0,0,2,0,0,1,0,0,0,0,0,2,1,3,147
2025,A,360,1,0000000001,0000006870,林栚呈,94,中繼,,0,1,1,0,3,10,6,0,0,0,0,0,0,0,0,0,0,0,0,0,0,0,1,1,0,7,145
2025,A,360,2,0000000001,0000005788,林凱威,99,中繼,,0,0,1,0,5,13,10,2,0,1,1,0,0,0,1,0,0,0,0,0,0,0,1,2,3,14,152
2025,A,360,1,0000000001,0000000773,李吳永勤,38,中繼,,0,1,0,2,3,11,7,0,0,0,0,0,0,1,1,0,0,0,0,0,0,0,1,4,0,14,143
2025,A,360,1,0000000001,0000006227,曾峻岳,60,最後一任,,1,0,1,1,6,25,16,1,0,0,0,1,0,0,2,0,0,0,0,0,0,0,1,4,10,4,154
2025,A,360,2,0000000001,0000006723,張鈞守,74,最後一任,,0,0,1,0,5,20,11,1,0,0,0,1,0,0,0,0,0,0,0,0,0,0,0,0,1,0,149
