Year,KindCode,GameSno,VisitingHomeType,Seq,HitterAcnt,HitterName,HitterUniformNo,RoleType,PlateAppearances,HitCnt,HittingCnt,OneBaseHitCnt,TwoBaseHitCnt,ThreeBaseHitCnt,HomeRunCnt,GrandSlamHomerunCnt,TotalBases,RunBattedINCnt,GameWinningRbiCnt,ScoreCnt,BasesONBallsCnt,IntentionalBasesONBallsCnt,HitBYPitchCnt,StrikeOutCnt,StealBaseOKCnt,StealBaseFailCnt,SacrificeHitCnt,SacrificeFlyCnt,DoublePlayBatCnt,ErrorCnt,IsMvp,TotalHittingCnt,TotalHitCnt
2025,A,1,1,0000000001,0000001339,林祖傑,39,先發,2,2,0,0,0,0,0,0,0,0,0,0,0,0,0,0,0,0,0,0,2,0,0,0,2
2025,A,1,1,0000000001,0000001474,蘇智傑,32,先發,4,4,1,1,0,0,0,0,1,0,0,1,0,0,0,0,0,0,0,0,0,0,0,1,4
2025,A,1,1,0000000001,0000001606,林岱安,31,先發,4,4,2,2,0,0,0,0,2,0,0,0,0,0,0,0,0,0,0,0,0,0,0,2,4
2025,A,1,1,0000000001,0000001804,陳傑憲,24,先發,5,5,2,2,0,0,0,0,2,0,0,1,0,0,0,0,0,0,0,0,0,0,0,2,5
2025,A,1,1,0000000001,0000002275,林安可,77,先發,5,5,3,2,0,0,1,0,6,2,1,2,0,0,0,1,0,0,0,0,0,0,0,3,5
2025,A,1,1,0000000001,0000002289,陳重廷,66,非先發,1,1,1,1,0,0,0,0,1,0,0,0,0,0,0,0,0,0,0,0,0,0,0,1,1
2025,A,1,1,0000000001,0000002707,潘傑楷,35,先發,5,4,2,2,0,0,0,0,2,2,0,1,1,0,0,0,0,0,0,0,0,0,0,2,4
2025,A,1,1,0000000001,0000003615,胡金龍,51,非先發,1,1,1,0,1,0,0,0,2,3,0,0,0,0,0,0,0,0,0,0,0,0,0,1,1
2025,A,1,1,0000000001,0000005522,朱迦恩,8,非先發,1,1,0,0,0,0,0,0,0,0,0,0,0,0,0,0,0,0,0,0,0,0,0,0,1
2025,A,1,1,0000000001,0000005531,邱智呈,14,先發,5,4,1,0,1,0,0,0,2,0,0,1,1,0,0,2,0,0,0,0,0,0,0,1,4
2025,A,1,1,0000000001,0000006851,林培緯,25,先發,4,4,0,0,0,0,0,0,0,0,0,1,0,0,0,0,0,0,0,0,1,1,0,0,4
2025,A,1,1,0000000001,0000007071,林泓弦,67,非先發,0,0,0,0,0,0,0,0,0,0,0,0,0,0,0,0,0,0,0,0,0,0,0,0,0
2025,A,1,1,0000000001,0000007268,陳聖平,15,先發,4,4,1,1,0,0,0,0,1,1,0,1,0,0,0,0,0,0,0,0,0,0,0,1,4
2025,A,1,2,0000000001,0000000929,王威晨,9,先發,4,4,1,1,0,0,0,0,1,0,0,0,0,0,0,1,0,1,0,0,0,0,0,1,4
2025,A,1,2,0000000001,0000001119,許基宏,74,先發,4,4,1,0,1,0,0,0,2,0,0,0,0,0,0,0,0,0,0,0,0,0,0,1,4
2025,A,1,2,0000000001,0000002285,高宇杰,65,先發,3,3,0,0,0,0,0,0,0,0,0,0,0,0,0,2,0,0,0,0,0,0,0,0,3
2025,A,1,2,0000000001,0000002297,詹子賢,39,先發,3,3,1,0,1,0,0,0,2,0,0,0,0,0,0,0,0,0,0,0,0,0,0,1,3
2025,A,1,2,0000000001,0000003609,陳俊秀,29,先發,4,3,1,1,0,0,0,0,1,0,0,0,1,0,0,0,0,0,0,0,0,0,0,1,3
2025,A,1,2,0000000001,0000004636,江坤宇,90,先發,3,3,0,0,0,0,0,0,0,0,0,0,0,0,0,1,0,0,0,0,0,1,0,0,3
2025,A,1,2,0000000001,0000005298,黃韋盛,66,先發,4,4,0,0,0,0,0,0,0,0,0,0,0,0,0,0,0,0,0,0,0,0,0,0,4
2025,A,1,2,0000000001,0000005569,曾頌恩,1,先發,3,3,0,0,0,0,0,0,0,0,0,0,0,0,0,1,0,0,0,0,1,0,0,0,3
2025,A,1,2,0000000001,0000006225,宋晟睿,88,先發,3,3,0,0,0,0,0,0,0,0,0,0,0,0,0,2,0,0,0,0,0,0,0,0,3
2025,A,1,2,0000000001,0000006730,張仁瑋,28,非先發,0,0,0,0,0,0,0,0,0,0,0,0,0,0,0,0,0,0,0,0,0,0,0,0,0
2025,A,2,1,0000000002,0000000045,林智勝,31,非先發,2,2,0,0,0,0,0,0,0,0,0,0,0,0,0,0,0,0,0,0,0,0,0,5,21
2025,A,2,1,0000000002,0000001318,朱育賢,11,先發,4,4,1,1,0,0,0,0,1,1,0,0,0,0,0,1,0,0,0,0,0,0,0,43,161
2025,A,2,1,0000000002,0000003625,吉力吉撈．鞏冠,4,先發,5,4,1,0,1,0,0,0,2,1,0,0,1,1,0,1,0,0,0,0,0,0,0,61,220
2025,A,2,1,0000000002,0000005291,蔣少宏,63,非先發,0,0,0,0,0,0,0,0,0,0,0,0,0,0,0,0,0,0,0,0,0,0,0,29,130
2025,A,2,1,0000000002,0000005538,黃柏豪,10,先發,3,3,0,0,0,0,0,0,0,0,0,0,0,0,0,0,0,0,0,0,0,0,0,0,4
2025,A,2,1,0000000002,0000005540,李凱威,21,先發,6,4,2,2,0,0,0,0,2,1,0,1,1,0,1,0,0,1,0,0,0,0,0,60,213
2025,A,2,1,0000000002,0000005542,張政禹,25,先發,6,6,2,2,0,0,0,0,2,1,0,1,0,0,0,1,1,0,0,0,0,0,0,46,159
2025,A,2,1,0000000002,0000005545,劉基鴻,46,先發,5,5,0,0,0,0,0,0,0,0,0,0,0,0,0,0,0,0,0,0,0,0,0,49,212
2025,A,2,1,0000000002,0000005546,拿莫．伊漾,57,非先發,1,1,0,0,0,0,0,0,0,0,0,0,0,0,0,0,0,0,0,0,0,0,0,4,23
2025,A,2,1,0000000002,0000005548,林孝程,7,非先發,0,0,0,0,0,0,0,0,0,0,0,0,0,0,0,0,0,0,0,0,0,0,0,0,0
2025,A,2,1,0000000002,0000005549,郭天信,2,先發,6,5,1,0,1,0,0,0,2,1,0,1,0,0,0,2,0,0,1,0,0,0,0,58,207
2025,A,2,1,0000000002,0000006216,王順和,24,先發,5,4,4,3,1,0,0,0,5,1,1,2,1,0,0,0,1,0,0,0,0,0,1,32,98
2025,A,2,1,0000000002,0000007079,劉俊緯,23,非先發,0,0,0,0,0,0,0,0,0,0,0,1,0,0,0,0,0,0,0,0,0,0,0,31,113
2025,A,2,1,0000000002,0000007304,曾聖安,50,先發,5,4,0,0,0,0,0,0,0,0,0,1,1,0,0,0,0,0,0,0,0,0,0,14,79
2025,A,2,2,0000000002,0000000132,梁家榮,5,先發,5,3,1,1,0,0,0,0,1,1,0,0,2,0,0,0,0,0,0,0,0,0,0,12,56
2025,A,2,2,0000000002,0000000153,林承飛,6,先發,4,4,2,1,0,0,1,0,5,2,0,1,0,0,0,1,0,0,0,0,0,0,0,5,33
2025,A,2,2,0000000002,0000000159,成晉,35,先發,5,5,2,2,0,0,0,0,2,0,0,1,0,0,0,0,0,0,0,0,0,0,0,40,149
2025,A,2,2,0000000002,0000001286,馮健庭,45,非先發,1,1,0,0,0,0,0,0,0,0,0,0,0,0,0,0,0,0,0,0,0,1,0,11,42
2025,A,2,2,0000000002,0000002282,張閔勛,28,非先發,1,1,0,0,0,0,0,0,0,0,0,0,0,0,0,0,0,0,0,0,0,0,0,49,152
2025,A,2,2,0000000002,0000003345,林智平,79,非先發,2,2,0,0,0,0,0,0,0,0,0,0,0,0,0,1,0,0,0,0,0,0,0,59,183
2025,A,2,2,0000000002,0000003467,林泓育,11,先發,5,5,0,0,0,0,0,0,0,0,0,0,0,0,0,1,0,0,0,0,2,0,0,54,188
2025,A,2,2,0000000002,0000003563,余德龍,36,非先發,1,1,0,0,0,0,0,0,0,0,0,0,0,0,0,1,0,0,0,0,0,0,0,28,102
2025,A,2,2,0000000002,0000004633,陳晨威,98,非先發,2,1,1,1,0,0,0,0,1,0,0,0,1,0,0,0,1,0,0,0,0,0,0,73,227
2025,A,2,2,0000000002,0000006235,林政華,65,先發,5,5,2,1,1,0,0,0,3,1,0,2,0,0,0,1,0,0,0,0,0,0,0,43,156
2025,A,2,2,0000000002,0000006854,宋嘉翔,2,先發,3,3,1,1,0,0,0,0,1,0,0,0,0,0,0,1,0,0,0,0,0,0,0,17,59
2025,A,2,2,0000000002,0000006856,董順傑,38,先發,4,4,0,0,0,0,0,0,0,0,0,0,0,0,0,2,0,0,0,0,0,0,0,1,11
2025,A,2,2,0000000002,0000006858,陳佳樂,8,先發,3,2,0,0,0,0,0,0,0,1,0,0,0,0,0,1,0,0,0,1,0,0,0,3,18
2025,A,2,2,0000000002,0000007315,游承勳,67,先發,3,1,0,0,0,0,0,0,0,0,0,1,2,0,0,0,0,1,0,0,0,0,0,1,6
2025,A,5,1,0000000001,0000000935,王柏融,9,先發,4,3,0,0,0,0,0,0,0,0,0,0,1,0,0,0,0,0,0,0,0,0,0,0,7
2025,A,5,1,0000000001,0000003533,藍寅倫,88,先發,3,2,0,0,0,0,0,0,0,0,0,0,1,0,0,2,0,0,0,0,0,0,0,0,2
2025,A,5,1,0000000001,0000003649,吳念庭,39,先發,4,4,0,0,0,0,0,0,0,0,0,0,0,0,0,1,0,0,0,0,0,0,0,1,7
2025,A,5,1,0000000001,0000004643,胡冠俞,43,先發,3,3,1,1,0,0,0,0,1,0,0,0,0,0,0,0,0,1,0,0,0,0,0,2,6
2025,A,5,1,0000000001,0000005340,王博玄,6,先發,4,4,2,1,1,0,0,0,3,0,0,0,0,0,0,0,0,0,0,0,0,0,0,2,8
2025,A,5,1,0000000001,0000006211,張肇元,29,先發,3,3,1,1,0,0,0,0,1,0,0,0,0,0,0,0,0,0,0,0,0,0,0,3,7
2025,A,5,1,0000000001,0000006927,曾子祐,1,先發,3,3,0,0,0,0,0,0,0,0,0,0,0,0,0,1,0,0,0,0,0,0,0,0,7
2025,A,5,1,0000000001,0000006928,林家鋐,16,非先發,1,0,0,0,0,0,0,0,0,0,0,0,1,0,0,0,0,0,0,0,0,0,0,0,0
2025,A,5,1,0000000001,0000006929,紀慶然,24,先發,3,3,0,0,0,0,0,0,0,0,0,0,0,0,0,1,0,0,0,0,0,0,0,0,6
2025,A,5,1,0000000001,0000007239,魔鷹,94,先發,4,4,0,0,0,0,0,0,0,0,0,0,0,0,0,3,0,0,0,0,0,0,0,2,8
2025,A,5,2,0000000001,0000000743,陳子豪,1,先發,4,2,0,0,0,0,0,0,0,0,0,0,2,0,0,0,0,0,0,0,0,0,0,0,2
2025,A,5,2,0000000001,0000001318,朱育賢,11,先發,4,4,1,1,0,0,0,0,1,1,1,0,0,0,0,1,0,0,0,0,0,0,0,1,4
2025,A,5,2,0000000001,0000003625,吉力吉撈．鞏冠,4,先發,4,4,0,0,0,0,0,0,0,0,0,0,0,0,0,0,0,0,0,0,0,0,0,0,4
2025,A,5,2,0000000001,0000005291,蔣少宏,63,先發,3,3,0,0,0,0,0,0,0,0,0,0,0,0,0,1,0,0,0,0,1,0,0,0,3
2025,A,5,2,0000000001,0000005540,李凱威,21,先發,4,3,1,1,0,0,0,0,1,0,0,1,1,0,0,0,2,0,0,0,0,0,0,1,3
2025,A,5,2,0000000001,0000005542,張政禹,25,先發,3,3,0,0,0,0,0,0,0,0,0,0,0,0,0,0,0,0,0,0,0,0,0,0,3
2025,A,5,2,0000000001,0000005545,劉基鴻,46,先發,4,2,1,0,1,0,0,0,2,0,0,0,2,0,0,0,0,0,0,0,0,0,0,1,2
2025,A,5,2,0000000001,0000005549,郭天信,2,先發,3,3,0,0,0,0,0,0,0,0,0,0,0,0,0,1,0,0,0,0,0,0,0,0,3
2025,A,5,2,0000000001,0000006216,王順和,24,先發,3,3,1,1,0,0,0,0,1,0,0,0,0,0,0,0,0,0,0,0,0,0,0,1,3
2025,A,5,2,0000000001,0000006879,冉承霖,82,非先發,0,0,0,0,0,0,0,0,0,0,0,0,0,0,0,0,0,0,0,0,0,0,0,0,0
2025,A,6,1,0000000001,0000000132,梁家榮,5,先發,5,5,1,1,0,0,0,0,1,0,0,0,0,0,0,0,0,0,0,0,0,0,0,1,5
2025,A,6,1,0000000001,0000000158,廖健富,58,先發,4,2,0,0,0,0,0,0,0,0,0,1,2,0,0,0,0,0,0,0,0,1,0,0,2
2025,A,6,1,0000000001,0000000159,成晉,35,先發,4,3,1,1,0,0,0,0,1,1,0,0,0,0,0,1,0,0,1,0,0,0,0,1,3
2025,A,6,1,0000000001,0000001618,林子偉,15,先發,4,3,2,1,1,0,0,0,3,0,0,1,1,0,0,0,0,0,0,0,0,1,0,2,3
2025,A,6,1,0000000001,0000002282,張閔勛,28,先發,4,3,0,0,0,0,0,0,0,1,0,0,0,0,0,0,0,0,0,1,1,1,0,0,3
2025,A,6,1,0000000001,0000002286,林立,39,先發,5,5,1,1,0,0,0,0,1,0,0,0,0,0,0,1,0,0,0,0,0,0,0,1,5
2025,A,6,1,0000000001,0000003467,林泓育,11,先發,4,4,2,2,0,0,0,0,2,0,0,1,0,0,0,1,0,0,0,0,0,0,0,2,4
2025,A,6,1,0000000001,0000004633,陳晨威,98,先發,5,4,1,1,0,0,0,0,1,0,0,0,1,0,0,1,0,0,0,0,0,0,0,1,4
2025,A,6,1,0000000001,0000006240,馬傑森,94,先發,4,3,0,0,0,0,0,0,0,1,0,0,1,0,0,0,0,0,0,0,0,0,0,0,3
2025,A,6,2,0000000001,0000001339,林祖傑,39,非先發,0,0,0,0,0,0,0,0,0,0,0,0,0,0,0,0,0,0,0,0,0,0,0,1,6
2025,A,6,2,0000000001,0000001474,蘇智傑,32,先發,4,4,0,0,0,0,0,0,0,0,0,0,0,0,0,0,0,0,0,0,0,0,0,3,12
2025,A,6,2,0000000001,0000001804,陳傑憲,24,先發,4,4,2,1,0,1,0,0,4,2,0,1,0,0,0,0,0,0,0,0,0,0,0,5,12
2025,A,6,2,0000000001,0000002275,林安可,77,先發,4,4,1,0,1,0,0,0,2,1,0,1,0,0,0,1,0,0,0,0,0,0,0,6,12
2025,A,6,2,0000000001,0000002289,陳重廷,66,先發,3,2,1,1,0,0,0,0,1,0,0,1,0,0,0,0,0,0,1,0,0,0,0,2,3
2025,A,6,2,0000000001,0000002298,陳重羽,65,先發,4,3,0,0,0,0,0,0,0,0,0,0,0,0,0,1,0,0,1,0,0,0,0,0,7
2025,A,6,2,0000000001,0000002707,潘傑楷,35,先發,4,4,2,1,1,0,0,0,3,0,0,1,0,0,0,0,1,0,0,0,0,0,0,6,12
2025,A,6,2,0000000001,0000003615,胡金龍,51,非先發,1,1,1,1,0,0,0,0,1,2,1,0,0,0,0,0,0,0,0,0,0,0,1,2,2
2025,A,6,2,0000000001,0000005531,邱智呈,14,先發,4,3,1,1,0,0,0,0,1,0,0,1,1,0,0,1,0,1,0,0,0,0,0,2,11
2025,A,6,2,0000000001,0000006223,林子豪,2,先發,3,3,0,0,0,0,0,0,0,0,0,0,0,0,0,0,0,0,0,0,0,0,0,0,3
2025,A,6,2,0000000001,0000007268,陳聖平,15,先發,4,4,1,1,0,0,0,0,1,0,0,0,0,0,0,2,0,0,0,0,0,0,0,4,12
2025,A,7,1,0000000001,0000000929,王威晨,9,先發,5,5,0,0,0,0,0,0,0,0,0,0,0,0,0,3,0,0,0,0,1,0,0,2,12
2025,A,7,1,0000000001,0000001119,許基宏,74,先發,5,4,0,0,0,0,0,0,0,0,0,2,1,0,0,3,0,0,0,0,0,0,0,2,12
2025,A,7,1,0000000001,0000002285,高宇杰,65,先發,4,3,1,1,0,0,0,0,1,1,0,0,1,0,0,2,0,0,0,0,0,0,0,1,10
2025,A,7,1,0000000001,0000002291,岳東華,98,先發,3,2,0,0,0,0,0,0,0,0,0,0,1,0,0,1,0,0,0,0,0,0,0,0,2
2025,A,7,1,0000000001,0000002297,詹子賢,39,先發,5,5,2,2,0,0,0,0,2,3,0,0,0,0,0,1,0,0,0,0,0,0,0,5,11
2025,A,7,1,0000000001,0000003609,陳俊秀,29,先發,5,4,2,2,0,0,0,0,2,0,0,0,1,0,0,0,0,0,0,0,0,0,0,4,11
2025,A,7,1,0000000001,0000004636,江坤宇,90,先發,5,3,1,1,0,0,0,0,1,1,0,1,1,0,1,0,0,0,0,0,0,0,0,4,10
2025,A,7,1,0000000001,0000005298,黃韋盛,66,非先發,2,2,0,0,0,0,0,0,0,0,0,0,0,0,0,1,0,0,0,0,0,0,0,1,10
2025,A,7,1,0000000001,0000005569,曾頌恩,1,先發,5,5,2,1,1,0,0,0,3,0,0,2,0,0,0,0,0,0,0,0,0,0,0,3,11
2025,A,7,1,0000000001,0000006225,宋晟睿,88,先發,4,4,3,2,1,0,0,0,4,0,0,0,0,0,0,0,0,0,0,0,0,0,0,4,9
2025,A,7,2,0000000001,0000000362,申皓瑋,29,先發,5,5,2,0,2,0,0,0,4,2,0,1,0,0,0,3,0,0,0,0,0,1,0,3,8
2025,A,7,2,0000000001,0000001473,李宗賢,22,先發,5,5,2,2,0,0,0,0,2,0,0,1,0,0,0,1,0,1,0,0,0,0,0,3,10
2025,A,7,2,0000000001,0000002352,范國宸,46,先發,5,5,3,3,0,0,0,0,3,1,0,2,0,0,0,1,0,0,0,0,0,0,0,3,9
2025,A,7,2,0000000001,0000003339,林哲瑄,1,非先發,2,1,0,0,0,0,0,0,0,0,0,1,1,0,0,1,0,0,0,0,0,0,0,0,4
2025,A,7,2,0000000001,0000004645,戴培峰,95,先發,5,4,3,1,1,0,1,0,7,2,1,2,1,0,0,0,0,0,0,0,0,0,1,6,8
2025,A,7,2,0000000001,0000006737,董子恩,78,先發,5,5,2,1,1,0,0,0,3,3,0,1,0,0,0,0,0,0,0,0,0,0,0,3,9
2025,A,7,2,0000000001,0000006861,蔡佳諺,65,先發,3,3,0,0,0,0,0,0,0,0,0,0,0,0,0,1,0,0,0,0,0,0,0,1,4
2025,A,7,2,0000000001,0000006868,周佳樂,77,先發,4,3,1,0,1,0,0,0,2,1,0,1,1,0,0,1,0,0,0,0,0,0,0,1,3
2025,A,7,2,0000000001,0000006888,張育成,99,先發,5,5,2,1,0,0,1,0,5,2,0,2,0,0,0,1,0,0,0,0,0,0,0,4,8
2025,A,7,2,0000000001,0000007089,王念好,5,先發,4,3,1,1,0,0,0,0,1,0,0,0,1,0,0,0,0,0,0,0,0,0,0,1,7
2025,A,8,2,0000000001,0000002707,潘傑楷,35,先發,4,4,2,2,0,0,0,0,2,1,0,0,0,0,0,0,0,0,0,0,0,1,0,8,16
2025,A,8,2,0000000001,0000003615,胡金龍,51,非先發,1,1,1,1,0,0,0,0,1,1,0,0,0,0,0,0,0,0,0,0,0,0,0,3,3
2025,A,8,2,0000000001,0000005522,朱迦恩,8,非先發,0,0,0,0,0,0,0,0,0,0,0,0,0,0,0,0,0,0,0,0,0,0,0,0,1
2025,A,8,2,0000000001,0000005531,邱智呈,14,先發,4,3,1,1,0,0,0,0,1,0,0,1,1,0,0,1,1,0,0,0,0,0,0,3,14
2025,A,8,2,0000000001,0000006223,林子豪,2,先發,4,4,2,1,1,0,0,0,3,1,0,0,0,0,0,0,0,0,0,0,0,0,0,2,7
2025,A,8,2,0000000001,0000007268,陳聖平,15,先發,4,4,0,0,0,0,0,0,0,0,0,0,0,0,0,0,0,0,0,0,0,0,0,4,16
2025,A,8,1,0000000001,0000000132,梁家榮,5,先發,4,3,1,0,1,0,0,0,2,1,0,0,1,0,0,0,0,0,0,0,0,0,0,2,8
2025,A,8,1,0000000001,0000000158,廖健富,58,先發,4,4,0,0,0,0,0,0,0,0,0,0,0,0,0,2,0,0,0,0,0,0,0,0,6
2025,A,8,1,0000000001,0000000159,成晉,35,先發,3,3,0,0,0,0,0,0,0,0,0,0,0,0,0,1,0,0,0,0,0,0,0,1,6
2025,A,8,1,0000000001,0000001618,林子偉,15,先發,4,3,1,0,1,0,0,0,2,0,0,0,1,0,0,0,0,0,0,0,0,0,0,3,6
2025,A,8,1,0000000001,0000002282,張閔勛,28,先發,3,1,0,0,0,0,0,0,0,0,0,0,2,0,0,0,0,0,0,0,0,0,0,0,4
2025,A,8,1,0000000001,0000002286,林立,39,先發,5,5,2,1,1,0,0,0,3,0,0,1,0,0,0,0,1,0,0,0,0,0,0,3,10
2025,A,8,1,0000000001,0000003467,林泓育,11,先發,4,4,1,1,0,0,0,0,1,0,0,0,0,0,0,0,0,0,0,0,0,0,0,3,8
2025,A,8,1,0000000001,0000004633,陳晨威,98,先發,5,5,0,0,0,0,0,0,0,0,0,0,0,0,0,0,0,0,0,0,0,0,0,1,9
2025,A,8,1,0000000001,0000006235,林政華,65,非先發,1,1,1,0,0,0,1,0,4,1,0,1,0,0,0,0,0,0,0,0,0,0,0,1,1
2025,A,8,1,0000000001,0000006240,馬傑森,94,先發,4,4,1,1,0,0,0,0,1,0,0,0,0,0,0,0,0,0,0,0,0,1,0,1,7
2025,A,8,1,0000000001,0000006856,董順傑,38,非先發,1,1,0,0,0,0,0,0,0,0,0,0,0,0,0,0,0,0,0,0,0,0,0,0,1
2025,A,8,2,0000000001,0000001474,蘇智傑,32,先發,3,3,0,0,0,0,0,0,0,0,0,0,0,0,0,0,0,0,0,0,0,0,0,3,15
2025,A,8,2,0000000001,0000001606,林岱安,31,非先發,3,3,1,0,0,0,1,0,4,1,1,1,0,0,0,1,0,0,0,0,0,0,1,3,7
2025,A,8,2,0000000001,0000001804,陳傑憲,24,先發,4,4,1,0,1,0,0,0,2,0,0,2,0,0,0,0,1,0,0,0,0,0,0,6,16
2025,A,8,2,0000000001,0000002275,林安可,77,先發,4,4,1,1,0,0,0,0,1,0,0,0,0,0,0,2,0,0,0,0,0,0,0,7,16
2025,A,8,2,0000000001,0000002289,陳重廷,66,先發,3,3,1,1,0,0,0,0,1,0,0,1,0,0,0,0,0,0,0,0,0,0,0,3,6
2025,A,8,2,0000000001,0000002298,陳重羽,65,先發,0,0,0,0,0,0,0,0,0,0,0,0,0,0,0,0,0,0,0,0,0,0,0,0,7
2025,A,9,1,0000000001,0000000753,杜家明,71,先發,3,2,0,0,0,0,0,0,0,0,0,1,1,0,0,0,0,0,0,0,0,0,0,0,2
2025,A,9,1,0000000001,0000000935,王柏融,9,先發,4,4,1,1,0,0,0,0,1,0,0,0,0,0,0,1,0,0,0,0,0,0,0,1,11
2025,A,9,1,0000000001,0000003533,藍寅倫,88,非先發,1,1,0,0,0,0,0,0,0,0,0,0,0,0,0,1,0,0,0,0,0,0,0,0,3
2025,A,9,1,0000000001,0000003649,吳念庭,39,先發,4,3,1,1,0,0,0,0,1,0,0,0,1,0,0,0,0,0,0,0,0,0,0,2,10
2025,A,9,1,0000000001,0000004643,胡冠俞,43,先發,2,2,1,1,0,0,0,0,1,1,0,0,0,0,0,1,0,0,0,0,0,0,0,3,8
2025,A,9,1,0000000001,0000005340,王博玄,6,先發,4,3,0,0,0,0,0,0,0,0,0,0,1,0,0,2,0,0,0,0,0,1,0,2,11
2025,A,9,1,0000000001,0000006211,張肇元,29,非先發,1,1,0,0,0,0,0,0,0,0,0,0,0,0,0,0,0,0,0,0,0,0,0,3,8
2025,A,9,1,0000000001,0000006927,曾子祐,1,先發,4,4,0,0,0,0,0,0,0,0,0,0,0,0,0,0,0,0,0,0,0,1,0,0,11
2025,A,9,1,0000000001,0000006928,林家鋐,16,非先發,1,1,0,0,0,0,0,0,0,0,0,0,0,0,0,0,0,0,0,0,0,0,0,0,1
2025,A,9,1,0000000001,0000006938,吳柏萱,15,非先發,0,0,0,0,0,0,0,0,0,0,0,0,0,0,0,0,0,0,0,0,0,0,0,0,0
2025,A,9,1,0000000001,0000007064,陳世嘉,78,先發,2,2,0,0,0,0,0,0,0,0,0,0,0,0,0,2,0,0,0,0,0,0,0,0,2
2025,A,9,1,0000000001,0000007239,魔鷹,94,先發,4,4,0,0,0,0,0,0,0,0,0,0,0,0,0,0,0,0,0,0,1,0,0,2,12
2025,A,9,1,0000000001,0000007301,曾昱磬,44,先發,3,3,0,0,0,0,0,0,0,0,0,0,0,0,0,0,0,0,0,0,0,0,0,0,6
2025,A,9,2,0000000001,0000000045,林智勝,31,非先發,2,1,0,0,0,0,0,0,0,0,0,0,1,0,0,0,0,0,0,0,0,0,0,0,1
2025,A,9,2,0000000001,0000000743,陳子豪,1,先發,4,2,1,1,0,0,0,0,1,0,0,0,1,0,1,0,0,1,0,0,0,0,0,1,4
2025,A,9,2,0000000001,0000001318,朱育賢,11,先發,4,3,1,0,1,0,0,0,2,1,0,0,1,0,0,1,0,0,0,0,0,0,0,2,7
2025,A,9,2,0000000001,0000003343,郭嚴文,6,先發,2,2,0,0,0,0,0,0,0,0,0,0,0,0,0,0,0,0,0,0,0,0,0,0,2
2025,A,9,2,0000000001,0000003625,吉力吉撈．鞏冠,4,先發,4,4,1,0,1,0,0,0,2,0,0,0,0,0,0,0,0,0,0,0,0,0,0,1,8
2025,A,9,2,0000000001,0000005540,李凱威,21,先發,4,4,2,2,0,0,0,0,2,1,1,1,0,0,0,2,0,0,0,0,0,0,0,3,7
2025,A,9,2,0000000001,0000005542,張政禹,25,先發,3,1,0,0,0,0,0,0,0,0,0,1,2,0,0,0,1,0,0,0,0,0,0,0,4
2025,A,9,2,0000000001,0000005545,劉基鴻,46,先發,4,4,0,0,0,0,0,0,0,0,0,0,0,0,0,1,1,0,0,0,0,1,0,1,6
2025,A,9,2,0000000001,0000005549,郭天信,2,先發,4,4,1,1,0,0,0,0,1,0,0,1,0,0,0,2,1,0,0,0,0,0,0,1,7
2025,A,9,2,0000000001,0000006879,冉承霖,82,非先發,0,0,0,0,0,0,0,0,0,0,0,0,0,0,0,0,0,0,0,0,0,0,0,0,0
2025,A,9,2,0000000001,0000007304,曾聖安,50,先發,4,3,0,0,0,0,0,0,0,0,0,0,1,0,0,2,0,0,0,0,0,0,0,0,3
2025,A,10,1,0000000001,0000000929,王威晨,9,先發,3,3,0,0,0,0,0,0,0,0,0,0,0,0,0,0,0,1,0,0,0,0,0,2,15
2025,A,10,1,0000000001,0000002285,高宇杰,65,先發,3,3,0,0,0,0,0,0,0,0,0,0,0,0,0,2,0,0,0,0,0,0,0,1,13
2025,A,10,1,0000000001,0000002291,岳東華,98,先發,3,2,1,1,0,0,0,0,1,0,0,0,1,0,0,0,1,0,0,0,0,1,0,1,4
2025,A,10,1,0000000001,0000002297,詹子賢,39,先發,3,2,0,0,0,0,0,0,0,0,0,0,1,0,0,0,0,0,0,0,1,2,0,5,13
2025,A,10,1,0000000001,0000002307,王政順,61,非先發,1,1,1,1,0,0,0,0,1,0,0,0,0,0,0,0,0,0,0,0,0,0,0,2,3
2025,A,10,1,0000000001,0000003609,陳俊秀,29,先發,4,4,0,0,0,0,0,0,0,0,0,0,0,0,0,3,0,0,0,0,0,0,0,4,15
2025,A,10,1,0000000001,0000004636,江坤宇,90,先發,3,3,1,1,0,0,0,0,1,0,0,0,0,0,0,0,0,0,0,0,0,0,0,5,13
2025,A,10,1,0000000001,0000005298,黃韋盛,66,先發,3,3,0,0,0,0,0,0,0,0,0,0,0,0,0,1,0,0,0,0,0,0,0,1,13
2025,A,10,1,0000000001,0000005569,曾頌恩,1,先發,4,4,0,0,0,0,0,0,0,0,0,0,0,0,0,0,0,0,0,0,0,0,0,3,15
2025,A,10,1,0000000001,0000006225,宋晟睿,88,先發,4,4,1,1,0,0,0,0,1,0,0,0,0,0,0,2,1,0,0,0,0,0,0,5,13
2025,A,10,1,0000000001,0000006730,張仁瑋,28,非先發,0,0,0,0,0,0,0,0,0,0,0,0,0,0,0,0,0,0,0,0,0,0,0,0,1
2025,A,10,2,0000000001,0000000362,申皓瑋,29,先發,4,3,1,1,0,0,0,0,1,0,0,0,0,0,1,1,0,0,0,0,0,0,0,4,11
2025,A,10,2,0000000001,0000001473,李宗賢,22,先發,4,4,0,0,0,0,0,0,0,0,0,0,0,0,0,0,0,0,0,0,0,0,0,3,14
2025,A,10,2,0000000001,0000002352,范國宸,46,先發,3,3,0,0,0,0,0,0,0,0,0,0,0,0,0,1,0,0,0,0,1,0,0,3,12
2025,A,10,2,0000000001,0000003339,林哲瑄,1,非先發,0,0,0,0,0,0,0,0,0,0,0,0,0,0,0,0,0,0,0,0,0,0,0,0,4
2025,A,10,2,0000000001,0000004645,戴培峰,95,先發,3,2,1,0,1,0,0,0,2,0,0,1,1,0,0,0,0,0,0,0,0,0,0,7,10
2025,A,10,2,0000000001,0000006737,董子恩,78,先發,3,2,1,1,0,0,0,0,1,1,1,0,1,0,0,0,0,0,0,0,0,0,0,4,11
2025,A,10,2,0000000001,0000006861,蔡佳諺,65,先發,3,3,0,0,0,0,0,0,0,0,0,0,0,0,0,1,0,0,0,0,0,0,0,1,7
2025,A,10,2,0000000001,0000006868,周佳樂,77,先發,4,4,1,1,0,0,0,0,1,0,0,0,0,0,0,2,0,0,0,0,0,0,0,2,7
2025,A,10,2,0000000001,0000006888,張育成,99,先發,4,4,0,0,0,0,0,0,0,0,0,0,0,0,0,2,1,0,0,0,0,0,0,4,12
2025,A,10,2,0000000001,0000007089,王念好,5,先發,3,3,0,0,0,0,0,0,0,0,0,0,0,0,0,2,0,0,0,0,0,0,0,1,10
2025,A,11,1,0000000001,0000000132,梁家榮,5,先發,5,5,0,0,0,0,0,0,0,1,0,0,0,0,0,1,0,0,0,0,1,0,0,2,13
2025,A,11,1,0000000001,0000000159,成晉,35,非先發,0,0,0,0,0,0,0,0,0,0,0,0,0,0,0,0,0,0,0,0,0,0,0,1,6
2025,A,11,1,0000000001,0000001618,林子偉,15,先發,4,4,2,2,0,0,0,0,2,0,0,0,0,0,0,1,0,0,0,0,0,0,0,5,10
2025,A,11,1,0000000001,0000002282,張閔勛,28,先發,4,2,2,2,0,0,0,0,2,1,0,0,2,0,0,0,0,0,0,0,0,0,0,2,6
2025,A,11,1,0000000001,0000002286,林立,39,先發,5,5,2,2,0,0,0,0,2,1,0,1,0,0,0,1,0,0,0,0,0,0,0,5,15
2025,A,11,1,0000000001,0000003345,林智平,79,先發,4,3,1,1,0,0,0,0,1,0,0,0,1,0,0,1,0,0,0,0,1,0,0,1,3
2025,A,11,1,0000000001,0000003467,林泓育,11,先發,4,4,1,1,0,0,0,0,1,0,0,0,0,0,0,0,0,0,0,0,0,0,0,4,12
2025,A,11,1,0000000001,0000004633,陳晨威,98,先發,5,5,2,2,0,0,0,0,2,0,0,1,0,0,0,1,0,0,0,0,0,0,0,3,14
2025,A,11,1,0000000001,0000006235,林政華,65,先發,4,4,1,1,0,0,0,0,1,0,0,0,0,0,0,1,0,0,0,0,1,0,0,2,5
2025,A,11,1,0000000001,0000006240,馬傑森,94,先發,4,4,2,2,0,0,0,0,2,0,0,1,0,0,0,1,0,0,0,0,0,0,0,3,11
2025,A,11,2,0000000001,0000000753,杜家明,71,先發,3,3,0,0,0,0,0,0,0,0,0,0,0,0,0,0,0,0,0,0,0,0,0,0,5
2025,A,11,2,0000000001,0000000935,王柏融,9,先發,4,4,2,2,0,0,0,0,2,1,0,1,0,0,0,1,0,0,0,0,0,0,0,3,15
2025,A,11,2,0000000001,0000003533,藍寅倫,88,非先發,0,0,0,0,0,0,0,0,0,0,0,1,0,0,0,0,0,0,0,0,0,0,0,0,3
2025,A,11,2,0000000001,0000003649,吳念庭,39,先發,3,3,0,0,0,0,0,0,0,0,0,0,0,0,0,0,0,0,0,0,0,0,0,2,13
2025,A,11,2,0000000001,0000004643,胡冠俞,43,先發,2,2,0,0,0,0,0,0,0,0,0,0,0,0,0,2,0,0,0,0,0,0,0,3,10
2025,A,11,2,0000000001,0000005340,王博玄,6,先發,4,4,0,0,0,0,0,0,0,0,0,0,0,0,0,4,0,0,0,0,0,0,0,2,15
2025,A,11,2,0000000001,0000006211,張肇元,29,先發,4,4,1,1,0,0,0,0,1,2,1,0,0,0,0,0,0,0,0,0,0,0,1,4,12
2025,A,11,2,0000000001,0000006927,曾子祐,1,先發,4,4,3,2,0,1,0,0,5,0,0,1,0,0,0,1,0,1,0,0,0,0,0,3,15
2025,A,11,2,0000000001,0000006928,林家鋐,16,非先發,1,1,0,0,0,0,0,0,0,0,0,0,0,0,0,1,0,0,0,0,0,0,0,0,2
2025,A,11,2,0000000001,0000006929,紀慶然,24,非先發,0,0,0,0,0,0,0,0,0,0,0,0,0,0,0,0,0,0,0,0,0,0,0,0,6
2025,A,11,2,0000000001,0000007239,魔鷹,94,先發,4,4,2,0,1,0,1,0,6,1,0,1,0,0,0,0,0,0,0,0,0,0,0,4,16
2025,A,11,2,0000000001,0000007301,曾昱磬,44,先發,3,3,0,0,0,0,0,0,0,0,0,0,0,0,0,0,0,0,0,0,0,0,0,0,9
2025,A,12,2,0000000001,0000005542,張政禹,25,非先發,0,0,0,0,0,0,0,0,0,0,0,0,0,0,0,0,0,0,0,0,0,0,0,0,4
2025,A,12,2,0000000001,0000005545,劉基鴻,46,先發,4,4,1,1,0,0,0,0,1,1,1,0,0,0,0,1,0,0,0,0,0,0,1,2,10
2025,A,12,2,0000000001,0000005549,郭天信,2,先發,5,5,1,1,0,0,0,0,1,0,0,1,0,0,0,0,0,0,0,0,0,0,0,2,12
2025,A,12,2,0000000001,0000006879,冉承霖,82,非先發,0,0,0,0,0,0,0,0,0,0,0,0,0,0,0,0,0,0,0,0,0,0,0,0,0
2025,A,12,2,0000000001,0000007079,劉俊緯,23,先發,4,4,2,1,1,0,0,0,3,0,0,0,0,0,0,1,0,0,0,0,0,1,0,2,4
2025,A,12,2,0000000001,0000007304,曾聖安,50,先發,4,3,0,0,0,0,0,0,0,1,0,0,0,0,0,1,0,0,0,1,0,0,0,0,6
2025,A,12,1,0000000001,0000000362,申皓瑋,29,先發,4,4,0,0,0,0,0,0,0,0,0,0,0,0,0,1,0,0,0,0,0,0,0,4,15
2025,A,12,1,0000000001,0000001473,李宗賢,22,先發,4,4,1,1,0,0,0,0,1,1,0,0,0,0,0,0,0,0,0,0,0,1,0,4,18
2025,A,12,1,0000000001,0000002352,范國宸,46,先發,4,4,1,0,1,0,0,0,2,0,0,0,0,0,0,1,0,0,0,0,0,0,0,4,16
2025,A,12,1,0000000001,0000003339,林哲瑄,1,非先發,0,0,0,0,0,0,0,0,0,0,0,0,0,0,0,0,0,0,0,0,0,0,0,0,4
2025,A,12,1,0000000001,0000004645,戴培峰,95,先發,4,3,1,0,1,0,0,0,2,0,0,0,1,0,0,1,0,0,0,0,0,0,0,8,13
2025,A,12,1,0000000001,0000005310,陳真,7,先發,4,3,2,0,1,0,1,0,6,1,0,2,1,0,0,0,0,0,0,0,0,0,0,2,7
2025,A,12,1,0000000001,0000006229,葉子霆,6,先發,3,3,0,0,0,0,0,0,0,0,0,0,0,0,0,0,0,0,0,0,0,0,0,0,3
2025,A,12,1,0000000001,0000006737,董子恩,78,先發,4,4,0,0,0,0,0,0,0,0,0,0,0,0,0,1,0,0,0,0,1,0,0,4,15
2025,A,12,1,0000000001,0000006868,周佳樂,77,先發,4,4,0,0,0,0,0,0,0,0,0,0,0,0,0,1,0,0,0,0,0,0,0,2,11
2025,A,12,1,0000000001,0000006872,林岳谷,62,非先發,0,0,0,0,0,0,0,0,0,0,0,0,0,0,0,0,0,0,0,0,0,0,0,0,0
2025,A,12,1,0000000001,0000007089,王念好,5,先發,4,4,1,1,0,0,0,0,1,0,0,0,0,0,0,1,1,0,0,0,0,0,0,2,14
2025,A,12,2,0000000001,0000000743,陳子豪,1,先發,4,3,0,0,0,0,0,0,0,0,0,0,1,0,0,2,0,0,0,0,0,0,0,1,7
2025,A,12,2,0000000001,0000001318,朱育賢,11,先發,4,4,2,2,0,0,0,0,2,0,0,0,0,0,0,1,0,0,0,0,0,0,0,4,11
2025,A,12,2,0000000001,0000003343,郭嚴文,6,先發,4,4,2,2,0,0,0,0,2,0,0,0,0,0,0,1,0,0,0,0,0,0,0,2,6
2025,A,12,2,0000000001,0000003625,吉力吉撈．鞏冠,4,先發,4,4,2,1,1,0,0,0,3,0,0,1,0,0,0,2,0,0,0,0,0,0,0,3,12
2025,A,12,2,0000000001,0000005540,李凱威,21,先發,5,4,1,1,0,0,0,0,1,0,0,1,1,0,0,0,0,0,0,0,0,0,0,4,11
2025,A,13,1,0000000001,0000001804,陳傑憲,24,先發,4,4,1,1,0,0,0,0,1,0,0,0,0,0,0,0,0,0,0,0,0,0,0,7,20
2025,A,13,1,0000000001,0000002275,林安可,77,先發,4,4,0,0,0,0,0,0,0,0,0,0,0,0,0,1,0,0,0,0,0,0,0,7,20
2025,A,13,1,0000000001,0000002289,陳重廷,66,先發,3,3,1,1,0,0,0,0,1,0,0,0,0,0,0,0,0,1,0,0,0,0,0,4,9
2025,A,13,1,0000000001,0000002707,潘傑楷,35,先發,4,3,0,0,0,0,0,0,0,0,0,0,1,0,0,1,0,0,0,0,0,0,0,8,19
2025,A,13,1,0000000001,0000005531,邱智呈,14,先發,4,4,1,1,0,0,0,0,1,0,0,0,0,0,0,1,0,0,0,0,0,0,0,4,18
2025,A,13,1,0000000001,0000006223,林子豪,2,先發,3,3,1,0,1,0,0,0,2,0,0,0,0,0,0,0,0,0,0,0,0,0,0,3,10
2025,A,13,1,0000000001,0000006851,林培緯,25,先發,3,3,2,2,0,0,0,0,2,0,0,0,0,0,0,0,0,0,0,0,0,0,0,3,10
2025,A,13,1,0000000001,0000007268,陳聖平,15,先發,3,3,1,1,0,0,0,0,1,0,0,0,0,0,0,0,0,0,0,0,1,1,0,5,19
2025,A,13,2,0000000001,0000000929,王威晨,9,先發,4,4,2,2,0,0,0,0,2,0,0,0,0,0,0,0,0,0,0,0,0,0,0,4,19
2025,A,13,2,0000000001,0000002285,高宇杰,65,先發,4,3,2,2,0,0,0,0,2,0,0,0,1,0,0,0,0,0,0,0,0,0,0,3,16
2025,A,13,2,0000000001,0000002291,岳東華,98,先發,4,3,0,0,0,0,0,0,0,0,0,0,1,0,0,1,0,0,0,0,0,0,0,1,7
2025,A,13,2,0000000001,0000002297,詹子賢,39,先發,4,3,1,1,0,0,0,0,1,0,0,0,1,0,0,0,0,0,0,0,0,0,0,6,16
2025,A,13,2,0000000001,0000003183,張志豪,7,先發,5,3,2,1,0,0,1,0,5,2,1,1,2,0,0,0,0,0,0,0,0,0,1,2,3
2025,A,13,2,0000000001,0000003609,陳俊秀,29,先發,4,4,0,0,0,0,0,0,0,0,0,0,0,0,0,1,0,0,0,0,0,0,0,4,19
2025,A,13,2,0000000001,0000004636,江坤宇,90,先發,4,4,1,0,1,0,0,0,2,0,0,1,0,0,0,0,0,0,0,0,0,0,0,6,17
2025,A,13,2,0000000001,0000005569,曾頌恩,1,先發,4,4,0,0,0,0,0,0,0,0,0,0,0,0,0,1,0,0,0,0,0,0,0,3,19
2025,A,13,2,0000000001,0000006225,宋晟睿,88,先發,5,5,0,0,0,0,0,0,0,0,0,0,0,0,0,2,0,0,0,0,0,0,0,5,18
2025,A,13,1,0000000001,0000001339,林祖傑,39,非先發,1,1,0,0,0,0,0,0,0,0,0,0,0,0,0,0,0,0,0,0,0,0,0,1,7
2025,A,13,1,0000000001,0000001606,林岱安,31,先發,3,3,0,0,0,0,0,0,0,0,0,0,0,0,0,1,0,0,0,0,0,0,0,3,10
2025,A,14,1,0000000001,0000000132,梁家榮,5,先發,2,2,0,0,0,0,0,0,0,0,0,0,0,0,0,2,0,0,0,0,0,0,0,2,15
2025,A,14,1,0000000001,0000000158,廖健富,58,非先發,1,1,0,0,0,0,0,0,0,0,0,0,0,0,0,0,0,0,0,0,0,0,0,0,7
2025,A,14,1,0000000001,0000001286,馮健庭,45,非先發,2,2,2,2,0,0,0,0,2,0,0,0,0,0,0,0,0,0,0,0,0,0,0,2,2
2025,A,14,1,0000000001,0000001618,林子偉,15,先發,4,3,1,1,0,0,0,0,1,0,0,0,1,0,0,1,0,0,0,0,0,0,0,6,13
2025,A,14,1,0000000001,0000002282,張閔勛,28,先發,2,2,0,0,0,0,0,0,0,0,0,0,0,0,0,0,0,0,0,0,0,0,0,2,8
2025,A,14,1,0000000001,0000002286,林立,39,先發,4,4,2,1,0,0,1,0,5,2,0,1,0,0,0,0,0,1,0,0,0,0,0,7,19
2025,A,14,1,0000000001,0000003345,林智平,79,先發,4,3,0,0,0,0,0,0,0,0,0,0,1,0,0,1,0,0,0,0,0,0,0,1,6
2025,A,14,1,0000000001,0000003467,林泓育,11,先發,4,4,2,2,0,0,0,0,2,0,0,0,0,0,0,1,0,0,0,0,0,0,0,6,16
2025,A,14,1,0000000001,0000003563,余德龍,36,先發,3,3,1,0,1,0,0,0,2,0,0,0,0,0,0,1,0,0,0,0,1,0,0,1,3
2025,A,14,1,0000000001,0000004633,陳晨威,98,先發,4,4,1,1,0,0,0,0,1,0,0,1,0,0,0,1,0,0,0,0,0,0,0,4,18
2025,A,14,1,0000000001,0000006240,馬傑森,94,先發,3,3,0,0,0,0,0,0,0,0,0,0,0,0,0,2,0,0,0,0,0,1,0,3,14
2025,A,14,1,0000000001,0000006854,宋嘉翔,2,非先發,1,1,0,0,0,0,0,0,0,0,0,0,0,0,0,0,0,0,0,0,0,0,0,0,1
2025,A,14,1,0000000001,0000007076,李勛傑,95,非先發,1,1,0,0,0,0,0,0,0,0,0,0,0,0,0,0,0,0,0,0,1,0,0,0,1
2025,A,14,2,0000000001,0000000753,杜家明,71,非先發,1,1,0,0,0,0,0,0,0,0,0,0,0,0,0,1,0,0,0,0,0,0,0,0,6
2025,A,14,2,0000000001,0000000935,王柏融,9,先發,4,4,1,1,0,0,0,0,1,1,0,0,0,0,0,1,0,1,0,0,0,0,0,4,19
2025,A,14,2,0000000001,0000003649,吳念庭,39,先發,4,3,1,1,0,0,0,0,1,0,0,1,1,0,0,0,0,0,0,0,0,0,0,3,16
2025,A,14,2,0000000001,0000005340,王博玄,6,先發,3,3,0,0,0,0,0,0,0,0,0,1,0,0,0,0,0,0,0,0,1,0,0,2,18
2025,A,14,2,0000000001,0000006211,張肇元,29,先發,4,4,0,0,0,0,0,0,0,0,0,0,0,0,0,0,0,0,0,0,0,0,0,4,16
2025,A,14,2,0000000001,0000006927,曾子祐,1,先發,4,4,3,3,0,0,0,0,3,2,0,0,0,0,0,0,0,0,0,0,0,0,0,6,19
2025,A,14,2,0000000001,0000006928,林家鋐,16,先發,3,3,2,2,0,0,0,0,2,0,0,1,0,0,0,1,0,0,0,0,0,0,0,2,5
2025,A,14,2,0000000001,0000006929,紀慶然,24,先發,3,3,1,1,0,0,0,0,1,0,0,1,0,0,0,0,0,0,0,0,0,0,0,1,9
2025,A,14,2,0000000001,0000007239,魔鷹,94,先發,4,4,1,1,0,0,0,0,1,1,1,0,0,0,0,1,0,0,0,0,0,0,0,5,20
2025,A,14,2,0000000001,0000007301,曾昱磬,44,先發,3,3,1,1,0,0,0,0,1,0,0,0,0,0,0,0,0,0,0,0,0,0,0,1,12
2025,A,15,1,0000000001,0000000362,申皓瑋,29,先發,3,3,0,0,0,0,0,0,0,0,0,0,0,0,0,0,0,0,0,0,1,0,0,4,18
2025,A,15,1,0000000001,0000001473,李宗賢,22,先發,3,3,1,1,0,0,0,0,1,0,0,0,0,0,0,1,0,0,0,0,0,0,0,5,21
2025,A,15,1,0000000001,0000002352,范國宸,46,先發,3,2,0,0,0,0,0,0,0,0,0,0,0,0,1,1,0,0,0,0,0,0,0,4,18
2025,A,15,1,0000000001,0000003339,林哲瑄,1,非先發,1,1,1,0,1,0,0,0,2,2,0,1,0,0,0,0,0,0,0,0,0,0,0,1,5
2025,A,15,1,0000000001,0000004645,戴培峰,95,先發,4,4,0,0,0,0,0,0,0,0,0,0,0,0,0,0,0,0,0,0,0,0,0,8,17
2025,A,15,1,0000000001,0000005310,陳真,7,先發,4,3,0,0,0,0,0,0,0,0,0,0,1,0,0,1,0,0,0,0,0,0,0,2,10
2025,A,15,1,0000000001,0000005533,魏全,59,先發,4,4,0,0,0,0,0,0,0,0,0,0,0,0,0,1,0,0,0,0,0,0,0,0,4
2025,A,15,1,0000000001,0000006229,葉子霆,6,先發,4,3,1,1,0,0,0,0,1,0,0,1,1,0,0,0,0,0,0,0,0,0,0,1,6
2025,A,15,1,0000000001,0000006737,董子恩,78,先發,4,4,2,1,1,0,0,0,3,0,0,0,0,0,0,1,0,0,0,0,0,0,0,6,19
2025,A,15,1,0000000001,0000006868,周佳樂,77,先發,5,3,1,1,0,0,0,0,1,0,0,1,2,0,0,2,0,0,0,0,0,0,0,3,14
2025,A,15,1,0000000001,0000006872,林岳谷,62,非先發,2,2,0,0,0,0,0,0,0,0,0,0,0,0,0,0,0,0,0,0,0,0,0,0,2
2025,A,15,1,0000000001,0000007089,王念好,5,非先發,1,1,1,1,0,0,0,0,1,1,0,0,0,0,0,0,0,0,0,0,0,0,0,3,15
2025,A,15,2,0000000001,0000000743,陳子豪,1,先發,4,2,0,0,0,0,0,0,0,0,0,0,1,0,1,1,0,0,0,0,0,0,0,1,9
2025,A,15,2,0000000001,0000001318,朱育賢,11,先發,4,4,2,0,1,0,1,0,6,2,0,1,0,0,0,0,0,0,0,0,0,0,0,6,15
2025,A,15,2,0000000001,0000003343,郭嚴文,6,先發,4,2,1,1,0,0,0,0,1,1,1,0,2,0,0,1,0,0,0,0,0,0,0,3,8
2025,A,15,2,0000000001,0000003625,吉力吉撈．鞏冠,4,非先發,1,0,0,0,0,0,0,0,0,0,0,0,1,0,0,0,0,0,0,0,0,0,0,3,12
2025,A,15,2,0000000001,0000005291,蔣少宏,63,先發,5,4,3,3,0,0,0,0,3,2,0,2,1,0,0,1,0,0,0,0,0,0,0,3,7
2025,A,15,2,0000000001,0000005540,李凱威,21,先發,6,4,2,1,1,0,0,0,3,0,0,1,2,0,0,0,0,0,0,0,0,0,0,6,15
2025,A,15,2,0000000001,0000005545,劉基鴻,46,非先發,1,1,1,1,0,0,0,0,1,0,0,0,0,0,0,0,0,0,0,0,0,0,0,3,11
2025,A,15,2,0000000001,0000005549,郭天信,2,先發,6,6,2,2,0,0,0,0,2,3,0,1,0,0,0,1,0,0,0,0,0,0,0,4,18
2025,A,15,2,0000000001,0000006216,王順和,24,非先發,1,1,0,0,0,0,0,0,0,0,0,0,0,0,0,0,0,0,0,0,0,0,0,1,4
2025,A,15,2,0000000001,0000006728,陳思仲,44,先發,5,4,0,0,0,0,0,0,0,0,0,1,1,0,0,0,0,0,0,0,1,0,0,0,4
2025,A,15,2,0000000001,0000006879,冉承霖,82,非先發,0,0,0,0,0,0,0,0,0,0,0,1,0,0,0,0,0,0,0,0,0,0,0,0,0
2025,A,15,2,0000000001,0000007079,劉俊緯,23,先發,5,5,3,0,3,0,0,0,6,0,0,2,0,0,0,0,0,0,0,0,0,0,0,5,9
2025,A,15,2,0000000001,0000007304,曾聖安,50,先發,5,5,2,0,1,1,0,0,5,2,0,2,0,0,0,2,0,0,0,0,0,0,0,2,11
2025,A,16,1,0000000001,0000001339,林祖傑,39,非先發,0,0,0,0,0,0,0,0,0,0,0,0,0,0,0,0,0,0,0,0,0,0,0,1,7
2025,A,16,1,0000000001,0000001474,蘇智傑,32,先發,5,4,0,0,0,0,0,0,0,0,0,0,1,0,0,3,0,0,0,0,0,0,0,3,19
2025,A,16,1,0000000001,0000001804,陳傑憲,24,先發,5,4,2,1,0,0,1,0,5,1,0,1,1,0,0,1,0,0,0,0,0,0,0,9,24
2025,A,16,1,0000000001,0000002275,林安可,77,先發,5,4,1,0,1,0,0,0,2,0,0,1,1,0,0,0,0,0,0,0,0,0,0,8,24
2025,A,16,1,0000000001,0000002298,陳重羽,65,先發,4,3,1,1,0,0,0,0,1,1,0,0,0,0,0,1,0,0,0,1,0,0,0,1,10
2025,A,16,1,0000000001,0000002707,潘傑楷,35,先發,5,4,0,0,0,0,0,0,0,0,0,0,1,0,0,1,0,0,0,0,0,1,0,8,23
2025,A,16,1,0000000001,0000005531,邱智呈,14,先發,5,4,2,2,0,0,0,0,2,1,0,0,1,0,0,1,1,0,0,0,0,0,0,6,22
2025,A,16,1,0000000001,0000006223,林子豪,2,先發,5,5,1,1,0,0,0,0,1,0,0,0,0,0,0,1,0,0,0,0,1,0,0,4,15
2025,A,16,1,0000000001,0000006851,林培緯,25,非先發,1,1,0,0,0,0,0,0,0,0,0,0,0,0,0,1,0,0,0,0,0,0,0,3,11
2025,A,16,1,0000000001,0000007071,林泓弦,67,先發,3,2,0,0,0,0,0,0,0,0,0,0,0,0,0,0,0,0,1,0,0,0,0,0,2
2025,A,16,1,0000000001,0000007268,陳聖平,15,先發,5,5,2,2,0,0,0,0,2,0,0,1,0,0,0,2,0,0,0,0,0,0,0,7,24
2025,A,16,2,0000000001,0000000929,王威晨,9,先發,5,5,3,3,0,0,0,0,3,2,1,0,0,0,0,0,0,0,0,0,0,0,1,7,24
2025,A,16,2,0000000001,0000001119,許基宏,74,非先發,1,0,0,0,0,0,0,0,0,0,0,0,1,1,0,0,0,0,0,0,0,0,0,2,12
2025,A,16,2,0000000001,0000002285,高宇杰,65,先發,4,3,1,0,1,0,0,0,2,2,0,0,0,0,0,0,0,0,1,0,0,0,0,4,19
2025,A,16,2,0000000001,0000002291,岳東華,98,先發,4,4,1,1,0,0,0,0,1,0,0,1,0,0,0,2,0,0,0,0,0,0,0,2,11
2025,A,16,2,0000000001,0000002297,詹子賢,39,先發,4,2,0,0,0,0,0,0,0,0,0,1,2,0,0,1,0,0,0,0,0,0,0,6,18
2025,A,16,2,0000000001,0000003183,張志豪,7,先發,5,4,0,0,0,0,0,0,0,0,0,0,1,1,0,2,1,0,0,0,0,0,0,2,7
2025,A,16,2,0000000001,0000003609,陳俊秀,29,先發,4,4,0,0,0,0,0,0,0,0,0,0,0,0,0,1,0,0,0,0,0,0,0,4,23
2025,A,16,2,0000000001,0000004636,江坤宇,90,先發,4,4,0,0,0,0,0,0,0,0,0,1,0,0,0,0,0,0,0,0,0,0,0,6,21
2025,A,16,2,0000000001,0000005569,曾頌恩,1,先發,4,3,0,0,0,0,0,0,0,0,0,0,1,0,0,0,0,0,0,0,0,0,0,3,22
2025,A,16,2,0000000001,0000006225,宋晟睿,88,先發,4,4,0,0,0,0,0,0,0,0,0,0,0,0,0,1,0,0,0,0,0,0,0,5,22
2025,A,16,2,0000000001,0000006730,張仁瑋,28,非先發,0,0,0,0,0,0,0,0,0,0,0,1,0,0,0,0,0,0,0,0,0,0,0,0,1
2025,A,17,1,0000000001,0000000362,申皓瑋,29,先發,4,3,1,1,0,0,0,0,1,0,0,0,1,0,0,0,1,0,0,0,0,0,0,5,21
2025,A,17,1,0000000001,0000002352,范國宸,46,先發,1,1,0,0,0,0,0,0,0,0,0,0,0,0,0,1,0,0,0,0,0,1,0,4,19
2025,A,17,1,0000000001,0000003339,林哲瑄,1,先發,4,4,1,1,0,0,0,0,1,0,0,0,0,0,0,3,0,0,0,0,0,0,0,2,9
2025,A,17,1,0000000001,0000004645,戴培峰,95,先發,4,4,1,1,0,0,0,0,1,0,0,0,0,0,0,1,1,0,0,0,0,0,0,9,21
2025,A,17,1,0000000001,0000005310,陳真,7,先發,2,2,0,0,0,0,0,0,0,0,0,0,0,0,0,1,0,0,0,0,0,0,0,2,12
2025,A,17,1,0000000001,0000006737,董子恩,78,先發,4,3,1,1,0,0,0,0,1,0,0,0,1,0,0,0,0,0,0,0,0,0,0,7,22
2025,A,17,1,0000000001,0000006806,池恩齊,97,先發,3,3,1,1,0,0,0,0,1,0,0,0,0,0,0,1,0,0,0,0,0,0,0,1,3
2025,A,17,1,0000000001,0000006861,蔡佳諺,65,非先發,2,2,0,0,0,0,0,0,0,0,0,0,0,0,0,0,0,0,0,0,0,0,0,1,9
2025,A,17,1,0000000001,0000006872,林岳谷,62,先發,4,4,0,0,0,0,0,0,0,0,0,0,0,0,0,0,0,0,0,0,0,0,0,0,6
2025,A,17,1,0000000001,0000006888,張育成,99,非先發,3,2,0,0,0,0,0,0,0,0,0,0,1,0,0,0,0,0,0,0,0,0,0,4,14
2025,A,17,1,0000000001,0000006909,豊暐,43,非先發,0,0,0,0,0,0,0,0,0,0,0,0,0,0,0,0,0,0,0,0,0,0,0,0,0
2025,A,17,1,0000000001,0000007089,王念好,5,先發,4,4,0,0,0,0,0,0,0,0,0,0,0,0,0,2,0,0,0,0,0,0,0,3,19
2025,A,17,2,0000000001,0000000743,陳子豪,1,先發,4,3,0,0,0,0,0,0,0,0,0,0,1,0,0,1,0,0,0,0,0,0,0,1,12
2025,A,17,2,0000000001,0000003625,吉力吉撈．鞏冠,4,先發,4,4,1,1,0,0,0,0,1,0,0,0,0,0,0,1,0,0,0,0,0,0,0,4,16
2025,A,17,2,0000000001,0000005540,李凱威,21,先發,5,3,1,1,0,0,0,0,1,4,0,0,1,0,0,0,1,0,0,1,0,0,0,7,18
2025,A,17,2,0000000001,0000005545,劉基鴻,46,先發,4,4,0,0,0,0,0,0,0,0,0,0,0,0,0,1,0,0,0,0,0,0,0,3,15
2025,A,17,2,0000000001,0000005549,郭天信,2,先發,4,3,2,2,0,0,0,0,2,2,0,1,0,0,0,0,0,0,0,1,0,0,0,6,21
2025,A,17,2,0000000001,0000006216,王順和,24,先發,4,3,1,1,0,0,0,0,1,0,0,1,0,0,0,1,0,0,1,0,0,0,0,2,7
2025,A,17,2,0000000001,0000006728,陳思仲,44,先發,4,3,2,1,1,0,0,0,3,0,0,3,1,0,0,0,0,0,0,0,0,0,0,2,7
2025,A,17,2,0000000001,0000007079,劉俊緯,23,先發,5,5,1,1,0,0,0,0,1,0,0,0,0,0,0,1,0,0,0,0,0,0,0,6,14
2025,A,17,2,0000000001,0000007304,曾聖安,50,先發,4,4,2,2,0,0,0,0,2,0,0,2,0,0,0,1,1,0,0,0,0,0,0,4,15
2025,A,18,1,0000000001,0000000158,廖健富,58,非先發,1,1,0,0,0,0,0,0,0,0,0,0,0,0,0,1,0,0,0,0,0,0,0,0,8
2025,A,18,1,0000000001,0000000159,成晉,35,先發,4,3,1,1,0,0,0,0,1,0,0,0,0,0,1,0,0,0,0,0,0,0,0,2,9
2025,A,18,1,0000000001,0000001286,馮健庭,45,先發,4,3,0,0,0,0,0,0,0,0,0,0,0,0,0,1,0,0,1,0,0,0,0,2,5
2025,A,18,1,0000000001,0000001618,林子偉,15,先發,5,5,0,0,0,0,0,0,0,0,0,0,0,0,0,1,0,0,0,0,0,0,0,6,18
2025,A,18,1,0000000001,0000002282,張閔勛,28,非先發,0,0,0,0,0,0,0,0,0,0,0,0,0,0,0,0,0,0,0,0,0,0,0,2,8
2025,A,18,1,0000000001,0000002286,林立,39,先發,5,5,3,2,0,0,1,0,6,4,1,2,0,0,0,0,0,0,0,0,0,0,1,10,24
2025,A,18,1,0000000001,0000003345,林智平,79,先發,4,4,2,1,1,0,0,0,3,1,0,0,0,0,0,0,0,0,0,0,0,0,0,3,10
2025,A,18,1,0000000001,0000003467,林泓育,11,先發,4,4,1,1,0,0,0,0,1,0,0,0,0,0,0,0,0,0,0,0,0,0,0,7,20
2025,A,18,1,0000000001,0000003563,余德龍,36,先發,4,4,3,2,0,1,0,0,5,0,0,2,0,0,0,0,0,0,0,0,0,0,0,4,7
2025,A,18,1,0000000001,0000004633,陳晨威,98,先發,5,5,2,2,0,0,0,0,2,0,0,1,0,0,0,0,0,0,0,0,0,0,0,6,23
2025,A,18,1,0000000001,0000006235,林政華,65,非先發,0,0,0,0,0,0,0,0,0,0,0,0,0,0,0,0,0,0,0,0,0,0,0,2,5
2025,A,18,1,0000000001,0000006854,宋嘉翔,2,先發,3,3,0,0,0,0,0,0,0,0,0,0,0,0,0,0,0,0,0,0,1,0,0,0,4
2025,A,18,1,0000000001,0000007076,李勛傑,95,非先發,0,0,0,0,0,0,0,0,0,0,0,0,0,0,0,0,0,0,0,0,0,0,0,0,1
2025,A,18,2,0000000001,0000000753,杜家明,71,非先發,1,1,1,1,0,0,0,0,1,0,0,0,0,0,0,0,0,0,0,0,0,0,0,1,7
2025,A,18,2,0000000001,0000000935,王柏融,9,先發,4,3,2,2,0,0,0,0,2,0,0,0,1,0,0,0,0,0,0,0,0,0,0,6,22
2025,A,18,2,0000000001,0000003533,藍寅倫,88,非先發,0,0,0,0,0,0,0,0,0,0,0,0,0,0,0,0,0,0,0,0,0,0,0,0,3
2025,A,18,2,0000000001,0000003649,吳念庭,39,先發,4,4,0,0,0,0,0,0,0,0,0,0,0,0,0,0,0,0,0,0,0,0,0,3,20
2025,A,18,2,0000000001,0000005340,王博玄,6,先發,4,3,1,0,0,0,1,0,4,2,0,1,0,0,0,0,0,0,0,1,0,0,0,3,21
2025,A,18,2,0000000001,0000006211,張肇元,29,先發,4,4,0,0,0,0,0,0,0,0,0,0,0,0,0,0,0,0,0,0,1,0,0,4,20
2025,A,18,2,0000000001,0000006927,曾子祐,1,先發,4,3,2,2,0,0,0,0,2,0,0,0,1,0,0,0,0,1,0,0,0,0,0,8,22
2025,A,18,2,0000000001,0000006928,林家鋐,16,先發,4,3,0,0,0,0,0,0,0,0,0,1,1,0,0,0,0,0,0,0,0,0,0,2,8
2025,A,18,2,0000000001,0000006929,紀慶然,24,先發,2,1,0,0,0,0,0,0,0,0,0,0,0,0,0,0,0,0,1,0,0,0,0,1,10
2025,A,18,2,0000000001,0000007239,魔鷹,94,先發,4,4,1,1,0,0,0,0,1,0,0,0,0,0,0,0,0,0,0,0,1,0,0,6,24
2025,A,18,2,0000000001,0000007301,曾昱磬,44,先發,4,3,0,0,0,0,0,0,0,0,0,0,0,0,1,0,0,0,0,0,0,0,0,1,15
2025,A,19,1,0000000001,0000001339,林祖傑,39,非先發,0,0,0,0,0,0,0,0,0,0,0,0,0,0,0,0,0,0,0,0,0,0,0,1,7
2025,A,19,1,0000000001,0000001474,蘇智傑,32,先發,5,5,1,1,0,0,0,0,1,0,0,0,0,0,0,1,0,0,0,0,0,1,0,4,24
2025,A,19,1,0000000001,0000001606,林岱安,31,先發,4,3,1,1,0,0,0,0,1,0,0,1,0,0,0,0,0,0,1,0,0,0,0,4,13
2025,A,19,1,0000000001,0000001804,陳傑憲,24,先發,5,3,0,0,0,0,0,0,0,0,0,0,2,0,0,0,0,0,0,0,0,0,0,9,27
2025,A,19,1,0000000001,0000002275,林安可,77,先發,5,4,2,1,0,0,1,0,5,1,0,1,1,0,0,2,0,0,0,0,0,0,0,10,28
2025,A,19,1,0000000001,0000002289,陳重廷,66,先發,3,3,1,1,0,0,0,0,1,1,0,1,0,0,0,1,1,0,0,0,0,0,0,5,12
2025,A,19,1,0000000001,0000002707,潘傑楷,35,先發,5,5,0,0,0,0,0,0,0,0,0,0,0,0,0,0,0,0,0,0,0,0,0,8,28
2025,A,19,1,0000000001,0000005522,朱迦恩,8,先發,4,3,1,0,1,0,0,0,2,1,0,0,1,0,0,1,0,0,0,0,0,0,0,1,4
2025,A,19,1,0000000001,0000005531,邱智呈,14,先發,5,5,1,0,0,1,0,0,3,0,0,0,0,0,0,3,0,0,0,0,0,0,0,7,27
2025,A,19,1,0000000001,0000006223,林子豪,2,非先發,1,1,1,0,0,0,1,0,4,3,0,1,0,0,0,0,0,0,0,0,0,0,0,5,16
2025,A,19,1,0000000001,0000007268,陳聖平,15,先發,5,3,1,1,0,0,0,0,1,0,0,2,2,0,0,0,0,0,0,0,0,0,0,8,27
2025,A,19,2,0000000001,0000000929,王威晨,9,先發,4,4,1,0,1,0,0,0,2,0,0,1,0,0,0,0,0,0,0,0,1,0,0,8,28
2025,A,19,2,0000000001,0000001119,許基宏,74,先發,4,4,1,0,1,0,0,0,2,1,0,1,0,0,0,1,0,0,0,0,0,0,0,3,16
2025,A,19,2,0000000001,0000002285,高宇杰,65,先發,3,3,1,1,0,0,0,0,1,0,0,1,0,0,0,0,0,0,0,0,0,0,0,5,22
2025,A,19,2,0000000001,0000002291,岳東華,98,先發,4,4,0,0,0,0,0,0,0,0,0,0,0,0,0,1,0,0,0,0,0,0,0,2,15
2025,A,19,2,0000000001,0000002297,詹子賢,39,先發,4,4,2,2,0,0,0,0,2,2,1,1,0,0,0,0,0,0,0,0,0,1,1,8,22
2025,A,19,2,0000000001,0000002307,王政順,61,先發,4,1,1,1,0,0,0,0,1,1,0,3,3,0,0,0,0,0,0,0,0,0,0,3,4
2025,A,19,2,0000000001,0000003183,張志豪,7,先發,4,4,1,0,1,0,0,0,2,2,0,0,0,0,0,1,0,0,0,0,0,0,0,3,11
2025,A,19,2,0000000001,0000004636,江坤宇,90,先發,4,3,1,1,0,0,0,0,1,1,0,0,0,0,0,0,0,0,1,0,1,0,0,7,24
2025,A,19,2,0000000001,0000006225,宋晟睿,88,先發,4,3,1,1,0,0,0,0,1,0,0,0,1,0,0,2,0,0,0,0,0,0,0,6,25
2025,A,20,1,0000000001,0000000362,申皓瑋,29,先發,4,4,0,0,0,0,0,0,0,0,0,0,0,0,0,1,0,0,0,0,0,0,0,5,25
2025,A,20,1,0000000001,0000001118,高國麟,98,非先發,1,1,1,1,0,0,0,0,1,0,0,0,0,0,0,0,0,0,0,0,0,0,0,1,1
2025,A,20,1,0000000001,0000001473,李宗賢,22,先發,4,3,1,0,1,0,0,0,2,0,0,0,1,0,0,0,0,1,0,0,0,0,0,6,24
2025,A,20,1,0000000001,0000003339,林哲瑄,1,非先發,1,1,0,0,0,0,0,0,0,0,0,0,0,0,0,0,0,0,0,0,1,0,0,2,10
2025,A,20,1,0000000001,0000004645,戴培峰,95,先發,4,4,1,1,0,0,0,0,1,0,0,0,0,0,0,0,0,0,0,0,0,0,0,10,25
2025,A,20,1,0000000001,0000005310,陳真,7,先發,4,3,1,1,0,0,0,0,1,1,0,0,0,0,0,2,0,0,0,1,0,0,0,3,15
2025,A,20,1,0000000001,0000006737,董子恩,78,先發,4,4,2,2,0,0,0,0,2,0,0,1,0,0,0,0,0,0,0,0,0,1,0,9,26
2025,A,20,1,0000000001,0000006738,孔念恩,82,先發,4,4,1,0,0,1,0,0,3,2,0,1,0,0,0,0,1,0,0,0,0,0,0,1,4
2025,A,20,1,0000000001,0000006806,池恩齊,97,先發,3,3,0,0,0,0,0,0,0,0,0,0,0,0,0,2,0,0,0,0,0,0,0,1,6
2025,A,20,1,0000000001,0000006872,林岳谷,62,非先發,0,0,0,0,0,0,0,0,0,0,0,0,0,0,0,0,0,0,0,0,0,0,0,0,6
2025,A,20,1,0000000001,0000006888,張育成,99,先發,4,4,0,0,0,0,0,0,0,0,0,1,0,0,0,1,0,0,0,0,0,0,0,4,18
2025,A,20,1,0000000001,0000007089,王念好,5,先發,2,2,0,0,0,0,0,0,0,0,0,0,0,0,0,2,0,0,0,0,0,0,0,3,21
2025,A,20,2,0000000001,0000000132,梁家榮,5,先發,4,4,1,0,1,0,0,0,2,1,0,1,0,0,0,1,0,0,0,0,0,0,0,3,19
2025,A,20,2,0000000001,0000000159,成晉,35,先發,3,3,0,0,0,0,0,0,0,0,0,0,0,0,0,0,0,0,0,0,0,0,0,2,12
2025,A,20,2,0000000001,0000001618,林子偉,15,先發,4,4,2,1,0,1,0,0,4,0,0,1,0,0,0,1,1,0,0,0,0,0,0,8,22
2025,A,20,2,0000000001,0000002286,林立,39,先發,4,4,2,2,0,0,0,0,2,1,0,1,0,0,0,0,1,0,0,0,0,0,0,12,28
2025,A,20,2,0000000001,0000003345,林智平,79,先發,3,3,1,0,1,0,0,0,2,1,0,0,0,0,0,1,0,0,0,0,0,1,0,4,13
2025,A,20,2,0000000001,0000003467,林泓育,11,先發,4,4,1,1,0,0,0,0,1,0,0,2,0,0,0,0,0,0,0,0,0,0,0,8,24
2025,A,20,2,0000000001,0000003563,余德龍,36,先發,2,2,0,0,0,0,0,0,0,0,0,0,0,0,0,1,0,0,0,0,0,1,0,4,9
2025,A,20,2,0000000001,0000004633,陳晨威,98,先發,4,4,1,1,0,0,0,0,1,0,0,1,0,0,0,2,1,0,0,0,0,0,0,7,27
2025,A,20,2,0000000001,0000006240,馬傑森,94,非先發,1,1,0,0,0,0,0,0,0,0,0,0,0,0,0,0,0,0,0,0,0,0,0,3,15
2025,A,20,2,0000000001,0000006854,宋嘉翔,2,先發,3,3,1,1,0,0,0,0,1,1,0,0,0,0,0,0,0,0,0,0,0,0,0,1,7
2025,A,20,2,0000000001,0000007076,李勛傑,95,非先發,1,0,0,0,0,0,0,0,0,0,0,0,0,0,1,0,0,0,0,0,0,0,0,0,1
2025,A,21,1,0000000001,0000001474,蘇智傑,32,非先發,1,1,0,0,0,0,0,0,0,0,0,0,0,0,0,1,0,0,0,0,0,0,0,4,25
2025,A,21,1,0000000001,0000001804,陳傑憲,24,先發,5,5,2,2,0,0,0,0,2,0,0,0,0,0,0,0,0,1,0,0,0,0,0,11,32
2025,A,21,1,0000000001,0000002275,林安可,77,非先發,1,1,0,0,0,0,0,0,0,0,0,0,0,0,0,1,0,0,0,0,0,0,0,10,29
2025,A,21,1,0000000001,0000002298,陳重羽,65,先發,4,4,1,0,1,0,0,0,2,2,0,0,0,0,0,1,0,0,0,0,0,0,0,2,14
2025,A,21,1,0000000001,0000003615,胡金龍,51,先發,4,2,1,1,0,0,0,0,1,0,0,0,2,1,0,0,0,0,0,0,0,0,0,4,5
2025,A,21,1,0000000001,0000004642,林靖凱,64,先發,4,3,1,1,0,0,0,0,1,0,0,1,0,0,0,1,0,0,1,0,0,0,0,1,3
2025,A,21,1,0000000001,0000005522,朱迦恩,8,先發,4,3,1,1,0,0,0,0,1,0,0,0,1,0,0,1,0,0,0,0,0,0,0,2,7
2025,A,21,1,0000000001,0000005531,邱智呈,14,先發,5,5,1,1,0,0,0,0,1,0,0,0,0,0,0,2,0,0,0,0,0,0,0,8,32
2025,A,21,1,0000000001,0000006223,林子豪,2,先發,4,4,0,0,0,0,0,0,0,0,0,1,0,0,0,0,0,0,0,0,1,0,0,5,20
2025,A,21,1,0000000001,0000006851,林培緯,25,先發,4,3,1,1,0,0,0,0,1,0,0,1,1,0,0,0,0,0,0,0,0,0,0,4,14
2025,A,21,1,0000000001,0000007268,陳聖平,15,先發,4,4,1,0,1,0,0,0,2,0,0,0,0,0,0,0,0,0,0,0,0,0,0,9,31
2025,A,21,2,0000000001,0000000753,杜家明,71,先發,3,3,1,1,0,0,0,0,1,1,0,0,0,0,0,1,0,0,0,0,0,0,0,2,10
2025,A,21,2,0000000001,0000000935,王柏融,9,先發,4,3,0,0,0,0,0,0,0,0,0,1,1,0,0,1,0,0,0,0,0,0,0,6,25
2025,A,21,2,0000000001,0000003174,郭永維,7,先發,2,2,0,0,0,0,0,0,0,0,0,0,0,0,0,1,0,0,0,0,0,0,0,0,2
2025,A,21,2,0000000001,0000003533,藍寅倫,88,非先發,2,2,0,0,0,0,0,0,0,0,0,1,0,0,0,0,0,0,0,0,0,0,0,0,5
2025,A,21,2,0000000001,0000003649,吳念庭,39,先發,3,3,0,0,0,0,0,0,0,1,0,0,0,0,0,1,0,0,0,0,0,0,0,3,23
2025,A,21,2,0000000001,0000004643,胡冠俞,43,非先發,1,1,0,0,0,0,0,0,0,0,0,0,0,0,0,1,0,0,0,0,0,0,0,3,11
2025,A,21,2,0000000001,0000005340,王博玄,6,先發,4,3,0,0,0,0,0,0,0,0,0,0,0,0,1,0,0,0,0,0,0,0,0,3,24
2025,A,21,2,0000000001,0000006211,張肇元,29,先發,3,3,1,0,1,0,0,0,2,1,0,1,0,0,0,0,0,0,0,0,0,0,0,5,23
2025,A,21,2,0000000001,0000006927,曾子祐,1,先發,4,4,0,0,0,0,0,0,0,0,0,0,0,0,0,1,0,0,0,0,0,1,0,8,26
2025,A,21,2,0000000001,0000007239,魔鷹,94,先發,2,1,0,0,0,0,0,0,0,0,0,0,0,0,1,0,0,0,0,0,0,0,0,6,25
2025,A,21,2,0000000001,0000007301,曾昱磬,44,先發,3,2,1,0,0,0,1,0,4,1,1,1,1,0,0,0,0,0,0,0,0,0,1,2,17
2025,A,22,1,0000000001,0000000362,申皓瑋,29,先發,4,4,2,1,1,0,0,0,3,0,0,0,0,0,0,0,0,0,0,0,0,1,0,7,29
2025,A,22,1,0000000001,0000001118,高國麟,98,先發,4,4,1,1,0,0,0,0,1,0,0,1,0,0,0,1,0,0,0,0,0,0,0,2,5
2025,A,22,1,0000000001,0000001473,李宗賢,22,先發,4,4,0,0,0,0,0,0,0,0,0,0,0,0,0,0,0,0,0,0,0,0,0,6,28
2025,A,22,1,0000000001,0000003339,林哲瑄,1,先發,2,2,0,0,0,0,0,0,0,0,0,0,0,0,0,1,0,0,0,0,0,0,0,2,12
2025,A,22,1,0000000001,0000004645,戴培峰,95,先發,4,4,1,1,0,0,0,0,1,0,0,0,0,0,0,0,0,0,0,0,0,0,0,11,29
2025,A,22,1,0000000001,0000006737,董子恩,78,先發,4,3,1,1,0,0,0,0,1,1,0,0,0,0,1,0,0,0,0,0,1,0,0,10,29
2025,A,22,1,0000000001,0000006738,孔念恩,82,先發,4,4,2,2,0,0,0,0,2,1,0,0,0,0,0,0,0,0,0,0,1,0,0,3,8
2025,A,22,1,0000000001,0000006806,池恩齊,97,先發,4,4,1,0,1,0,0,0,2,0,0,1,0,0,0,0,0,0,0,0,0,0,0,2,10
2025,A,22,1,0000000001,0000006868,周佳樂,77,非先發,2,2,1,1,0,0,0,0,1,0,0,0,0,0,0,0,0,0,0,0,0,0,0,4,16
2025,A,22,1,0000000001,0000006872,林岳谷,62,非先發,0,0,0,0,0,0,0,0,0,0,0,0,0,0,0,0,0,0,0,0,0,0,0,0,6
2025,A,22,1,0000000001,0000006888,張育成,99,先發,4,4,0,0,0,0,0,0,0,0,0,0,0,0,0,2,0,0,0,0,0,0,0,4,22
2025,A,22,1,0000000001,0000006909,豊暐,43,非先發,0,0,0,0,0,0,0,0,0,0,0,0,0,0,0,0,0,0,0,0,0,0,0,0,0
2025,A,22,1,0000000001,0000007089,王念好,5,非先發,0,0,0,0,0,0,0,0,0,0,0,0,0,0,0,0,0,0,0,0,0,0,0,3,21
2025,A,22,2,0000000001,0000000132,梁家榮,5,先發,5,5,1,1,0,0,0,0,1,2,0,1,0,0,0,2,0,0,0,0,1,0,0,4,24
2025,A,22,2,0000000001,0000000158,廖健富,58,非先發,2,2,1,1,0,0,0,0,1,0,0,0,0,0,0,0,0,0,0,0,0,0,0,1,10
2025,A,22,2,0000000001,0000000159,成晉,35,先發,4,4,2,0,2,0,0,0,4,1,0,0,0,0,0,0,0,0,0,0,0,0,0,4,16
2025,A,22,2,0000000001,0000001618,林子偉,15,先發,5,4,2,1,1,0,0,0,3,2,0,1,0,0,0,0,0,0,0,1,0,0,0,10,26
2025,A,22,2,0000000001,0000002282,張閔勛,28,先發,5,5,2,2,0,0,0,0,2,0,0,1,0,0,0,0,0,0,0,0,0,0,0,4,13
2025,A,22,2,0000000001,0000002286,林立,39,先發,5,5,2,2,0,0,0,0,2,2,1,1,0,0,0,0,0,0,0,0,0,0,0,14,33
2025,A,22,2,0000000001,0000003345,林智平,79,先發,3,1,0,0,0,0,0,0,0,0,0,0,1,0,0,0,0,0,1,0,0,1,0,4,14
2025,A,22,2,0000000001,0000003467,林泓育,11,先發,4,3,2,1,1,0,0,0,3,1,0,1,1,0,0,0,0,0,0,0,0,0,0,10,27
2025,A,22,2,0000000001,0000004633,陳晨威,98,先發,5,3,3,3,0,0,0,0,3,0,0,2,2,0,0,0,1,0,0,0,0,0,1,10,30
2025,A,22,2,0000000001,0000006235,林政華,65,非先發,1,0,0,0,0,0,0,0,0,0,0,0,0,0,1,0,0,0,0,0,0,0,0,2,5
2025,A,22,2,0000000001,0000006240,馬傑森,94,先發,4,4,1,1,0,0,0,0,1,0,0,1,0,0,0,2,0,0,0,0,0,2,0,4,19
2025,A,22,2,0000000001,0000007076,李勛傑,95,非先發,1,0,0,0,0,0,0,0,0,0,0,0,1,0,0,0,0,0,0,0,0,0,0,0,1
2025,A,23,1,0000000001,0000001606,林岱安,31,先發,3,3,1,1,0,0,0,0,1,0,0,0,0,0,0,0,0,0,0,0,0,0,0,5,16
2025,A,23,1,0000000001,0000001804,陳傑憲,24,先發,5,4,0,0,0,0,0,0,0,0,0,0,1,0,0,1,0,0,0,0,0,0,0,11,36
2025,A,23,1,0000000001,0000002289,陳重廷,66,非先發,0,0,0,0,0,0,0,0,0,0,0,1,0,0,0,0,0,0,0,0,0,0,0,5,12
2025,A,23,1,0000000001,0000002298,陳重羽,65,非先發,2,2,2,1,1,0,0,0,3,1,0,0,0,0,0,0,1,0,0,0,0,0,0,4,16
2025,A,23,1,0000000001,0000002707,潘傑楷,35,先發,5,3,2,2,0,0,0,0,2,0,0,2,2,1,0,1,0,0,0,0,0,0,0,10,31
2025,A,23,1,0000000001,0000004642,林靖凱,64,先發,5,4,0,0,0,0,0,0,0,0,0,0,0,0,0,0,0,0,1,0,0,0,0,1,7
2025,A,23,1,0000000001,0000005306,許哲晏,10,先發,4,4,1,0,1,0,0,0,2,0,0,1,0,0,0,1,0,0,0,0,0,0,0,1,4
2025,A,23,1,0000000001,0000005522,朱迦恩,8,先發,4,3,1,0,0,0,1,0,4,1,0,1,1,0,0,0,0,0,0,0,0,0,0,3,10
2025,A,23,1,0000000001,0000005531,邱智呈,14,先發,5,4,0,0,0,0,0,0,0,0,0,0,0,0,0,1,0,0,1,0,0,0,0,8,36
2025,A,23,1,0000000001,0000006223,林子豪,2,先發,5,5,2,0,0,1,1,0,7,4,0,1,0,0,0,0,0,0,0,0,1,0,1,7,25
2025,A,23,1,0000000001,0000007070,林佳緯,20,先發,5,5,1,0,1,0,0,0,2,1,1,1,0,0,0,0,0,0,0,0,0,0,0,1,5
2025,A,23,2,0000000001,0000000753,杜家明,71,先發,4,3,2,2,0,0,0,0,2,1,0,0,0,0,0,0,0,0,1,0,0,0,0,4,13
2025,A,23,2,0000000001,0000000935,王柏融,9,先發,5,4,0,0,0,0,0,0,0,1,0,0,0,0,0,2,0,0,0,1,0,0,0,6,29
2025,A,23,2,0000000001,0000003533,藍寅倫,88,非先發,2,1,0,0,0,0,0,0,0,0,0,0,1,0,0,1,0,0,0,0,0,0,0,0,6
2025,A,23,2,0000000001,0000003649,吳念庭,39,先發,5,5,2,2,0,0,0,0,2,0,0,2,0,0,0,0,0,0,0,0,0,0,0,5,28
2025,A,23,2,0000000001,0000004643,胡冠俞,43,非先發,1,1,0,0,0,0,0,0,0,0,0,0,0,0,0,1,0,0,0,0,0,0,0,3,12
2025,A,23,2,0000000001,0000005340,王博玄,6,先發,5,3,0,0,0,0,0,0,0,0,0,1,0,0,0,0,0,0,2,0,0,0,0,3,27
2025,A,23,2,0000000001,0000006211,張肇元,29,先發,5,5,3,3,0,0,0,0,3,2,0,1,0,0,0,1,0,0,0,0,0,0,0,8,28
2025,A,23,2,0000000001,0000006927,曾子祐,1,先發,6,6,2,2,0,0,0,0,2,0,0,1,0,0,0,0,0,0,0,0,0,0,0,10,32
2025,A,23,2,0000000001,0000006928,林家鋐,16,先發,5,5,1,1,0,0,0,0,1,2,0,0,0,0,0,2,0,0,0,0,0,0,0,3,13
2025,A,23,2,0000000001,0000006940,葉保弟,73,先發,3,3,1,1,0,0,0,0,1,0,0,1,0,0,0,1,0,0,0,0,0,0,0,1,3
2025,A,23,2,0000000001,0000007301,曾昱磬,44,先發,5,5,4,4,0,0,0,0,4,0,0,0,0,0,0,0,0,0,0,0,0,0,0,6,22
2025,A,24,1,0000000001,0000000743,陳子豪,1,先發,4,4,0,0,0,0,0,0,0,0,0,0,0,0,0,2,0,0,0,0,0,0,0,1,16
2025,A,24,1,0000000001,0000001318,朱育賢,11,非先發,1,1,0,0,0,0,0,0,0,0,0,0,0,0,0,1,0,0,0,0,0,0,0,6,16
2025,A,24,1,0000000001,0000003343,郭嚴文,6,先發,4,3,1,1,0,0,0,0,1,0,0,0,1,0,0,0,0,0,0,0,0,0,0,4,11
2025,A,24,1,0000000001,0000003625,吉力吉撈．鞏冠,4,先發,4,3,2,1,1,0,0,0,3,1,0,0,1,0,0,0,0,0,0,0,0,0,0,6,19
2025,A,24,1,0000000001,0000005291,蔣少宏,63,先發,3,3,0,0,0,0,0,0,0,0,0,0,0,0,0,1,0,0,0,0,0,0,0,3,10
2025,A,24,1,0000000001,0000005540,李凱威,21,先發,4,4,0,0,0,0,0,0,0,0,0,0,0,0,0,1,0,0,0,0,0,0,0,7,22
2025,A,24,1,0000000001,0000005542,張政禹,25,先發,4,4,3,3,0,0,0,0,3,0,0,0,0,0,0,0,0,2,0,0,0,0,0,3,8
2025,A,24,1,0000000001,0000005545,劉基鴻,46,先發,4,4,2,2,0,0,0,0,2,0,0,0,0,0,0,0,0,0,0,0,0,0,0,5,19
2025,A,24,1,0000000001,0000005549,郭天信,2,先發,4,4,1,1,0,0,0,0,1,0,0,1,0,0,0,0,0,0,0,0,0,0,0,7,25
2025,A,24,1,0000000001,0000006216,王順和,24,非先發,0,0,0,0,0,0,0,0,0,0,0,0,0,0,0,0,0,0,0,0,0,0,0,2,7
2025,A,24,1,0000000001,0000007079,劉俊緯,23,非先發,0,0,0,0,0,0,0,0,0,0,0,0,0,0,0,0,0,0,0,0,0,0,0,6,14
2025,A,24,1,0000000001,0000007304,曾聖安,50,先發,4,3,1,1,0,0,0,0,1,0,0,0,0,0,0,1,0,0,1,0,0,0,0,5,18
2025,A,24,2,0000000001,0000000929,王威晨,9,先發,4,4,0,0,0,0,0,0,0,0,0,0,0,0,0,2,0,0,0,0,0,0,0,8,32
2025,A,24,2,0000000001,0000001119,許基宏,74,先發,4,2,2,2,0,0,0,0,2,0,0,0,1,0,1,0,0,0,0,0,0,0,0,5,18
2025,A,24,2,0000000001,0000002285,高宇杰,65,先發,3,3,2,2,0,0,0,0,2,0,0,0,0,0,0,0,0,0,0,0,0,0,0,7,25
2025,A,24,2,0000000001,0000002291,岳東華,98,先發,3,2,1,1,0,0,0,0,1,0,0,0,1,0,0,0,0,0,0,0,0,0,0,3,17
2025,A,24,2,0000000001,0000002297,詹子賢,39,先發,4,4,0,0,0,0,0,0,0,0,0,0,0,0,0,0,0,0,0,0,0,0,0,8,26
2025,A,24,2,0000000001,0000002307,王政順,61,先發,4,4,1,0,1,0,0,0,2,0,0,0,0,0,0,2,0,0,0,0,0,0,0,4,8
2025,A,24,2,0000000001,0000003183,張志豪,7,先發,4,3,1,1,0,0,0,0,1,1,0,0,1,0,0,1,0,0,0,0,1,0,0,4,14
2025,A,24,2,0000000001,0000003609,陳俊秀,29,非先發,0,0,0,0,0,0,0,0,0,0,0,0,0,0,0,0,0,0,0,0,0,0,0,4,23
2025,A,24,2,0000000001,0000004636,江坤宇,90,先發,4,2,0,0,0,0,0,0,0,0,0,1,2,1,0,0,0,0,0,0,0,0,0,7,26
2025,A,24,2,0000000001,0000006225,宋晟睿,88,先發,4,4,0,0,0,0,0,0,0,0,0,0,0,0,0,2,0,0,0,0,2,0,0,6,29
2025,A,24,2,0000000001,0000006730,張仁瑋,28,非先發,0,0,0,0,0,0,0,0,0,0,0,1,0,0,0,0,0,0,0,0,0,0,0,0,1
2025,A,25,1,0000000001,0000000743,陳子豪,1,先發,4,4,1,1,0,0,0,0,1,0,0,0,0,0,0,0,0,0,0,0,0,0,0,2,20
2025,A,25,1,0000000001,0000001318,朱育賢,11,先發,4,3,0,0,0,0,0,0,0,0,0,0,0,0,1,2,0,0,0,0,1,0,0,6,19
2025,A,25,1,0000000001,0000003343,郭嚴文,6,先發,4,4,1,1,0,0,0,0,1,0,0,0,0,0,0,0,0,0,0,0,1,0,0,5,15
2025,A,25,1,0000000001,0000003625,吉力吉撈．鞏冠,4,先發,4,4,1,1,0,0,0,0,1,0,0,0,0,0,0,1,0,0,0,0,1,0,0,7,23
2025,A,25,1,0000000001,0000005540,李凱威,21,先發,4,3,1,1,0,0,0,0,1,0,0,0,1,0,0,1,0,0,0,0,0,0,0,8,25
2025,A,25,1,0000000001,0000005542,張政禹,25,先發,3,3,1,0,1,0,0,0,2,0,0,0,0,0,0,1,0,0,0,0,0,0,0,4,11
2025,A,25,1,0000000001,0000005545,劉基鴻,46,先發,4,4,2,2,0,0,0,0,2,0,0,0,0,0,0,0,0,0,0,0,0,0,0,7,23
2025,A,25,1,0000000001,0000005549,郭天信,2,先發,3,3,1,0,0,0,1,0,4,1,0,1,0,0,0,0,0,0,0,0,0,0,0,8,28
2025,A,25,1,0000000001,0000007304,曾聖安,50,先發,4,4,0,0,0,0,0,0,0,0,0,0,0,0,0,1,0,0,0,0,0,0,0,5,22
2025,A,25,2,0000000001,0000001119,許基宏,74,先發,4,4,1,0,1,0,0,0,2,0,0,0,0,0,0,1,0,0,0,0,0,0,0,6,22
2025,A,25,2,0000000001,0000002285,高宇杰,65,先發,3,2,1,0,1,0,0,0,2,2,1,1,0,0,0,0,0,0,1,0,0,0,1,8,27
2025,A,25,2,0000000001,0000002291,岳東華,98,先發,3,2,1,1,0,0,0,0,1,0,0,2,1,0,0,1,0,0,0,0,0,0,0,4,19
2025,A,25,2,0000000001,0000002297,詹子賢,39,先發,3,2,0,0,0,0,0,0,0,0,0,0,1,0,0,1,0,0,0,0,0,0,0,8,28
2025,A,25,2,0000000001,0000002307,王政順,61,先發,4,4,0,0,0,0,0,0,0,0,0,0,0,0,0,1,0,0,0,0,0,0,0,4,12
2025,A,25,2,0000000001,0000003183,張志豪,7,先發,4,4,1,1,0,0,0,0,1,1,0,0,0,0,0,1,0,0,0,0,0,0,0,5,18
2025,A,25,2,0000000001,0000003609,陳俊秀,29,先發,4,2,0,0,0,0,0,0,0,0,0,0,2,0,0,0,0,0,0,0,0,0,0,4,25
2025,A,25,2,0000000001,0000004636,江坤宇,90,先發,4,3,0,0,0,0,0,0,0,0,0,0,1,0,0,0,0,1,0,0,0,0,0,7,29
2025,A,25,2,0000000001,0000005298,黃韋盛,66,非先發,0,0,0,0,0,0,0,0,0,0,0,1,0,0,0,0,0,0,0,0,0,0,0,1,13
2025,A,25,2,0000000001,0000005569,曾頌恩,1,非先發,0,0,0,0,0,0,0,0,0,0,0,0,0,0,0,0,0,0,0,0,0,0,0,3,22
2025,A,25,2,0000000001,0000006225,宋晟睿,88,先發,4,4,1,0,1,0,0,0,2,1,0,0,0,0,0,2,0,0,0,0,0,0,0,7,33
2025,A,26,1,0000000001,0000000929,王威晨,9,先發,5,4,2,2,0,0,0,0,2,0,0,2,1,0,0,0,0,0,0,0,0,0,0,10,36
2025,A,26,1,0000000001,0000001119,許基宏,74,先發,5,4,3,2,1,0,0,0,4,2,0,3,0,0,1,0,0,0,0,0,0,0,0,9,26
2025,A,26,1,0000000001,0000002285,高宇杰,65,先發,5,5,3,3,0,0,0,0,3,0,0,2,0,0,0,1,0,0,0,0,0,0,0,11,32
2025,A,26,1,0000000001,0000002291,岳東華,98,先發,5,5,1,1,0,0,0,0,1,1,0,1,0,0,0,2,0,0,0,0,0,0,0,5,24
2025,A,26,1,0000000001,0000002297,詹子賢,39,先發,5,4,1,1,0,0,0,0,1,1,0,0,0,0,0,1,0,0,0,1,0,0,0,9,32
2025,A,26,1,0000000001,0000002307,王政順,61,先發,6,4,2,1,1,0,0,0,3,1,1,2,2,0,0,0,0,0,0,0,0,0,0,6,16
2025,A,26,1,0000000001,0000003183,張志豪,7,先發,3,3,1,1,0,0,0,0,1,0,0,0,0,0,0,1,0,0,0,0,0,0,0,6,21
2025,A,26,1,0000000001,0000004636,江坤宇,90,先發,6,5,2,0,2,0,0,0,4,5,0,2,0,0,0,0,0,0,0,1,0,0,1,9,34
2025,A,26,1,0000000001,0000005298,黃韋盛,66,非先發,1,1,0,0,0,0,0,0,0,0,0,0,0,0,0,0,0,0,0,0,0,0,0,1,14
2025,A,26,1,0000000001,0000005569,曾頌恩,1,非先發,3,2,1,0,1,0,0,0,2,1,0,2,1,0,0,0,0,0,0,0,0,0,0,4,24
2025,A,26,1,0000000001,0000006224,林吳晉瑋,0,非先發,0,0,0,0,0,0,0,0,0,0,0,0,0,0,0,0,0,0,0,0,0,0,0,0,0
2025,A,26,1,0000000001,0000006225,宋晟睿,88,先發,6,6,3,2,1,0,0,0,4,3,0,1,0,0,0,0,0,0,0,0,0,0,0,10,39
2025,A,26,1,0000000001,0000006730,張仁瑋,28,非先發,0,0,0,0,0,0,0,0,0,0,0,0,0,0,0,0,0,0,0,0,0,0,0,0,1
2025,A,26,1,0000000001,0000007086,楊祥禾,3,非先發,1,1,1,0,1,0,0,0,2,0,0,0,0,0,0,0,0,0,0,0,0,0,0,1,1
2025,A,26,2,0000000001,0000000132,梁家榮,5,先發,4,4,2,1,1,0,0,0,3,1,0,0,0,0,0,0,0,0,0,0,0,0,0,6,28
2025,A,26,2,0000000001,0000000158,廖健富,58,先發,5,5,0,0,0,0,0,0,0,0,0,0,0,0,0,1,0,0,0,0,0,0,0,1,15
2025,A,26,2,0000000001,0000000159,成晉,35,先發,4,3,1,1,0,0,0,0,1,0,0,0,0,0,1,0,0,0,0,0,0,0,0,5,19
2025,A,26,2,0000000001,0000001286,馮健庭,45,非先發,0,0,0,0,0,0,0,0,0,0,0,0,0,0,0,0,0,0,0,0,0,0,0,2,5
2025,A,26,2,0000000001,0000001618,林子偉,15,先發,5,4,2,2,0,0,0,0,2,0,0,1,1,0,0,0,0,0,0,0,0,0,0,12,30
2025,A,26,2,0000000001,0000002286,林立,39,先發,4,4,1,0,0,0,1,0,4,2,0,1,0,0,0,1,0,0,0,0,1,1,0,15,37
2025,A,26,2,0000000001,0000003345,林智平,79,先發,4,4,1,0,1,0,0,0,2,0,0,1,0,0,0,1,0,0,0,0,0,0,0,5,18
2025,A,26,2,0000000001,0000004633,陳晨威,98,先發,4,3,2,2,0,0,0,0,2,0,0,1,1,0,0,0,0,0,0,0,0,1,0,12,33
2025,A,26,2,0000000001,0000006235,林政華,65,非先發,1,1,0,0,0,0,0,0,0,0,0,0,0,0,0,0,0,0,0,0,0,0,0,2,6
2025,A,26,2,0000000001,0000006240,馬傑森,94,先發,4,2,1,1,0,0,0,0,1,1,0,0,0,0,0,0,0,0,1,1,1,0,0,5,21
2025,A,26,2,0000000001,0000006854,宋嘉翔,2,先發,4,4,2,2,0,0,0,0,2,0,0,0,0,0,0,2,0,0,0,0,0,0,0,3,11
2025,A,26,2,0000000001,0000007076,李勛傑,95,非先發,1,1,0,0,0,0,0,0,0,0,0,0,0,0,0,1,0,0,0,0,0,0,0,0,2
2025,A,27,1,0000000001,0000000753,杜家明,71,先發,3,3,1,1,0,0,0,0,1,1,0,0,0,0,0,1,0,0,0,0,0,0,0,5,16
2025,A,27,1,0000000001,0000000935,王柏融,9,先發,4,3,0,0,0,0,0,0,0,0,0,0,1,0,0,1,0,0,0,0,0,0,0,6,32
2025,A,27,1,0000000001,0000003533,藍寅倫,88,先發,3,2,1,1,0,0,0,0,1,0,0,0,1,0,0,1,0,0,0,0,0,0,0,1,8
2025,A,27,1,0000000001,0000003649,吳念庭,39,先發,4,4,0,0,0,0,0,0,0,0,0,0,0,0,0,0,0,0,0,0,0,0,0,5,32
2025,A,27,1,0000000001,0000005340,王博玄,6,先發,4,4,2,1,1,0,0,0,3,0,0,0,0,0,0,0,0,0,0,0,0,0,0,5,31
2025,A,27,1,0000000001,0000006211,張肇元,29,先發,4,3,0,0,0,0,0,0,0,0,0,0,1,0,0,1,0,0,0,0,0,0,0,8,31
2025,A,27,1,0000000001,0000006927,曾子祐,1,先發,4,3,0,0,0,0,0,0,0,0,0,0,0,0,0,0,0,0,1,0,0,0,0,10,35
2025,A,27,1,0000000001,0000006928,林家鋐,16,先發,3,3,0,0,0,0,0,0,0,0,0,0,0,0,0,1,0,0,0,0,0,0,0,3,16
2025,A,27,1,0000000001,0000007301,曾昱磬,44,先發,4,4,2,1,1,0,0,0,3,0,0,1,0,0,0,1,0,0,0,0,0,0,0,8,26
2025,A,27,2,0000000001,0000000362,申皓瑋,29,先發,4,3,1,1,0,0,0,0,1,0,0,0,1,0,0,2,0,0,0,0,0,0,0,8,32
2025,A,27,2,0000000001,0000001118,高國麟,98,先發,4,4,0,0,0,0,0,0,0,0,0,0,0,0,0,0,0,0,0,0,0,0,0,2,9
2025,A,27,2,0000000001,0000001473,李宗賢,22,先發,5,5,0,0,0,0,0,0,0,0,0,0,0,0,0,0,0,0,0,0,0,0,0,6,33
2025,A,27,2,0000000001,0000004645,戴培峰,95,先發,4,4,2,1,0,1,0,0,4,2,1,0,0,0,0,0,0,0,0,0,0,0,1,13,33
2025,A,27,2,0000000001,0000005310,陳真,7,先發,4,1,1,1,0,0,0,0,1,0,0,0,2,0,1,0,0,0,0,0,0,0,0,4,16
2025,A,27,2,0000000001,0000006737,董子恩,78,先發,4,4,1,0,0,1,0,0,3,0,0,1,0,0,0,1,0,0,0,0,0,0,0,11,33
2025,A,27,2,0000000001,0000006738,孔念恩,82,先發,4,4,3,2,1,0,0,0,4,1,0,1,0,0,0,0,0,1,0,0,0,0,0,6,12
2025,A,27,2,0000000001,0000006806,池恩齊,97,先發,4,4,2,2,0,0,0,0,2,1,0,0,0,0,0,2,0,0,0,0,0,0,0,4,14
2025,A,27,2,0000000001,0000006868,周佳樂,77,非先發,1,1,0,0,0,0,0,0,0,0,0,1,0,0,0,1,0,0,0,0,0,0,0,4,17
2025,A,27,2,0000000001,0000006888,張育成,99,先發,4,3,1,1,0,0,0,0,1,0,0,1,1,1,0,0,0,0,0,0,0,0,0,5,25
2025,A,28,1,0000000001,0000000743,陳子豪,1,先發,4,4,1,1,0,0,0,0,1,2,0,0,0,0,0,0,0,0,0,0,0,0,0,3,24
2025,A,28,1,0000000001,0000001318,朱育賢,11,先發,6,6,2,1,1,0,0,0,3,2,0,1,0,0,0,2,0,0,0,0,0,0,0,8,25
2025,A,28,1,0000000001,0000003343,郭嚴文,6,先發,4,4,1,0,1,0,0,0,2,1,0,0,0,0,0,0,0,0,0,0,0,0,0,6,19
2025,A,28,1,0000000001,0000003625,吉力吉撈．鞏冠,4,先發,4,4,2,1,0,0,1,0,5,3,1,2,0,0,0,0,0,0,0,0,0,0,1,9,27
2025,A,28,1,0000000001,0000005540,李凱威,21,先發,6,5,3,3,0,0,0,0,3,1,0,3,1,0,0,0,0,0,0,0,0,0,0,11,30
2025,A,28,1,0000000001,0000005542,張政禹,25,先發,5,5,2,2,0,0,0,0,2,1,0,1,0,0,0,0,0,0,0,0,0,0,0,6,16
2025,A,28,1,0000000001,0000005545,劉基鴻,46,非先發,1,1,1,0,1,0,0,0,2,0,0,0,0,0,0,0,0,0,0,0,0,0,0,8,24
2025,A,28,1,0000000001,0000005549,郭天信,2,先發,4,4,3,3,0,0,0,0,3,2,0,2,0,0,0,0,0,0,0,0,0,0,0,11,32
2025,A,28,1,0000000001,0000006216,王順和,24,非先發,2,2,2,1,1,0,0,0,3,3,0,1,0,0,0,0,0,0,0,0,0,0,0,4,9
2025,A,28,1,0000000001,0000006217,林辰勳,9,非先發,2,2,0,0,0,0,0,0,0,0,0,0,0,0,0,1,0,0,0,0,0,0,0,0,2
2025,A,28,1,0000000001,0000006879,冉承霖,82,非先發,1,0,0,0,0,0,0,0,0,0,0,2,1,0,0,0,0,0,0,0,0,0,0,0,0
2025,A,28,1,0000000001,0000007079,劉俊緯,23,先發,5,4,0,0,0,0,0,0,0,0,0,1,1,0,0,2,0,0,0,0,0,0,0,6,18
2025,A,28,1,0000000001,0000007304,曾聖安,50,先發,5,4,1,1,0,0,0,0,1,0,0,2,1,0,0,1,0,0,0,0,0,0,0,6,26
2025,A,28,2,0000000001,0000001339,林祖傑,39,非先發,1,1,0,0,0,0,0,0,0,0,0,0,0,0,0,0,0,0,0,0,0,0,0,1,8
2025,A,28,2,0000000001,0000001606,林岱安,31,先發,3,3,2,1,1,0,0,0,3,0,0,1,0,0,0,1,0,0,0,0,0,0,0,7,19
2025,A,28,2,0000000001,0000001804,陳傑憲,24,先發,3,3,2,2,0,0,0,0,2,0,0,0,0,0,0,0,0,0,0,0,0,0,0,13,39
2025,A,28,2,0000000001,0000002289,陳重廷,66,非先發,2,2,0,0,0,0,0,0,0,0,0,0,0,0,0,0,0,0,0,0,0,0,0,5,14
2025,A,28,2,0000000001,0000002298,陳重羽,65,非先發,1,1,0,0,0,0,0,0,0,0,0,0,0,0,0,0,0,0,0,0,0,0,0,4,17
2025,A,28,2,0000000001,0000002707,潘傑楷,35,先發,3,3,1,1,0,0,0,0,1,0,0,0,0,0,0,0,0,0,0,0,0,0,0,11,34
2025,A,28,2,0000000001,0000004642,林靖凱,64,先發,2,2,1,1,0,0,0,0,1,0,0,1,0,0,0,0,0,0,0,0,0,0,0,2,9
2025,A,28,2,0000000001,0000005306,許哲晏,10,先發,4,2,0,0,0,0,0,0,0,1,0,0,0,0,1,1,0,0,0,1,0,0,0,1,6
2025,A,28,2,0000000001,0000005522,朱迦恩,8,非先發,1,1,0,0,0,0,0,0,0,0,0,0,0,0,0,1,0,0,0,0,0,0,0,3,11
2025,A,28,2,0000000001,0000005531,邱智呈,14,先發,4,4,2,2,0,0,0,0,2,1,0,0,0,0,0,1,0,0,0,0,0,0,0,10,40
2025,A,28,2,0000000001,0000006223,林子豪,2,先發,4,4,0,0,0,0,0,0,0,0,0,0,0,0,0,1,0,0,0,0,0,0,0,7,29
2025,A,28,2,0000000001,0000006851,林培緯,25,先發,4,4,0,0,0,0,0,0,0,0,0,0,0,0,0,1,0,0,0,0,0,1,0,4,18
2025,A,28,2,0000000001,0000007070,林佳緯,20,先發,4,4,0,0,0,0,0,0,0,0,0,0,0,0,0,0,0,0,0,0,0,0,0,1,9
2025,A,29,2,0000000001,0000002298,陳重羽,65,先發,4,4,0,0,0,0,0,0,0,0,0,0,0,0,0,0,0,0,0,0,0,0,0,4,21
2025,A,29,2,0000000001,0000002707,潘傑楷,35,先發,4,4,2,2,0,0,0,0,2,1,0,0,0,0,0,1,0,0,0,0,0,0,0,13,38
2025,A,29,2,0000000001,0000004642,林靖凱,64,先發,4,4,0,0,0,0,0,0,0,0,0,0,0,0,0,1,0,0,0,0,0,1,0,2,13
2025,A,29,2,0000000001,0000005306,許哲晏,10,先發,3,3,0,0,0,0,0,0,0,0,0,1,0,0,0,0,1,0,0,0,0,0,0,1,9
2025,A,29,2,0000000001,0000005531,邱智呈,14,先發,4,4,1,1,0,0,0,0,1,0,0,1,0,0,0,1,0,0,0,0,0,0,0,11,44
2025,A,29,2,0000000001,0000007070,林佳緯,20,先發,4,4,1,0,1,0,0,0,2,1,0,1,0,0,0,0,0,0,0,0,0,0,0,2,13
2025,A,29,1,0000000001,0000000743,陳子豪,1,先發,4,4,1,0,0,0,1,0,4,1,0,1,0,0,0,1,0,0,0,0,1,0,0,4,28
2025,A,29,1,0000000001,0000003625,吉力吉撈．鞏冠,4,先發,4,4,0,0,0,0,0,0,0,0,0,0,0,0,0,1,0,0,0,0,1,0,0,9,31
2025,A,29,1,0000000001,0000005291,蔣少宏,63,先發,3,3,1,1,0,0,0,0,1,0,0,0,0,0,0,1,0,0,0,0,0,0,0,4,13
2025,A,29,1,0000000001,0000005540,李凱威,21,先發,4,4,1,1,0,0,0,0,1,0,0,0,0,0,0,0,0,0,0,0,0,1,0,12,34
2025,A,29,1,0000000001,0000005542,張政禹,25,先發,2,2,1,1,0,0,0,0,1,0,0,0,0,0,0,0,0,1,0,0,0,0,0,7,18
2025,A,29,1,0000000001,0000005545,劉基鴻,46,先發,4,4,0,0,0,0,0,0,0,0,0,0,0,0,0,0,0,0,0,0,0,1,0,8,28
2025,A,29,1,0000000001,0000005549,郭天信,2,先發,3,3,2,2,0,0,0,0,2,0,0,0,0,0,0,0,0,0,0,0,0,0,0,13,35
2025,A,29,1,0000000001,0000006217,林辰勳,9,非先發,0,0,0,0,0,0,0,0,0,0,0,0,0,0,0,0,0,0,0,0,0,0,0,0,2
2025,A,29,1,0000000001,0000006728,陳思仲,44,先發,3,2,0,0,0,0,0,0,0,0,0,0,1,0,0,1,0,0,0,0,0,0,0,2,9
2025,A,29,1,0000000001,0000007079,劉俊緯,23,非先發,2,2,0,0,0,0,0,0,0,0,0,0,0,0,0,0,0,0,0,0,0,0,0,6,20
2025,A,29,1,0000000001,0000007304,曾聖安,50,先發,4,4,1,1,0,0,0,0,1,0,0,0,0,0,0,0,0,0,0,0,0,0,0,7,30
2025,A,29,2,0000000001,0000001804,陳傑憲,24,先發,4,3,1,1,0,0,0,0,1,0,0,1,1,0,0,0,0,0,0,0,0,0,0,14,42
2025,A,29,2,0000000001,0000002275,林安可,77,先發,4,4,2,1,0,0,1,0,5,2,0,1,0,0,0,0,0,0,0,0,0,0,0,12,33
2025,A,29,2,0000000001,0000002289,陳重廷,66,先發,4,3,1,1,0,0,0,0,1,0,0,0,1,0,0,0,0,0,0,0,1,0,0,6,17
2025,A,30,1,0000000001,0000000929,王威晨,9,先發,5,5,1,1,0,0,0,0,1,0,0,1,0,0,0,2,1,0,0,0,0,0,0,11,41
2025,A,30,1,0000000001,0000001119,許基宏,74,先發,4,4,2,0,2,0,0,0,4,2,1,0,0,0,0,1,0,0,0,0,0,0,0,11,30
2025,A,30,1,0000000001,0000002285,高宇杰,65,先發,4,4,0,0,0,0,0,0,0,0,0,0,0,0,0,1,0,0,0,0,0,0,0,11,36
2025,A,30,1,0000000001,0000002291,岳東華,98,先發,4,4,1,1,0,0,0,0,1,0,0,0,0,0,0,1,0,0,0,0,0,0,0,6,28
2025,A,30,1,0000000001,0000002297,詹子賢,39,先發,4,4,2,2,0,0,0,0,2,0,0,0,0,0,0,0,0,0,0,0,0,1,0,11,36
2025,A,30,1,0000000001,0000003609,陳俊秀,29,先發,4,4,3,2,1,0,0,0,4,1,0,0,0,0,0,1,0,0,0,0,0,0,0,7,29
2025,A,30,1,0000000001,0000004636,江坤宇,90,先發,4,4,0,0,0,0,0,0,0,0,0,0,0,0,0,0,0,0,0,0,0,0,0,9,38
2025,A,30,1,0000000001,0000005569,曾頌恩,1,先發,4,4,0,0,0,0,0,0,0,0,0,0,0,0,0,1,0,0,0,0,0,0,0,4,28
2025,A,30,1,0000000001,0000006225,宋晟睿,88,先發,5,4,2,1,0,1,0,0,4,0,0,2,1,0,0,0,0,0,0,0,0,0,0,12,43
2025,A,30,2,0000000001,0000000132,梁家榮,5,先發,4,3,0,0,0,0,0,0,0,0,0,0,1,0,0,0,0,0,0,0,0,0,0,6,31
2025,A,30,2,0000000001,0000000158,廖健富,58,先發,4,4,0,0,0,0,0,0,0,0,0,0,0,0,0,2,0,0,0,0,1,0,0,1,19
2025,A,30,2,0000000001,0000000159,成晉,35,先發,3,3,0,0,0,0,0,0,0,0,0,0,0,0,0,1,0,0,0,0,0,0,0,5,22
2025,A,30,2,0000000001,0000001618,林子偉,15,先發,4,4,1,0,1,0,0,0,2,0,0,0,0,0,0,0,0,0,0,0,0,0,0,13,34
2025,A,30,2,0000000001,0000002282,張閔勛,28,非先發,0,0,0,0,0,0,0,0,0,0,0,0,0,0,0,0,0,0,0,0,0,0,0,4,13
2025,A,30,2,0000000001,0000002286,林立,39,先發,4,4,1,1,0,0,0,0,1,0,0,0,0,0,0,0,0,0,0,0,0,0,0,16,41
2025,A,30,2,0000000001,0000003345,林智平,79,非先發,1,1,1,1,0,0,0,0,1,0,0,1,0,0,0,0,0,0,0,0,0,0,0,6,19
2025,A,30,2,0000000001,0000003467,林泓育,11,先發,4,3,0,0,0,0,0,0,0,0,0,0,0,0,1,2,0,0,0,0,0,0,0,10,30
2025,A,30,2,0000000001,0000003563,余德龍,36,非先發,1,1,0,0,0,0,0,0,0,0,0,0,0,0,0,1,0,0,0,0,0,0,0,4,10
2025,A,30,2,0000000001,0000004633,陳晨威,98,先發,4,2,0,0,0,0,0,0,0,0,0,1,2,0,0,1,0,0,0,0,0,0,0,12,35
2025,A,30,2,0000000001,0000006240,馬傑森,94,先發,2,2,0,0,0,0,0,0,0,0,0,0,0,0,0,0,0,0,0,0,0,0,0,5,23
2025,A,30,2,0000000001,0000006854,宋嘉翔,2,先發,2,2,0,0,0,0,0,0,0,0,0,0,0,0,0,0,0,0,0,0,0,0,0,3,13
2025,A,31,1,0000000001,0000000753,杜家明,71,先發,4,4,1,0,1,0,0,0,2,1,0,0,0,0,0,1,0,0,0,0,0,0,0,6,20
2025,A,31,1,0000000001,0000000935,王柏融,9,先發,4,2,0,0,0,0,0,0,0,0,0,0,2,0,0,1,0,0,0,0,0,0,0,6,34
2025,A,31,1,0000000001,0000001291,郭阜林,59,先發,4,4,1,1,0,0,0,0,1,0,0,0,0,0,0,1,0,0,0,0,0,0,0,1,4
2025,A,31,1,0000000001,0000003533,藍寅倫,88,先發,2,2,0,0,0,0,0,0,0,0,0,0,0,0,0,1,0,0,0,0,0,0,0,1,10
2025,A,31,1,0000000001,0000003649,吳念庭,39,先發,4,4,1,1,0,0,0,0,1,0,0,0,0,0,0,0,0,0,0,0,0,0,0,6,36
2025,A,31,1,0000000001,0000005340,王博玄,6,先發,5,4,0,0,0,0,0,0,0,1,0,0,0,0,0,1,0,0,0,1,0,0,0,5,35
2025,A,31,1,0000000001,0000006211,張肇元,29,先發,4,4,1,0,1,0,0,0,2,1,0,1,0,0,0,0,0,0,0,0,0,0,0,9,35
2025,A,31,1,0000000001,0000006927,曾子祐,1,先發,5,5,3,2,1,0,0,0,4,0,0,1,0,0,0,0,0,0,0,0,0,1,0,13,40
2025,A,31,1,0000000001,0000006938,吳柏萱,15,非先發,2,2,1,0,1,0,0,0,2,0,0,1,0,0,0,1,0,0,0,0,0,0,0,1,2
2025,A,31,1,0000000001,0000007301,曾昱磬,44,先發,5,4,0,0,0,0,0,0,0,0,0,0,1,0,0,0,0,0,0,0,0,0,0,8,30
2025,A,31,2,0000000001,0000000361,張洺瑀,33,非先發,1,1,0,0,0,0,0,0,0,0,0,0,0,0,0,1,0,0,0,0,0,0,0,0,1
2025,A,31,2,0000000001,0000000362,申皓瑋,29,先發,4,3,0,0,0,0,0,0,0,0,0,1,1,0,0,0,0,0,0,0,0,0,0,8,35
2025,A,31,2,0000000001,0000001118,高國麟,98,先發,2,2,1,1,0,0,0,0,1,0,0,0,0,0,0,0,0,0,0,0,0,0,0,3,11
2025,A,31,2,0000000001,0000001473,李宗賢,22,先發,4,4,1,1,0,0,0,0,1,0,0,1,0,0,0,1,0,0,0,0,0,0,0,7,37
2025,A,31,2,0000000001,0000004645,戴培峰,95,先發,4,2,0,0,0,0,0,0,0,1,0,1,1,0,0,1,0,0,0,1,0,0,0,13,35
2025,A,31,2,0000000001,0000005310,陳真,7,先發,4,4,2,1,1,0,0,0,3,0,0,1,0,0,0,0,0,0,0,0,0,0,0,6,20
2025,A,31,2,0000000001,0000006737,董子恩,78,先發,3,3,1,0,1,0,0,0,2,2,0,0,0,0,0,1,0,0,0,0,0,0,0,12,36
2025,A,31,2,0000000001,0000006738,孔念恩,82,先發,3,3,0,0,0,0,0,0,0,0,0,0,0,0,0,1,0,0,0,0,0,0,0,6,15
2025,A,31,2,0000000001,0000006868,周佳樂,77,非先發,0,0,0,0,0,0,0,0,0,0,0,1,0,0,0,0,0,0,0,0,0,0,0,4,17
2025,A,31,2,0000000001,0000006888,張育成,99,先發,4,4,1,0,0,0,1,0,4,3,1,1,0,0,0,1,0,0,0,0,0,0,0,6,29
2025,A,31,2,0000000001,0000007089,王念好,5,先發,3,3,1,1,0,0,0,0,1,0,0,0,0,0,0,2,0,1,0,0,0,1,0,4,24
2025,A,32,1,0000000001,0000003609,陳俊秀,29,先發,4,2,0,0,0,0,0,0,0,0,0,0,1,0,1,1,0,0,0,0,0,0,0,7,31
2025,A,32,1,0000000001,0000004636,江坤宇,90,先發,4,3,1,1,0,0,0,0,1,0,0,0,0,0,1,0,0,0,0,0,0,0,0,10,41
2025,A,32,1,0000000001,0000005298,黃韋盛,66,非先發,2,2,1,1,0,0,0,0,1,0,0,0,0,0,0,0,0,0,0,0,0,0,0,2,16
2025,A,32,1,0000000001,0000005569,曾頌恩,1,非先發,2,1,0,0,0,0,0,0,0,0,0,1,1,0,0,1,0,0,0,0,0,0,0,4,29
2025,A,32,1,0000000001,0000006224,林吳晉瑋,0,先發,4,2,0,0,0,0,0,0,0,0,0,0,1,0,0,1,0,0,1,0,0,0,0,0,2
2025,A,32,1,0000000001,0000006225,宋晟睿,88,先發,4,3,2,2,0,0,0,0,2,2,0,0,1,0,0,1,0,1,0,0,0,0,0,14,46
2025,A,32,1,0000000001,0000006730,張仁瑋,28,非先發,2,2,0,0,0,0,0,0,0,0,0,0,0,0,0,0,0,0,0,0,0,0,0,0,3
2025,A,32,2,0000000001,0000000132,梁家榮,5,先發,4,2,1,1,0,0,0,0,1,1,0,1,2,0,0,0,0,0,0,0,0,0,0,7,33
2025,A,32,2,0000000001,0000000158,廖健富,58,非先發,1,0,0,0,0,0,0,0,0,0,0,0,1,0,0,0,0,0,0,0,0,0,0,1,19
2025,A,32,2,0000000001,0000000159,成晉,35,先發,2,1,0,0,0,0,0,0,0,0,0,0,0,0,1,0,0,0,0,0,0,0,0,5,23
2025,A,32,2,0000000001,0000001286,馮健庭,45,先發,4,4,1,0,1,0,0,0,2,0,0,1,0,0,0,0,0,0,0,0,0,0,0,3,9
2025,A,32,2,0000000001,0000002282,張閔勛,28,先發,4,4,2,2,0,0,0,0,2,0,0,0,0,0,0,0,0,0,0,0,0,0,0,6,17
2025,A,32,2,0000000001,0000002286,林立,39,先發,4,3,1,0,1,0,0,0,2,0,0,1,1,1,0,1,0,0,0,0,0,0,0,17,44
2025,A,32,2,0000000001,0000003345,林智平,79,先發,4,4,0,0,0,0,0,0,0,0,0,0,0,0,0,1,0,0,0,0,0,0,0,6,23
2025,A,32,2,0000000001,0000003467,林泓育,11,先發,4,4,1,1,0,0,0,0,1,0,0,0,0,0,0,0,0,0,0,0,0,0,0,11,34
2025,A,32,2,0000000001,0000004633,陳晨威,98,先發,4,4,0,0,0,0,0,0,0,0,0,0,0,0,0,0,0,0,0,0,0,0,0,12,39
2025,A,32,2,0000000001,0000006235,林政華,65,非先發,1,1,0,0,0,0,0,0,0,0,0,1,0,0,0,0,0,0,0,0,0,0,0,2,7
2025,A,32,2,0000000001,0000006240,馬傑森,94,先發,4,3,1,0,1,0,0,0,2,3,1,0,0,0,0,0,0,0,1,0,0,0,1,6,26
2025,A,32,2,0000000001,0000007076,李勛傑,95,非先發,0,0,0,0,0,0,0,0,0,0,0,0,0,0,0,0,0,0,0,0,0,0,0,0,2
2025,A,32,1,0000000001,0000001119,許基宏,74,先發,4,4,1,1,0,0,0,0,1,0,0,0,0,0,0,0,0,0,0,0,0,0,0,12,34
2025,A,32,1,0000000001,0000002291,岳東華,98,先發,2,1,0,0,0,0,0,0,0,0,0,1,1,0,0,0,0,0,0,0,1,0,0,6,29
2025,A,32,1,0000000001,0000002297,詹子賢,39,先發,2,1,0,0,0,0,0,0,0,0,0,0,1,0,0,0,0,0,0,0,0,0,0,11,37
2025,A,32,1,0000000001,0000002307,王政順,61,先發,4,4,0,0,0,0,0,0,0,0,0,0,0,0,0,1,0,0,0,0,1,0,0,6,20
2025,A,32,1,0000000001,0000003183,張志豪,7,先發,3,3,0,0,0,0,0,0,0,0,0,0,0,0,0,2,0,0,0,0,0,0,0,6,24
2025,A,33,1,0000000001,0000000743,陳子豪,1,先發,5,4,1,0,1,0,0,0,2,0,0,0,0,0,1,0,0,0,0,0,0,0,0,5,32
2025,A,33,1,0000000001,0000003343,郭嚴文,6,先發,4,4,0,0,0,0,0,0,0,0,0,0,0,0,0,2,0,0,0,0,0,0,0,6,23
2025,A,33,1,0000000001,0000003625,吉力吉撈．鞏冠,4,先發,4,1,0,0,0,0,0,0,0,0,0,1,3,0,0,0,0,0,0,0,0,0,0,9,32
2025,A,33,1,0000000001,0000005291,蔣少宏,63,先發,4,3,0,0,0,0,0,0,0,0,0,0,1,0,0,1,0,0,0,0,0,0,0,4,16
2025,A,33,1,0000000001,0000005540,李凱威,21,先發,5,4,0,0,0,0,0,0,0,0,0,0,1,0,0,0,0,0,0,0,0,0,0,12,38
2025,A,33,1,0000000001,0000005542,張政禹,25,先發,4,4,1,1,0,0,0,0,1,0,0,0,0,0,0,0,0,0,0,0,0,0,0,8,22
2025,A,33,1,0000000001,0000005545,劉基鴻,46,先發,4,4,1,1,0,0,0,0,1,0,0,0,0,0,0,0,0,0,0,0,0,0,0,9,32
2025,A,33,1,0000000001,0000005549,郭天信,2,先發,4,3,1,1,0,0,0,0,1,1,1,0,1,0,0,0,0,0,0,0,0,0,0,14,38
2025,A,33,1,0000000001,0000006879,冉承霖,82,非先發,0,0,0,0,0,0,0,0,0,0,0,0,0,0,0,0,0,0,0,0,0,0,0,0,0
2025,A,33,1,0000000001,0000007304,曾聖安,50,先發,4,4,0,0,0,0,0,0,0,0,0,0,0,0,0,2,0,0,0,0,0,0,0,7,34
2025,A,33,2,0000000001,0000001804,陳傑憲,24,先發,4,4,0,0,0,0,0,0,0,0,0,0,0,0,0,1,0,0,0,0,0,0,0,14,46
2025,A,33,2,0000000001,0000002275,林安可,77,先發,3,3,1,1,0,0,0,0,1,0,0,0,0,0,0,1,0,0,0,0,0,0,0,13,36
2025,A,33,2,0000000001,0000002289,陳重廷,66,先發,3,3,0,0,0,0,0,0,0,0,0,0,0,0,0,0,0,0,0,0,0,0,0,6,20
2025,A,33,2,0000000001,0000002298,陳重羽,65,先發,3,2,0,0,0,0,0,0,0,0,0,0,0,0,1,0,0,0,0,0,0,0,0,4,23
2025,A,33,2,0000000001,0000002707,潘傑楷,35,先發,3,3,0,0,0,0,0,0,0,0,0,0,0,0,0,0,0,0,0,0,0,0,0,13,41
2025,A,33,2,0000000001,0000004642,林靖凱,64,先發,3,2,1,1,0,0,0,0,1,0,0,0,0,0,0,0,0,0,1,0,0,0,0,3,15
2025,A,33,2,0000000001,0000005306,許哲晏,10,先發,2,2,0,0,0,0,0,0,0,0,0,0,0,0,0,0,0,0,0,0,0,0,0,1,11
2025,A,33,2,0000000001,0000005522,朱迦恩,8,非先發,1,1,0,0,0,0,0,0,0,0,0,0,0,0,0,0,0,0,0,0,0,0,0,3,12
2025,A,33,2,0000000001,0000005531,邱智呈,14,先發,4,3,0,0,0,0,0,0,0,0,0,0,1,0,0,0,0,0,0,0,0,0,0,11,47
2025,A,33,2,0000000001,0000007070,林佳緯,20,先發,4,4,0,0,0,0,0,0,0,0,0,0,0,0,0,1,0,0,0,0,0,0,0,2,17
2025,A,34,1,0000000001,0000000753,杜家明,71,先發,5,5,2,1,0,0,1,0,5,3,1,1,0,0,0,2,0,0,0,0,0,0,1,8,25
2025,A,34,1,0000000001,0000000935,王柏融,9,先發,4,3,2,1,1,0,0,0,3,0,0,0,1,0,0,0,0,0,0,0,0,0,0,8,37
2025,A,34,1,0000000001,0000001291,郭阜林,59,先發,3,2,0,0,0,0,0,0,0,0,0,0,0,0,1,0,0,0,0,0,0,0,0,1,6
2025,A,34,1,0000000001,0000003533,藍寅倫,88,非先發,1,1,1,1,0,0,0,0,1,1,0,0,0,0,0,0,0,0,0,0,0,0,0,2,11
2025,A,34,1,0000000001,0000003649,吳念庭,39,先發,5,4,1,0,1,0,0,0,2,0,0,1,1,0,0,0,0,1,0,0,0,0,0,7,40
2025,A,34,1,0000000001,0000005340,王博玄,6,先發,5,4,1,1,0,0,0,0,1,0,0,1,1,0,0,0,0,0,0,0,0,0,0,6,39
2025,A,34,1,0000000001,0000006211,張肇元,29,先發,5,4,0,0,0,0,0,0,0,0,0,0,0,0,0,0,0,0,1,0,0,0,0,9,39
2025,A,34,1,0000000001,0000006926,陳致嘉,33,非先發,0,0,0,0,0,0,0,0,0,0,0,0,0,0,0,0,0,0,0,0,0,0,0,0,0
2025,A,34,1,0000000001,0000006927,曾子祐,1,先發,5,5,0,0,0,0,0,0,0,0,0,0,0,0,0,0,0,0,0,0,0,0,0,13,45
2025,A,34,1,0000000001,0000006928,林家鋐,16,非先發,1,1,1,1,0,0,0,0,1,0,0,0,0,0,0,0,0,0,0,0,0,0,0,4,17
2025,A,34,1,0000000001,0000006938,吳柏萱,15,先發,2,2,0,0,0,0,0,0,0,0,0,0,0,0,0,2,0,0,0,0,0,0,0,1,4
2025,A,34,1,0000000001,0000006940,葉保弟,73,非先發,1,0,0,0,0,0,0,0,0,0,0,0,1,0,0,0,0,0,0,0,0,0,0,1,3
2025,A,34,1,0000000001,0000007301,曾昱磬,44,先發,5,4,0,0,0,0,0,0,0,0,0,1,1,0,0,1,0,0,0,0,1,0,0,8,34
2025,A,34,2,0000000001,0000000362,申皓瑋,29,非先發,1,1,0,0,0,0,0,0,0,0,0,0,0,0,0,0,0,0,0,0,0,0,0,8,36
2025,A,34,2,0000000001,0000001118,高國麟,98,先發,4,4,1,1,0,0,0,0,1,0,0,0,0,0,0,0,0,0,0,0,0,0,0,4,15
2025,A,34,2,0000000001,0000001473,李宗賢,22,先發,5,5,1,1,0,0,0,0,1,1,0,0,0,0,0,0,1,0,0,0,0,0,0,8,42
2025,A,34,2,0000000001,0000004645,戴培峰,95,先發,4,3,0,0,0,0,0,0,0,0,0,0,1,0,0,1,0,0,0,0,0,0,0,13,38
2025,A,34,2,0000000001,0000005310,陳真,7,先發,4,2,0,0,0,0,0,0,0,0,0,1,2,0,0,2,0,0,0,0,0,0,0,6,22
2025,A,34,2,0000000001,0000006737,董子恩,78,先發,4,3,0,0,0,0,0,0,0,1,0,0,0,0,0,1,0,0,0,1,0,0,0,12,39
2025,A,34,2,0000000001,0000006738,孔念恩,82,先發,4,4,1,1,0,0,0,0,1,0,0,0,0,0,0,0,0,0,0,0,0,0,0,7,19
2025,A,34,2,0000000001,0000006806,池恩齊,97,非先發,1,1,0,0,0,0,0,0,0,0,0,0,0,0,0,1,0,0,0,0,0,0,0,4,15
2025,A,34,2,0000000001,0000006868,周佳樂,77,先發,4,3,1,0,1,0,0,0,2,0,0,1,1,0,0,0,0,0,0,0,0,0,0,5,20
2025,A,34,2,0000000001,0000006888,張育成,99,先發,5,5,1,1,0,0,0,0,1,0,0,0,0,0,0,0,0,0,0,0,0,0,0,7,34
2025,A,34,2,0000000001,0000007089,王念好,5,先發,3,3,1,0,1,0,0,0,2,0,0,0,0,0,0,2,0,0,0,0,0,0,0,5,27
2025,A,35,1,0000000001,0000006211,張肇元,29,先發,4,4,2,1,0,0,1,0,5,1,0,1,0,0,0,1,0,0,0,0,0,0,0,11,43
2025,A,35,1,0000000001,0000006927,曾子祐,1,先發,5,5,2,2,0,0,0,0,2,0,0,0,0,0,0,1,0,0,0,0,0,0,0,15,50
2025,A,35,1,0000000001,0000006928,林家鋐,16,先發,4,4,0,0,0,0,0,0,0,0,0,0,0,0,0,1,0,0,0,0,0,0,0,4,21
2025,A,35,1,0000000001,0000007301,曾昱磬,44,先發,4,2,0,0,0,0,0,0,0,1,1,0,1,0,0,0,0,0,0,1,0,0,0,8,36
2025,A,35,2,0000000001,0000001119,許基宏,74,先發,5,4,1,1,0,0,0,0,1,0,0,1,0,0,1,1,0,0,0,0,0,0,0,13,38
2025,A,35,2,0000000001,0000002285,高宇杰,65,先發,4,4,1,0,0,1,0,0,3,0,0,0,0,0,0,1,0,0,0,0,0,0,0,12,40
2025,A,35,2,0000000001,0000002291,岳東華,98,先發,4,3,2,2,0,0,0,0,2,1,0,0,1,0,0,0,0,0,0,0,0,0,0,8,32
2025,A,35,2,0000000001,0000002297,詹子賢,39,先發,4,4,1,1,0,0,0,0,1,1,0,0,0,0,0,0,0,0,0,0,0,0,0,12,41
2025,A,35,2,0000000001,0000002307,王政順,61,非先發,2,1,0,0,0,0,0,0,0,0,0,0,1,0,0,0,0,0,0,0,0,0,0,6,21
2025,A,35,2,0000000001,0000003183,張志豪,7,非先發,1,1,0,0,0,0,0,0,0,0,0,0,0,0,0,0,0,0,0,0,0,0,0,6,25
2025,A,35,2,0000000001,0000003609,陳俊秀,29,先發,5,5,1,0,1,0,0,0,2,0,0,1,0,0,0,1,0,0,0,0,0,0,0,8,36
2025,A,35,2,0000000001,0000004636,江坤宇,90,先發,4,3,1,1,0,0,0,0,1,0,0,0,1,0,0,0,0,0,0,0,0,0,0,11,44
2025,A,35,2,0000000001,0000005298,黃韋盛,66,先發,3,3,0,0,0,0,0,0,0,0,0,0,0,0,0,2,0,0,0,0,0,0,0,2,19
2025,A,35,2,0000000001,0000005569,曾頌恩,1,先發,4,4,1,0,1,0,0,0,2,1,0,1,0,0,0,1,0,0,0,0,1,0,0,5,33
2025,A,35,2,0000000001,0000006225,宋晟睿,88,先發,4,3,0,0,0,0,0,0,0,0,0,0,1,0,0,1,0,0,0,0,0,0,0,14,49
2025,A,35,2,0000000001,0000006730,張仁瑋,28,非先發,0,0,0,0,0,0,0,0,0,0,0,0,0,0,0,0,0,0,0,0,0,0,0,0,3
2025,A,35,1,0000000001,0000000753,杜家明,71,先發,4,3,1,0,1,0,0,0,2,0,0,0,0,0,0,1,0,0,1,0,0,0,0,9,28
2025,A,35,1,0000000001,0000000935,王柏融,9,先發,4,2,1,0,1,0,0,0,2,0,0,1,1,0,1,0,0,0,0,0,0,0,0,9,39
2025,A,35,1,0000000001,0000003533,藍寅倫,88,先發,4,4,0,0,0,0,0,0,0,1,0,0,0,0,0,0,0,0,0,0,0,0,0,2,15
2025,A,35,1,0000000001,0000003649,吳念庭,39,先發,4,4,2,2,0,0,0,0,2,1,0,1,0,0,0,0,0,0,0,0,1,0,0,9,44
2025,A,35,1,0000000001,0000005340,王博玄,6,先發,5,5,2,2,0,0,0,0,2,0,0,1,0,0,0,0,1,0,0,0,0,0,0,8,44
2025,A,36,1,0000000001,0000000132,梁家榮,5,先發,3,3,0,0,0,0,0,0,0,0,0,0,0,0,0,1,0,0,0,0,0,0,0,7,36
2025,A,36,1,0000000001,0000000159,成晉,35,先發,3,3,0,0,0,0,0,0,0,0,0,0,0,0,0,0,0,0,0,0,0,0,0,5,26
2025,A,36,1,0000000001,0000001618,林子偉,15,先發,4,4,1,1,0,0,0,0,1,0,0,0,0,0,0,3,0,0,0,0,0,0,0,14,38
2025,A,36,1,0000000001,0000002282,張閔勛,28,先發,3,3,0,0,0,0,0,0,0,0,0,0,0,0,0,2,0,0,0,0,0,0,0,6,20
2025,A,36,1,0000000001,0000002286,林立,39,先發,4,4,2,2,0,0,0,0,2,0,0,0,0,0,0,0,0,2,0,0,0,0,0,19,48
2025,A,36,1,0000000001,0000003467,林泓育,11,先發,3,3,1,1,0,0,0,0,1,1,1,0,0,0,0,1,0,0,0,0,0,0,0,12,37
2025,A,36,1,0000000001,0000004633,陳晨威,98,先發,4,4,1,1,0,0,0,0,1,0,0,1,0,0,0,1,0,0,0,0,0,0,0,13,43
2025,A,36,1,0000000001,0000006240,馬傑森,94,先發,3,3,0,0,0,0,0,0,0,0,0,0,0,0,0,0,0,0,0,0,0,0,0,6,29
2025,A,36,1,0000000001,0000007076,李勛傑,95,先發,3,3,0,0,0,0,0,0,0,0,0,0,0,0,0,1,0,0,0,0,0,0,0,0,5
2025,A,36,2,0000000001,0000000743,陳子豪,1,先發,4,3,1,1,0,0,0,0,1,0,0,0,1,0,0,1,0,0,0,0,0,0,0,6,35
2025,A,36,2,0000000001,0000003343,郭嚴文,6,先發,4,4,1,0,1,0,0,0,2,0,0,0,0,0,0,1,0,0,0,0,0,0,0,7,27
2025,A,36,2,0000000001,0000003625,吉力吉撈．鞏冠,4,先發,4,3,0,0,0,0,0,0,0,0,0,0,1,0,0,2,0,0,0,0,0,0,0,9,35
2025,A,36,2,0000000001,0000005291,蔣少宏,63,先發,4,2,0,0,0,0,0,0,0,0,0,0,2,0,0,2,0,0,0,0,0,0,0,4,18
2025,A,36,2,0000000001,0000005540,李凱威,21,先發,4,3,0,0,0,0,0,0,0,0,0,0,1,0,0,1,0,0,0,0,0,0,0,12,41
2025,A,36,2,0000000001,0000005542,張政禹,25,先發,4,3,2,1,1,0,0,0,3,0,0,0,1,0,0,0,0,1,0,0,1,0,0,10,25
2025,A,36,2,0000000001,0000005545,劉基鴻,46,先發,4,4,0,0,0,0,0,0,0,0,0,0,0,0,0,0,0,0,0,0,1,0,0,9,36
2025,A,36,2,0000000001,0000005549,郭天信,2,先發,4,4,2,2,0,0,0,0,2,0,0,0,0,0,0,0,1,0,0,0,0,0,0,16,42
2025,A,36,2,0000000001,0000006216,王順和,24,非先發,0,0,0,0,0,0,0,0,0,0,0,0,0,0,0,0,0,0,0,0,0,0,0,4,9
2025,A,36,2,0000000001,0000006879,冉承霖,82,非先發,0,0,0,0,0,0,0,0,0,0,0,0,0,0,0,0,0,0,0,0,0,0,0,0,0
2025,A,36,2,0000000001,0000007079,劉俊緯,23,非先發,0,0,0,0,0,0,0,0,0,0,0,0,0,0,0,0,0,0,0,0,0,0,0,6,20
2025,A,36,2,0000000001,0000007304,曾聖安,50,先發,4,4,1,1,0,0,0,0,1,0,0,0,0,0,0,1,0,0,0,0,0,0,0,8,38
2025,A,37,1,0000000001,0000006940,葉保弟,73,先發,2,2,0,0,0,0,0,0,0,0,0,0,0,0,0,2,0,0,0,0,0,0,0,1,5
2025,A,37,1,0000000001,0000007301,曾昱磬,44,先發,4,4,0,0,0,0,0,0,0,0,0,0,0,0,0,3,0,0,0,0,0,0,0,8,40
2025,A,37,2,0000000001,0000000929,王威晨,9,先發,4,3,0,0,0,0,0,0,0,0,0,1,1,0,0,2,0,0,0,0,0,0,0,11,44
2025,A,37,2,0000000001,0000001119,許基宏,74,先發,4,4,2,2,0,0,0,0,2,1,1,0,0,0,0,1,0,0,0,0,0,0,0,15,42
2025,A,37,2,0000000001,0000002285,高宇杰,65,先發,3,3,0,0,0,0,0,0,0,0,0,0,0,0,0,0,0,0,0,0,0,0,0,12,43
2025,A,37,2,0000000001,0000002291,岳東華,98,先發,3,3,1,0,1,0,0,0,2,0,0,0,0,0,0,2,0,0,0,0,0,0,0,9,35
2025,A,37,2,0000000001,0000002297,詹子賢,39,先發,4,4,1,1,0,0,0,0,1,1,0,0,0,0,0,0,0,0,0,0,0,0,0,13,45
2025,A,37,2,0000000001,0000002307,王政順,61,先發,4,4,2,1,1,0,0,0,3,0,0,1,0,0,0,1,0,0,0,0,0,0,0,8,25
2025,A,37,2,0000000001,0000003183,張志豪,7,先發,4,4,1,1,0,0,0,0,1,0,0,1,0,0,0,2,0,0,0,0,0,0,0,7,29
2025,A,37,2,0000000001,0000004636,江坤宇,90,先發,4,2,1,1,0,0,0,0,1,1,0,0,0,0,1,0,0,0,0,1,0,0,0,12,46
2025,A,37,2,0000000001,0000006225,宋晟睿,88,先發,4,3,0,0,0,0,0,0,0,0,0,0,0,0,0,1,0,0,1,0,0,0,0,14,52
2025,A,37,1,0000000001,0000000753,杜家明,71,先發,4,4,0,0,0,0,0,0,0,0,0,0,0,0,0,1,0,0,0,0,0,0,0,9,32
2025,A,37,1,0000000001,0000000935,王柏融,9,先發,3,3,1,0,1,0,0,0,2,0,0,0,0,0,0,2,0,0,0,0,0,0,0,10,42
2025,A,37,1,0000000001,0000003533,藍寅倫,88,非先發,1,1,1,1,0,0,0,0,1,0,0,0,0,0,0,0,0,0,0,0,0,0,0,3,16
2025,A,37,1,0000000001,0000003649,吳念庭,39,先發,4,4,0,0,0,0,0,0,0,0,0,0,0,0,0,2,0,0,0,0,0,0,0,9,48
2025,A,37,1,0000000001,0000005340,王博玄,6,先發,4,4,1,1,0,0,0,0,1,0,0,0,0,0,0,0,0,0,0,0,0,0,0,9,48
2025,A,37,1,0000000001,0000006211,張肇元,29,先發,4,4,0,0,0,0,0,0,0,0,0,0,0,0,0,2,0,0,0,0,0,0,0,11,47
2025,A,37,1,0000000001,0000006927,曾子祐,1,先發,4,4,1,1,0,0,0,0,1,0,0,0,0,0,0,0,0,0,0,0,0,0,0,16,54
2025,A,37,1,0000000001,0000006931,黃劼希,42,先發,3,3,1,1,0,0,0,0,1,0,0,0,0,0,0,1,0,0,0,0,0,0,0,1,3
2025,A,38,1,0000000001,0000000158,廖健富,58,非先發,1,1,0,0,0,0,0,0,0,0,0,0,0,0,0,1,0,0,0,0,0,0,0,1,20
2025,A,38,1,0000000001,0000000159,成晉,35,先發,2,2,0,0,0,0,0,0,0,0,0,0,0,0,0,0,0,0,0,0,0,0,0,5,28
2025,A,38,1,0000000001,0000001286,馮健庭,45,先發,4,3,1,1,0,0,0,0,1,0,0,0,0,0,0,0,0,0,1,0,1,0,0,4,12
2025,A,38,1,0000000001,0000001618,林子偉,15,先發,4,4,0,0,0,0,0,0,0,0,0,0,0,0,0,2,0,0,0,0,0,0,0,14,42
2025,A,38,1,0000000001,0000002282,張閔勛,28,先發,2,2,0,0,0,0,0,0,0,0,0,0,0,0,0,0,0,0,0,0,0,0,0,6,22
2025,A,38,1,0000000001,0000002286,林立,39,先發,4,4,2,1,0,0,1,0,5,3,0,1,0,0,0,0,1,0,0,0,0,0,0,21,52
2025,A,38,1,0000000001,0000003345,林智平,79,非先發,0,0,0,0,0,0,0,0,0,0,0,1,0,0,0,0,0,0,0,0,0,0,0,6,23
2025,A,38,1,0000000001,0000003467,林泓育,11,先發,4,4,2,1,1,0,0,0,3,0,0,0,0,0,0,0,0,0,0,0,0,0,0,14,41
2025,A,38,1,0000000001,0000004633,陳晨威,98,先發,4,3,1,0,1,0,0,0,2,0,0,1,1,0,0,0,0,0,0,0,0,0,0,14,46
2025,A,38,1,0000000001,0000006235,林政華,65,非先發,2,2,0,0,0,0,0,0,0,0,0,0,0,0,0,1,0,0,0,0,0,0,0,2,9
2025,A,38,1,0000000001,0000006240,馬傑森,94,先發,3,3,1,1,0,0,0,0,1,0,0,1,0,0,0,0,0,0,0,0,0,1,0,7,32
2025,A,38,1,0000000001,0000006854,宋嘉翔,2,非先發,1,1,1,1,0,0,0,0,1,1,0,0,0,0,0,0,0,0,0,0,0,0,0,4,14
2025,A,38,1,0000000001,0000007076,李勛傑,95,先發,3,3,0,0,0,0,0,0,0,0,0,0,0,0,0,1,0,0,0,0,0,0,0,0,8
2025,A,38,2,0000000001,0000000743,陳子豪,1,先發,4,3,1,1,0,0,0,0,1,0,0,0,1,0,0,2,0,0,0,0,0,0,0,7,38
2025,A,38,2,0000000001,0000003343,郭嚴文,6,先發,4,3,1,1,0,0,0,0,1,0,0,0,1,0,0,0,0,0,0,0,0,0,0,8,30
2025,A,38,2,0000000001,0000003625,吉力吉撈．鞏冠,4,先發,5,5,0,0,0,0,0,0,0,0,0,0,0,0,0,2,0,0,0,0,0,0,0,9,40
2025,A,38,2,0000000001,0000005291,蔣少宏,63,先發,4,2,0,0,0,0,0,0,0,0,0,1,2,0,0,1,0,0,0,0,0,0,0,4,20
2025,A,38,2,0000000001,0000005540,李凱威,21,先發,5,3,1,1,0,0,0,0,1,0,0,1,1,0,1,0,0,0,0,0,1,0,0,13,44
2025,A,38,2,0000000001,0000005542,張政禹,25,先發,5,4,2,2,0,0,0,0,2,1,0,0,0,0,0,0,0,0,1,0,0,0,0,12,29
2025,A,38,2,0000000001,0000005545,劉基鴻,46,先發,4,4,0,0,0,0,0,0,0,0,0,0,0,0,0,0,0,0,0,0,0,0,0,9,40
2025,A,38,2,0000000001,0000005549,郭天信,2,先發,4,3,2,1,0,1,0,0,4,2,0,2,1,0,0,0,0,0,0,0,0,0,1,18,45
2025,A,38,2,0000000001,0000006728,陳思仲,44,非先發,1,1,0,0,0,0,0,0,0,0,0,0,0,0,0,1,0,0,0,0,0,0,0,2,10
2025,A,38,2,0000000001,0000006879,冉承霖,82,先發,4,4,0,0,0,0,0,0,0,0,0,1,0,0,0,1,0,0,0,0,0,0,0,0,4
2025,A,38,2,0000000001,0000007304,曾聖安,50,非先發,0,0,0,0,0,0,0,0,0,0,0,0,0,0,0,0,1,0,0,0,0,0,0,8,38
2025,A,39,1,0000000001,0000000361,張洺瑀,33,非先發,3,3,0,0,0,0,0,0,0,0,0,0,0,0,0,1,0,0,0,0,0,0,0,0,4
2025,A,39,1,0000000001,0000000362,申皓瑋,29,先發,5,4,3,3,0,0,0,0,3,1,0,0,1,0,0,1,0,0,0,0,0,0,0,11,40
2025,A,39,1,0000000001,0000001118,高國麟,98,非先發,2,1,0,0,0,0,0,0,0,0,0,0,1,0,0,0,0,0,0,0,0,0,0,4,16
2025,A,39,1,0000000001,0000001473,李宗賢,22,非先發,1,1,0,0,0,0,0,0,0,0,0,0,0,0,0,0,0,0,0,0,0,0,0,8,43
2025,A,39,1,0000000001,0000004645,戴培峰,95,先發,5,5,3,3,0,0,0,0,3,0,0,0,0,0,0,0,0,0,0,0,0,0,0,16,43
2025,A,39,1,0000000001,0000005310,陳真,7,先發,2,2,0,0,0,0,0,0,0,0,0,0,0,0,0,1,0,0,0,0,1,0,0,6,24
2025,A,39,1,0000000001,0000006229,葉子霆,6,非先發,0,0,0,0,0,0,0,0,0,0,0,0,0,0,0,0,0,0,0,0,0,0,0,1,6
2025,A,39,1,0000000001,0000006737,董子恩,78,先發,3,3,0,0,0,0,0,0,0,0,0,0,0,0,0,0,0,0,0,0,0,2,0,12,42
2025,A,39,1,0000000001,0000006738,孔念恩,82,先發,5,5,2,1,0,1,0,0,4,0,0,1,0,0,0,1,0,0,0,0,1,0,0,9,24
2025,A,39,1,0000000001,0000006806,池恩齊,97,先發,4,4,1,1,0,0,0,0,1,0,0,1,0,0,0,1,0,0,0,0,0,2,0,5,19
2025,A,39,1,0000000001,0000006868,周佳樂,77,先發,5,4,0,0,0,0,0,0,0,1,0,0,1,0,0,0,0,0,0,0,0,0,0,5,24
2025,A,39,1,0000000001,0000006872,林岳谷,62,先發,4,4,3,2,1,0,0,0,4,1,0,0,0,0,0,1,0,0,0,0,0,0,0,3,10
2025,A,39,1,0000000001,0000007089,王念好,5,先發,4,1,0,0,0,0,0,0,0,0,0,1,3,0,0,1,0,0,0,0,0,0,0,5,28
2025,A,39,2,0000000001,0000001606,林岱安,31,先發,4,2,0,0,0,0,0,0,0,1,1,0,2,0,0,1,0,0,0,0,0,0,0,7,21
2025,A,39,2,0000000001,0000001804,陳傑憲,24,先發,5,4,2,1,1,0,0,0,3,3,0,1,1,0,0,0,0,0,0,0,0,0,1,16,50
2025,A,39,2,0000000001,0000002275,林安可,77,先發,5,5,1,0,1,0,0,0,2,0,0,1,0,0,0,0,0,0,0,0,0,0,0,14,41
2025,A,39,2,0000000001,0000002707,潘傑楷,35,先發,4,3,0,0,0,0,0,0,0,0,0,1,1,0,0,0,1,0,0,0,0,0,0,13,44
2025,A,39,2,0000000001,0000004642,林靖凱,64,先發,5,5,0,0,0,0,0,0,0,0,0,0,0,0,0,0,0,0,0,0,0,0,0,3,20
2025,A,39,2,0000000001,0000005306,許哲晏,10,先發,4,3,1,1,0,0,0,0,1,0,0,1,1,0,0,1,0,0,0,0,0,0,0,2,14
2025,A,39,2,0000000001,0000005522,朱迦恩,8,先發,4,3,0,0,0,0,0,0,0,0,0,1,1,0,0,2,0,0,0,0,0,0,0,3,15
2025,A,39,2,0000000001,0000005531,邱智呈,14,非先發,0,0,0,0,0,0,0,0,0,0,0,0,0,0,0,0,0,0,0,0,0,0,0,11,47
2025,A,39,2,0000000001,0000006851,林培緯,25,先發,4,4,1,1,0,0,0,0,1,2,0,0,0,0,0,0,0,0,0,0,0,0,0,5,22
2025,A,39,2,0000000001,0000007070,林佳緯,20,先發,5,2,0,0,0,0,0,0,0,1,0,2,1,0,1,0,0,0,0,1,0,0,0,2,19
2025,A,40,1,0000000001,0000000362,申皓瑋,29,先發,3,3,0,0,0,0,0,0,0,0,0,0,0,0,0,1,0,0,0,0,1,0,0,11,43
2025,A,40,1,0000000001,0000001118,高國麟,98,先發,3,3,0,0,0,0,0,0,0,0,0,0,0,0,0,0,0,0,0,0,0,0,0,4,19
2025,A,40,1,0000000001,0000001473,李宗賢,22,先發,3,3,0,0,0,0,0,0,0,0,0,0,0,0,0,1,0,0,0,0,1,0,0,8,46
2025,A,40,1,0000000001,0000004645,戴培峰,95,先發,3,3,1,1,0,0,0,0,1,0,0,0,0,0,0,1,0,0,0,0,0,0,0,17,46
2025,A,40,1,0000000001,0000005310,陳真,7,非先發,0,0,0,0,0,0,0,0,0,0,0,0,0,0,0,0,0,0,0,0,0,0,0,6,24
2025,A,40,1,0000000001,0000006738,孔念恩,82,先發,3,3,1,1,0,0,0,0,1,0,0,0,0,0,0,0,0,0,0,0,1,0,0,10,27
2025,A,40,1,0000000001,0000006806,池恩齊,97,先發,3,3,0,0,0,0,0,0,0,0,0,0,0,0,0,1,0,0,0,0,0,0,0,5,22
2025,A,40,1,0000000001,0000006868,周佳樂,77,先發,3,3,1,1,0,0,0,0,1,0,0,0,0,0,0,0,0,0,0,0,0,1,0,6,27
2025,A,40,1,0000000001,0000006872,林岳谷,62,先發,3,3,0,0,0,0,0,0,0,0,0,0,0,0,0,0,0,0,0,0,0,0,0,3,13
2025,A,40,1,0000000001,0000006909,豊暐,43,非先發,0,0,0,0,0,0,0,0,0,0,0,0,0,0,0,0,0,0,0,0,0,0,0,0,0
2025,A,40,1,0000000001,0000007089,王念好,5,先發,3,2,0,0,0,0,0,0,0,0,0,0,1,0,0,1,0,0,0,0,0,0,0,5,30
2025,A,40,2,0000000001,0000001606,林岱安,31,先發,4,4,2,1,0,0,1,0,5,1,0,1,0,0,0,0,0,0,0,0,0,0,0,9,25
2025,A,40,2,0000000001,0000001804,陳傑憲,24,先發,5,5,2,2,0,0,0,0,2,0,0,3,0,0,0,0,0,0,0,0,0,0,0,18,55
2025,A,40,2,0000000001,0000002289,陳重廷,66,先發,3,3,0,0,0,0,0,0,0,0,0,0,0,0,0,1,0,0,0,0,0,0,0,6,23
2025,A,40,2,0000000001,0000002707,潘傑楷,35,先發,4,2,1,1,0,0,0,0,1,0,0,1,2,0,0,1,1,0,0,0,0,0,0,14,46
2025,A,40,2,0000000001,0000004642,林靖凱,64,先發,4,3,1,1,0,0,0,0,1,0,0,0,1,0,0,0,1,0,0,0,0,0,0,4,23
2025,A,40,2,0000000001,0000005306,許哲晏,10,先發,4,4,0,0,0,0,0,0,0,0,0,0,0,0,0,1,0,0,0,0,0,0,0,2,18
2025,A,40,2,0000000001,0000005522,朱迦恩,8,非先發,1,1,0,0,0,0,0,0,0,0,0,0,0,0,0,0,0,0,0,0,0,0,0,3,16
2025,A,40,2,0000000001,0000005531,邱智呈,14,先發,4,4,0,0,0,0,0,0,0,0,0,0,0,0,0,0,0,0,0,0,1,0,0,11,51
2025,A,40,2,0000000001,0000006223,林子豪,2,非先發,1,1,1,1,0,0,0,0,1,1,0,0,0,0,0,0,0,0,0,0,0,0,0,8,30
2025,A,40,2,0000000001,0000006851,林培緯,25,先發,4,4,3,2,0,0,1,0,6,3,1,1,0,0,0,0,0,0,0,0,0,0,0,8,26
2025,A,40,2,0000000001,0000007070,林佳緯,20,先發,5,3,2,1,1,0,0,0,3,0,0,0,1,0,1,0,0,0,0,0,0,0,0,4,22
2025,A,41,1,0000000001,0000000361,張洺瑀,33,非先發,1,1,0,0,0,0,0,0,0,0,0,0,0,0,0,0,0,0,0,0,0,0,0,0,5
2025,A,41,1,0000000001,0000000362,申皓瑋,29,先發,4,4,0,0,0,0,0,0,0,0,0,0,0,0,0,2,0,0,0,0,0,0,0,11,47
2025,A,41,1,0000000001,0000001118,高國麟,98,先發,3,3,1,1,0,0,0,0,1,0,0,0,0,0,0,0,0,0,0,0,0,0,0,5,22
2025,A,41,1,0000000001,0000004645,戴培峰,95,先發,3,3,1,0,1,0,0,0,2,0,0,0,0,0,0,1,0,0,0,0,0,0,0,18,49
2025,A,41,1,0000000001,0000005310,陳真,7,先發,3,3,0,0,0,0,0,0,0,0,0,0,0,0,0,1,0,0,0,0,0,0,0,6,27
2025,A,41,1,0000000001,0000005510,林澤彬,2,非先發,0,0,0,0,0,0,0,0,0,0,0,0,0,0,0,0,0,0,0,0,0,0,0,0,0
2025,A,41,1,0000000001,0000006737,董子恩,78,先發,3,3,0,0,0,0,0,0,0,0,0,0,0,0,0,0,0,0,0,0,0,0,0,12,45
2025,A,41,1,0000000001,0000006806,池恩齊,97,先發,2,2,0,0,0,0,0,0,0,0,0,0,0,0,0,1,0,0,0,0,0,0,0,5,24
2025,A,41,1,0000000001,0000006868,周佳樂,77,先發,3,3,0,0,0,0,0,0,0,0,0,0,0,0,0,1,0,0,0,0,0,0,0,6,30
2025,A,41,1,0000000001,0000006872,林岳谷,62,先發,4,4,0,0,0,0,0,0,0,0,0,0,0,0,0,1,0,0,0,0,0,0,0,3,17
2025,A,41,1,0000000001,0000006909,豊暐,43,先發,3,3,1,1,0,0,0,0,1,0,0,0,0,0,0,1,0,0,0,0,0,0,0,1,3
2025,A,41,1,0000000001,0000007089,王念好,5,非先發,1,1,0,0,0,0,0,0,0,0,0,0,0,0,0,0,0,0,0,0,0,0,0,5,31
2025,A,41,2,0000000001,0000001119,許基宏,74,先發,4,4,0,0,0,0,0,0,0,0,0,0,0,0,0,2,0,0,0,0,0,0,0,15,46
2025,A,41,2,0000000001,0000002285,高宇杰,65,先發,3,3,1,1,0,0,0,0,1,0,0,0,0,0,0,0,0,0,0,0,0,0,0,13,46
2025,A,41,2,0000000001,0000002291,岳東華,98,先發,3,3,1,1,0,0,0,0,1,1,0,1,0,0,0,1,0,0,0,0,0,0,0,10,38
2025,A,41,2,0000000001,0000002307,王政順,61,先發,4,4,0,0,0,0,0,0,0,0,0,0,0,0,0,1,0,0,0,0,1,0,0,8,29
2025,A,41,2,0000000001,0000003183,張志豪,7,先發,4,4,1,1,0,0,0,0,1,0,0,1,0,0,0,1,1,0,0,0,0,0,0,8,33
2025,A,41,2,0000000001,0000003609,陳俊秀,29,先發,4,2,1,1,0,0,0,0,1,0,0,0,1,0,1,0,0,0,0,0,0,0,0,9,38
2025,A,41,2,0000000001,0000004636,江坤宇,90,先發,3,2,0,0,0,0,0,0,0,0,0,1,1,0,0,1,1,0,0,0,0,1,0,12,48
2025,A,41,2,0000000001,0000005569,曾頌恩,1,先發,4,4,2,2,0,0,0,0,2,1,1,0,0,0,0,0,0,0,0,0,0,0,0,7,37
2025,A,41,2,0000000001,0000006225,宋晟睿,88,先發,3,2,0,0,0,0,0,0,0,1,0,0,0,0,0,1,0,0,0,1,0,0,0,14,54
2025,A,42,1,0000000001,0000000045,林智勝,31,先發,4,3,1,1,0,0,0,0,1,0,0,0,1,0,0,1,0,0,0,0,1,0,0,1,4
2025,A,42,1,0000000001,0000000743,陳子豪,1,先發,4,4,1,1,0,0,0,0,1,0,0,0,0,0,0,1,0,0,0,0,0,0,0,8,42
2025,A,42,1,0000000001,0000003343,郭嚴文,6,先發,4,4,3,2,1,0,0,0,4,0,0,0,0,0,0,0,0,0,0,0,0,0,0,11,34
2025,A,42,1,0000000001,0000003625,吉力吉撈．鞏冠,4,先發,4,3,0,0,0,0,0,0,0,0,0,0,0,0,1,2,0,0,0,0,0,0,0,9,43
2025,A,42,1,0000000001,0000005540,李凱威,21,先發,4,3,0,0,0,0,0,0,0,0,0,1,1,0,0,1,0,0,0,0,0,1,0,13,47
2025,A,42,1,0000000001,0000005542,張政禹,25,先發,4,4,0,0,0,0,0,0,0,0,0,0,0,0,0,1,0,0,0,0,0,1,0,12,33
2025,A,42,1,0000000001,0000005545,劉基鴻,46,先發,4,3,1,0,0,0,1,0,4,3,0,1,1,0,0,0,0,0,0,0,0,0,0,10,43
2025,A,42,1,0000000001,0000005549,郭天信,2,先發,4,4,0,0,0,0,0,0,0,0,0,0,0,0,0,2,0,0,0,0,0,0,0,18,49
2025,A,42,1,0000000001,0000006216,王順和,24,非先發,2,2,1,1,0,0,0,0,1,0,0,1,0,0,0,1,0,0,0,0,0,0,0,5,11
2025,A,42,1,0000000001,0000006217,林辰勳,9,非先發,0,0,0,0,0,0,0,0,0,0,0,0,0,0,0,0,0,0,0,0,0,0,0,0,2
2025,A,42,1,0000000001,0000006728,陳思仲,44,非先發,0,0,0,0,0,0,0,0,0,0,0,0,0,0,0,0,0,0,0,0,0,0,0,2,10
2025,A,42,1,0000000001,0000006879,冉承霖,82,先發,2,2,0,0,0,0,0,0,0,0,0,0,0,0,0,2,0,0,0,0,0,0,0,0,6
2025,A,42,1,0000000001,0000007079,劉俊緯,23,非先發,1,1,0,0,0,0,0,0,0,0,0,0,0,0,0,0,0,0,0,0,0,0,0,6,21
2025,A,42,2,0000000001,0000000753,杜家明,71,先發,5,5,3,2,1,0,0,0,4,0,0,1,0,0,0,0,0,0,0,0,0,0,0,12,37
2025,A,42,2,0000000001,0000000935,王柏融,9,先發,5,3,1,1,0,0,0,0,1,1,1,0,1,0,0,0,1,0,0,1,0,0,0,11,45
2025,A,42,2,0000000001,0000001291,郭阜林,59,非先發,4,4,2,2,0,0,0,0,2,2,0,0,0,0,0,0,0,0,0,0,0,0,0,3,10
2025,A,42,2,0000000001,0000003533,藍寅倫,88,先發,4,4,2,2,0,0,0,0,2,0,0,1,0,0,0,0,2,0,0,0,0,0,0,5,20
2025,A,42,2,0000000001,0000003649,吳念庭,39,先發,1,1,0,0,0,0,0,0,0,0,0,0,0,0,0,0,0,0,0,0,0,0,0,9,49
2025,A,42,2,0000000001,0000005340,王博玄,6,先發,5,5,2,2,0,0,0,0,2,0,0,0,0,0,0,0,0,0,0,0,0,0,0,11,53
2025,A,42,2,0000000001,0000006211,張肇元,29,先發,5,4,2,2,0,0,0,0,2,0,0,2,1,0,0,1,0,0,0,0,0,0,0,13,51
2025,A,42,2,0000000001,0000006927,曾子祐,1,先發,5,4,2,1,1,0,0,0,3,1,0,2,1,0,0,1,1,0,0,0,0,0,0,18,58
2025,A,42,2,0000000001,0000006928,林家鋐,16,先發,2,2,0,0,0,0,0,0,0,0,0,0,0,0,0,0,0,0,0,0,0,0,0,4,23
2025,A,42,2,0000000001,0000006931,黃劼希,42,非先發,3,2,0,0,0,0,0,0,0,0,0,0,0,0,1,0,0,0,0,0,0,0,0,1,5
2025,A,42,2,0000000001,0000006940,葉保弟,73,非先發,0,0,0,0,0,0,0,0,0,0,0,1,0,0,0,0,0,0,0,0,0,0,0,1,5
2025,A,42,2,0000000001,0000007301,曾昱磬,44,先發,5,2,0,0,0,0,0,0,0,2,0,0,1,0,1,1,0,0,0,1,0,0,0,8,42
2025,A,43,1,0000000001,0000001804,陳傑憲,24,先發,5,4,2,2,0,0,0,0,2,1,0,1,1,0,0,1,0,0,0,0,0,0,0,20,59
2025,A,43,1,0000000001,0000002298,陳重羽,65,先發,4,4,0,0,0,0,0,0,0,0,0,0,0,0,0,1,0,0,0,0,0,0,0,4,27
2025,A,43,1,0000000001,0000002707,潘傑楷,35,先發,5,4,0,0,0,0,0,0,0,0,0,0,1,0,0,1,0,0,0,0,0,0,0,14,50
2025,A,43,1,0000000001,0000004642,林靖凱,64,非先發,0,0,0,0,0,0,0,0,0,0,0,0,0,0,0,0,0,0,0,0,0,0,0,4,23
2025,A,43,1,0000000001,0000005306,許哲晏,10,先發,4,3,1,0,0,0,1,0,4,1,1,1,1,0,0,0,0,0,0,0,0,0,0,3,21
2025,A,43,1,0000000001,0000005522,朱迦恩,8,先發,4,3,0,0,0,0,0,0,0,1,0,0,1,0,0,1,0,0,0,0,0,0,0,3,19
2025,A,43,1,0000000001,0000005531,邱智呈,14,先發,5,4,2,2,0,0,0,0,2,0,0,1,1,0,0,1,0,0,0,0,0,0,0,13,55
2025,A,43,1,0000000001,0000006223,林子豪,2,非先發,2,2,1,1,0,0,0,0,1,0,0,0,0,0,0,0,0,0,0,0,0,0,0,9,32
2025,A,43,1,0000000001,0000006713,楊竣翔,9,先發,4,4,1,0,1,0,0,0,2,0,0,1,0,0,0,0,0,0,0,0,0,0,0,1,4
2025,A,43,1,0000000001,0000006851,林培緯,25,先發,3,1,0,0,0,0,0,0,0,1,0,0,1,0,0,1,0,0,0,1,0,0,0,8,27
2025,A,43,1,0000000001,0000007070,林佳緯,20,先發,5,4,0,0,0,0,0,0,0,0,0,0,1,0,0,0,0,0,0,0,0,0,0,4,26
2025,A,43,2,0000000001,0000000132,梁家榮,5,先發,4,3,1,1,0,0,0,0,1,1,0,0,0,0,0,1,0,0,0,1,0,0,0,8,39
2025,A,43,2,0000000001,0000000158,廖健富,58,先發,4,3,0,0,0,0,0,0,0,0,0,0,0,0,1,0,0,0,0,0,0,0,0,1,23
2025,A,43,2,0000000001,0000000159,成晉,35,先發,2,2,0,0,0,0,0,0,0,0,0,0,0,0,0,0,0,0,0,0,0,0,0,5,30
2025,A,43,2,0000000001,0000001618,林子偉,15,先發,4,2,0,0,0,0,0,0,0,0,0,1,0,0,1,1,0,0,1,0,0,0,0,14,44
2025,A,43,2,0000000001,0000002282,張閔勛,28,先發,2,2,0,0,0,0,0,0,0,0,0,0,0,0,0,0,0,0,0,0,0,0,0,6,24
2025,A,43,2,0000000001,0000002286,林立,39,先發,2,1,0,0,0,0,0,0,0,0,0,0,1,0,0,0,1,0,0,0,0,0,0,21,53
2025,A,43,2,0000000001,0000003345,林智平,79,非先發,1,1,0,0,0,0,0,0,0,0,0,0,0,0,0,0,0,0,0,0,0,0,0,6,24
2025,A,43,2,0000000001,0000003467,林泓育,11,先發,4,3,1,1,0,0,0,0,1,0,0,1,1,0,0,1,0,0,0,0,0,0,0,15,44
2025,A,43,2,0000000001,0000003563,余德龍,36,非先發,2,2,0,0,0,0,0,0,0,0,0,0,0,0,0,0,0,0,0,0,0,0,0,4,12
2025,A,43,2,0000000001,0000004633,陳晨威,98,先發,4,4,0,0,0,0,0,0,0,0,0,0,0,0,0,1,0,0,0,0,0,0,0,14,50
2025,A,43,2,0000000001,0000006235,林政華,65,非先發,2,2,1,1,0,0,0,0,1,0,0,0,0,0,0,0,0,0,0,0,0,0,0,3,11
2025,A,43,2,0000000001,0000006240,馬傑森,94,先發,4,4,1,0,1,0,0,0,2,0,0,0,0,0,0,0,0,0,0,0,0,0,0,8,36
2025,A,43,2,0000000001,0000006854,宋嘉翔,2,非先發,1,1,1,1,0,0,0,0,1,1,0,0,0,0,0,0,0,0,0,0,0,0,0,5,15
2025,A,44,1,0000000001,0000000045,林智勝,31,非先發,1,1,0,0,0,0,0,0,0,0,0,0,0,0,0,1,0,0,0,0,0,0,0,1,5
2025,A,44,1,0000000001,0000000743,陳子豪,1,先發,4,4,0,0,0,0,0,0,0,0,0,0,0,0,0,2,0,0,0,0,0,0,0,8,46
2025,A,44,1,0000000001,0000003343,郭嚴文,6,先發,3,3,0,0,0,0,0,0,0,0,0,0,0,0,0,1,0,0,0,0,0,0,0,11,37
2025,A,44,1,0000000001,0000003625,吉力吉撈．鞏冠,4,先發,4,4,2,0,2,0,0,0,4,0,0,0,0,0,0,1,0,0,0,0,0,0,0,11,47
2025,A,44,1,0000000001,0000005291,蔣少宏,63,先發,2,2,0,0,0,0,0,0,0,0,0,0,0,0,0,1,0,0,0,0,0,0,0,4,22
2025,A,44,1,0000000001,0000005540,李凱威,21,先發,4,4,0,0,0,0,0,0,0,0,0,0,0,0,0,0,0,0,0,0,0,0,0,13,51
2025,A,44,1,0000000001,0000005545,劉基鴻,46,先發,4,4,2,0,1,0,1,0,6,1,0,1,0,0,0,1,0,0,0,0,0,0,0,12,47
2025,A,44,1,0000000001,0000005549,郭天信,2,先發,3,3,0,0,0,0,0,0,0,0,0,0,0,0,0,0,0,0,0,0,0,0,0,18,52
2025,A,44,1,0000000001,0000006216,王順和,24,先發,4,4,1,1,0,0,0,0,1,0,0,0,0,0,0,1,0,0,0,0,0,0,0,6,15
2025,A,44,1,0000000001,0000006217,林辰勳,9,非先發,0,0,0,0,0,0,0,0,0,0,0,0,0,0,0,0,0,0,0,0,0,0,0,0,2
2025,A,44,1,0000000001,0000007079,劉俊緯,23,先發,3,3,1,1,0,0,0,0,1,0,0,0,0,0,0,1,0,1,0,0,0,0,0,7,24
2025,A,44,1,0000000001,0000007304,曾聖安,50,非先發,0,0,0,0,0,0,0,0,0,0,0,0,0,0,0,0,0,0,0,0,0,0,0,8,38
2025,A,44,2,0000000001,0000000753,杜家明,71,先發,4,3,1,1,0,0,0,0,1,1,0,0,0,0,1,0,1,0,0,0,0,0,0,13,40
2025,A,44,2,0000000001,0000001291,郭阜林,59,先發,4,4,2,1,1,0,0,0,3,0,0,1,0,0,0,0,0,0,0,0,0,0,0,5,14
2025,A,44,2,0000000001,0000003533,藍寅倫,88,先發,4,4,0,0,0,0,0,0,0,0,0,0,0,0,0,2,0,0,0,0,0,0,0,5,24
2025,A,44,2,0000000001,0000005340,王博玄,6,先發,4,4,1,1,0,0,0,0,1,0,0,1,0,0,0,1,1,0,0,0,0,0,0,12,57
2025,A,44,2,0000000001,0000006211,張肇元,29,先發,4,3,0,0,0,0,0,0,0,0,0,0,1,0,0,0,0,0,0,0,0,0,0,13,54
2025,A,44,2,0000000001,0000006926,陳致嘉,33,先發,3,3,1,1,0,0,0,0,1,1,0,0,0,0,0,0,0,0,0,0,0,0,0,1,3
2025,A,44,2,0000000001,0000006927,曾子祐,1,先發,4,4,1,1,0,0,0,0,1,0,0,0,0,0,0,0,0,0,0,0,0,0,0,19,62
2025,A,44,2,0000000001,0000006928,林家鋐,16,先發,3,3,1,0,1,0,0,0,2,0,0,0,0,0,0,0,0,0,0,0,0,0,0,5,26
2025,A,44,2,0000000001,0000007301,曾昱磬,44,先發,4,4,1,0,0,0,1,0,4,1,1,1,0,0,0,1,0,0,0,0,0,0,0,9,46
2025,A,45,1,0000000001,0000000361,張洺瑀,33,先發,4,4,2,1,1,0,0,0,3,0,0,1,0,0,0,0,0,0,0,0,0,0,0,2,9
2025,A,45,1,0000000001,0000000362,申皓瑋,29,先發,4,4,2,2,0,0,0,0,2,1,0,0,0,0,0,1,0,0,0,0,0,0,0,13,51
2025,A,45,1,0000000001,0000001473,李宗賢,22,非先發,1,1,1,1,0,0,0,0,1,0,0,0,0,0,0,0,0,0,0,0,0,0,0,9,47
2025,A,45,1,0000000001,0000002352,范國宸,46,先發,4,3,0,0,0,0,0,0,0,0,0,0,0,0,1,0,0,0,0,0,0,0,0,4,22
2025,A,45,1,0000000001,0000005510,林澤彬,2,先發,4,4,1,1,0,0,0,0,1,1,0,0,0,0,0,0,0,0,0,0,1,0,0,1,4
2025,A,45,1,0000000001,0000006737,董子恩,78,先發,3,3,0,0,0,0,0,0,0,0,0,0,0,0,0,0,0,0,0,0,0,0,0,12,48
2025,A,45,1,0000000001,0000006738,孔念恩,82,先發,5,5,2,1,1,0,0,0,3,0,0,0,0,0,0,2,0,0,0,0,0,0,0,12,32
2025,A,45,1,0000000001,0000006806,池恩齊,97,先發,4,4,0,0,0,0,0,0,0,0,0,0,0,0,0,0,1,0,0,0,0,0,0,5,28
2025,A,45,1,0000000001,0000006868,周佳樂,77,先發,4,4,1,1,0,0,0,0,1,0,0,1,0,0,0,1,0,0,0,0,0,0,0,7,34
2025,A,45,1,0000000001,0000006909,豊暐,43,先發,4,4,1,1,0,0,0,0,1,0,0,0,0,0,0,1,0,0,0,0,0,0,0,2,7
2025,A,45,2,0000000001,0000000929,王威晨,9,先發,4,4,0,0,0,0,0,0,0,0,0,0,0,0,0,0,0,0,0,0,0,0,0,11,48
2025,A,45,2,0000000001,0000001119,許基宏,74,先發,4,3,1,1,0,0,0,0,1,0,0,1,1,0,0,1,0,0,0,0,0,0,0,16,49
2025,A,45,2,0000000001,0000002285,高宇杰,65,先發,4,2,0,0,0,0,0,0,0,0,0,0,1,0,0,0,0,0,1,0,0,0,0,13,48
2025,A,45,2,0000000001,0000002291,岳東華,98,先發,3,3,1,1,0,0,0,0,1,0,0,1,0,0,0,2,0,0,0,0,0,1,0,11,41
2025,A,45,2,0000000001,0000002307,王政順,61,非先發,0,0,0,0,0,0,0,0,0,0,0,0,0,0,0,0,0,0,0,0,0,0,0,8,29
2025,A,45,2,0000000001,0000003183,張志豪,7,先發,4,3,1,1,0,0,0,0,1,1,1,2,0,0,1,1,0,0,0,0,0,0,0,9,36
2025,A,45,2,0000000001,0000003609,陳俊秀,29,先發,4,3,1,0,0,0,1,1,4,5,0,1,0,0,0,0,0,0,0,1,0,0,1,10,41
2025,A,45,2,0000000001,0000004636,江坤宇,90,先發,4,4,2,2,0,0,0,0,2,0,0,0,0,0,0,0,2,0,0,0,0,0,0,14,52
2025,A,45,2,0000000001,0000005298,黃韋盛,66,非先發,0,0,0,0,0,0,0,0,0,0,0,0,0,0,0,0,0,0,0,0,0,0,0,2,19
2025,A,45,2,0000000001,0000005569,曾頌恩,1,先發,4,4,2,2,0,0,0,0,2,0,0,1,0,0,0,1,0,0,0,0,0,0,0,9,41
2025,A,45,2,0000000001,0000006220,馬鋼,68,非先發,1,1,0,0,0,0,0,0,0,0,0,0,0,0,0,1,0,0,0,0,0,0,0,0,1
2025,A,45,2,0000000001,0000006225,宋晟睿,88,先發,3,3,1,1,0,0,0,0,1,1,0,1,0,0,0,1,0,0,0,0,0,0,0,15,57
2025,A,46,1,0000000001,0000001606,林岱安,31,先發,4,4,0,0,0,0,0,0,0,0,0,0,0,0,0,1,0,0,0,0,0,0,0,9,29
2025,A,46,1,0000000001,0000001804,陳傑憲,24,先發,4,4,2,1,1,0,0,0,3,0,0,2,0,0,0,0,0,0,0,0,0,0,0,22,63
2025,A,46,1,0000000001,0000002289,陳重廷,66,先發,4,4,1,1,0,0,0,0,1,0,0,1,0,0,0,0,0,0,0,0,0,0,0,7,27
2025,A,46,1,0000000001,0000002707,潘傑楷,35,先發,4,3,1,1,0,0,0,0,1,0,0,0,1,0,0,1,0,1,0,0,0,0,0,15,53
2025,A,46,1,0000000001,0000003615,胡金龍,51,先發,4,4,2,0,2,0,0,0,4,2,1,0,0,0,0,0,0,0,0,0,0,0,0,6,9
2025,A,46,1,0000000001,0000004642,林靖凱,64,先發,3,3,1,1,0,0,0,0,1,1,0,0,0,0,0,0,0,0,0,0,0,0,0,5,26
2025,A,46,1,0000000001,0000005306,許哲晏,10,先發,4,4,0,0,0,0,0,0,0,0,0,0,0,0,0,1,0,0,0,0,0,1,0,3,25
2025,A,46,1,0000000001,0000005531,邱智呈,14,先發,4,4,1,1,0,0,0,0,1,0,0,0,0,0,0,1,1,0,0,0,0,0,0,14,59
2025,A,46,1,0000000001,0000007070,林佳緯,20,先發,4,4,0,0,0,0,0,0,0,0,0,0,0,0,0,1,0,0,0,0,0,0,0,4,30
2025,A,46,2,0000000001,0000000132,梁家榮,5,先發,4,4,1,1,0,0,0,0,1,0,0,0,0,0,0,1,0,0,0,0,0,0,0,9,43
2025,A,46,2,0000000001,0000000158,廖健富,58,非先發,1,1,0,0,0,0,0,0,0,0,0,0,0,0,0,0,0,0,0,0,0,0,0,1,24
2025,A,46,2,0000000001,0000001618,林子偉,15,先發,4,4,0,0,0,0,0,0,0,0,0,0,0,0,0,2,0,0,0,0,0,0,0,14,48
2025,A,46,2,0000000001,0000002282,張閔勛,28,先發,3,3,1,1,0,0,0,0,1,0,0,0,0,0,0,0,0,0,0,0,0,0,0,7,27
2025,A,46,2,0000000001,0000003345,林智平,79,先發,3,3,0,0,0,0,0,0,0,0,0,0,0,0,0,3,0,0,0,0,0,0,0,6,27
2025,A,46,2,0000000001,0000003467,林泓育,11,先發,4,4,0,0,0,0,0,0,0,0,0,0,0,0,0,2,0,0,0,0,0,0,0,15,48
2025,A,46,2,0000000001,0000003563,余德龍,36,先發,3,3,0,0,0,0,0,0,0,0,0,0,0,0,0,1,0,0,0,0,0,0,0,4,15
2025,A,46,2,0000000001,0000004633,陳晨威,98,先發,4,4,1,1,0,0,0,0,1,0,0,0,0,0,0,0,0,0,0,0,0,0,0,15,54
2025,A,46,2,0000000001,0000006235,林政華,65,先發,3,3,1,1,0,0,0,0,1,0,0,0,0,0,0,1,0,0,0,0,0,0,0,4,14
2025,A,46,2,0000000001,0000006240,馬傑森,94,先發,3,3,0,0,0,0,0,0,0,0,0,0,0,0,0,1,0,0,0,0,0,0,0,8,39
2025,A,47,1,0000000001,0000001804,陳傑憲,24,非先發,3,3,3,1,2,0,0,0,5,0,0,1,0,0,0,0,0,0,0,0,0,0,0,59,205
2025,A,47,1,0000000001,0000002275,林安可,77,非先發,1,1,0,0,0,0,0,0,0,0,0,0,0,0,0,0,0,0,0,0,0,0,0,41,115
2025,A,47,1,0000000001,0000002289,陳重廷,66,非先發,3,2,0,0,0,0,0,0,0,0,0,0,0,0,0,0,0,0,1,0,0,0,0,23,90
2025,A,47,1,0000000001,0000002298,陳重羽,65,先發,4,4,0,0,0,0,0,0,0,1,0,0,0,0,0,0,0,0,0,0,0,0,0,24,110
2025,A,47,1,0000000001,0000002707,潘傑楷,35,先發,4,4,1,1,0,0,0,0,1,0,0,1,0,0,0,0,0,0,0,0,0,0,0,55,185
2025,A,47,1,0000000001,0000003615,胡金龍,51,先發,4,4,0,0,0,0,0,0,0,0,0,0,0,0,0,2,0,0,0,0,0,0,0,22,69
2025,A,47,1,0000000001,0000004642,林靖凱,64,先發,1,1,0,0,0,0,0,0,0,0,0,0,0,0,0,1,0,0,0,0,0,0,0,30,110
2025,A,47,1,0000000001,0000005522,朱迦恩,8,先發,1,1,0,0,0,0,0,0,0,0,0,0,0,0,0,0,0,0,0,0,0,0,0,5,31
2025,A,47,1,0000000001,0000005531,邱智呈,14,先發,5,4,0,0,0,0,0,0,0,0,0,0,0,0,0,0,0,0,1,0,0,0,0,57,221
2025,A,47,1,0000000001,0000006223,林子豪,2,先發,4,3,1,1,0,0,0,0,1,0,0,1,1,0,0,0,1,0,0,0,0,0,0,35,144
2025,A,47,1,0000000001,0000007070,林佳緯,20,先發,5,4,1,0,1,0,0,0,2,1,0,0,1,0,0,1,0,0,0,0,0,0,0,63,217
2025,A,47,1,0000000001,0000007071,林泓弦,67,先發,1,1,0,0,0,0,0,0,0,0,0,0,0,0,0,0,0,0,0,0,0,0,0,0,3
2025,A,47,1,0000000001,0000007268,陳聖平,15,非先發,3,2,1,1,0,0,0,0,1,0,0,1,0,0,1,0,0,0,0,0,0,0,0,37,154
2025,A,47,2,0000000001,0000000132,梁家榮,5,先發,4,4,1,1,0,0,0,0,1,0,0,0,0,0,0,1,0,0,0,0,0,0,0,13,60
2025,A,47,2,0000000001,0000000153,林承飛,6,非先發,3,3,2,0,2,0,0,0,4,1,0,0,0,0,0,0,0,0,0,0,0,0,0,7,36
2025,A,47,2,0000000001,0000000158,廖健富,58,先發,1,1,0,0,0,0,0,0,0,0,0,0,0,0,0,0,0,0,0,0,0,0,0,10,55
2025,A,47,2,0000000001,0000000159,成晉,35,先發,4,3,1,1,0,0,0,0,1,0,0,1,1,0,0,0,0,0,0,0,0,0,0,41,152
2025,A,47,2,0000000001,0000002282,張閔勛,28,先發,3,2,0,0,0,0,0,0,0,0,0,0,0,0,0,0,0,0,1,0,0,0,0,49,154
2025,A,47,2,0000000001,0000003345,林智平,79,非先發,3,3,0,0,0,0,0,0,0,0,0,0,0,0,0,1,0,0,0,0,0,0,0,59,186
2025,A,47,2,0000000001,0000003563,余德龍,36,先發,3,3,3,2,1,0,0,0,4,0,0,0,0,0,0,0,0,0,0,0,0,0,0,31,105
2025,A,47,2,0000000001,0000004633,陳晨威,98,先發,4,4,0,0,0,0,0,0,0,0,0,0,0,0,0,1,0,0,0,0,0,0,0,73,231
2025,A,47,2,0000000001,0000006240,馬傑森,94,先發,1,1,0,0,0,0,0,0,0,0,0,0,0,0,0,0,0,0,0,0,0,0,0,19,113
2025,A,47,2,0000000001,0000006858,陳佳樂,8,非先發,1,1,0,0,0,0,0,0,0,0,0,0,0,0,0,1,0,0,0,0,0,0,0,3,19
2025,A,47,2,0000000001,0000007076,李勛傑,95,先發,3,3,0,0,0,0,0,0,0,0,0,0,0,0,0,2,0,0,0,0,1,0,0,20,95
2025,A,47,2,0000000001,0000007312,張趙紘,33,先發,1,1,0,0,0,0,0,0,0,0,0,0,0,0,0,1,0,0,0,0,0,1,0,1,13
2025,A,47,2,0000000001,0000007315,游承勳,67,非先發,2,2,0,0,0,0,0,0,0,0,0,0,0,0,0,1,0,0,0,0,0,0,0,1,8
2025,A,48,1,0000000001,0000000361,張洺瑀,33,先發,3,3,0,0,0,0,0,0,0,0,0,0,0,0,0,1,0,0,0,0,0,0,0,2,12
2025,A,48,1,0000000001,0000000362,申皓瑋,29,先發,4,4,1,1,0,0,0,0,1,0,0,1,0,0,0,0,0,0,0,0,0,0,0,14,55
2025,A,48,1,0000000001,0000001118,高國麟,98,先發,4,2,2,2,0,0,0,0,2,1,1,0,1,0,1,0,0,0,0,0,0,0,1,7,24
2025,A,48,1,0000000001,0000001473,李宗賢,22,非先發,2,2,0,0,0,0,0,0,0,0,0,0,0,0,0,1,0,0,0,0,0,0,0,9,49
2025,A,48,1,0000000001,0000002352,范國宸,46,先發,4,4,2,2,0,0,0,0,2,0,0,0,0,0,0,0,0,0,0,0,0,0,0,6,26
2025,A,48,1,0000000001,0000004645,戴培峰,95,先發,4,3,1,1,0,0,0,0,1,0,0,0,0,0,0,1,0,0,1,0,0,0,0,19,52
2025,A,48,1,0000000001,0000005510,林澤彬,2,先發,2,2,0,0,0,0,0,0,0,0,0,0,0,0,0,0,0,0,0,0,0,0,0,1,6
2025,A,48,1,0000000001,0000006737,董子恩,78,先發,4,4,0,0,0,0,0,0,0,0,0,0,0,0,0,0,0,0,0,0,0,0,0,12,52
2025,A,48,1,0000000001,0000006738,孔念恩,82,先發,4,4,1,1,0,0,0,0,1,0,0,0,0,0,0,0,0,1,0,0,0,0,0,13,36
2025,A,48,1,0000000001,0000006806,池恩齊,97,先發,3,3,1,1,0,0,0,0,1,0,0,0,0,0,0,1,1,0,0,0,0,0,0,6,31
2025,A,48,1,0000000001,0000006868,周佳樂,77,非先發,1,1,0,0,0,0,0,0,0,0,0,0,0,0,0,0,0,0,0,0,0,0,0,7,35
2025,A,48,1,0000000001,0000006872,林岳谷,62,非先發,0,0,0,0,0,0,0,0,0,0,0,0,0,0,0,0,0,0,0,0,0,0,0,3,17
2025,A,48,2,0000000001,0000000929,王威晨,9,先發,4,4,0,0,0,0,0,0,0,0,0,0,0,0,0,1,0,0,0,0,0,0,0,11,52
2025,A,48,2,0000000001,0000001119,許基宏,74,先發,4,4,1,0,1,0,0,0,2,0,0,0,0,0,0,2,0,0,0,0,0,0,0,17,53
2025,A,48,2,0000000001,0000002285,高宇杰,65,先發,3,3,1,1,0,0,0,0,1,0,0,0,0,0,0,1,0,0,0,0,0,0,0,14,51
2025,A,48,2,0000000001,0000002291,岳東華,98,先發,3,3,0,0,0,0,0,0,0,0,0,0,0,0,0,2,0,0,0,0,0,0,0,11,44
2025,A,48,2,0000000001,0000002307,王政順,61,非先發,1,1,0,0,0,0,0,0,0,0,0,0,0,0,0,1,0,0,0,0,0,0,0,8,30
2025,A,48,2,0000000001,0000003183,張志豪,7,先發,4,4,0,0,0,0,0,0,0,0,0,0,0,0,0,3,0,0,0,0,0,0,0,9,40
2025,A,48,2,0000000001,0000003609,陳俊秀,29,先發,4,2,0,0,0,0,0,0,0,0,0,0,2,0,0,1,0,0,0,0,0,0,0,10,43
2025,A,48,2,0000000001,0000004636,江坤宇,90,先發,4,2,0,0,0,0,0,0,0,0,0,0,2,0,0,0,0,0,0,0,0,0,0,14,54
2025,A,48,2,0000000001,0000005569,曾頌恩,1,先發,4,4,1,1,0,0,0,0,1,0,0,0,0,0,0,1,0,0,0,0,0,0,0,10,45
2025,A,48,2,0000000001,0000006225,宋晟睿,88,先發,3,3,0,0,0,0,0,0,0,0,0,0,0,0,0,1,0,0,0,0,0,0,0,15,60
2025,A,48,2,0000000001,0000006730,張仁瑋,28,非先發,0,0,0,0,0,0,0,0,0,0,0,0,0,0,0,0,0,0,0,0,0,0,0,0,3
2025,A,49,1,0000000001,0000000045,林智勝,31,非先發,1,0,0,0,0,0,0,0,0,0,0,0,1,0,0,0,0,0,0,0,0,0,0,1,5
2025,A,49,1,0000000001,0000000743,陳子豪,1,先發,4,4,2,1,1,0,0,0,3,1,0,0,0,0,0,1,0,1,0,0,0,0,0,10,50
2025,A,49,1,0000000001,0000003343,郭嚴文,6,先發,4,4,1,1,0,0,0,0,1,0,0,0,0,0,0,1,0,0,0,0,0,0,0,12,41
2025,A,49,1,0000000001,0000003625,吉力吉撈．鞏冠,4,先發,4,4,3,1,2,0,0,0,5,1,1,1,0,0,0,0,0,0,0,0,0,0,0,14,51
2025,A,49,1,0000000001,0000005291,蔣少宏,63,先發,4,4,1,0,1,0,0,0,2,0,0,0,0,0,0,1,0,0,0,0,0,0,0,5,26
2025,A,49,1,0000000001,0000005540,李凱威,21,非先發,1,1,0,0,0,0,0,0,0,0,0,0,0,0,0,1,0,0,0,0,0,0,0,13,52
2025,A,49,1,0000000001,0000005542,張政禹,25,先發,5,5,0,0,0,0,0,0,0,0,0,0,0,0,0,1,0,0,0,0,0,0,0,12,38
2025,A,49,1,0000000001,0000005545,劉基鴻,46,先發,4,4,1,1,0,0,0,0,1,0,0,1,0,0,0,0,0,0,0,0,0,0,0,13,51
2025,A,49,1,0000000001,0000005549,郭天信,2,先發,4,3,1,1,0,0,0,0,1,0,0,0,1,0,0,1,0,1,0,0,0,0,0,19,55
2025,A,49,1,0000000001,0000006216,王順和,24,先發,5,4,1,1,0,0,0,0,1,0,0,0,1,0,0,1,0,0,0,0,0,0,0,7,19
2025,A,49,1,0000000001,0000006728,陳思仲,44,先發,2,2,0,0,0,0,0,0,0,0,0,0,0,0,0,1,0,0,0,0,0,0,0,2,12
2025,A,49,1,0000000001,0000007304,曾聖安,50,非先發,0,0,0,0,0,0,0,0,0,0,0,0,0,0,0,0,0,0,0,0,0,0,0,8,38
2025,A,49,2,0000000001,0000000753,杜家明,71,先發,4,3,0,0,0,0,0,0,0,0,0,0,1,0,0,0,0,0,0,0,0,0,0,13,43
2025,A,49,2,0000000001,0000000935,王柏融,9,先發,4,3,1,0,1,0,0,0,2,0,0,0,1,0,0,2,1,0,0,0,0,0,0,12,48
2025,A,49,2,0000000001,0000001291,郭阜林,59,先發,4,3,1,1,0,0,0,0,1,0,0,1,1,0,0,1,0,0,0,0,0,0,0,6,17
2025,A,49,2,0000000001,0000003533,藍寅倫,88,先發,2,2,0,0,0,0,0,0,0,0,0,0,0,0,0,2,0,0,0,0,0,0,0,5,26
2025,A,49,2,0000000001,0000005340,王博玄,6,先發,4,3,1,1,0,0,0,0,1,0,0,0,1,0,0,0,0,1,0,0,0,0,0,13,60
2025,A,49,2,0000000001,0000006211,張肇元,29,先發,4,4,0,0,0,0,0,0,0,0,0,0,0,0,0,2,0,0,0,0,0,0,0,13,58
2025,A,49,2,0000000001,0000006927,曾子祐,1,先發,5,5,1,0,1,0,0,0,2,0,0,0,0,0,0,0,0,0,0,0,0,0,0,20,67
2025,A,49,2,0000000001,0000006928,林家鋐,16,先發,2,2,0,0,0,0,0,0,0,0,0,0,0,0,0,0,0,0,0,0,0,0,0,5,28
2025,A,49,2,0000000001,0000006929,紀慶然,24,非先發,2,2,1,1,0,0,0,0,1,0,0,0,0,0,0,1,0,0,0,0,0,0,0,2,12
2025,A,49,2,0000000001,0000006931,黃劼希,42,非先發,2,2,1,1,0,0,0,0,1,1,0,0,0,0,0,0,0,0,0,0,0,0,0,2,7
2025,A,49,2,0000000001,0000007301,曾昱磬,44,先發,4,3,1,1,0,0,0,0,1,0,0,0,1,0,0,1,0,0,0,0,0,0,0,10,49
2025,A,50,1,0000000001,0000000743,陳子豪,1,先發,4,4,1,1,0,0,0,0,1,1,0,0,0,0,0,2,0,0,0,0,0,0,0,11,54
2025,A,50,1,0000000001,0000003343,郭嚴文,6,先發,5,5,1,1,0,0,0,0,1,0,0,0,0,0,0,2,0,0,0,0,1,0,0,13,46
2025,A,50,1,0000000001,0000003625,吉力吉撈．鞏冠,4,先發,4,3,0,0,0,0,0,0,0,0,0,0,1,0,0,0,0,0,0,0,0,0,0,14,54
2025,A,50,1,0000000001,0000005540,李凱威,21,先發,5,4,1,1,0,0,0,0,1,0,0,1,1,0,0,1,0,0,0,0,0,0,0,14,56
2025,A,50,1,0000000001,0000005545,劉基鴻,46,先發,4,4,1,1,0,0,0,0,1,0,0,1,0,0,0,2,0,0,0,0,0,0,0,14,55
2025,A,50,1,0000000001,0000005549,郭天信,2,先發,4,4,2,2,0,0,0,0,2,0,0,0,0,0,0,1,0,0,0,0,0,0,0,21,59
2025,A,50,1,0000000001,0000005553,張祐銘,34,先發,4,4,2,2,0,0,0,0,2,1,0,0,0,0,0,1,0,0,0,0,0,0,0,2,4
2025,A,50,1,0000000001,0000006216,王順和,24,非先發,1,1,0,0,0,0,0,0,0,0,0,0,0,0,0,0,0,0,0,0,0,0,0,7,20
2025,A,50,1,0000000001,0000006217,林辰勳,9,非先發,0,0,0,0,0,0,0,0,0,0,0,0,0,0,0,0,0,0,0,0,0,0,0,0,2
2025,A,50,1,0000000001,0000007079,劉俊緯,23,先發,4,4,1,1,0,0,0,0,1,0,0,0,0,0,0,1,0,0,0,0,0,0,0,8,28
2025,A,50,1,0000000001,0000007304,曾聖安,50,先發,3,1,0,0,0,0,0,0,0,0,0,0,2,0,0,0,0,1,0,0,0,0,0,8,39
2025,A,50,2,0000000001,0000000361,張洺瑀,33,先發,3,3,0,0,0,0,0,0,0,0,0,0,0,0,0,0,0,0,0,0,0,0,0,2,15
2025,A,50,2,0000000001,0000000362,申皓瑋,29,先發,4,4,1,1,0,0,0,0,1,0,0,1,0,0,0,0,0,0,0,0,0,0,0,15,59
2025,A,50,2,0000000001,0000001118,高國麟,98,先發,4,3,0,0,0,0,0,0,0,0,0,0,1,0,0,1,0,0,0,0,0,0,0,7,27
2025,A,50,2,0000000001,0000001473,李宗賢,22,先發,4,4,0,0,0,0,0,0,0,0,0,0,0,0,0,0,0,1,0,0,0,0,0,9,53
2025,A,50,2,0000000001,0000002352,范國宸,46,先發,3,2,1,0,0,0,1,0,4,3,0,1,1,0,0,0,0,0,0,0,0,0,1,7,28
2025,A,50,2,0000000001,0000004645,戴培峰,95,先發,4,4,2,1,0,0,1,0,5,2,1,2,0,0,0,0,0,0,0,0,0,0,0,21,56
2025,A,50,2,0000000001,0000005510,林澤彬,2,先發,3,1,0,0,0,0,0,0,0,0,0,0,2,0,0,0,0,0,0,0,0,0,0,1,7
2025,A,50,2,0000000001,0000006738,孔念恩,82,先發,4,2,0,0,0,0,0,0,0,0,0,1,2,0,0,1,0,0,0,0,0,0,0,13,38
2025,A,50,2,0000000001,0000006868,周佳樂,77,非先發,0,0,0,0,0,0,0,0,0,0,0,0,0,0,0,0,0,0,0,0,0,0,0,7,35
2025,A,50,2,0000000001,0000006872,林岳谷,62,先發,3,3,0,0,0,0,0,0,0,0,0,0,0,0,0,1,0,0,0,0,1,0,0,3,20
2025,A,51,1,0000000001,0000000929,王威晨,9,先發,4,3,1,1,0,0,0,0,1,0,0,0,1,0,0,1,0,1,0,0,0,0,0,12,55
2025,A,51,1,0000000001,0000001119,許基宏,74,先發,4,4,4,2,0,0,2,0,10,4,0,3,0,0,0,0,0,0,0,0,0,0,1,21,57
2025,A,51,1,0000000001,0000001754,林書逸,43,先發,4,4,0,0,0,0,0,0,0,0,0,1,0,0,0,2,1,0,0,0,0,0,0,0,4
2025,A,51,1,0000000001,0000002285,高宇杰,65,先發,2,2,1,1,0,0,0,0,1,0,0,0,0,0,0,0,0,0,0,0,0,0,0,15,53
2025,A,51,1,0000000001,0000002291,岳東華,98,先發,4,4,0,0,0,0,0,0,0,0,0,0,0,0,0,1,0,0,0,0,1,0,0,11,48
2025,A,51,1,0000000001,0000002297,詹子賢,39,先發,4,4,0,0,0,0,0,0,0,0,0,0,0,0,0,1,0,0,0,0,0,0,0,13,49
2025,A,51,1,0000000001,0000002307,王政順,61,非先發,0,0,0,0,0,0,0,0,0,0,0,0,0,0,0,0,0,0,0,0,0,0,0,8,30
2025,A,51,1,0000000001,0000003183,張志豪,7,非先發,1,1,0,0,0,0,0,0,0,0,0,0,0,0,0,0,0,0,0,0,0,0,0,9,41
2025,A,51,1,0000000001,0000004636,江坤宇,90,先發,4,4,0,0,0,0,0,0,0,0,0,0,0,0,0,1,0,0,0,0,0,0,0,14,58
2025,A,51,1,0000000001,0000005569,曾頌恩,1,先發,5,5,2,2,0,0,0,0,2,0,0,1,0,0,0,2,0,0,0,0,0,0,0,12,50
2025,A,51,1,0000000001,0000006224,林吳晉瑋,0,非先發,2,2,1,1,0,0,0,0,1,0,0,0,0,0,0,0,0,0,0,0,0,0,0,1,4
2025,A,51,1,0000000001,0000006225,宋晟睿,88,先發,5,5,2,1,0,0,1,0,5,1,1,1,0,0,0,2,0,0,0,0,0,0,0,17,65
2025,A,51,2,0000000001,0000001606,林岱安,31,先發,3,3,0,0,0,0,0,0,0,0,0,0,0,0,0,0,0,0,0,0,0,0,0,9,32
2025,A,51,2,0000000001,0000001804,陳傑憲,24,先發,4,4,0,0,0,0,0,0,0,0,0,0,0,0,0,0,0,0,0,0,0,0,0,22,67
2025,A,51,2,0000000001,0000002275,林安可,77,先發,4,4,2,2,0,0,0,0,2,0,0,1,0,0,0,0,0,0,0,0,0,0,0,16,45
2025,A,51,2,0000000001,0000002707,潘傑楷,35,先發,4,3,0,0,0,0,0,0,0,0,0,1,1,0,0,1,0,0,0,0,0,1,0,15,56
2025,A,51,2,0000000001,0000004642,林靖凱,64,先發,4,3,1,1,0,0,0,0,1,0,0,0,0,0,1,0,0,1,0,0,0,1,0,6,29
2025,A,51,2,0000000001,0000005306,許哲晏,10,先發,3,3,1,1,0,0,0,0,1,0,0,0,0,0,0,0,0,0,0,0,1,0,0,4,28
2025,A,51,2,0000000001,0000005522,朱迦恩,8,非先發,1,1,0,0,0,0,0,0,0,0,0,0,0,0,0,0,0,0,0,0,0,0,0,3,20
2025,A,51,2,0000000001,0000005531,邱智呈,14,先發,4,4,0,0,0,0,0,0,0,0,0,0,0,0,0,1,0,0,0,0,0,0,0,14,63
2025,A,51,2,0000000001,0000006223,林子豪,2,先發,4,4,1,0,0,0,1,0,4,3,0,1,0,0,0,0,0,0,0,0,0,0,0,10,36
2025,A,51,2,0000000001,0000007070,林佳緯,20,先發,4,4,3,2,0,1,0,0,5,0,0,0,0,0,0,0,1,0,0,0,0,0,0,7,34
2025,A,52,2,0000000001,0000006737,董子恩,78,先發,4,4,0,0,0,0,0,0,0,0,0,0,0,0,0,0,0,0,0,0,0,1,0,12,56
2025,A,52,2,0000000001,0000006738,孔念恩,82,先發,4,4,0,0,0,0,0,0,0,0,0,0,0,0,0,3,0,0,0,0,0,0,0,13,42
2025,A,52,2,0000000001,0000006868,周佳樂,77,非先發,2,2,1,1,0,0,0,0,1,0,0,0,0,0,0,0,0,0,0,0,0,0,0,8,37
2025,A,52,2,0000000001,0000006872,林岳谷,62,先發,2,2,0,0,0,0,0,0,0,0,0,0,0,0,0,0,0,0,0,0,1,0,0,3,22
2025,A,52,1,0000000001,0000000743,陳子豪,1,先發,4,3,0,0,0,0,0,0,0,0,0,0,1,0,0,0,0,0,0,0,0,0,0,11,57
2025,A,52,1,0000000001,0000003625,吉力吉撈．鞏冠,4,先發,5,5,3,1,2,0,0,0,5,4,1,0,0,0,0,1,0,0,0,0,0,0,1,17,59
2025,A,52,1,0000000001,0000005291,蔣少宏,63,先發,5,5,0,0,0,0,0,0,0,0,0,0,0,0,0,1,0,0,0,0,0,0,0,5,31
2025,A,52,1,0000000001,0000005540,李凱威,21,先發,5,4,1,1,0,0,0,0,1,0,0,2,1,0,0,1,0,0,0,0,0,0,0,15,60
2025,A,52,1,0000000001,0000005545,劉基鴻,46,先發,5,5,2,0,2,0,0,0,4,0,0,2,0,0,0,0,0,0,0,0,0,1,0,16,60
2025,A,52,1,0000000001,0000005549,郭天信,2,先發,4,4,1,1,0,0,0,0,1,0,0,1,0,0,0,1,0,0,0,0,0,0,0,22,63
2025,A,52,1,0000000001,0000005553,張祐銘,34,非先發,1,1,0,0,0,0,0,0,0,0,0,0,0,0,0,0,0,0,0,0,0,0,0,2,5
2025,A,52,1,0000000001,0000006216,王順和,24,先發,5,5,3,2,0,1,0,0,5,1,0,1,0,0,0,1,0,0,0,0,0,0,0,10,25
2025,A,52,1,0000000001,0000006217,林辰勳,9,非先發,0,0,0,0,0,0,0,0,0,0,0,0,0,0,0,0,0,0,0,0,0,0,0,0,2
2025,A,52,1,0000000001,0000006728,陳思仲,44,先發,4,3,0,0,0,0,0,0,0,0,0,0,1,0,0,1,0,0,0,0,0,0,0,2,15
2025,A,52,1,0000000001,0000007079,劉俊緯,23,先發,5,5,2,2,0,0,0,0,2,0,0,0,0,0,0,1,0,0,0,0,0,1,0,10,33
2025,A,52,2,0000000001,0000000361,張洺瑀,33,先發,4,3,2,1,1,0,0,0,3,0,0,1,1,0,0,0,0,0,0,0,0,0,0,4,18
2025,A,52,2,0000000001,0000000362,申皓瑋,29,先發,3,3,3,2,1,0,0,0,4,0,0,0,0,0,0,0,0,0,0,0,0,0,0,18,62
2025,A,52,2,0000000001,0000001118,高國麟,98,先發,4,4,0,0,0,0,0,0,0,0,0,0,0,0,0,0,0,0,0,0,0,0,0,7,31
2025,A,52,2,0000000001,0000001473,李宗賢,22,非先發,2,2,0,0,0,0,0,0,0,0,0,0,0,0,0,1,0,0,0,0,0,0,0,9,55
2025,A,52,2,0000000001,0000002352,范國宸,46,先發,4,3,0,0,0,0,0,0,0,0,0,0,1,0,0,0,0,0,0,0,0,0,0,7,31
2025,A,52,2,0000000001,0000004622,蕭憶銘,61,非先發,1,1,0,0,0,0,0,0,0,0,0,0,0,0,0,1,0,0,0,0,0,0,0,0,1
2025,A,52,2,0000000001,0000004645,戴培峰,95,先發,3,3,2,2,0,0,0,0,2,0,0,0,0,0,0,0,0,0,0,0,0,0,0,23,59
2025,A,52,2,0000000001,0000005310,陳真,7,非先發,1,1,1,1,0,0,0,0,1,0,0,0,0,0,0,0,0,0,0,0,0,0,0,7,28
2025,A,52,2,0000000001,0000005510,林澤彬,2,先發,5,4,0,0,0,0,0,0,0,1,0,0,0,0,0,0,0,0,0,1,0,0,0,1,11
2025,A,53,1,0000000001,0000000929,王威晨,9,先發,3,3,1,1,0,0,0,0,1,0,0,0,0,0,0,0,0,0,0,0,0,0,0,13,58
2025,A,53,1,0000000001,0000001119,許基宏,74,先發,5,5,3,2,1,0,0,0,4,0,0,1,0,0,0,1,0,0,0,0,0,1,0,24,62
2025,A,53,1,0000000001,0000001754,林書逸,43,先發,4,4,1,1,0,0,0,0,1,0,0,0,0,0,0,1,0,1,0,0,0,0,0,1,8
2025,A,53,1,0000000001,0000002285,高宇杰,65,先發,4,4,0,0,0,0,0,0,0,0,0,0,0,0,0,0,0,0,0,0,0,0,0,15,57
2025,A,53,1,0000000001,0000002291,岳東華,98,先發,5,5,0,0,0,0,0,0,0,0,0,0,0,0,0,1,0,0,0,0,1,0,0,11,53
2025,A,53,1,0000000001,0000002297,詹子賢,39,非先發,1,1,0,0,0,0,0,0,0,0,0,0,0,0,0,1,0,0,0,0,0,0,0,13,50
2025,A,53,1,0000000001,0000003183,張志豪,7,先發,5,4,2,2,0,0,0,0,2,0,0,0,1,0,0,2,0,0,0,0,0,0,0,11,45
2025,A,53,1,0000000001,0000003609,陳俊秀,29,非先發,2,0,0,0,0,0,0,0,0,1,0,0,2,0,0,0,0,0,0,0,0,0,0,10,43
2025,A,53,1,0000000001,0000004636,江坤宇,90,先發,5,3,1,1,0,0,0,0,1,0,0,0,0,0,0,0,0,0,2,0,0,0,0,15,61
2025,A,53,1,0000000001,0000005569,曾頌恩,1,先發,4,3,0,0,0,0,0,0,0,0,0,0,1,0,0,0,0,0,0,0,0,0,0,12,53
2025,A,53,1,0000000001,0000006225,宋晟睿,88,先發,4,3,2,2,0,0,0,0,2,0,0,0,0,0,1,0,0,1,0,0,0,0,0,19,68
2025,A,53,1,0000000001,0000006730,張仁瑋,28,非先發,1,0,0,0,0,0,0,0,0,0,0,1,1,0,0,0,0,0,0,0,0,0,0,0,3
2025,A,53,2,0000000001,0000001606,林岱安,31,先發,3,3,0,0,0,0,0,0,0,0,0,0,0,0,0,0,0,0,0,0,0,0,1,9,35
2025,A,53,2,0000000001,0000001804,陳傑憲,24,先發,5,5,1,1,0,0,0,0,1,0,0,1,0,0,0,0,0,0,0,0,0,0,0,23,72
2025,A,53,2,0000000001,0000002289,陳重廷,66,非先發,0,0,0,0,0,0,0,0,0,0,0,0,0,0,0,0,0,0,0,0,0,0,0,7,27
2025,A,53,2,0000000001,0000002298,陳重羽,65,非先發,0,0,0,0,0,0,0,0,0,0,0,0,0,0,0,0,0,0,0,0,0,0,0,4,27
2025,A,53,2,0000000001,0000002661,陳鏞基,13,先發,4,4,1,1,0,0,0,0,1,1,0,0,0,0,0,1,0,0,0,0,0,0,0,1,4
2025,A,53,2,0000000001,0000002707,潘傑楷,35,先發,4,4,1,0,1,0,0,0,2,0,0,0,0,0,0,1,0,0,0,0,1,0,0,16,60
2025,A,53,2,0000000001,0000003615,胡金龍,51,非先發,0,0,0,0,0,0,0,0,0,0,0,0,0,0,0,0,0,0,0,0,0,0,0,6,9
2025,A,53,2,0000000001,0000004642,林靖凱,64,先發,4,4,1,1,0,0,0,0,1,0,0,1,0,0,0,1,0,0,0,0,0,1,0,7,33
2025,A,53,2,0000000001,0000005306,許哲晏,10,非先發,1,1,0,0,0,0,0,0,0,0,0,0,0,0,0,0,0,0,0,0,0,0,0,4,29
2025,A,53,2,0000000001,0000005522,朱迦恩,8,先發,4,4,1,1,0,0,0,0,1,0,0,0,0,0,0,1,0,0,0,0,0,0,0,4,24
2025,A,53,2,0000000001,0000005531,邱智呈,14,非先發,1,0,0,0,0,0,0,0,0,0,0,0,1,0,0,0,0,0,0,0,0,0,0,14,63
2025,A,53,2,0000000001,0000006223,林子豪,2,先發,4,4,1,0,1,0,0,0,2,0,0,0,0,0,0,0,0,0,0,0,0,0,0,11,40
2025,A,53,2,0000000001,0000007070,林佳緯,20,先發,5,5,1,0,1,0,0,0,2,0,0,1,0,0,0,3,0,0,0,0,0,0,0,8,39
2025,A,53,2,0000000001,0000007268,陳聖平,15,先發,3,3,1,1,0,0,0,0,1,0,0,0,0,0,0,1,0,0,0,0,0,1,0,10,34
2025,A,54,1,0000000001,0000000753,杜家明,71,先發,4,4,0,0,0,0,0,0,0,0,0,0,0,0,0,0,0,0,0,0,0,0,0,13,47
2025,A,54,1,0000000001,0000000935,王柏融,9,先發,3,2,0,0,0,0,0,0,0,0,0,0,1,0,0,0,1,0,0,0,0,0,0,12,50
2025,A,54,1,0000000001,0000001291,郭阜林,59,先發,3,3,1,1,0,0,0,0,1,0,0,0,0,0,0,0,0,0,0,0,0,0,0,7,20
2025,A,54,1,0000000001,0000003174,郭永維,7,非先發,1,1,0,0,0,0,0,0,0,0,0,0,0,0,0,0,0,0,0,0,0,0,0,0,3
2025,A,54,1,0000000001,0000005340,王博玄,6,先發,3,3,0,0,0,0,0,0,0,0,0,0,0,0,0,2,0,0,0,0,0,0,0,13,63
2025,A,54,1,0000000001,0000006211,張肇元,29,先發,3,3,1,1,0,0,0,0,1,0,0,0,0,0,0,2,0,0,0,0,0,0,0,14,61
2025,A,54,1,0000000001,0000006926,陳致嘉,33,非先發,0,0,0,0,0,0,0,0,0,0,0,0,0,0,0,0,0,0,0,0,0,0,0,1,3
2025,A,54,1,0000000001,0000006927,曾子祐,1,先發,4,4,0,0,0,0,0,0,0,0,0,0,0,0,0,0,0,0,0,0,0,0,0,20,71
2025,A,54,1,0000000001,0000006928,林家鋐,16,先發,1,1,0,0,0,0,0,0,0,0,0,0,0,0,0,0,0,0,0,0,0,1,0,5,29
2025,A,54,1,0000000001,0000006929,紀慶然,24,先發,3,3,1,1,0,0,0,0,1,0,0,0,0,0,0,0,0,0,0,0,1,0,0,3,15
2025,A,54,1,0000000001,0000006931,黃劼希,42,非先發,1,1,0,0,0,0,0,0,0,0,0,0,0,0,0,0,0,0,0,0,0,0,0,2,8
2025,A,54,1,0000000001,0000006940,葉保弟,73,非先發,1,1,0,0,0,0,0,0,0,0,0,0,0,0,0,0,0,0,0,0,0,0,0,1,6
2025,A,54,1,0000000001,0000007301,曾昱磬,44,先發,3,3,0,0,0,0,0,0,0,0,0,0,0,0,0,1,0,0,0,0,0,0,0,10,52
2025,A,54,2,0000000001,0000000132,梁家榮,5,先發,4,4,2,2,0,0,0,0,2,1,0,0,0,0,0,1,0,0,0,0,0,1,0,11,47
2025,A,54,2,0000000001,0000000158,廖健富,58,先發,4,4,0,0,0,0,0,0,0,0,0,0,0,0,0,1,0,0,0,0,0,0,0,1,28
2025,A,54,2,0000000001,0000000159,成晉,35,先發,4,4,1,1,0,0,0,0,1,1,0,1,0,0,0,0,0,0,0,0,1,0,0,6,34
2025,A,54,2,0000000001,0000001618,林子偉,15,先發,4,2,1,1,0,0,0,0,1,2,1,1,1,0,0,0,1,0,0,1,0,0,0,15,50
2025,A,54,2,0000000001,0000002282,張閔勛,28,先發,4,3,0,0,0,0,0,0,0,0,0,1,0,0,1,0,0,0,0,0,0,0,0,7,30
2025,A,54,2,0000000001,0000003345,林智平,79,先發,4,4,2,2,0,0,0,0,2,0,0,0,0,0,0,0,0,0,0,0,1,0,0,8,31
2025,A,54,2,0000000001,0000004633,陳晨威,98,先發,4,3,2,2,0,0,0,0,2,0,0,1,1,0,0,0,0,0,0,0,0,0,0,17,57
2025,A,54,2,0000000001,0000006235,林政華,65,先發,4,4,2,1,0,1,0,0,4,0,0,1,0,0,0,1,0,0,0,0,0,0,0,6,18
2025,A,54,2,0000000001,0000006240,馬傑森,94,先發,4,4,0,0,0,0,0,0,0,0,0,1,0,0,0,0,0,0,0,0,0,0,0,8,43
2025,A,55,1,0000000001,0000000753,杜家明,71,先發,4,4,0,0,0,0,0,0,0,0,0,0,0,0,0,2,0,0,0,0,0,0,0,13,51
2025,A,55,1,0000000001,0000000935,王柏融,9,先發,4,4,1,0,1,0,0,0,2,1,0,0,0,0,0,1,0,0,0,0,0,0,0,13,54
2025,A,55,1,0000000001,0000003174,郭永維,7,非先發,2,1,0,0,0,0,0,0,0,0,0,0,0,0,0,0,0,0,1,0,0,0,0,0,4
2025,A,55,1,0000000001,0000003533,藍寅倫,88,先發,4,2,1,1,0,0,0,0,1,0,0,1,1,0,0,0,1,0,1,0,0,0,0,6,28
2025,A,55,1,0000000001,0000005340,王博玄,6,先發,4,4,0,0,0,0,0,0,0,0,0,0,0,0,0,0,0,0,0,0,1,0,0,13,67
2025,A,55,1,0000000001,0000006211,張肇元,29,先發,4,4,0,0,0,0,0,0,0,0,0,0,0,0,0,0,0,0,0,0,0,0,0,14,65
2025,A,55,1,0000000001,0000006927,曾子祐,1,先發,5,3,2,2,0,0,0,0,2,1,0,1,1,0,0,0,0,0,0,1,0,0,0,22,74
2025,A,55,1,0000000001,0000006928,林家鋐,16,先發,2,2,1,1,0,0,0,0,1,0,0,0,0,0,0,1,1,0,0,0,0,0,0,6,31
2025,A,55,1,0000000001,0000006929,紀慶然,24,先發,4,3,1,1,0,0,0,0,1,2,1,0,0,0,0,1,0,0,0,1,0,0,0,4,18
2025,A,55,1,0000000001,0000007301,曾昱磬,44,先發,4,3,2,2,0,0,0,0,2,0,0,2,0,0,1,0,1,1,0,0,0,0,0,12,55
2025,A,55,2,0000000001,0000000132,梁家榮,5,先發,3,3,0,0,0,0,0,0,0,0,0,0,0,0,0,2,0,0,0,0,1,0,0,11,50
2025,A,55,2,0000000001,0000000158,廖健富,58,先發,4,4,3,3,0,0,0,0,3,1,0,0,0,0,0,0,0,0,0,0,0,0,0,4,32
2025,A,55,2,0000000001,0000000159,成晉,35,先發,2,2,0,0,0,0,0,0,0,0,0,0,0,0,0,1,0,0,0,0,0,0,0,6,36
2025,A,55,2,0000000001,0000001286,馮健庭,45,非先發,1,1,0,0,0,0,0,0,0,0,0,0,0,0,0,1,0,0,0,0,0,0,0,4,13
2025,A,55,2,0000000001,0000001618,林子偉,15,先發,4,4,0,0,0,0,0,0,0,0,0,0,0,0,0,0,0,0,0,0,1,0,0,15,54
2025,A,55,2,0000000001,0000002282,張閔勛,28,先發,3,3,1,1,0,0,0,0,1,0,0,0,0,0,0,0,0,0,0,0,0,0,0,8,33
2025,A,55,2,0000000001,0000003345,林智平,79,先發,4,4,2,2,0,0,0,0,2,0,0,0,0,0,0,0,0,0,0,0,0,0,0,10,35
2025,A,55,2,0000000001,0000003563,余德龍,36,非先發,0,0,0,0,0,0,0,0,0,0,0,0,0,0,0,0,0,0,0,0,0,0,0,4,15
2025,A,55,2,0000000001,0000004633,陳晨威,98,先發,4,4,1,1,0,0,0,0,1,0,0,0,0,0,0,2,0,0,0,0,0,0,0,18,61
2025,A,55,2,0000000001,0000006235,林政華,65,先發,4,3,2,1,0,1,0,0,4,0,0,1,0,0,0,0,0,0,1,0,0,0,0,8,21
2025,A,55,2,0000000001,0000006240,馬傑森,94,先發,4,3,1,0,1,0,0,0,2,0,0,0,1,0,0,0,0,0,0,0,0,0,0,9,46
2025,A,55,2,0000000001,0000006856,董順傑,38,非先發,1,1,0,0,0,0,0,0,0,0,0,0,0,0,0,0,0,0,0,0,0,0,0,0,2
2025,A,55,2,0000000001,0000007312,張趙紘,33,非先發,1,1,0,0,0,0,0,0,0,0,0,0,0,0,0,0,0,0,0,0,0,0,0,0,1
2025,A,56,1,0000000002,0000000153,林承飛,6,非先發,1,1,0,0,0,0,0,0,0,0,0,0,0,0,0,1,0,0,0,0,0,0,0,2,22
2025,A,56,1,0000000002,0000000159,成晉,35,先發,4,2,0,0,0,0,0,0,0,0,0,0,1,0,0,0,0,0,1,0,0,0,0,33,136
2025,A,56,1,0000000002,0000001286,馮健庭,45,先發,3,3,1,1,0,0,0,0,1,0,0,0,0,0,0,1,0,0,0,0,0,0,0,11,39
2025,A,56,1,0000000002,0000002282,張閔勛,28,先發,4,4,1,1,0,0,0,0,1,0,0,0,0,0,0,0,0,0,0,0,0,0,0,47,143
2025,A,56,1,0000000002,0000003345,林智平,79,先發,4,4,1,0,1,0,0,0,2,0,0,0,0,0,0,3,0,0,0,0,0,0,0,57,172
2025,A,56,1,0000000002,0000003467,林泓育,11,非先發,1,1,0,0,0,0,0,0,0,0,0,0,0,0,0,1,0,0,0,0,0,0,0,53,174
2025,A,56,1,0000000002,0000003563,余德龍,36,先發,3,3,0,0,0,0,0,0,0,0,0,0,0,0,0,3,0,0,0,0,0,0,0,26,99
2025,A,56,1,0000000002,0000004633,陳晨威,98,先發,4,4,0,0,0,0,0,0,0,0,0,0,0,0,0,1,0,0,0,0,0,0,0,71,223
2025,A,56,1,0000000002,0000006235,林政華,65,先發,4,3,0,0,0,0,0,0,0,0,0,0,1,0,0,1,0,0,0,0,0,0,0,40,145
2025,A,56,1,0000000002,0000006856,董順傑,38,先發,2,2,0,0,0,0,0,0,0,0,0,0,0,0,0,1,0,0,0,0,0,0,0,1,7
2025,A,56,1,0000000002,0000006858,陳佳樂,8,先發,3,3,1,1,0,0,0,0,1,0,0,0,0,0,0,1,0,0,0,0,0,0,0,1,10
2025,A,56,2,0000000002,0000002352,范國宸,46,先發,4,4,1,1,0,0,0,0,1,0,0,0,0,0,0,1,0,0,0,0,0,0,0,41,140
2025,A,56,2,0000000002,0000003211,王勝偉,3,先發,3,3,1,1,0,0,0,0,1,0,0,0,0,0,0,0,0,0,0,0,0,0,0,10,28
2025,A,56,2,0000000002,0000004645,戴培峰,95,先發,4,3,1,1,0,0,0,0,1,0,0,1,1,0,0,0,1,0,0,0,0,0,0,38,143
2025,A,56,2,0000000002,0000005310,陳真,7,先發,3,2,1,1,0,0,0,0,1,1,0,0,1,0,0,1,1,0,0,0,0,0,0,23,99
2025,A,56,2,0000000002,0000005510,林澤彬,2,先發,4,4,0,0,0,0,0,0,0,0,0,0,0,0,0,0,0,0,0,0,0,0,0,41,122
2025,A,56,2,0000000002,0000006872,林岳谷,62,先發,4,4,1,0,0,0,1,0,4,1,1,1,0,0,0,0,0,0,0,0,0,0,0,16,64
2025,A,56,2,0000000002,0000007031,林莛淯,9,先發,3,3,0,0,0,0,0,0,0,0,0,0,0,0,0,2,0,0,0,0,0,0,0,1,10
2025,A,56,2,0000000002,0000007089,王念好,5,先發,3,3,0,0,0,0,0,0,0,0,0,0,0,0,0,1,0,0,0,0,0,0,0,6,46
2025,A,56,2,0000000002,0000007091,高捷,4,先發,3,3,0,0,0,0,0,0,0,0,0,0,0,0,0,2,0,0,0,0,0,0,0,19,84
2025,A,59,1,0000000001,0000000935,王柏融,9,先發,4,4,1,0,1,0,0,0,2,3,1,1,0,0,0,0,0,0,0,0,0,0,1,15,62
2025,A,59,1,0000000001,0000001291,郭阜林,59,先發,4,3,2,2,0,0,0,0,2,1,0,0,0,0,1,1,0,0,0,0,0,0,0,9,26
2025,A,59,1,0000000001,0000003533,藍寅倫,88,先發,4,4,1,1,0,0,0,0,1,0,0,1,0,0,0,2,0,0,0,0,0,0,0,8,33
2025,A,59,1,0000000001,0000005340,王博玄,6,非先發,1,1,0,0,0,0,0,0,0,0,0,0,0,0,0,0,0,0,0,0,0,0,0,13,69
2025,A,59,1,0000000001,0000006211,張肇元,29,先發,2,2,0,0,0,0,0,0,0,0,0,0,0,0,0,2,0,0,0,0,0,0,0,14,69
2025,A,59,1,0000000001,0000006926,陳致嘉,33,非先發,1,0,0,0,0,0,0,0,0,1,0,0,0,0,0,0,0,0,0,1,0,0,0,1,5
2025,A,59,1,0000000001,0000006927,曾子祐,1,先發,5,5,1,1,0,0,0,0,1,0,0,1,0,0,0,2,0,1,0,0,0,0,0,23,82
2025,A,59,1,0000000001,0000006928,林家鋐,16,先發,2,2,0,0,0,0,0,0,0,0,0,0,0,0,0,0,0,0,0,0,0,0,0,7,34
2025,A,59,1,0000000001,0000006929,紀慶然,24,先發,4,4,1,1,0,0,0,0,1,0,0,1,0,0,0,1,0,0,0,0,0,0,0,6,25
2025,A,59,1,0000000001,0000006931,黃劼希,42,非先發,2,2,1,1,0,0,0,0,1,0,0,0,0,0,0,0,0,0,0,0,0,0,0,3,14
2025,A,59,1,0000000001,0000007301,曾昱磬,44,先發,4,2,0,0,0,0,0,0,0,0,0,1,1,0,1,0,0,0,0,0,0,0,0,13,61
2025,A,59,2,0000000001,0000001606,林岱安,31,先發,3,3,0,0,0,0,0,0,0,0,0,0,0,0,0,2,0,0,0,0,0,0,0,9,38
2025,A,59,2,0000000001,0000001804,陳傑憲,24,先發,4,4,2,1,0,1,0,0,4,1,0,0,0,0,0,1,0,0,0,0,0,0,0,26,78
2025,A,59,2,0000000001,0000002298,陳重羽,65,非先發,0,0,0,0,0,0,0,0,0,0,0,0,0,0,0,0,0,0,0,0,0,0,0,6,31
2025,A,59,2,0000000001,0000002707,潘傑楷,35,先發,4,3,0,0,0,0,0,0,0,0,0,0,1,0,0,2,0,0,0,0,0,0,0,17,67
2025,A,59,2,0000000001,0000004642,林靖凱,64,先發,3,3,0,0,0,0,0,0,0,0,0,0,0,0,0,2,0,0,0,0,0,0,0,9,40
2025,A,59,2,0000000001,0000005306,許哲晏,10,非先發,1,1,0,0,0,0,0,0,0,0,0,0,0,0,0,0,0,0,0,0,0,0,0,4,30
2025,A,59,2,0000000001,0000005522,朱迦恩,8,非先發,1,1,0,0,0,0,0,0,0,0,0,0,0,0,0,0,0,0,0,0,0,0,0,4,25
2025,A,59,2,0000000001,0000005531,邱智呈,14,先發,4,3,1,0,1,0,0,0,2,1,0,0,1,0,0,1,0,0,0,0,0,0,0,16,69
2025,A,59,2,0000000001,0000006223,林子豪,2,先發,4,4,2,2,0,0,0,0,2,0,0,0,0,0,0,0,0,0,0,0,0,0,0,13,44
2025,A,59,2,0000000001,0000006843,潘磊,54,先發,4,4,0,0,0,0,0,0,0,0,0,0,0,0,0,1,0,0,0,0,0,0,0,0,4
2025,A,59,2,0000000001,0000007070,林佳緯,20,先發,5,5,2,1,1,0,0,0,3,0,0,2,0,0,0,1,0,0,0,0,0,0,0,10,48
2025,A,59,2,0000000001,0000007268,陳聖平,15,先發,4,4,1,0,1,0,0,0,2,0,0,0,0,0,0,1,0,0,0,0,0,1,0,11,41
2025,A,59,1,0000000001,0000000753,杜家明,71,先發,4,4,2,2,0,0,0,0,2,0,0,1,0,0,0,0,0,0,0,0,0,0,0,15,58
2025,A,60,1,0000000001,0000000132,梁家榮,5,先發,3,3,0,0,0,0,0,0,0,0,0,0,0,0,0,2,0,0,0,0,0,0,0,11,53
2025,A,60,1,0000000001,0000000158,廖健富,58,先發,5,5,1,1,0,0,0,0,1,0,0,1,0,0,0,1,0,0,0,0,0,0,0,5,37
2025,A,60,1,0000000001,0000000159,成晉,35,非先發,1,0,0,0,0,0,0,0,0,0,0,0,1,0,0,0,0,0,0,0,0,0,0,6,36
2025,A,60,1,0000000001,0000001286,馮健庭,45,非先發,1,1,0,0,0,0,0,0,0,0,0,0,0,0,0,0,0,0,0,0,0,0,0,4,14
2025,A,60,1,0000000001,0000001618,林子偉,15,先發,4,3,0,0,0,0,0,0,0,0,0,0,0,0,1,3,0,0,0,0,0,0,0,15,57
2025,A,60,1,0000000001,0000002282,張閔勛,28,非先發,0,0,0,0,0,0,0,0,0,0,0,0,0,0,0,0,0,0,0,0,0,0,0,8,33
2025,A,60,1,0000000001,0000003345,林智平,79,先發,5,5,2,1,1,0,0,0,3,3,1,0,0,0,0,0,0,0,0,0,0,0,1,12,40
2025,A,60,1,0000000001,0000003563,余德龍,36,先發,4,4,0,0,0,0,0,0,0,0,0,0,0,0,0,2,0,0,0,0,0,0,0,4,19
2025,A,60,1,0000000001,0000004633,陳晨威,98,先發,5,3,1,1,0,0,0,0,1,2,0,3,2,0,0,1,1,0,0,0,0,1,0,19,64
2025,A,60,1,0000000001,0000006235,林政華,65,先發,5,4,2,2,0,0,0,0,2,1,0,1,1,0,0,1,0,0,0,0,0,0,0,10,25
2025,A,60,1,0000000001,0000006240,馬傑森,94,先發,4,3,1,1,0,0,0,0,1,1,0,1,1,0,0,0,0,0,0,0,0,0,0,10,49
2025,A,60,1,0000000001,0000006854,宋嘉翔,2,先發,4,3,2,2,0,0,0,0,2,0,0,1,1,0,0,0,0,0,0,0,0,0,0,7,18
2025,A,60,2,0000000001,0000000361,張洺瑀,33,先發,4,4,0,0,0,0,0,0,0,0,0,0,0,0,0,1,0,0,0,0,0,0,0,4,22
2025,A,60,2,0000000001,0000000362,申皓瑋,29,先發,5,4,1,0,0,1,0,0,3,1,0,1,0,0,0,1,0,0,0,1,0,0,0,19,66
2025,A,60,2,0000000001,0000001118,高國麟,98,先發,5,4,1,0,1,0,0,0,2,0,0,0,1,0,0,0,0,0,0,0,0,0,0,8,35
2025,A,60,2,0000000001,0000001473,李宗賢,22,先發,4,3,1,1,0,0,0,0,1,1,0,1,0,0,1,0,0,0,0,0,0,0,0,10,58
2025,A,60,2,0000000001,0000002352,范國宸,46,先發,4,3,0,0,0,0,0,0,0,0,0,1,1,0,0,2,0,0,0,0,0,0,0,7,34
2025,A,60,2,0000000001,0000004645,戴培峰,95,先發,4,2,0,0,0,0,0,0,0,0,0,0,2,0,0,0,0,0,0,0,0,0,0,23,61
2025,A,60,2,0000000001,0000005310,陳真,7,先發,2,2,0,0,0,0,0,0,0,0,0,0,0,0,0,1,0,0,0,0,0,0,0,7,30
2025,A,60,2,0000000001,0000005510,林澤彬,2,非先發,0,0,0,0,0,0,0,0,0,0,0,0,0,0,0,0,0,0,0,0,0,0,0,1,11
2025,A,60,2,0000000001,0000006737,董子恩,78,先發,4,4,2,2,0,0,0,0,2,0,0,1,0,0,0,0,0,0,0,0,0,0,0,14,60
2025,A,60,2,0000000001,0000006738,孔念恩,82,非先發,1,0,0,0,0,0,0,0,0,1,0,0,0,0,1,0,0,0,0,0,0,0,0,13,42
2025,A,60,2,0000000001,0000006806,池恩齊,97,先發,4,3,1,1,0,0,0,0,1,0,0,2,0,0,1,1,1,0,0,0,0,0,0,7,34
2025,A,60,2,0000000001,0000006868,周佳樂,77,非先發,3,3,1,1,0,0,0,0,1,1,0,0,0,0,0,0,0,0,0,0,0,0,0,9,40
2025,A,60,2,0000000001,0000006909,豊暐,43,非先發,1,1,0,0,0,0,0,0,0,0,0,0,0,0,0,1,0,0,0,0,0,0,0,2,8
2025,A,61,1,0000000001,0000001119,許基宏,74,先發,4,2,0,0,0,0,0,0,0,0,0,1,2,0,0,1,0,0,0,0,0,0,0,25,68
2025,A,61,1,0000000001,0000001754,林書逸,43,先發,4,4,2,2,0,0,0,0,2,0,0,2,0,0,0,1,0,0,0,0,0,0,0,3,13
2025,A,61,1,0000000001,0000002285,高宇杰,65,先發,4,4,0,0,0,0,0,0,0,0,0,0,0,0,0,2,0,0,0,0,0,0,0,16,64
2025,A,61,1,0000000001,0000002291,岳東華,98,先發,4,3,0,0,0,0,0,0,0,0,0,0,1,0,0,1,0,0,0,0,1,0,0,11,58
2025,A,61,1,0000000001,0000002297,詹子賢,39,非先發,2,2,1,0,0,0,1,0,4,2,1,1,0,0,0,0,0,0,0,0,0,0,1,14,52
2025,A,61,1,0000000001,0000002307,王政順,61,先發,4,3,0,0,0,0,0,0,0,0,0,0,1,0,0,2,0,0,0,0,0,0,0,8,33
2025,A,61,1,0000000001,0000003183,張志豪,7,先發,3,3,0,0,0,0,0,0,0,0,0,0,0,0,0,1,0,0,0,0,0,0,0,12,52
2025,A,61,1,0000000001,0000003609,陳俊秀,29,先發,2,2,1,1,0,0,0,0,1,0,0,0,0,0,0,1,0,0,0,0,0,0,0,11,49
2025,A,61,1,0000000001,0000004636,江坤宇,90,先發,4,2,0,0,0,0,0,0,0,1,0,0,1,0,0,0,0,0,1,0,0,0,0,15,65
2025,A,61,1,0000000001,0000005569,曾頌恩,1,非先發,2,1,0,0,0,0,0,0,0,0,0,0,1,0,0,1,0,0,0,0,0,0,0,13,57
2025,A,61,1,0000000001,0000006220,馬鋼,68,非先發,0,0,0,0,0,0,0,0,0,0,0,0,0,0,0,0,0,0,0,0,0,0,0,0,1
2025,A,61,1,0000000001,0000006225,宋晟睿,88,先發,5,5,2,1,1,0,0,0,3,0,0,0,0,0,0,1,0,1,0,0,0,0,0,23,77
2025,A,61,2,0000000001,0000000743,陳子豪,1,非先發,2,1,0,0,0,0,0,0,0,0,0,0,1,0,0,1,0,0,0,0,0,0,0,12,61
2025,A,61,2,0000000001,0000003343,郭嚴文,6,非先發,1,1,0,0,0,0,0,0,0,0,0,0,0,0,0,1,0,0,0,0,0,0,0,13,47
2025,A,61,2,0000000001,0000003625,吉力吉撈．鞏冠,4,先發,4,3,1,1,0,0,0,0,1,0,0,0,1,0,0,0,0,0,0,0,0,0,0,18,66
2025,A,61,2,0000000001,0000005291,蔣少宏,63,先發,3,2,0,0,0,0,0,0,0,0,0,0,0,0,0,0,0,0,1,0,0,0,0,6,37
2025,A,61,2,0000000001,0000005540,李凱威,21,先發,5,5,2,2,0,0,0,0,2,0,0,0,0,0,0,1,0,0,0,0,0,0,0,20,69
2025,A,61,2,0000000001,0000005542,張政禹,25,先發,4,3,0,0,0,0,0,0,0,0,0,0,0,0,1,0,0,0,0,0,0,0,0,14,45
2025,A,61,2,0000000001,0000005545,劉基鴻,46,先發,4,4,2,2,0,0,0,0,2,0,0,1,0,0,0,2,0,0,0,0,0,1,0,21,69
2025,A,61,2,0000000001,0000005549,郭天信,2,先發,4,4,0,0,0,0,0,0,0,0,0,0,0,0,0,0,0,0,0,0,0,0,0,24,71
2025,A,61,2,0000000001,0000006216,王順和,24,先發,3,3,0,0,0,0,0,0,0,0,0,0,0,0,0,2,0,0,0,0,0,0,0,11,32
2025,A,61,2,0000000001,0000006217,林辰勳,9,非先發,0,0,0,0,0,0,0,0,0,0,0,0,0,0,0,0,0,0,0,0,0,0,0,0,2
2025,A,61,2,0000000001,0000007079,劉俊緯,23,先發,4,4,2,2,0,0,0,0,2,1,0,0,0,0,0,1,0,0,0,0,0,0,0,13,41
2025,A,61,2,0000000001,0000007304,曾聖安,50,先發,4,3,0,0,0,0,0,0,0,0,0,0,1,0,0,0,0,0,0,0,0,0,0,8,43
2025,A,62,1,0000000001,0000000929,王威晨,9,非先發,1,1,0,0,0,0,0,0,0,0,0,0,0,0,0,0,0,0,0,0,0,0,0,13,63
2025,A,62,1,0000000001,0000001119,許基宏,74,先發,4,3,1,1,0,0,0,0,1,1,0,0,1,0,0,1,0,0,0,0,0,0,0,26,71
2025,A,62,1,0000000001,0000002285,高宇杰,65,先發,4,4,0,0,0,0,0,0,0,0,0,0,0,0,0,2,0,0,0,0,0,0,0,16,68
2025,A,62,1,0000000001,0000002291,岳東華,98,先發,3,2,0,0,0,0,0,0,0,0,0,0,1,0,0,0,0,0,0,0,0,0,0,11,60
2025,A,62,1,0000000001,0000002297,詹子賢,39,先發,5,5,3,3,0,0,0,0,3,0,0,0,0,0,0,0,0,0,0,0,0,0,0,17,57
2025,A,62,1,0000000001,0000002307,王政順,61,非先發,1,1,0,0,0,0,0,0,0,0,0,0,0,0,0,0,0,0,0,0,0,0,0,8,34
2025,A,62,1,0000000001,0000004636,江坤宇,90,先發,4,4,2,2,0,0,0,0,2,0,0,0,0,0,0,1,0,0,0,0,0,0,0,17,69
2025,A,62,1,0000000001,0000005298,黃韋盛,66,先發,4,3,0,0,0,0,0,0,0,0,0,0,0,0,0,3,0,0,1,0,0,0,0,2,23
2025,A,62,1,0000000001,0000006220,馬鋼,68,先發,3,2,0,0,0,0,0,0,0,0,0,0,1,0,0,1,0,0,0,0,0,0,0,0,3
2025,A,62,1,0000000001,0000006225,宋晟睿,88,先發,5,5,1,1,0,0,0,0,1,0,0,1,0,0,0,0,1,0,0,0,1,0,0,24,82
2025,A,62,1,0000000001,0000006730,張仁瑋,28,先發,4,3,1,1,0,0,0,0,1,0,0,0,1,0,0,1,1,0,0,0,0,0,0,1,6
2025,A,62,2,0000000001,0000000743,陳子豪,1,先發,4,2,0,0,0,0,0,0,0,0,0,1,2,0,0,2,0,0,0,0,0,0,0,12,63
2025,A,62,2,0000000001,0000003343,郭嚴文,6,先發,4,3,0,0,0,0,0,0,0,0,0,0,1,0,0,0,0,0,0,0,0,0,0,13,50
2025,A,62,2,0000000001,0000003625,吉力吉撈．鞏冠,4,先發,4,4,0,0,0,0,0,0,0,0,0,0,0,0,0,1,0,0,0,0,0,0,0,18,70
2025,A,62,2,0000000001,0000005291,蔣少宏,63,非先發,0,0,0,0,0,0,0,0,0,0,0,0,0,0,0,0,0,0,0,0,0,0,0,6,37
2025,A,62,2,0000000001,0000005540,李凱威,21,先發,4,4,2,1,1,0,0,0,3,0,0,0,0,0,0,0,0,0,0,0,0,0,0,22,73
2025,A,62,2,0000000001,0000005542,張政禹,25,先發,4,4,1,1,0,0,0,0,1,0,0,0,0,0,0,1,0,0,0,0,0,0,0,15,49
2025,A,62,2,0000000001,0000005545,劉基鴻,46,先發,4,3,1,1,0,0,0,0,1,2,1,0,1,0,0,1,0,0,0,0,0,0,1,22,72
2025,A,62,2,0000000001,0000005549,郭天信,2,先發,3,3,0,0,0,0,0,0,0,0,0,0,0,0,0,2,0,0,0,0,0,0,0,24,74
2025,A,62,2,0000000001,0000005553,張祐銘,34,非先發,0,0,0,0,0,0,0,0,0,0,0,0,0,0,0,0,0,0,0,0,0,0,0,2,5
2025,A,62,2,0000000001,0000007079,劉俊緯,23,先發,4,3,0,0,0,0,0,0,0,0,0,0,0,0,0,3,0,0,1,0,0,0,0,13,44
2025,A,62,2,0000000001,0000007304,曾聖安,50,先發,3,1,0,0,0,0,0,0,0,0,0,1,2,0,0,0,0,0,0,0,0,0,0,8,44
2025,A,63,2,0000000001,0000002298,陳重羽,65,先發,4,3,0,0,0,0,0,0,0,0,0,1,1,0,0,0,0,0,0,0,1,0,0,6,34
2025,A,63,2,0000000001,0000002661,陳鏞基,13,先發,4,3,1,0,1,0,0,0,2,0,0,0,1,0,0,0,0,0,0,0,0,0,0,3,11
2025,A,63,2,0000000001,0000003615,胡金龍,51,先發,4,4,1,1,0,0,0,0,1,1,1,0,0,0,0,0,0,0,0,0,0,0,0,8,16
2025,A,63,2,0000000001,0000005306,許哲晏,10,先發,4,4,0,0,0,0,0,0,0,0,0,0,0,0,0,0,0,0,0,0,0,0,0,4,34
2025,A,63,2,0000000001,0000005531,邱智呈,14,先發,4,3,3,0,2,1,0,0,7,1,0,1,1,0,0,0,0,0,0,0,0,0,1,19,72
2025,A,63,2,0000000001,0000006223,林子豪,2,先發,4,3,0,0,0,0,0,0,0,0,0,0,1,0,0,1,0,0,0,0,0,0,0,13,47
2025,A,63,2,0000000001,0000007070,林佳緯,20,先發,4,4,1,0,1,0,0,0,2,0,0,0,0,0,0,1,0,0,0,0,0,0,0,11,52
2025,A,63,1,0000000001,0000000753,杜家明,71,非先發,1,1,0,0,0,0,0,0,0,0,0,0,0,0,0,0,0,0,0,0,0,1,0,15,59
2025,A,63,1,0000000001,0000000935,王柏融,9,先發,4,4,1,1,0,0,0,0,1,0,0,0,0,0,0,0,1,0,0,0,0,0,0,16,66
2025,A,63,1,0000000001,0000001291,郭阜林,59,先發,4,3,1,1,0,0,0,0,1,0,0,0,1,0,0,0,1,0,0,0,0,0,0,10,29
2025,A,63,1,0000000001,0000003174,郭永維,7,先發,3,3,1,1,0,0,0,0,1,0,0,0,0,0,0,0,0,0,0,0,1,0,0,1,7
2025,A,63,1,0000000001,0000003533,藍寅倫,88,先發,3,3,0,0,0,0,0,0,0,0,0,0,0,0,0,0,0,0,0,0,0,0,0,8,36
2025,A,63,1,0000000001,0000005340,王博玄,6,非先發,1,1,1,1,0,0,0,0,1,1,0,0,0,0,0,0,0,0,0,0,0,0,0,14,70
2025,A,63,1,0000000001,0000006211,張肇元,29,非先發,1,1,0,0,0,0,0,0,0,0,0,0,0,0,0,1,0,0,0,0,0,0,0,14,70
2025,A,63,1,0000000001,0000006926,陳致嘉,33,先發,3,3,1,1,0,0,0,0,1,0,0,0,0,0,0,0,0,0,0,0,0,0,0,2,8
2025,A,63,1,0000000001,0000006927,曾子祐,1,先發,4,3,0,0,0,0,0,0,0,0,0,0,1,0,0,0,0,0,0,0,0,0,0,23,85
2025,A,63,1,0000000001,0000006929,紀慶然,24,先發,3,3,0,0,0,0,0,0,0,0,0,0,0,0,0,1,0,0,0,0,0,0,0,6,28
2025,A,63,1,0000000001,0000006931,黃劼希,42,先發,3,2,0,0,0,0,0,0,0,0,0,0,1,0,0,1,0,0,0,0,0,1,0,3,16
2025,A,63,1,0000000001,0000006936,高聖恩,50,非先發,0,0,0,0,0,0,0,0,0,0,0,1,0,0,0,0,0,0,0,0,0,0,0,0,0
2025,A,63,1,0000000001,0000007239,魔鷹,94,先發,4,2,0,0,0,0,0,0,0,0,0,0,2,0,0,0,0,0,0,0,0,0,0,6,27
2025,A,63,1,0000000001,0000007301,曾昱磬,44,非先發,1,1,0,0,0,0,0,0,0,0,0,0,0,0,0,0,0,0,0,0,0,0,0,13,62
2025,A,63,2,0000000001,0000001804,陳傑憲,24,先發,4,3,0,0,0,0,0,0,0,0,0,0,1,0,0,1,0,0,0,0,0,0,0,26,81
2025,A,63,2,0000000001,0000002289,陳重廷,66,先發,4,4,1,1,0,0,0,0,1,0,0,0,0,0,0,0,0,0,0,0,0,0,0,8,32
2025,A,64,1,0000000001,0000000158,廖健富,58,先發,4,3,1,1,0,0,0,0,1,0,0,1,1,0,0,0,0,0,0,0,0,0,0,6,40
2025,A,64,1,0000000001,0000000159,成晉,35,先發,4,3,1,1,0,0,0,0,1,0,0,0,0,0,1,1,0,1,0,0,0,0,0,7,39
2025,A,64,1,0000000001,0000001286,馮健庭,45,非先發,1,0,0,0,0,0,0,0,0,0,0,0,0,0,0,0,0,0,1,0,0,0,0,4,14
2025,A,64,1,0000000001,0000001618,林子偉,15,非先發,0,0,0,0,0,0,0,0,0,0,0,0,0,0,0,0,0,0,0,0,0,0,0,15,57
2025,A,64,1,0000000001,0000002282,張閔勛,28,先發,4,4,2,2,0,0,0,0,2,0,0,0,0,0,0,0,0,0,0,0,0,0,0,10,37
2025,A,64,1,0000000001,0000003345,林智平,79,先發,5,4,1,1,0,0,0,0,1,1,0,0,1,0,0,2,0,0,0,0,0,0,0,13,44
2025,A,64,1,0000000001,0000004633,陳晨威,98,先發,5,5,2,2,0,0,0,0,2,0,0,1,0,0,0,0,0,0,0,0,0,0,0,21,69
2025,A,64,1,0000000001,0000006235,林政華,65,先發,5,4,1,1,0,0,0,0,1,0,0,1,0,0,0,2,0,0,1,0,0,0,1,11,29
2025,A,64,1,0000000001,0000006240,馬傑森,94,先發,5,5,0,0,0,0,0,0,0,0,0,0,0,0,0,1,0,0,0,0,0,0,0,10,54
2025,A,64,1,0000000001,0000007312,張趙紘,33,先發,5,5,1,0,1,0,0,0,2,1,0,0,0,0,0,3,0,0,0,0,0,0,0,1,6
2025,A,64,1,0000000001,0000007313,曾冠傑,55,先發,5,5,0,0,0,0,0,0,0,0,0,0,0,0,0,2,0,0,0,0,0,0,0,0,5
2025,A,64,2,0000000001,0000000362,申皓瑋,29,先發,5,3,2,2,0,0,0,0,2,1,0,0,2,0,0,0,0,1,0,0,0,0,0,21,69
2025,A,64,2,0000000001,0000001118,高國麟,98,先發,4,3,0,0,0,0,0,0,0,1,0,0,0,0,0,0,0,0,0,1,1,0,0,8,38
2025,A,64,2,0000000001,0000001473,李宗賢,22,先發,5,4,3,2,1,0,0,0,4,0,0,2,0,0,0,0,0,0,1,0,0,0,0,13,62
2025,A,64,2,0000000001,0000002352,范國宸,46,先發,2,2,1,0,1,0,0,0,2,0,0,0,0,0,0,0,0,0,0,0,0,0,0,8,36
2025,A,64,2,0000000001,0000003211,王勝偉,3,非先發,2,2,0,0,0,0,0,0,0,0,0,0,0,0,0,0,0,0,0,0,0,1,0,0,2
2025,A,64,2,0000000001,0000004645,戴培峰,95,先發,4,2,0,0,0,0,0,0,0,0,0,0,1,0,1,0,0,0,0,0,0,0,0,23,63
2025,A,64,2,0000000001,0000005310,陳真,7,非先發,1,1,0,0,0,0,0,0,0,0,0,0,0,0,0,1,0,0,0,0,0,0,0,7,31
2025,A,64,2,0000000001,0000006737,董子恩,78,先發,4,4,0,0,0,0,0,0,0,0,0,0,0,0,0,0,0,0,0,0,0,0,0,14,64
2025,A,64,2,0000000001,0000006738,孔念恩,82,先發,4,4,2,1,1,0,0,0,3,0,0,0,0,0,0,0,0,1,0,0,0,0,0,15,46
2025,A,64,2,0000000001,0000006806,池恩齊,97,先發,4,3,0,0,0,0,0,0,0,0,0,0,0,0,0,1,0,0,1,0,0,1,0,7,37
2025,A,64,2,0000000001,0000006868,周佳樂,77,先發,4,4,1,1,0,0,0,0,1,0,0,0,0,0,0,0,0,0,0,0,0,0,0,10,44
2025,A,65,1,0000000001,0000000361,張洺瑀,33,先發,4,4,0,0,0,0,0,0,0,0,0,0,0,0,0,1,0,0,0,0,0,0,0,4,26
2025,A,65,1,0000000001,0000000362,申皓瑋,29,先發,4,3,0,0,0,0,0,0,0,1,0,0,0,0,0,1,0,0,0,1,0,0,0,21,72
2025,A,65,1,0000000001,0000001118,高國麟,98,先發,4,4,1,0,0,0,1,0,4,1,0,1,0,0,0,1,0,0,0,0,0,1,0,9,42
2025,A,65,1,0000000001,0000001473,李宗賢,22,先發,4,4,1,1,0,0,0,0,1,1,0,1,0,0,0,1,0,0,0,0,0,0,0,14,66
2025,A,65,1,0000000001,0000002352,范國宸,46,非先發,1,1,0,0,0,0,0,0,0,1,0,0,0,0,0,0,0,0,0,0,0,0,0,8,37
2025,A,65,1,0000000001,0000003211,王勝偉,3,非先發,1,1,1,1,0,0,0,0,1,0,0,1,0,0,0,0,0,0,0,0,0,0,0,1,3
2025,A,65,1,0000000001,0000004645,戴培峰,95,先發,4,3,0,0,0,0,0,0,0,0,0,0,1,0,0,0,0,0,0,0,0,0,0,23,66
2025,A,65,1,0000000001,0000005510,林澤彬,2,非先發,0,0,0,0,0,0,0,0,0,0,0,0,0,0,0,0,0,0,0,0,0,0,0,1,11
2025,A,65,1,0000000001,0000006737,董子恩,78,先發,2,2,0,0,0,0,0,0,0,0,0,0,0,0,0,0,0,0,0,0,0,0,0,14,66
2025,A,65,1,0000000001,0000006738,孔念恩,82,先發,4,4,0,0,0,0,0,0,0,0,0,0,0,0,0,2,0,0,0,0,0,0,0,15,50
2025,A,65,1,0000000001,0000006806,池恩齊,97,先發,3,2,0,0,0,0,0,0,0,0,0,0,1,0,0,0,1,0,0,0,0,0,0,7,39
2025,A,65,1,0000000001,0000006868,周佳樂,77,先發,3,3,1,1,0,0,0,0,1,0,0,1,0,0,0,0,0,0,0,0,0,0,0,11,47
2025,A,65,2,0000000001,0000000935,王柏融,9,先發,5,3,2,2,0,0,0,0,2,1,0,1,2,0,0,0,0,1,0,0,0,0,0,18,69
2025,A,65,2,0000000001,0000001291,郭阜林,59,先發,4,4,1,1,0,0,0,0,1,1,0,0,0,0,0,1,0,0,0,0,0,0,0,11,33
2025,A,65,2,0000000001,0000003533,藍寅倫,88,先發,4,4,3,3,0,0,0,0,3,1,0,1,0,0,0,0,0,0,0,0,1,0,0,11,40
2025,A,65,2,0000000001,0000005340,王博玄,6,先發,5,5,2,2,0,0,0,0,2,0,0,1,0,0,0,2,0,0,0,0,0,0,0,16,75
2025,A,65,2,0000000001,0000006926,陳致嘉,33,先發,4,4,0,0,0,0,0,0,0,0,0,0,0,0,0,1,0,0,0,0,0,0,0,2,12
2025,A,65,2,0000000001,0000006927,曾子祐,1,先發,5,5,2,1,1,0,0,0,3,0,0,2,0,0,0,0,1,0,0,0,0,1,0,25,90
2025,A,65,2,0000000001,0000006928,林家鋐,16,先發,4,4,2,2,0,0,0,0,2,1,0,0,0,0,0,1,0,0,0,0,0,0,0,9,38
2025,A,65,2,0000000001,0000006929,紀慶然,24,先發,4,3,2,2,0,0,0,0,2,1,0,0,0,0,0,0,1,0,0,1,0,1,0,8,31
2025,A,65,2,0000000001,0000007239,魔鷹,94,先發,5,5,2,1,0,0,1,0,5,2,1,2,0,0,0,0,0,0,0,0,0,0,0,8,32
2025,A,66,1,0000000001,0000000158,廖健富,58,先發,4,4,2,1,0,0,1,0,5,2,0,1,0,0,0,0,0,0,0,0,0,0,0,8,44
2025,A,66,1,0000000001,0000000159,成晉,35,非先發,1,1,1,1,0,0,0,0,1,0,0,0,0,0,0,0,0,0,0,0,0,0,0,8,40
2025,A,66,1,0000000001,0000001618,林子偉,15,先發,4,4,2,1,1,0,0,0,3,1,0,0,0,0,0,1,0,0,0,0,0,0,0,17,61
2025,A,66,1,0000000001,0000002282,張閔勛,28,先發,4,4,2,2,0,0,0,0,2,0,0,1,0,0,0,0,0,0,0,0,0,0,0,12,41
2025,A,66,1,0000000001,0000003345,林智平,79,先發,4,4,1,0,1,0,0,0,2,0,0,1,0,0,0,0,0,0,0,0,0,0,0,14,48
2025,A,66,1,0000000001,0000003467,林泓育,11,非先發,1,1,1,1,0,0,0,0,1,1,1,0,0,0,0,0,0,0,0,0,0,0,1,16,49
2025,A,66,1,0000000001,0000004633,陳晨威,98,先發,5,5,3,3,0,0,0,0,3,0,0,1,0,0,0,1,1,1,0,0,0,0,0,24,74
2025,A,66,1,0000000001,0000006235,林政華,65,先發,4,4,0,0,0,0,0,0,0,0,0,0,0,0,0,0,0,0,0,0,0,0,0,11,33
2025,A,66,1,0000000001,0000006240,馬傑森,94,先發,4,4,0,0,0,0,0,0,0,0,0,0,0,0,0,0,0,0,0,0,1,1,0,10,58
2025,A,66,1,0000000001,0000006856,董順傑,38,先發,2,2,0,0,0,0,0,0,0,0,0,0,0,0,0,0,0,0,0,0,0,0,0,0,4
2025,A,66,1,0000000001,0000007313,曾冠傑,55,先發,4,3,0,0,0,0,0,0,0,0,0,0,0,0,0,1,0,0,1,0,0,0,0,0,8
2025,A,66,2,0000000001,0000000929,王威晨,9,先發,4,4,1,0,1,0,0,0,2,1,0,1,0,0,0,1,0,0,0,0,0,0,0,14,67
2025,A,66,2,0000000001,0000001119,許基宏,74,先發,4,4,1,1,0,0,0,0,1,0,0,1,0,0,0,0,0,0,0,0,1,0,0,27,75
2025,A,66,2,0000000001,0000001754,林書逸,43,先發,5,4,0,0,0,0,0,0,0,0,0,0,1,0,0,3,1,0,0,0,0,0,0,3,17
2025,A,66,2,0000000001,0000002285,高宇杰,65,先發,4,3,2,2,0,0,0,0,2,1,0,0,1,0,0,0,0,0,0,0,0,0,0,18,71
2025,A,66,2,0000000001,0000002291,岳東華,98,先發,4,2,0,0,0,0,0,0,0,0,0,0,0,0,1,0,0,0,1,0,0,0,0,11,62
2025,A,66,2,0000000001,0000002297,詹子賢,39,先發,4,3,0,0,0,0,0,0,0,0,0,0,1,0,0,0,0,0,0,0,0,0,0,17,60
2025,A,66,2,0000000001,0000002307,王政順,61,先發,4,4,2,1,1,0,0,0,3,0,0,1,0,0,0,0,0,0,0,0,0,0,0,10,38
2025,A,66,2,0000000001,0000004636,江坤宇,90,先發,4,4,0,0,0,0,0,0,0,0,0,0,0,0,0,0,0,0,0,0,0,0,0,17,73
2025,A,66,2,0000000001,0000006225,宋晟睿,88,先發,5,5,1,1,0,0,0,0,1,0,0,0,0,0,0,1,1,0,0,0,0,0,0,25,87
2025,A,66,2,0000000001,0000006730,張仁瑋,28,非先發,0,0,0,0,0,0,0,0,0,0,0,0,0,0,0,0,0,0,0,0,0,0,0,1,6
2025,A,67,1,0000000001,0000000362,申皓瑋,29,先發,5,5,4,4,0,0,0,0,4,2,0,1,0,0,0,0,0,0,0,0,0,0,0,25,77
2025,A,67,1,0000000001,0000001118,高國麟,98,先發,4,4,1,1,0,0,0,0,1,1,0,1,0,0,0,1,0,0,0,0,0,0,0,10,46
2025,A,67,1,0000000001,0000001473,李宗賢,22,先發,5,4,1,1,0,0,0,0,1,0,0,1,1,0,0,0,0,0,0,0,0,0,0,15,70
2025,A,67,1,0000000001,0000002352,范國宸,46,非先發,1,1,0,0,0,0,0,0,0,0,0,0,0,0,0,1,0,0,0,0,0,1,0,8,38
2025,A,67,1,0000000001,0000003211,王勝偉,3,先發,3,3,2,1,0,1,0,0,4,0,0,2,0,0,0,0,0,0,0,0,0,0,0,3,6
2025,A,67,1,0000000001,0000004645,戴培峰,95,先發,5,4,0,0,0,0,0,0,0,0,0,0,1,0,0,0,0,0,0,0,0,0,0,23,70
2025,A,67,1,0000000001,0000005310,陳真,7,先發,4,3,1,0,0,0,1,0,4,2,1,1,1,0,0,0,0,0,0,0,0,0,0,8,34
2025,A,67,1,0000000001,0000006229,葉子霆,6,先發,5,5,1,1,0,0,0,0,1,2,0,0,0,0,0,2,0,0,0,0,0,0,0,2,11
2025,A,67,1,0000000001,0000006737,董子恩,78,非先發,2,2,1,1,0,0,0,0,1,0,0,1,0,0,0,0,0,0,0,0,0,0,0,15,68
2025,A,67,1,0000000001,0000006738,孔念恩,82,非先發,1,1,0,0,0,0,0,0,0,0,0,0,0,0,0,1,0,0,0,0,0,0,0,15,51
2025,A,67,1,0000000001,0000006868,周佳樂,77,先發,5,4,1,1,0,0,0,0,1,0,0,0,1,0,0,0,0,1,0,0,0,0,0,12,51
2025,A,67,1,0000000001,0000006909,豊暐,43,先發,5,4,2,1,1,0,0,0,3,0,0,0,1,0,0,0,0,0,0,0,0,0,0,4,12
2025,A,67,2,0000000001,0000000753,杜家明,71,非先發,1,1,1,1,0,0,0,0,1,0,0,0,0,0,0,0,0,0,0,0,0,0,0,16,60
2025,A,67,2,0000000001,0000000935,王柏融,9,先發,4,4,1,1,0,0,0,0,1,0,0,0,0,0,0,0,0,0,0,0,0,0,0,19,73
2025,A,67,2,0000000001,0000001291,郭阜林,59,先發,4,4,2,2,0,0,0,0,2,0,0,0,0,0,0,1,0,0,0,0,0,1,0,13,37
2025,A,67,2,0000000001,0000003174,郭永維,7,非先發,1,1,0,0,0,0,0,0,0,0,0,0,0,0,0,0,0,0,0,0,0,0,0,1,8
2025,A,67,2,0000000001,0000003533,藍寅倫,88,先發,4,3,0,0,0,0,0,0,0,0,0,0,1,0,0,0,0,0,0,0,0,0,0,11,43
2025,A,67,2,0000000001,0000005340,王博玄,6,先發,3,3,0,0,0,0,0,0,0,0,0,0,0,0,0,1,0,0,0,0,0,0,0,16,78
2025,A,67,2,0000000001,0000006211,張肇元,29,非先發,1,1,0,0,0,0,0,0,0,0,0,0,0,0,0,0,0,0,0,0,0,0,0,14,71
2025,A,67,2,0000000001,0000006926,陳致嘉,33,先發,2,2,0,0,0,0,0,0,0,0,0,0,0,0,0,1,0,0,0,0,0,0,0,2,14
2025,A,67,2,0000000001,0000006927,曾子祐,1,先發,4,4,0,0,0,0,0,0,0,0,0,0,0,0,0,1,0,0,0,0,0,0,0,25,94
2025,A,67,2,0000000001,0000006928,林家鋐,16,非先發,0,0,0,0,0,0,0,0,0,0,0,0,0,0,0,0,0,0,0,0,0,0,0,9,38
2025,A,67,2,0000000001,0000006929,紀慶然,24,先發,3,3,0,0,0,0,0,0,0,0,0,0,0,0,0,0,0,0,0,0,0,0,0,8,34
2025,A,67,2,0000000001,0000006931,黃劼希,42,先發,2,2,1,1,0,0,0,0,1,0,0,0,0,0,0,1,0,0,0,0,0,0,0,4,18
2025,A,67,2,0000000001,0000006936,高聖恩,50,非先發,1,1,0,0,0,0,0,0,0,0,0,0,0,0,0,0,0,0,0,0,0,0,0,0,1
2025,A,67,2,0000000001,0000007239,魔鷹,94,先發,4,4,1,1,0,0,0,0,1,0,0,0,0,0,0,0,0,0,0,0,0,0,0,9,36
2025,A,67,2,0000000001,0000007301,曾昱磬,44,非先發,1,1,0,0,0,0,0,0,0,0,0,0,0,0,0,0,0,0,0,0,0,0,0,13,63
2025,A,68,1,0000000001,0000000158,廖健富,58,先發,5,5,1,1,0,0,0,0,1,0,0,0,0,0,0,1,0,0,0,0,0,0,0,9,49
2025,A,68,1,0000000001,0000000159,成晉,35,先發,4,3,0,0,0,0,0,0,0,0,0,0,0,0,0,0,0,0,1,0,0,0,0,8,43
2025,A,68,1,0000000001,0000001286,馮健庭,45,非先發,0,0,0,0,0,0,0,0,0,0,0,0,0,0,0,0,0,0,0,0,0,0,0,4,14
2025,A,68,1,0000000001,0000001618,林子偉,15,先發,4,3,0,0,0,0,0,0,0,0,0,0,1,0,0,1,0,0,0,0,0,0,0,17,64
2025,A,68,1,0000000001,0000002282,張閔勛,28,先發,4,3,2,2,0,0,0,0,2,0,0,2,0,0,0,1,0,0,1,0,0,0,0,14,44
2025,A,68,1,0000000001,0000003345,林智平,79,先發,4,4,1,0,1,0,0,0,2,0,0,0,0,0,0,1,0,1,0,0,0,0,0,15,52
2025,A,68,1,0000000001,0000003467,林泓育,11,先發,5,5,3,2,1,0,0,0,4,2,0,0,0,0,0,1,0,0,0,0,0,0,0,19,54
2025,A,68,1,0000000001,0000003563,余德龍,36,先發,4,3,1,0,1,0,0,0,2,0,0,0,1,0,0,1,1,0,0,0,0,0,0,5,22
2025,A,68,1,0000000001,0000004633,陳晨威,98,先發,5,4,1,0,1,0,0,0,2,0,0,2,1,0,0,0,0,0,0,0,0,0,0,25,78
2025,A,68,1,0000000001,0000006235,林政華,65,先發,5,5,2,1,0,0,1,0,5,3,1,1,0,0,0,1,0,0,0,0,0,1,0,13,38
2025,A,68,2,0000000001,0000000929,王威晨,9,先發,4,4,2,1,1,0,0,0,3,0,0,1,0,0,0,0,1,0,0,0,0,0,0,16,71
2025,A,68,2,0000000001,0000001119,許基宏,74,先發,4,3,0,0,0,0,0,0,0,1,0,0,1,0,0,1,0,0,0,0,0,0,0,27,78
2025,A,68,2,0000000001,0000001754,林書逸,43,先發,4,4,0,0,0,0,0,0,0,1,0,0,0,0,0,1,0,0,0,0,0,0,0,3,21
2025,A,68,2,0000000001,0000002285,高宇杰,65,先發,4,4,1,1,0,0,0,0,1,1,0,0,0,0,0,0,0,0,0,0,0,0,0,19,75
2025,A,68,2,0000000001,0000002291,岳東華,98,先發,4,3,2,1,0,0,1,0,5,1,0,2,0,0,1,0,1,0,0,0,0,0,0,13,65
2025,A,68,2,0000000001,0000002297,詹子賢,39,先發,4,4,2,2,0,0,0,0,2,0,0,0,0,0,0,0,0,0,0,0,0,0,0,19,64
2025,A,68,2,0000000001,0000002307,王政順,61,先發,4,4,2,2,0,0,0,0,2,0,0,0,0,0,0,0,0,0,0,0,0,1,0,12,42
2025,A,68,2,0000000001,0000003609,陳俊秀,29,非先發,1,1,0,0,0,0,0,0,0,0,0,0,0,0,0,0,0,0,0,0,0,0,0,11,50
2025,A,68,2,0000000001,0000004636,江坤宇,90,先發,5,5,1,1,0,0,0,0,1,0,0,0,0,0,0,1,1,0,0,0,0,0,0,18,78
2025,A,68,2,0000000001,0000006225,宋晟睿,88,先發,4,4,1,1,0,0,0,0,1,0,0,0,0,0,0,0,0,1,0,0,1,0,0,26,91
2025,A,68,2,0000000001,0000006730,張仁瑋,28,非先發,0,0,0,0,0,0,0,0,0,0,0,1,0,0,0,0,0,0,0,0,0,0,0,1,6
2025,A,68,2,0000000001,0000007278,許庭綸,13,非先發,0,0,0,0,0,0,0,0,0,0,0,0,0,0,0,0,0,0,0,0,0,0,0,0,0
2025,A,69,1,0000000001,0000001606,林岱安,31,先發,2,2,1,1,0,0,0,0,1,0,0,0,0,0,0,0,0,0,0,0,0,0,0,10,40
2025,A,69,1,0000000001,0000001804,陳傑憲,24,先發,3,2,0,0,0,0,0,0,0,0,0,0,1,0,0,1,0,0,0,0,0,0,0,26,83
2025,A,69,1,0000000001,0000002298,陳重羽,65,非先發,2,2,0,0,0,0,0,0,0,0,0,0,0,0,0,1,0,0,0,0,0,0,0,6,36
2025,A,69,1,0000000001,0000002707,潘傑楷,35,先發,4,4,0,0,0,0,0,0,0,0,0,0,0,0,0,0,0,0,0,0,0,1,0,17,71
2025,A,69,1,0000000001,0000003615,胡金龍,51,先發,4,3,1,1,0,0,0,0,1,0,0,0,1,0,0,1,0,0,0,0,0,0,0,9,19
2025,A,69,1,0000000001,0000004642,林靖凱,64,先發,4,4,2,2,0,0,0,0,2,0,0,1,0,0,0,0,0,0,0,0,0,0,0,11,44
2025,A,69,1,0000000001,0000005306,許哲晏,10,先發,2,2,0,0,0,0,0,0,0,0,0,0,0,0,0,1,0,0,0,0,0,0,0,4,36
2025,A,69,1,0000000001,0000005522,朱迦恩,8,非先發,1,1,0,0,0,0,0,0,0,0,0,0,0,0,0,0,0,0,0,0,0,0,0,4,26
2025,A,69,1,0000000001,0000005531,邱智呈,14,先發,4,4,1,0,1,0,0,0,2,1,0,0,0,0,0,0,0,0,0,0,0,0,0,20,76
2025,A,69,1,0000000001,0000006223,林子豪,2,先發,4,4,1,1,0,0,0,0,1,0,0,0,0,0,0,1,0,0,0,0,0,0,0,14,51
2025,A,69,1,0000000001,0000007070,林佳緯,20,先發,4,4,0,0,0,0,0,0,0,0,0,0,0,0,0,2,0,0,0,0,0,0,0,11,56
2025,A,69,1,0000000001,0000007268,陳聖平,15,非先發,2,1,0,0,0,0,0,0,0,0,0,0,1,0,0,0,0,0,0,0,0,0,0,11,42
2025,A,69,2,0000000001,0000000743,陳子豪,1,先發,5,4,2,2,0,0,0,0,2,1,0,0,0,0,0,0,0,0,0,1,0,0,0,14,67
2025,A,69,2,0000000001,0000001318,朱育賢,11,先發,4,4,0,0,0,0,0,0,0,0,0,0,0,0,0,2,0,0,0,0,0,0,0,8,29
2025,A,69,2,0000000001,0000003343,郭嚴文,6,先發,4,2,2,2,0,0,0,0,2,0,0,2,2,0,0,0,0,0,0,0,0,0,0,15,52
2025,A,69,2,0000000001,0000003625,吉力吉撈．鞏冠,4,先發,4,4,1,1,0,0,0,0,1,0,0,0,0,0,0,2,0,0,0,0,0,0,0,19,74
2025,A,69,2,0000000001,0000005291,蔣少宏,63,先發,4,4,2,1,0,0,1,0,5,3,0,2,0,0,0,0,0,0,0,0,0,0,1,8,41
2025,A,69,2,0000000001,0000005540,李凱威,21,先發,5,4,0,0,0,0,0,0,0,0,0,0,1,0,0,0,0,0,0,0,0,0,0,22,77
2025,A,69,2,0000000001,0000005542,張政禹,25,先發,4,3,1,1,0,0,0,0,1,0,0,2,1,0,0,0,0,0,0,0,1,0,0,16,52
2025,A,69,2,0000000001,0000005545,劉基鴻,46,先發,5,4,2,1,0,0,1,0,5,2,0,1,0,0,0,0,0,0,0,1,0,0,0,24,76
2025,A,69,2,0000000001,0000005549,郭天信,2,先發,4,4,1,1,0,0,0,0,1,1,1,0,0,0,0,0,0,0,0,0,0,0,0,25,78
2025,A,69,2,0000000001,0000006216,王順和,24,非先發,0,0,0,0,0,0,0,0,0,0,0,0,0,0,0,0,0,0,0,0,0,0,0,11,32
2025,A,69,2,0000000001,0000006728,陳思仲,44,非先發,0,0,0,0,0,0,0,0,0,0,0,0,0,0,0,0,0,0,0,0,0,0,0,2,15
2025,A,69,2,0000000001,0000007304,曾聖安,50,非先發,0,0,0,0,0,0,0,0,0,0,0,0,0,0,0,0,0,0,0,0,0,0,0,8,44
2025,A,70,1,0000000001,0000001804,陳傑憲,24,先發,5,5,2,0,1,0,1,0,6,4,1,2,0,0,0,0,0,0,0,0,0,0,1,28,88
2025,A,70,1,0000000001,0000002298,陳重羽,65,先發,4,4,0,0,0,0,0,0,0,0,0,0,0,0,0,0,0,0,0,0,0,0,0,6,40
2025,A,70,1,0000000001,0000002661,陳鏞基,13,先發,5,5,2,2,0,0,0,0,2,1,0,0,0,0,0,1,0,0,0,0,1,0,0,5,16
2025,A,70,1,0000000001,0000004642,林靖凱,64,先發,4,4,3,3,0,0,0,0,3,0,0,0,0,0,0,0,0,1,0,0,0,0,0,14,48
2025,A,70,1,0000000001,0000005522,朱迦恩,8,先發,4,4,1,1,0,0,0,0,1,0,0,1,0,0,0,0,1,0,0,0,0,0,0,5,30
2025,A,70,1,0000000001,0000005531,邱智呈,14,先發,5,4,2,1,1,0,0,0,3,2,0,3,1,0,0,0,0,0,0,0,0,0,0,22,80
2025,A,70,1,0000000001,0000006223,林子豪,2,先發,5,5,1,1,0,0,0,0,1,1,0,0,0,0,0,2,0,0,0,0,0,0,0,15,56
2025,A,70,1,0000000001,0000007070,林佳緯,20,先發,5,5,2,0,2,0,0,0,4,0,0,2,0,0,0,0,0,0,0,0,0,0,0,13,61
2025,A,70,1,0000000001,0000007268,陳聖平,15,先發,4,4,0,0,0,0,0,0,0,0,0,0,0,0,0,1,0,0,0,0,0,0,0,11,46
2025,A,70,2,0000000001,0000000743,陳子豪,1,先發,5,4,1,1,0,0,0,0,1,0,0,0,0,0,1,2,0,0,0,0,0,0,0,15,71
2025,A,70,2,0000000001,0000001318,朱育賢,11,先發,4,4,1,0,1,0,0,0,2,1,0,1,0,0,0,1,0,0,0,0,0,1,0,9,33
2025,A,70,2,0000000001,0000003343,郭嚴文,6,先發,4,4,3,2,1,0,0,0,4,0,0,0,0,0,0,0,0,0,0,0,0,0,0,18,56
2025,A,70,2,0000000001,0000003625,吉力吉撈．鞏冠,4,先發,4,4,2,1,1,0,0,0,3,1,0,0,0,0,0,0,0,0,0,0,0,0,0,21,78
2025,A,70,2,0000000001,0000005291,蔣少宏,63,非先發,1,1,0,0,0,0,0,0,0,0,0,0,0,0,0,0,0,0,0,0,0,0,0,8,42
2025,A,70,2,0000000001,0000005540,李凱威,21,先發,5,5,1,1,0,0,0,0,1,0,0,1,0,0,0,0,0,0,0,0,0,1,0,23,82
2025,A,70,2,0000000001,0000005542,張政禹,25,先發,4,4,0,0,0,0,0,0,0,0,0,1,0,0,0,0,0,0,0,0,0,1,0,16,56
2025,A,70,2,0000000001,0000005545,劉基鴻,46,先發,5,4,0,0,0,0,0,0,0,1,0,0,0,0,0,1,0,0,0,1,0,0,0,24,80
2025,A,70,2,0000000001,0000005549,郭天信,2,先發,4,4,2,2,0,0,0,0,2,1,0,1,0,0,0,0,0,0,0,0,0,0,0,27,82
2025,A,70,2,0000000001,0000006217,林辰勳,9,先發,3,2,0,0,0,0,0,0,0,0,0,0,0,0,1,1,0,0,0,0,0,0,0,0,4
2025,A,70,2,0000000001,0000006728,陳思仲,44,非先發,0,0,0,0,0,0,0,0,0,0,0,1,0,0,0,0,0,0,0,0,0,0,0,2,15
2025,A,70,2,0000000001,0000007304,曾聖安,50,非先發,0,0,0,0,0,0,0,0,0,0,0,0,0,0,0,0,0,0,0,0,0,0,0,8,44
2025,A,71,1,0000000001,0000000929,王威晨,9,先發,4,4,2,2,0,0,0,0,2,0,0,1,0,0,0,0,0,0,0,0,0,0,0,18,75
2025,A,71,1,0000000001,0000001119,許基宏,74,先發,4,3,0,0,0,0,0,0,0,0,0,0,1,0,0,1,0,0,0,0,0,0,0,27,81
2025,A,71,1,0000000001,0000002285,高宇杰,65,先發,4,3,0,0,0,0,0,0,0,0,0,0,0,0,0,1,0,0,1,0,0,0,0,19,78
2025,A,71,1,0000000001,0000002291,岳東華,98,先發,3,3,0,0,0,0,0,0,0,0,0,0,0,0,0,1,0,0,0,0,0,0,0,13,68
2025,A,71,1,0000000001,0000002297,詹子賢,39,先發,4,3,0,0,0,0,0,0,0,0,0,0,1,0,0,2,0,0,0,0,0,0,0,19,67
2025,A,71,1,0000000001,0000003609,陳俊秀,29,先發,4,3,0,0,0,0,0,0,0,1,0,0,0,0,0,1,0,0,0,1,0,0,0,11,53
2025,A,71,1,0000000001,0000004636,江坤宇,90,先發,4,4,0,0,0,0,0,0,0,0,0,0,0,0,0,0,0,0,0,0,1,0,0,18,82
2025,A,71,1,0000000001,0000006225,宋晟睿,88,先發,4,4,3,3,0,0,0,0,3,1,0,1,0,0,0,1,1,0,0,0,0,0,0,29,95
2025,A,71,1,0000000001,0000006730,張仁瑋,28,非先發,0,0,0,0,0,0,0,0,0,0,0,0,0,0,0,0,0,0,0,0,0,0,0,1,6
2025,A,71,1,0000000001,0000007278,許庭綸,13,先發,3,3,1,0,0,1,0,0,3,1,0,1,0,0,0,1,0,0,0,0,0,0,0,1,3
2025,A,71,2,0000000001,0000000753,杜家明,71,非先發,1,1,1,1,0,0,0,0,1,0,0,0,0,0,0,0,0,0,0,0,0,0,0,17,61
2025,A,71,2,0000000001,0000000935,王柏融,9,先發,4,4,1,1,0,0,0,0,1,0,0,0,0,0,0,0,0,0,0,0,0,0,0,20,77
2025,A,71,2,0000000001,0000001291,郭阜林,59,先發,2,2,0,0,0,0,0,0,0,0,0,0,0,0,0,0,1,0,0,0,0,0,0,13,39
2025,A,71,2,0000000001,0000003533,藍寅倫,88,先發,3,2,0,0,0,0,0,0,0,0,0,0,1,0,0,1,0,0,0,0,0,0,0,11,45
2025,A,71,2,0000000001,0000005340,王博玄,6,先發,4,3,0,0,0,0,0,0,0,1,0,0,0,0,0,3,0,0,0,1,0,0,0,16,81
2025,A,71,2,0000000001,0000006211,張肇元,29,先發,3,3,2,2,0,0,0,0,2,2,0,0,0,0,0,0,0,0,0,0,0,1,0,16,74
2025,A,71,2,0000000001,0000006927,曾子祐,1,先發,4,3,0,0,0,0,0,0,0,0,0,0,0,0,0,0,0,0,1,0,0,0,0,25,97
2025,A,71,2,0000000001,0000006928,林家鋐,16,先發,3,3,2,1,1,0,0,0,3,0,0,2,0,0,0,0,0,0,0,0,0,0,0,11,41
2025,A,71,2,0000000001,0000006929,紀慶然,24,先發,3,3,2,2,0,0,0,0,2,0,0,1,0,0,0,1,1,0,0,0,0,0,0,10,37
2025,A,71,2,0000000001,0000007239,魔鷹,94,先發,4,4,2,1,0,0,1,0,5,1,1,1,0,0,0,0,0,0,0,0,1,0,0,11,40
2025,A,71,2,0000000001,0000007301,曾昱磬,44,非先發,1,1,0,0,0,0,0,0,0,0,0,0,0,0,0,0,0,0,0,0,0,0,0,13,64
2025,A,72,1,0000000001,0000001474,蘇智傑,32,先發,4,4,0,0,0,0,0,0,0,0,0,0,0,0,0,0,0,0,0,0,0,0,0,4,29
2025,A,72,1,0000000001,0000001606,林岱安,31,先發,4,2,0,0,0,0,0,0,0,0,0,1,2,0,0,0,0,0,0,0,1,0,0,10,42
2025,A,72,1,0000000001,0000001804,陳傑憲,24,先發,4,4,1,1,0,0,0,0,1,0,0,0,0,0,0,0,1,0,0,0,0,0,0,29,92
2025,A,72,1,0000000001,0000002298,陳重羽,65,非先發,0,0,0,0,0,0,0,0,0,0,0,0,0,0,0,0,0,0,0,0,0,0,0,6,40
2025,A,72,1,0000000001,0000002661,陳鏞基,13,先發,4,4,0,0,0,0,0,0,0,0,0,0,0,0,0,1,0,0,0,0,0,0,0,5,20
2025,A,72,1,0000000001,0000002707,潘傑楷,35,非先發,0,0,0,0,0,0,0,0,0,0,0,0,0,0,0,0,0,0,0,0,0,0,0,17,71
2025,A,72,1,0000000001,0000004642,林靖凱,64,先發,4,3,0,0,0,0,0,0,0,0,0,1,1,0,0,2,1,0,0,0,0,0,0,14,51
2025,A,72,1,0000000001,0000005531,邱智呈,14,先發,4,3,1,1,0,0,0,0,1,0,0,0,1,0,0,0,0,0,0,0,0,0,0,23,83
2025,A,72,1,0000000001,0000006223,林子豪,2,先發,4,4,1,0,0,0,1,0,4,1,1,1,0,0,0,0,0,0,0,0,0,0,0,16,60
2025,A,72,1,0000000001,0000007070,林佳緯,20,先發,5,5,2,2,0,0,0,0,2,2,0,0,0,0,0,1,1,0,0,0,0,0,0,15,66
2025,A,72,1,0000000001,0000007268,陳聖平,15,先發,4,4,2,1,1,0,0,0,3,0,0,1,0,0,0,0,1,0,0,0,0,0,0,13,50
2025,A,72,2,0000000001,0000000362,申皓瑋,29,先發,4,4,1,0,1,0,0,0,2,0,0,1,0,0,0,0,0,0,0,0,1,0,0,26,81
2025,A,72,2,0000000001,0000001118,高國麟,98,先發,4,4,3,2,1,0,0,0,4,1,0,0,0,0,0,0,0,0,0,0,0,0,0,13,50
2025,A,72,2,0000000001,0000001473,李宗賢,22,先發,5,5,0,0,0,0,0,0,0,0,0,0,0,0,0,1,0,0,0,0,0,0,0,15,75
2025,A,72,2,0000000001,0000002305,王正棠,35,先發,4,3,2,2,0,0,0,0,2,0,0,1,1,0,0,0,0,0,0,0,0,0,0,2,3
2025,A,72,2,0000000001,0000004645,戴培峰,95,先發,3,3,1,1,0,0,0,0,1,0,0,0,0,0,0,1,0,0,0,0,0,0,0,24,73
2025,A,72,2,0000000001,0000005310,陳真,7,先發,4,4,1,1,0,0,0,0,1,0,0,0,0,0,0,0,0,0,0,0,0,0,0,9,38
2025,A,72,2,0000000001,0000006229,葉子霆,6,先發,2,2,0,0,0,0,0,0,0,0,0,0,0,0,0,1,0,0,0,0,0,0,0,2,13
2025,A,72,2,0000000001,0000006737,董子恩,78,先發,4,4,1,1,0,0,0,0,1,0,0,0,0,0,0,0,0,0,0,0,0,0,0,16,72
2025,A,72,2,0000000001,0000006806,池恩齊,97,非先發,2,2,1,0,1,0,0,0,2,0,0,0,0,0,0,0,0,0,0,0,0,0,0,8,41
2025,A,72,2,0000000001,0000006868,周佳樂,77,先發,4,4,0,0,0,0,0,0,0,0,0,0,0,0,0,1,0,0,0,0,0,0,0,12,55
2025,A,72,2,0000000001,0000006909,豊暐,43,非先發,1,0,0,0,0,0,0,0,0,1,0,0,0,0,0,0,0,0,0,1,0,0,0,4,12
2025,A,73,1,0000000001,0000000743,陳子豪,1,先發,5,5,2,1,1,0,0,0,3,1,1,1,0,0,0,1,0,0,0,0,0,0,1,17,76
2025,A,73,1,0000000001,0000001318,朱育賢,11,先發,4,3,0,0,0,0,0,0,0,0,0,0,1,0,0,1,0,0,0,0,0,0,0,9,36
2025,A,73,1,0000000001,0000003343,郭嚴文,6,先發,4,4,1,1,0,0,0,0,1,1,0,0,0,0,0,0,0,0,0,0,0,0,0,19,60
2025,A,73,1,0000000001,0000003625,吉力吉撈．鞏冠,4,先發,5,4,0,0,0,0,0,0,0,0,0,0,1,0,0,1,0,0,0,0,0,0,0,21,82
2025,A,73,1,0000000001,0000005291,蔣少宏,63,先發,4,4,0,0,0,0,0,0,0,0,0,0,0,0,0,1,0,0,0,0,0,0,0,8,46
2025,A,73,1,0000000001,0000005540,李凱威,21,先發,5,4,1,1,0,0,0,0,1,0,0,1,1,0,0,0,0,0,0,0,0,0,0,24,86
2025,A,73,1,0000000001,0000005542,張政禹,25,非先發,0,0,0,0,0,0,0,0,0,0,0,1,0,0,0,0,0,0,0,0,0,0,0,16,56
2025,A,73,1,0000000001,0000005545,劉基鴻,46,先發,5,5,2,1,1,0,0,0,3,3,0,1,0,0,0,1,0,0,0,0,0,0,0,26,85
2025,A,73,1,0000000001,0000005549,郭天信,2,先發,2,2,2,2,0,0,0,0,2,0,0,0,0,0,0,0,0,1,0,0,0,0,0,29,84
2025,A,73,1,0000000001,0000005553,張祐銘,34,非先發,0,0,0,0,0,0,0,0,0,0,0,1,0,0,0,0,1,0,0,0,0,0,0,2,5
2025,A,73,1,0000000001,0000006216,王順和,24,非先發,0,0,0,0,0,0,0,0,0,0,0,0,0,0,0,0,0,0,0,0,0,0,0,11,32
2025,A,73,1,0000000001,0000006217,林辰勳,9,非先發,0,0,0,0,0,0,0,0,0,0,0,0,0,0,0,0,0,0,0,0,0,0,0,0,4
2025,A,73,1,0000000001,0000007079,劉俊緯,23,先發,4,4,0,0,0,0,0,0,0,0,0,0,0,0,0,1,0,0,0,0,0,0,0,13,48
2025,A,73,1,0000000001,0000007304,曾聖安,50,非先發,2,1,0,0,0,0,0,0,0,0,0,0,0,0,0,0,0,0,1,0,0,0,0,8,45
2025,A,73,2,0000000001,0000000158,廖健富,58,先發,4,3,0,0,0,0,0,0,0,0,0,0,1,0,0,0,0,0,0,0,0,0,0,9,52
2025,A,73,2,0000000001,0000000159,成晉,35,先發,4,4,1,0,1,0,0,0,2,0,0,1,0,0,0,0,0,0,0,0,0,0,0,9,47
2025,A,73,2,0000000001,0000001618,林子偉,15,先發,4,4,1,1,0,0,0,0,1,0,0,0,0,0,0,1,0,0,0,0,1,0,0,18,68
2025,A,73,2,0000000001,0000003345,林智平,79,先發,4,4,2,2,0,0,0,0,2,1,0,0,0,0,0,1,1,0,0,0,0,0,0,17,56
2025,A,73,2,0000000001,0000003467,林泓育,11,先發,4,4,0,0,0,0,0,0,0,0,0,0,0,0,0,0,0,0,0,0,0,0,0,19,58
2025,A,73,2,0000000001,0000003563,余德龍,36,先發,4,4,1,1,0,0,0,0,1,0,0,0,0,0,0,0,0,1,0,0,1,0,0,6,26
2025,A,73,2,0000000001,0000004633,陳晨威,98,先發,5,5,1,0,0,0,1,0,4,2,0,1,0,0,0,1,0,0,0,0,0,0,0,26,83
2025,A,73,2,0000000001,0000006235,林政華,65,先發,4,4,2,1,1,0,0,0,3,0,0,1,0,0,0,1,0,0,0,0,0,0,0,15,42
2025,A,73,2,0000000001,0000006854,宋嘉翔,2,先發,3,3,0,0,0,0,0,0,0,0,0,0,0,0,0,1,0,0,0,0,0,0,0,7,21
2025,A,73,2,0000000001,0000007312,張趙紘,33,非先發,1,1,0,0,0,0,0,0,0,0,0,0,0,0,0,1,0,0,0,0,0,0,0,1,7
2025,A,74,1,0000000001,0000000929,王威晨,9,先發,4,4,3,3,0,0,0,0,3,0,0,0,0,0,0,0,0,0,0,0,0,0,0,21,79
2025,A,74,1,0000000001,0000001119,許基宏,74,先發,4,4,0,0,0,0,0,0,0,0,0,0,0,0,0,0,0,0,0,0,0,0,0,27,85
2025,A,74,1,0000000001,0000002285,高宇杰,65,先發,3,3,0,0,0,0,0,0,0,0,0,0,0,0,0,1,0,0,0,0,0,0,0,19,81
2025,A,74,1,0000000001,0000002291,岳東華,98,先發,3,3,0,0,0,0,0,0,0,0,0,0,0,0,0,0,0,0,0,0,1,0,0,13,71
2025,A,74,1,0000000001,0000002297,詹子賢,39,先發,4,4,0,0,0,0,0,0,0,0,0,0,0,0,0,2,0,0,0,0,0,0,0,19,71
2025,A,74,1,0000000001,0000002307,王政順,61,先發,4,3,1,1,0,0,0,0,1,0,0,1,1,0,0,1,0,1,0,0,0,1,0,13,45
2025,A,74,1,0000000001,0000004636,江坤宇,90,先發,4,4,1,1,0,0,0,0,1,0,0,0,0,0,0,1,0,0,0,0,0,0,0,19,86
2025,A,74,1,0000000001,0000006225,宋晟睿,88,先發,4,4,1,1,0,0,0,0,1,0,0,0,0,0,0,2,0,0,0,0,0,0,0,30,99
2025,A,74,1,0000000001,0000006730,張仁瑋,28,非先發,0,0,0,0,0,0,0,0,0,0,0,0,0,0,0,0,0,0,0,0,0,0,0,1,6
2025,A,74,1,0000000001,0000007278,許庭綸,13,先發,3,3,1,1,0,0,0,0,1,0,0,0,0,0,0,1,0,0,0,0,0,0,0,2,6
2025,A,74,2,0000000001,0000000753,杜家明,71,先發,3,3,0,0,0,0,0,0,0,0,0,1,0,0,0,0,0,0,0,0,0,0,0,17,64
2025,A,74,2,0000000001,0000000935,王柏融,9,先發,3,3,0,0,0,0,0,0,0,0,0,0,0,0,0,1,0,0,0,0,0,0,0,20,80
2025,A,74,2,0000000001,0000001291,郭阜林,59,先發,3,3,0,0,0,0,0,0,0,0,0,0,0,0,0,2,0,0,0,0,0,0,0,13,42
2025,A,74,2,0000000001,0000003533,藍寅倫,88,先發,3,3,1,1,0,0,0,0,1,0,0,1,0,0,0,1,1,0,0,0,0,0,0,12,48
2025,A,74,2,0000000001,0000006211,張肇元,29,先發,3,3,0,0,0,0,0,0,0,0,0,0,0,0,0,2,0,0,0,0,1,0,0,16,77
2025,A,74,2,0000000001,0000006927,曾子祐,1,先發,3,3,1,1,0,0,0,0,1,0,0,0,0,0,0,1,0,0,0,0,0,1,0,26,100
2025,A,74,2,0000000001,0000006928,林家鋐,16,先發,3,3,1,1,0,0,0,0,1,1,0,0,0,0,0,0,0,0,0,0,0,0,0,12,44
2025,A,74,2,0000000001,0000006929,紀慶然,24,先發,3,2,1,1,0,0,0,0,1,0,0,0,0,0,0,0,0,0,1,0,0,0,0,11,39
2025,A,74,2,0000000001,0000007239,魔鷹,94,先發,3,3,0,0,0,0,0,0,0,0,0,0,0,0,0,1,0,0,0,0,1,0,0,11,43
2025,A,75,1,0000000001,0000001474,蘇智傑,32,先發,4,4,1,1,0,0,0,0,1,0,0,0,0,0,0,2,0,0,0,0,0,0,0,5,33
2025,A,75,1,0000000001,0000001804,陳傑憲,24,先發,3,3,0,0,0,0,0,0,0,0,0,0,0,0,0,1,0,0,0,0,0,0,0,29,95
2025,A,75,1,0000000001,0000002289,陳重廷,66,非先發,1,1,0,0,0,0,0,0,0,0,0,0,0,0,0,0,0,0,0,0,0,0,0,8,33
2025,A,75,1,0000000001,0000002298,陳重羽,65,先發,4,4,1,0,1,0,0,0,2,0,0,1,0,0,0,2,0,0,0,0,0,0,0,7,44
2025,A,75,1,0000000001,0000002661,陳鏞基,13,先發,3,2,1,0,0,0,1,0,4,1,0,1,0,0,1,1,0,0,0,0,0,0,0,6,22
2025,A,75,1,0000000001,0000002707,潘傑楷,35,非先發,1,1,0,0,0,0,0,0,0,0,0,1,0,0,0,0,0,0,0,0,0,0,0,17,72
2025,A,75,1,0000000001,0000004627,張偉聖,52,非先發,1,1,1,1,0,0,0,0,1,0,0,0,0,0,0,0,0,0,0,0,0,0,0,1,1
2025,A,75,1,0000000001,0000004642,林靖凱,64,先發,4,3,1,1,0,0,0,0,1,1,0,0,0,0,0,1,0,0,0,1,0,0,0,15,54
2025,A,75,1,0000000001,0000005306,許哲晏,10,非先發,0,0,0,0,0,0,0,0,0,0,0,0,0,0,0,0,0,0,0,0,0,0,0,4,36
2025,A,75,1,0000000001,0000005531,邱智呈,14,先發,5,5,2,0,1,0,1,0,6,1,0,1,0,0,0,2,0,0,0,0,0,0,1,25,88
2025,A,75,1,0000000001,0000006223,林子豪,2,先發,4,3,1,0,0,0,1,0,4,2,0,2,1,0,0,0,0,0,0,0,0,0,0,17,63
2025,A,75,1,0000000001,0000007070,林佳緯,20,先發,5,4,0,0,0,0,0,0,0,1,0,0,0,0,0,1,0,0,0,1,0,0,0,15,70
2025,A,75,1,0000000001,0000007268,陳聖平,15,先發,3,3,1,0,0,1,0,0,3,0,0,1,0,0,0,1,0,0,0,0,0,0,0,14,53
2025,A,75,2,0000000001,0000000362,申皓瑋,29,先發,3,3,0,0,0,0,0,0,0,0,0,0,0,0,0,2,0,0,0,0,1,0,0,26,84
2025,A,75,2,0000000001,0000001118,高國麟,98,先發,3,2,0,0,0,0,0,0,0,0,0,1,1,0,0,1,0,0,0,0,0,0,0,13,52
2025,A,75,2,0000000001,0000001473,李宗賢,22,先發,3,3,1,1,0,0,0,0,1,0,0,0,0,0,0,1,0,0,0,0,0,0,0,16,78
2025,A,75,2,0000000001,0000002305,王正棠,35,先發,4,2,0,0,0,0,0,0,0,0,0,0,2,0,0,0,0,0,0,0,0,0,0,2,5
2025,A,75,2,0000000001,0000003211,王勝偉,3,非先發,1,1,1,0,0,0,1,0,4,1,0,1,0,0,0,0,0,0,0,0,0,0,0,4,7
2025,A,75,2,0000000001,0000005310,陳真,7,先發,4,4,1,1,0,0,0,0,1,0,0,0,0,0,0,2,0,0,0,0,0,0,0,10,42
2025,A,75,2,0000000001,0000006229,葉子霆,6,非先發,2,2,0,0,0,0,0,0,0,0,0,0,0,0,0,0,0,0,0,0,0,0,0,2,15
2025,A,75,2,0000000001,0000006737,董子恩,78,先發,4,3,0,0,0,0,0,0,0,0,0,0,1,0,0,1,0,0,0,0,0,0,0,16,75
2025,A,75,2,0000000001,0000006738,孔念恩,82,先發,3,3,1,1,0,0,0,0,1,1,0,0,0,0,0,0,0,0,0,0,0,0,0,16,54
2025,A,75,2,0000000001,0000006743,劉俊豪,85,非先發,1,1,0,0,0,0,0,0,0,0,0,0,0,0,0,1,0,0,0,0,0,0,0,0,1
2025,A,75,2,0000000001,0000006806,池恩齊,97,先發,1,1,0,0,0,0,0,0,0,0,0,0,0,0,0,0,0,0,0,0,0,1,0,8,42
2025,A,75,2,0000000001,0000006868,周佳樂,77,非先發,1,1,0,0,0,0,0,0,0,0,0,0,0,0,0,0,0,0,0,0,0,0,0,12,56
2025,A,75,2,0000000001,0000006909,豊暐,43,先發,3,3,0,0,0,0,0,0,0,0,0,0,0,0,0,1,0,0,0,0,0,0,0,4,15
2025,A,76,1,0000000001,0000000743,陳子豪,1,先發,4,4,1,1,0,0,0,0,1,0,0,0,0,0,0,1,0,0,0,0,0,0,0,18,80
2025,A,76,1,0000000001,0000001318,朱育賢,11,非先發,2,2,0,0,0,0,0,0,0,0,0,0,0,0,0,2,0,0,0,0,0,0,0,9,38
2025,A,76,1,0000000001,0000003343,郭嚴文,6,先發,4,3,0,0,0,0,0,0,0,0,0,0,0,0,0,1,0,0,1,0,0,0,0,19,63
2025,A,76,1,0000000001,0000003625,吉力吉撈．鞏冠,4,先發,4,3,1,0,1,0,0,0,2,0,0,1,1,1,0,0,0,0,0,0,0,0,0,22,85
2025,A,76,1,0000000001,0000005291,蔣少宏,63,先發,4,3,1,1,0,0,0,0,1,0,0,0,0,0,0,2,0,0,1,0,0,0,0,9,49
2025,A,76,1,0000000001,0000005540,李凱威,21,先發,4,2,1,0,1,0,0,0,2,1,0,0,1,0,0,0,0,1,1,0,0,0,0,25,88
2025,A,76,1,0000000001,0000005542,張政禹,25,先發,4,3,2,2,0,0,0,0,2,0,0,0,0,0,0,1,0,0,1,0,0,2,0,18,59
2025,A,76,1,0000000001,0000005545,劉基鴻,46,先發,4,4,0,0,0,0,0,0,0,0,0,0,0,0,0,0,0,0,0,0,0,0,0,26,89
2025,A,76,1,0000000001,0000006216,王順和,24,先發,4,4,1,0,1,0,0,0,2,0,0,1,0,0,0,1,0,0,0,0,1,0,0,12,36
2025,A,76,1,0000000001,0000007079,劉俊緯,23,非先發,0,0,0,0,0,0,0,0,0,0,0,0,0,0,0,0,0,0,0,0,0,0,0,13,48
2025,A,76,1,0000000001,0000007304,曾聖安,50,先發,2,2,0,0,0,0,0,0,0,0,0,0,0,0,0,2,0,0,0,0,0,1,0,8,47
2025,A,76,2,0000000001,0000000158,廖健富,58,先發,2,2,1,1,0,0,0,0,1,1,0,0,0,0,0,0,0,0,0,0,0,0,0,10,54
2025,A,76,2,0000000001,0000000159,成晉,35,先發,4,2,0,0,0,0,0,0,0,0,0,0,1,0,0,0,0,0,1,0,0,0,0,9,49
2025,A,76,2,0000000001,0000001618,林子偉,15,先發,4,3,0,0,0,0,0,0,0,1,0,0,0,0,0,1,0,0,0,1,0,0,0,18,71
2025,A,76,2,0000000001,0000002282,張閔勛,28,先發,4,4,2,2,0,0,0,0,2,0,0,0,0,0,0,0,0,0,0,0,0,0,0,16,48
2025,A,76,2,0000000001,0000003345,林智平,79,先發,4,3,2,2,0,0,0,0,2,0,0,0,1,0,0,1,0,0,0,0,0,0,0,19,59
2025,A,76,2,0000000001,0000003467,林泓育,11,先發,4,2,0,0,0,0,0,0,0,0,0,1,1,0,1,1,0,0,0,0,0,0,0,19,60
2025,A,76,2,0000000001,0000003563,余德龍,36,先發,4,4,0,0,0,0,0,0,0,0,0,0,0,0,0,1,0,0,0,0,0,0,0,6,30
2025,A,76,2,0000000001,0000004633,陳晨威,98,先發,5,4,1,1,0,0,0,0,1,0,0,1,1,0,0,1,0,0,0,0,0,0,0,27,87
2025,A,76,2,0000000001,0000006235,林政華,65,先發,5,4,1,1,0,0,0,0,1,0,0,1,1,0,0,0,0,0,0,0,0,0,0,16,46
2025,A,76,2,0000000001,0000007312,張趙紘,33,非先發,2,2,0,0,0,0,0,0,0,0,0,0,0,0,0,1,0,0,0,0,0,0,0,1,9
2025,A,77,1,0000000001,0000000929,王威晨,9,先發,5,5,3,2,0,0,1,0,6,4,1,2,0,0,0,0,0,0,0,0,0,0,0,24,84
2025,A,77,1,0000000001,0000002285,高宇杰,65,先發,4,3,1,1,0,0,0,0,1,0,0,1,1,0,0,1,0,0,0,0,0,0,0,20,84
2025,A,77,1,0000000001,0000002291,岳東華,98,先發,4,4,0,0,0,0,0,0,0,0,0,0,0,0,0,1,0,0,0,0,1,0,0,13,75
2025,A,77,1,0000000001,0000002297,詹子賢,39,先發,5,5,1,1,0,0,0,0,1,1,0,0,0,0,0,1,0,0,0,0,0,0,0,20,76
2025,A,77,1,0000000001,0000003609,陳俊秀,29,先發,5,5,2,1,0,0,1,0,5,3,0,1,0,0,0,1,0,0,0,0,0,0,1,13,58
2025,A,77,1,0000000001,0000004636,江坤宇,90,先發,5,5,2,2,0,0,0,0,2,0,0,2,0,0,0,3,0,0,0,0,0,0,0,21,91
2025,A,77,1,0000000001,0000005298,黃韋盛,66,先發,5,4,3,2,1,0,0,0,4,0,0,1,0,0,0,1,0,0,1,0,0,0,0,5,27
2025,A,77,1,0000000001,0000006225,宋晟睿,88,先發,5,4,1,0,0,1,0,0,3,1,0,2,1,0,0,0,0,0,0,0,0,0,0,31,103
2025,A,77,1,0000000001,0000007278,許庭綸,13,先發,4,3,1,1,0,0,0,0,1,0,0,0,1,0,0,1,0,0,0,0,0,0,0,3,9
2025,A,77,2,0000000001,0000000753,杜家明,71,先發,4,3,1,0,0,0,1,0,4,1,0,1,0,0,1,0,0,0,0,0,0,0,0,18,67
2025,A,77,2,0000000001,0000000935,王柏融,9,先發,5,4,2,0,1,0,1,0,6,1,0,2,1,0,0,1,0,0,0,0,0,0,0,22,84
2025,A,77,2,0000000001,0000001291,郭阜林,59,先發,5,4,1,0,0,0,1,0,4,1,0,1,1,0,0,0,0,0,0,0,0,0,0,14,46
2025,A,77,2,0000000001,0000003533,藍寅倫,88,非先發,2,2,1,1,0,0,0,0,1,0,0,0,0,0,0,0,0,0,0,0,0,0,0,13,50
2025,A,77,2,0000000001,0000005340,王博玄,6,非先發,1,1,0,0,0,0,0,0,0,0,0,0,0,0,0,0,0,0,0,0,0,0,0,16,82
2025,A,77,2,0000000001,0000006211,張肇元,29,先發,2,2,0,0,0,0,0,0,0,0,0,0,0,0,0,1,0,0,0,0,0,0,0,16,79
2025,A,77,2,0000000001,0000006926,陳致嘉,33,非先發,1,1,0,0,0,0,0,0,0,0,0,0,0,0,0,1,0,0,0,0,0,0,0,2,15
2025,A,77,2,0000000001,0000006927,曾子祐,1,先發,4,4,0,0,0,0,0,0,0,0,0,0,0,0,0,0,0,0,0,0,0,0,0,26,104
2025,A,77,2,0000000001,0000006928,林家鋐,16,先發,4,3,2,2,0,0,0,0,2,0,0,0,0,0,0,1,1,0,1,0,0,0,0,14,47
2025,A,77,2,0000000001,0000006929,紀慶然,24,先發,4,4,1,1,0,0,0,0,1,0,0,0,0,0,0,1,0,0,0,0,0,0,0,12,43
2025,A,77,2,0000000001,0000006936,高聖恩,50,非先發,1,1,0,0,0,0,0,0,0,0,0,0,0,0,0,0,0,0,0,0,0,0,0,0,2
2025,A,77,2,0000000001,0000007239,魔鷹,94,先發,5,4,2,0,0,0,2,0,8,3,0,2,1,1,0,0,0,0,0,0,1,0,0,13,47
2025,A,77,2,0000000001,0000007301,曾昱磬,44,先發,3,2,0,0,0,0,0,0,0,0,0,0,1,0,0,1,1,0,0,0,0,0,0,13,66
2025,A,78,1,0000000001,0000001474,蘇智傑,32,非先發,2,2,2,1,1,0,0,0,3,2,0,1,0,0,0,0,0,0,0,0,0,0,0,7,35
2025,A,78,1,0000000001,0000001606,林岱安,31,非先發,1,1,1,0,1,0,0,0,2,0,0,1,0,0,0,0,0,0,0,0,0,0,0,11,43
2025,A,78,1,0000000001,0000001804,陳傑憲,24,先發,4,3,0,0,0,0,0,0,0,0,0,1,0,0,0,0,0,0,1,0,0,0,0,29,98
2025,A,78,1,0000000001,0000002289,陳重廷,66,先發,5,4,2,1,1,0,0,0,3,5,1,1,0,0,0,1,1,0,0,1,0,0,1,10,37
2025,A,78,1,0000000001,0000002298,陳重羽,65,先發,4,4,2,2,0,0,0,0,2,1,0,1,0,0,0,0,0,0,0,0,0,0,0,9,48
2025,A,78,1,0000000001,0000002707,潘傑楷,35,先發,5,3,2,1,1,0,0,0,3,0,0,2,2,0,0,0,1,0,0,0,0,0,0,19,75
2025,A,78,1,0000000001,0000003615,胡金龍,51,先發,3,2,1,1,0,0,0,0,1,1,0,1,0,0,0,0,1,0,0,1,0,0,0,10,21
2025,A,78,1,0000000001,0000004627,張偉聖,52,非先發,1,1,0,0,0,0,0,0,0,1,0,0,0,0,0,0,0,0,0,0,0,0,0,1,2
2025,A,78,1,0000000001,0000005306,許哲晏,10,先發,5,5,2,2,0,0,0,0,2,2,0,1,0,0,0,0,0,0,0,0,0,0,0,6,41
2025,A,78,1,0000000001,0000005531,邱智呈,14,先發,6,5,1,0,1,0,0,0,2,0,0,2,1,0,0,2,0,0,0,0,0,0,0,26,93
2025,A,78,1,0000000001,0000007070,林佳緯,20,先發,6,4,1,1,0,0,0,0,1,1,0,1,2,0,0,0,1,0,0,0,0,0,0,16,74
2025,A,78,1,0000000001,0000007268,陳聖平,15,先發,5,4,0,0,0,0,0,0,0,0,0,1,1,0,0,1,0,0,0,0,0,2,0,14,57
2025,A,78,2,0000000001,0000000362,申皓瑋,29,先發,3,3,0,0,0,0,0,0,0,0,0,0,0,0,0,0,0,0,0,0,0,0,0,26,87
2025,A,78,2,0000000001,0000001118,高國麟,98,先發,4,4,0,0,0,0,0,0,0,0,0,0,0,0,0,1,0,0,0,0,0,0,0,13,56
2025,A,78,2,0000000001,0000001473,李宗賢,22,先發,3,3,0,0,0,0,0,0,0,1,0,0,0,0,0,1,0,0,0,0,0,0,0,16,81
2025,A,78,2,0000000001,0000002305,王正棠,35,先發,3,3,1,1,0,0,0,0,1,0,0,0,0,0,0,0,0,0,0,0,1,0,0,3,8
2025,A,78,2,0000000001,0000003211,王勝偉,3,先發,4,4,0,0,0,0,0,0,0,0,0,0,0,0,0,1,0,0,0,0,0,0,0,4,11
2025,A,78,2,0000000001,0000005310,陳真,7,非先發,1,1,0,0,0,0,0,0,0,0,0,0,0,0,0,0,0,0,0,0,0,0,0,10,43
2025,A,78,2,0000000001,0000006229,葉子霆,6,先發,4,4,1,1,0,0,0,0,1,0,0,1,0,0,0,0,0,0,0,0,0,0,0,3,19
2025,A,78,2,0000000001,0000006737,董子恩,78,先發,4,4,2,1,1,0,0,0,3,0,0,1,0,0,0,0,0,0,0,0,0,0,0,18,79
2025,A,78,2,0000000001,0000006738,孔念恩,82,先發,4,1,0,0,0,0,0,0,0,0,0,0,3,0,0,0,0,1,0,0,0,1,0,16,55
2025,A,78,2,0000000001,0000006743,劉俊豪,85,非先發,1,1,1,1,0,0,0,0,1,0,0,0,0,0,0,0,0,0,0,0,0,0,0,1,2
2025,A,78,2,0000000001,0000006868,周佳樂,77,非先發,1,1,0,0,0,0,0,0,0,0,0,0,0,0,0,0,0,0,0,0,0,0,0,12,57
2025,A,78,2,0000000001,0000006909,豊暐,43,先發,3,1,0,0,0,0,0,0,0,1,0,0,0,0,0,1,0,0,1,1,0,1,0,4,16
2025,A,79,1,0000000001,0000000743,陳子豪,1,先發,5,5,2,1,0,0,1,0,5,1,0,1,0,0,0,0,0,0,0,0,0,0,0,20,85
2025,A,79,1,0000000001,0000001318,朱育賢,11,先發,4,4,2,2,0,0,0,0,2,0,0,1,0,0,0,0,0,0,0,0,0,0,0,11,42
2025,A,79,1,0000000001,0000003343,郭嚴文,6,先發,4,4,0,0,0,0,0,0,0,0,0,0,0,0,0,1,0,0,0,0,0,0,0,19,67
2025,A,79,1,0000000001,0000003625,吉力吉撈．鞏冠,4,先發,4,2,0,0,0,0,0,0,0,0,0,0,1,0,1,1,0,0,0,0,0,0,0,22,87
2025,A,79,1,0000000001,0000005291,蔣少宏,63,非先發,1,1,0,0,0,0,0,0,0,0,0,0,0,0,0,1,0,0,0,0,0,0,0,9,50
2025,A,79,1,0000000001,0000005540,李凱威,21,先發,5,5,2,2,0,0,0,0,2,0,0,1,0,0,0,1,0,1,0,0,0,0,0,27,93
2025,A,79,1,0000000001,0000005542,張政禹,25,先發,4,4,2,0,2,0,0,0,4,2,0,0,0,0,0,1,0,0,0,0,0,0,0,20,63
2025,A,79,1,0000000001,0000005545,劉基鴻,46,先發,5,4,1,0,0,0,1,0,4,2,1,2,1,0,0,1,0,0,0,0,0,0,1,27,93
2025,A,79,1,0000000001,0000005553,張祐銘,34,非先發,1,1,0,0,0,0,0,0,0,0,0,0,0,0,0,0,0,0,0,0,0,0,0,2,6
2025,A,79,1,0000000001,0000006216,王順和,24,先發,3,2,0,0,0,0,0,0,0,0,0,0,1,0,0,1,0,0,0,0,0,0,0,12,38
2025,A,79,1,0000000001,0000007304,曾聖安,50,先發,4,4,0,0,0,0,0,0,0,0,0,0,0,0,0,2,0,0,0,0,0,0,0,8,51
2025,A,79,2,0000000001,0000000159,成晉,35,先發,4,3,0,0,0,0,0,0,0,0,0,0,0,0,0,1,0,0,1,0,0,0,0,9,52
2025,A,79,2,0000000001,0000001618,林子偉,15,先發,4,4,0,0,0,0,0,0,0,0,0,0,0,0,0,1,0,0,0,0,0,1,0,18,75
2025,A,79,2,0000000001,0000002282,張閔勛,28,先發,4,4,1,1,0,0,0,0,1,1,0,0,0,0,0,0,0,0,0,0,0,0,0,17,52
2025,A,79,2,0000000001,0000003345,林智平,79,先發,4,3,1,1,0,0,0,0,1,0,0,0,0,0,0,1,0,0,1,0,1,0,0,20,62
2025,A,79,2,0000000001,0000003467,林泓育,11,先發,4,3,0,0,0,0,0,0,0,1,0,1,1,0,0,1,0,0,0,0,0,0,0,19,63
2025,A,79,2,0000000001,0000003563,余德龍,36,先發,4,3,1,0,1,0,0,0,2,1,0,1,0,0,0,0,0,0,0,1,0,0,0,7,33
2025,A,79,2,0000000001,0000004633,陳晨威,98,先發,4,2,1,1,0,0,0,0,1,0,0,1,2,1,0,0,0,0,0,0,0,0,0,28,89
2025,A,79,2,0000000001,0000006235,林政華,65,先發,4,3,1,1,0,0,0,0,1,0,0,0,0,0,0,1,0,0,1,0,0,0,0,17,49
2025,A,79,2,0000000001,0000007312,張趙紘,33,先發,4,3,0,0,0,0,0,0,0,0,0,0,1,0,0,2,0,0,0,0,0,0,0,1,12
2025,A,80,1,0000000001,0000000743,陳子豪,1,先發,5,5,0,0,0,0,0,0,0,0,0,0,0,0,0,1,0,0,0,0,0,0,0,20,90
2025,A,80,1,0000000001,0000001318,朱育賢,11,先發,4,4,1,1,0,0,0,0,1,0,0,0,0,0,0,0,0,0,0,0,0,0,0,12,46
2025,A,80,1,0000000001,0000003625,吉力吉撈．鞏冠,4,先發,4,4,2,2,0,0,0,0,2,1,0,0,0,0,0,1,0,0,0,0,0,0,0,24,91
2025,A,80,1,0000000001,0000005291,蔣少宏,63,先發,3,3,0,0,0,0,0,0,0,0,0,0,0,0,0,0,0,0,0,0,1,0,0,9,53
2025,A,80,1,0000000001,0000005540,李凱威,21,先發,4,4,2,2,0,0,0,0,2,0,0,1,0,0,0,0,0,1,0,0,0,0,0,29,97
2025,A,80,1,0000000001,0000005542,張政禹,25,先發,4,4,1,1,0,0,0,0,1,0,0,0,0,0,0,1,0,0,0,0,0,0,0,21,67
2025,A,80,1,0000000001,0000005545,劉基鴻,46,先發,4,4,1,1,0,0,0,0,1,0,0,1,0,0,0,0,0,0,0,0,0,0,0,28,97
2025,A,80,1,0000000001,0000005549,郭天信,2,先發,4,3,2,2,0,0,0,0,2,0,0,0,1,0,0,1,0,0,0,0,0,0,0,31,87
2025,A,80,1,0000000001,0000005553,張祐銘,34,先發,4,4,1,1,0,0,0,0,1,0,0,0,0,0,0,0,0,0,0,0,0,0,0,3,10
2025,A,80,1,0000000001,0000006217,林辰勳,9,非先發,1,1,0,0,0,0,0,0,0,0,0,0,0,0,0,1,0,0,0,0,0,0,0,0,5
2025,A,80,2,0000000001,0000000753,杜家明,71,先發,4,4,0,0,0,0,0,0,0,0,0,0,0,0,0,0,0,0,0,0,0,0,0,18,71
2025,A,80,2,0000000001,0000000935,王柏融,9,先發,4,3,2,2,0,0,0,0,2,0,0,2,1,0,0,0,0,0,0,0,0,0,0,24,87
2025,A,80,2,0000000001,0000003533,藍寅倫,88,先發,4,3,0,0,0,0,0,0,0,0,0,0,0,0,1,2,0,1,0,0,0,0,0,13,53
2025,A,80,2,0000000001,0000004643,胡冠俞,43,先發,4,4,2,1,1,0,0,0,3,0,0,1,0,0,0,0,0,0,0,0,0,0,0,5,16
2025,A,80,2,0000000001,0000005340,王博玄,6,先發,4,4,3,2,0,1,0,0,5,1,1,0,0,0,0,0,0,1,0,0,0,0,0,19,86
2025,A,80,2,0000000001,0000006211,張肇元,29,先發,4,4,1,1,0,0,0,0,1,0,0,0,0,0,0,0,0,0,0,0,0,0,0,17,83
2025,A,80,2,0000000001,0000006928,林家鋐,16,先發,5,4,0,0,0,0,0,0,0,0,0,0,1,0,0,1,0,0,0,0,0,1,0,14,51
2025,A,80,2,0000000001,0000006929,紀慶然,24,先發,4,4,2,2,0,0,0,0,2,0,0,1,0,0,0,1,1,0,0,0,0,0,0,14,47
2025,A,80,2,0000000001,0000007239,魔鷹,94,先發,4,4,2,0,0,0,2,0,8,5,0,2,0,0,0,2,0,0,0,0,0,0,1,15,51
2025,A,81,1,0000000001,0000000159,成晉,35,先發,4,3,1,1,0,0,0,0,1,0,0,0,1,0,0,1,0,0,0,0,0,0,0,10,55
2025,A,81,1,0000000001,0000001618,林子偉,15,先發,5,5,1,0,0,1,0,0,3,1,0,0,0,0,0,1,0,0,0,0,0,0,0,19,80
2025,A,81,1,0000000001,0000001756,吳桀睿,12,先發,4,4,1,1,0,0,0,0,1,0,0,1,0,0,0,0,0,0,0,0,0,0,0,1,4
2025,A,81,1,0000000001,0000002282,張閔勛,28,先發,4,2,1,1,0,0,0,0,1,0,0,0,1,0,1,0,0,0,0,0,0,0,0,18,54
2025,A,81,1,0000000001,0000003345,林智平,79,先發,5,4,2,2,0,0,0,0,2,1,1,0,1,0,0,0,0,1,0,0,0,0,0,22,66
2025,A,81,1,0000000001,0000003467,林泓育,11,先發,5,3,1,0,0,0,1,0,4,2,0,2,1,0,0,0,0,0,0,1,1,0,1,20,66
2025,A,81,1,0000000001,0000003563,余德龍,36,先發,4,2,2,2,0,0,0,0,2,1,0,0,0,0,0,0,0,1,2,0,0,0,0,9,35
2025,A,81,1,0000000001,0000004633,陳晨威,98,先發,5,4,2,1,1,0,0,0,3,0,0,1,1,0,0,0,0,0,0,0,0,0,0,30,93
2025,A,81,1,0000000001,0000006235,林政華,65,先發,5,4,0,0,0,0,0,0,0,0,0,1,1,0,0,0,0,0,0,0,0,0,0,17,53
2025,A,81,2,0000000001,0000000362,申皓瑋,29,先發,4,4,2,1,1,0,0,0,3,0,0,1,0,0,0,1,0,0,0,0,0,0,0,28,91
2025,A,81,2,0000000001,0000001118,高國麟,98,先發,4,4,2,2,0,0,0,0,2,1,0,0,0,0,0,1,0,0,0,0,0,0,0,15,60
2025,A,81,2,0000000001,0000001473,李宗賢,22,先發,4,3,0,0,0,0,0,0,0,0,0,0,0,0,0,2,0,0,1,0,0,0,0,16,84
2025,A,81,2,0000000001,0000002305,王正棠,35,先發,3,3,0,0,0,0,0,0,0,0,0,0,0,0,0,0,0,0,0,0,0,0,0,3,11
2025,A,81,2,0000000001,0000004645,戴培峰,95,先發,4,3,0,0,0,0,0,0,0,0,0,0,1,0,0,0,0,0,0,0,0,0,0,24,76
2025,A,81,2,0000000001,0000005310,陳真,7,非先發,1,1,0,0,0,0,0,0,0,0,0,0,0,0,0,1,0,0,0,0,0,0,0,10,44
2025,A,81,2,0000000001,0000005533,魏全,59,非先發,0,0,0,0,0,0,0,0,0,0,0,0,0,0,0,0,0,0,0,0,0,0,0,0,4
2025,A,81,2,0000000001,0000006229,葉子霆,6,非先發,0,0,0,0,0,0,0,0,0,0,0,0,0,0,0,0,0,0,0,0,0,0,0,3,19
2025,A,81,2,0000000001,0000006737,董子恩,78,先發,3,3,0,0,0,0,0,0,0,0,0,0,0,0,0,0,0,0,0,0,0,0,0,18,82
2025,A,81,2,0000000001,0000006738,孔念恩,82,先發,4,4,0,0,0,0,0,0,0,0,0,0,0,0,0,1,0,0,0,0,0,0,0,16,59
2025,A,81,2,0000000001,0000006743,劉俊豪,85,非先發,1,1,0,0,0,0,0,0,0,0,0,0,0,0,0,0,0,0,0,0,0,0,0,1,3
2025,A,81,2,0000000001,0000006806,池恩齊,97,先發,4,4,2,1,1,0,0,0,3,0,0,0,0,0,0,0,0,0,0,0,0,0,0,10,46
2025,A,81,2,0000000001,0000006909,豊暐,43,先發,3,3,1,1,0,0,0,0,1,0,0,0,0,0,0,1,0,0,0,0,0,0,0,5,19
2025,A,82,1,0000000001,0000001474,蘇智傑,32,非先發,1,1,0,0,0,0,0,0,0,0,0,0,0,0,0,0,0,0,0,0,0,0,0,7,36
2025,A,82,1,0000000001,0000001606,林岱安,31,非先發,0,0,0,0,0,0,0,0,0,0,0,0,0,0,0,0,0,0,0,0,0,0,0,11,43
2025,A,82,1,0000000001,0000001804,陳傑憲,24,先發,4,4,1,1,0,0,0,0,1,0,0,1,0,0,0,0,0,0,0,0,0,0,0,30,102
2025,A,82,1,0000000001,0000002289,陳重廷,66,非先發,1,1,0,0,0,0,0,0,0,0,0,0,0,0,0,1,0,0,0,0,0,0,0,10,38
2025,A,82,1,0000000001,0000002298,陳重羽,65,先發,3,3,1,1,0,0,0,0,1,0,0,1,0,0,0,0,1,0,0,0,0,1,0,10,51
2025,A,82,1,0000000001,0000002661,陳鏞基,13,先發,3,2,1,0,1,0,0,0,2,0,0,0,1,0,0,0,0,0,0,0,0,0,0,7,24
2025,A,82,1,0000000001,0000002707,潘傑楷,35,先發,4,4,1,1,0,0,0,0,1,0,0,1,0,0,0,0,0,0,0,0,0,0,0,20,79
2025,A,82,1,0000000001,0000004642,林靖凱,64,先發,2,2,0,0,0,0,0,0,0,0,0,0,0,0,0,0,0,0,0,0,0,1,0,15,56
2025,A,82,1,0000000001,0000005306,許哲晏,10,先發,4,4,3,1,1,0,1,0,7,1,0,1,0,0,0,1,0,0,0,0,0,0,0,9,45
2025,A,82,1,0000000001,0000005531,邱智呈,14,先發,5,5,0,0,0,0,0,0,0,0,0,0,0,0,0,0,0,0,0,0,1,0,0,26,98
2025,A,82,1,0000000001,0000006223,林子豪,2,先發,4,2,0,0,0,0,0,0,0,0,0,0,2,0,0,0,0,0,0,0,0,0,0,17,65
2025,A,82,1,0000000001,0000007070,林佳緯,20,先發,5,5,1,0,0,1,0,0,3,1,0,0,0,0,0,2,0,0,0,0,0,0,0,17,79
2025,A,82,1,0000000001,0000007268,陳聖平,15,非先發,2,2,1,1,0,0,0,0,1,2,0,0,0,0,0,1,0,0,0,0,0,0,0,15,59
2025,A,82,2,0000000001,0000000929,王威晨,9,先發,4,4,1,0,1,0,0,0,2,0,0,2,0,0,0,1,1,0,0,0,0,0,0,25,88
2025,A,82,2,0000000001,0000002285,高宇杰,65,先發,4,4,0,0,0,0,0,0,0,0,0,0,0,0,0,1,0,0,0,0,0,0,0,20,88
2025,A,82,2,0000000001,0000002291,岳東華,98,先發,4,4,1,1,0,0,0,0,1,0,0,0,0,0,0,1,0,0,0,0,0,0,0,14,79
2025,A,82,2,0000000001,0000002297,詹子賢,39,先發,4,4,3,1,2,0,0,0,5,3,0,0,0,0,0,0,0,0,0,0,0,0,0,23,80
2025,A,82,2,0000000001,0000003609,陳俊秀,29,先發,4,4,3,2,0,0,1,0,6,1,0,3,0,0,0,1,1,0,0,0,0,0,0,16,62
2025,A,82,2,0000000001,0000004636,江坤宇,90,先發,5,5,1,1,0,0,0,0,1,0,0,1,0,0,0,0,0,0,0,0,0,0,0,22,96
2025,A,82,2,0000000001,0000005298,黃韋盛,66,先發,4,3,2,2,0,0,0,0,2,2,1,1,1,0,0,1,1,0,0,0,0,0,0,7,30
2025,A,82,2,0000000001,0000006225,宋晟睿,88,先發,5,5,2,1,1,0,0,0,3,0,0,0,0,0,0,2,0,0,0,0,0,0,0,33,108
2025,A,82,2,0000000001,0000007278,許庭綸,13,先發,4,4,0,0,0,0,0,0,0,0,0,0,0,0,0,0,0,0,0,0,0,0,0,3,13
2025,A,83,1,0000000001,0000000743,陳子豪,1,先發,5,3,2,1,1,0,0,0,3,0,0,2,1,0,1,1,0,0,0,0,0,0,0,22,93
2025,A,83,1,0000000001,0000001318,朱育賢,11,先發,4,4,2,0,2,0,0,0,4,2,0,0,0,0,0,0,0,0,0,0,0,0,1,14,50
2025,A,83,1,0000000001,0000003625,吉力吉撈．鞏冠,4,先發,5,5,1,1,0,0,0,0,1,3,0,1,0,0,0,1,0,0,0,0,0,0,0,25,96
2025,A,83,1,0000000001,0000005291,蔣少宏,63,非先發,0,0,0,0,0,0,0,0,0,0,0,0,0,0,0,0,0,0,0,0,0,0,0,9,53
2025,A,83,1,0000000001,0000005540,李凱威,21,先發,5,5,2,2,0,0,0,0,2,1,0,1,0,0,0,2,0,0,0,0,0,0,0,31,102
2025,A,83,1,0000000001,0000005542,張政禹,25,先發,5,5,1,1,0,0,0,0,1,0,0,1,0,0,0,1,0,0,0,0,1,0,0,22,72
2025,A,83,1,0000000001,0000005545,劉基鴻,46,先發,5,3,1,1,0,0,0,0,1,1,1,1,1,0,1,0,0,0,0,0,0,0,0,29,100
2025,A,83,1,0000000001,0000005549,郭天信,2,先發,5,5,1,1,0,0,0,0,1,0,0,1,0,0,0,0,0,0,0,0,0,0,0,32,92
2025,A,83,1,0000000001,0000005553,張祐銘,34,非先發,0,0,0,0,0,0,0,0,0,0,0,0,0,0,0,0,0,0,0,0,0,0,0,3,10
2025,A,83,1,0000000001,0000006216,王順和,24,非先發,1,1,0,0,0,0,0,0,0,0,0,1,0,0,0,0,0,0,0,0,0,0,0,12,39
2025,A,83,1,0000000001,0000006217,林辰勳,9,先發,5,4,0,0,0,0,0,0,0,0,0,0,0,0,0,1,0,0,1,0,0,0,0,0,9
2025,A,83,1,0000000001,0000007079,劉俊緯,23,先發,5,5,2,1,0,1,0,0,4,1,0,1,0,0,0,0,0,0,0,0,0,0,0,15,53
2025,A,83,2,0000000001,0000000753,杜家明,71,先發,1,1,0,0,0,0,0,0,0,0,0,0,0,0,0,0,0,0,0,0,0,3,0,18,72
2025,A,83,2,0000000001,0000000935,王柏融,9,先發,4,3,2,2,0,0,0,0,2,0,0,2,1,0,0,0,0,0,0,0,0,0,0,26,90
2025,A,83,2,0000000001,0000001291,郭阜林,59,非先發,3,1,0,0,0,0,0,0,0,2,0,0,0,0,0,0,0,0,0,2,0,0,0,14,47
2025,A,83,2,0000000001,0000003174,郭永維,7,非先發,1,1,0,0,0,0,0,0,0,0,0,0,0,0,0,1,0,0,0,0,0,0,0,1,9
2025,A,83,2,0000000001,0000004643,胡冠俞,43,先發,3,3,1,1,0,0,0,0,1,0,0,0,0,0,0,0,0,0,0,0,0,3,0,6,19
2025,A,83,2,0000000001,0000005340,王博玄,6,先發,4,4,1,1,0,0,0,0,1,0,0,0,0,0,0,1,0,0,0,0,0,0,0,20,90
2025,A,83,2,0000000001,0000006926,陳致嘉,33,先發,3,2,0,0,0,0,0,0,0,0,0,0,0,0,0,0,0,0,1,0,0,0,0,2,17
2025,A,83,2,0000000001,0000006927,曾子祐,1,先發,3,3,0,0,0,0,0,0,0,0,0,0,0,0,0,0,0,0,0,0,0,0,0,26,107
2025,A,83,2,0000000001,0000006928,林家鋐,16,非先發,1,1,0,0,0,0,0,0,0,0,0,0,0,0,0,1,0,0,0,0,0,0,0,14,52
2025,A,83,2,0000000001,0000006929,紀慶然,24,先發,4,4,1,1,0,0,0,0,1,0,0,1,0,0,0,3,0,0,0,0,0,1,0,15,51
2025,A,83,2,0000000001,0000006933,林威漢,8,非先發,1,1,0,0,0,0,0,0,0,0,0,0,0,0,0,1,0,0,0,0,0,0,0,0,1
2025,A,83,2,0000000001,0000006936,高聖恩,50,先發,4,4,0,0,0,0,0,0,0,0,0,0,0,0,0,1,0,0,0,0,0,0,0,0,6
2025,A,83,2,0000000001,0000007239,魔鷹,94,先發,4,4,3,1,1,0,1,0,7,2,0,1,0,0,0,0,0,0,0,0,0,0,0,18,55
2025,A,84,1,0000000002,0000000153,林承飛,6,非先發,3,3,0,0,0,0,0,0,0,0,0,1,0,0,0,1,0,0,0,0,0,0,0,2,25
2025,A,84,1,0000000002,0000000159,成晉,35,先發,5,4,3,3,0,0,0,0,3,2,0,0,1,0,0,0,0,1,0,0,0,0,0,36,140
2025,A,84,1,0000000002,0000001286,馮健庭,45,先發,2,2,0,0,0,0,0,0,0,0,0,0,0,0,0,0,0,0,0,0,1,0,0,11,41
2025,A,84,1,0000000002,0000002282,張閔勛,28,先發,5,4,1,1,0,0,0,0,1,0,0,0,0,0,0,0,0,0,1,0,0,0,0,48,147
2025,A,84,1,0000000002,0000003345,林智平,79,先發,5,5,0,0,0,0,0,0,0,0,0,0,0,0,0,2,1,0,0,0,0,1,0,57,177
2025,A,84,1,0000000002,0000003467,林泓育,11,先發,5,5,1,1,0,0,0,0,1,1,0,0,0,0,0,2,0,0,0,0,0,0,0,54,179
2025,A,84,1,0000000002,0000003563,余德龍,36,非先發,2,2,2,2,0,0,0,0,2,1,0,0,0,0,0,0,0,0,0,0,0,0,0,28,101
2025,A,84,1,0000000002,0000004633,陳晨威,98,非先發,1,1,0,0,0,0,0,0,0,0,0,0,0,0,0,0,0,0,0,0,0,0,0,71,224
2025,A,84,1,0000000002,0000006235,林政華,65,先發,5,2,1,1,0,0,0,0,1,0,0,2,2,0,0,1,1,0,1,0,0,0,0,41,147
2025,A,84,1,0000000002,0000006856,董順傑,38,非先發,0,0,0,0,0,0,0,0,0,0,0,1,0,0,0,0,0,0,0,0,0,0,0,1,7
2025,A,84,1,0000000002,0000006858,陳佳樂,8,先發,3,3,0,0,0,0,0,0,0,0,0,0,0,0,0,1,0,0,0,0,0,0,0,1,13
2025,A,84,1,0000000002,0000007076,李勛傑,95,先發,5,3,0,0,0,0,0,0,0,0,0,0,0,0,1,0,0,0,1,0,0,0,0,20,90
2025,A,84,1,0000000002,0000007078,杜禹鋒,31,先發,2,2,0,0,0,0,0,0,0,0,0,0,0,0,0,2,0,0,0,0,0,0,0,0,2
2025,A,84,1,0000000002,0000007315,游承勳,67,非先發,2,2,1,1,0,0,0,0,1,0,0,0,0,0,0,0,0,0,0,0,0,0,0,1,2
2025,A,84,2,0000000002,0000002352,范國宸,46,先發,5,5,2,1,0,0,1,0,5,1,0,1,0,0,0,2,0,0,0,0,0,0,0,43,145
2025,A,84,2,0000000002,0000003211,王勝偉,3,非先發,1,1,0,0,0,0,0,0,0,0,0,0,0,0,0,1,0,0,0,0,0,0,0,10,29
2025,A,84,2,0000000002,0000004645,戴培峰,95,先發,5,5,2,2,0,0,0,0,2,1,0,1,0,0,0,1,0,0,0,0,0,0,1,40,148
2025,A,84,2,0000000002,0000005310,陳真,7,先發,5,5,1,0,0,1,0,0,3,0,0,2,0,0,0,1,0,0,0,0,0,0,0,24,104
2025,A,84,2,0000000002,0000005510,林澤彬,2,非先發,2,2,0,0,0,0,0,0,0,0,0,0,0,0,0,1,0,0,0,0,0,0,0,41,124
2025,A,84,2,0000000002,0000005533,魏全,59,非先發,0,0,0,0,0,0,0,0,0,0,0,0,0,0,0,0,0,0,0,0,0,0,0,0,5
2025,A,84,2,0000000002,0000006738,孔念恩,82,先發,3,3,1,1,0,0,0,0,1,1,0,0,0,0,0,2,1,0,0,0,0,0,0,21,95
2025,A,84,2,0000000002,0000006743,劉俊豪,85,非先發,0,0,0,0,0,0,0,0,0,0,0,0,0,0,0,0,0,0,0,0,0,0,0,5,31
2025,A,84,2,0000000002,0000006868,周佳樂,77,先發,4,4,1,1,0,0,0,0,1,0,0,1,0,0,0,1,1,0,0,0,0,0,0,24,113
2025,A,84,2,0000000002,0000006872,林岳谷,62,先發,5,4,0,0,0,0,0,0,0,0,0,0,0,0,0,1,0,0,1,0,0,0,0,16,68
2025,A,84,2,0000000002,0000006909,豊暐,43,先發,4,4,1,1,0,0,0,0,1,0,0,0,0,0,0,1,0,0,0,0,0,1,0,17,66
2025,A,84,2,0000000002,0000007089,王念好,5,先發,3,3,0,0,0,0,0,0,0,0,0,0,0,0,0,2,0,0,0,0,0,1,0,6,49
2025,A,84,2,0000000002,0000007091,高捷,4,非先發,1,0,0,0,0,0,0,0,0,0,0,0,0,0,0,0,0,0,1,0,0,0,0,19,84
2025,A,84,2,0000000002,0000007094,陳愷佑,56,先發,3,3,0,0,0,0,0,0,0,0,0,0,0,0,0,2,0,0,0,0,0,0,0,0,3
2025,A,85,1,0000000001,0000000753,杜家明,71,非先發,1,1,0,0,0,0,0,0,0,0,0,0,0,0,0,1,0,0,0,0,0,0,0,18,73
2025,A,85,1,0000000001,0000000935,王柏融,9,先發,5,5,1,1,0,0,0,0,1,1,0,1,0,0,0,0,0,0,0,0,0,0,0,27,95
2025,A,85,1,0000000001,0000001291,郭阜林,59,先發,4,2,1,1,0,0,0,0,1,0,0,1,1,0,1,1,0,0,0,0,0,0,0,15,49
2025,A,85,1,0000000001,0000003533,藍寅倫,88,先發,4,2,0,0,0,0,0,0,0,0,0,0,1,0,0,0,0,0,1,0,0,0,0,13,55
2025,A,85,1,0000000001,0000005340,王博玄,6,先發,4,4,1,1,0,0,0,0,1,1,0,1,0,0,0,1,0,0,0,0,0,0,0,21,94
2025,A,85,1,0000000001,0000006211,張肇元,29,先發,4,3,0,0,0,0,0,0,0,0,0,1,1,0,0,0,0,0,0,0,0,0,0,17,86
2025,A,85,1,0000000001,0000006927,曾子祐,1,先發,5,5,0,0,0,0,0,0,0,0,0,0,0,0,0,2,0,0,0,0,0,0,0,26,112
2025,A,85,1,0000000001,0000006928,林家鋐,16,先發,4,4,2,2,0,0,0,0,2,1,0,0,0,0,0,0,0,1,0,0,0,0,0,16,56
2025,A,85,1,0000000001,0000006929,紀慶然,24,先發,5,5,3,1,2,0,0,0,5,1,0,1,0,0,0,1,1,0,0,0,0,0,0,18,56
2025,A,85,1,0000000001,0000007239,魔鷹,94,先發,5,3,1,0,0,0,1,0,4,2,1,1,2,0,0,1,0,0,0,0,0,0,1,19,58
2025,A,85,2,0000000001,0000000929,王威晨,9,先發,4,4,0,0,0,0,0,0,0,0,0,0,0,0,0,0,0,0,0,0,1,0,0,25,92
2025,A,85,2,0000000001,0000002297,詹子賢,39,先發,4,3,1,1,0,0,0,0,1,0,0,0,1,0,0,0,0,0,0,0,0,0,0,24,83
2025,A,85,2,0000000001,0000003609,陳俊秀,29,先發,4,3,0,0,0,0,0,0,0,0,0,1,1,0,0,1,0,0,0,0,0,0,0,16,65
2025,A,85,2,0000000001,0000004636,江坤宇,90,先發,2,2,0,0,0,0,0,0,0,1,0,0,0,0,0,0,0,0,0,0,1,0,0,22,98
2025,A,85,2,0000000001,0000005298,黃韋盛,66,先發,4,2,1,1,0,0,0,0,1,0,0,1,2,0,0,1,0,0,0,0,0,0,0,8,32
2025,A,85,2,0000000001,0000005571,岳政華,92,先發,4,3,0,0,0,0,0,0,0,0,0,0,1,0,0,0,0,0,0,0,0,0,0,0,3
2025,A,85,2,0000000001,0000006224,林吳晉瑋,0,先發,3,3,0,0,0,0,0,0,0,1,0,0,0,0,0,1,0,0,0,0,0,0,0,1,7
2025,A,85,2,0000000001,0000006225,宋晟睿,88,先發,4,4,1,1,0,0,0,0,1,0,0,0,0,0,0,0,0,0,0,0,0,0,0,34,112
2025,A,85,2,0000000001,0000006730,張仁瑋,28,非先發,2,2,0,0,0,0,0,0,0,0,0,0,0,0,0,0,0,0,0,0,0,0,0,1,8
2025,A,85,2,0000000001,0000007278,許庭綸,13,先發,3,3,1,1,0,0,0,0,1,0,0,0,0,0,0,0,0,0,0,0,0,0,0,4,16
2025,A,86,1,0000000001,0000000362,申皓瑋,29,先發,5,3,0,0,0,0,0,0,0,1,0,0,1,0,0,2,0,0,0,1,0,1,0,28,94
2025,A,86,1,0000000001,0000001118,高國麟,98,先發,4,3,0,0,0,0,0,0,0,0,0,0,0,0,1,1,0,0,0,0,0,0,0,15,63
2025,A,86,1,0000000001,0000001473,李宗賢,22,非先發,1,1,1,1,0,0,0,0,1,0,0,0,0,0,0,0,0,0,0,0,0,0,0,17,85
2025,A,86,1,0000000001,0000002305,王正棠,35,先發,5,5,1,1,0,0,0,0,1,0,0,1,0,0,0,0,0,0,0,0,0,0,0,4,16
2025,A,86,1,0000000001,0000004645,戴培峰,95,先發,5,4,1,1,0,0,0,0,1,0,0,0,1,0,0,0,0,0,0,0,0,0,0,25,80
2025,A,86,1,0000000001,0000005310,陳真,7,先發,4,3,0,0,0,0,0,0,0,0,0,0,1,0,0,0,0,0,0,0,0,0,0,10,47
2025,A,86,1,0000000001,0000006737,董子恩,78,先發,4,4,2,2,0,0,0,0,2,0,0,1,0,0,0,0,0,0,0,0,0,0,0,20,86
2025,A,86,1,0000000001,0000006738,孔念恩,82,非先發,1,1,0,0,0,0,0,0,0,0,0,0,0,0,0,1,0,0,0,0,0,0,0,16,60
2025,A,86,1,0000000001,0000006743,劉俊豪,85,先發,4,4,1,0,1,0,0,0,2,1,0,0,0,0,0,0,0,0,0,0,0,0,0,2,7
2025,A,86,1,0000000001,0000006806,池恩齊,97,先發,5,4,3,3,0,0,0,0,3,1,0,0,0,0,0,1,1,1,1,0,0,0,0,13,50
2025,A,86,1,0000000001,0000006868,周佳樂,77,先發,4,4,1,1,0,0,0,0,1,0,0,1,0,0,0,0,0,0,0,0,0,0,0,13,61
2025,A,86,2,0000000001,0000001474,蘇智傑,32,非先發,1,1,0,0,0,0,0,0,0,0,0,0,0,0,0,0,0,0,0,0,0,0,0,7,37
2025,A,86,2,0000000001,0000001606,林岱安,31,先發,3,3,1,1,0,0,0,0,1,0,0,1,0,0,0,1,0,0,0,0,0,0,0,12,46
2025,A,86,2,0000000001,0000001804,陳傑憲,24,先發,5,4,0,0,0,0,0,0,0,0,0,0,1,1,0,1,0,0,0,0,0,0,0,30,106
2025,A,86,2,0000000001,0000002298,陳重羽,65,非先發,1,0,0,0,0,0,0,0,0,0,0,0,0,0,0,0,0,0,1,0,0,0,0,10,51
2025,A,86,2,0000000001,0000002661,陳鏞基,13,先發,5,5,2,0,1,0,1,0,6,1,0,1,0,0,0,1,0,0,0,0,0,0,0,9,29
2025,A,86,2,0000000001,0000002707,潘傑楷,35,先發,5,4,3,2,1,0,0,0,4,0,0,1,0,0,1,0,0,1,0,0,0,0,1,23,83
2025,A,86,2,0000000001,0000004642,林靖凱,64,先發,3,3,0,0,0,0,0,0,0,0,0,0,0,0,0,0,0,0,0,0,0,0,0,15,59
2025,A,86,2,0000000001,0000005306,許哲晏,10,先發,4,4,0,0,0,0,0,0,0,0,0,0,0,0,0,1,0,0,0,0,0,0,0,9,49
2025,A,86,2,0000000001,0000005531,邱智呈,14,先發,5,4,2,0,1,1,0,0,5,1,0,0,1,0,0,1,0,0,0,0,0,0,0,28,102
2025,A,86,2,0000000001,0000006223,林子豪,2,先發,5,5,1,1,0,0,0,0,1,0,0,1,0,0,0,2,0,0,0,0,0,0,0,18,70
2025,A,86,2,0000000001,0000007070,林佳緯,20,先發,5,4,3,3,0,0,0,0,3,0,0,0,1,0,0,1,1,0,0,0,0,0,0,20,83
2025,A,86,2,0000000001,0000007268,陳聖平,15,非先發,2,1,0,0,0,0,0,0,0,1,1,0,0,0,0,0,0,0,0,1,0,0,0,15,60
2025,A,87,1,0000000001,0000000159,成晉,35,先發,2,2,1,1,0,0,0,0,1,0,0,0,0,0,0,0,0,0,0,0,0,0,0,11,57
2025,A,87,1,0000000001,0000001286,馮健庭,45,非先發,2,2,0,0,0,0,0,0,0,0,0,0,0,0,0,0,0,0,0,0,0,0,0,4,16
2025,A,87,1,0000000001,0000001618,林子偉,15,先發,2,1,0,0,0,0,0,0,0,0,0,0,0,0,1,1,0,0,0,0,0,0,0,19,81
2025,A,87,1,0000000001,0000001756,吳桀睿,12,先發,3,3,0,0,0,0,0,0,0,0,0,0,0,0,0,0,0,0,0,0,0,0,0,1,7
2025,A,87,1,0000000001,0000002282,張閔勛,28,先發,3,3,0,0,0,0,0,0,0,0,0,0,0,0,0,1,0,0,0,0,0,0,0,18,57
2025,A,87,1,0000000001,0000003345,林智平,79,先發,4,4,1,1,0,0,0,0,1,1,0,0,0,0,0,1,0,0,0,0,1,0,0,23,70
2025,A,87,1,0000000001,0000003467,林泓育,11,先發,4,4,1,1,0,0,0,0,1,0,0,0,0,0,0,0,0,0,0,0,1,0,0,21,70
2025,A,87,1,0000000001,0000003563,余德龍,36,先發,2,2,0,0,0,0,0,0,0,0,0,0,0,0,0,1,0,0,0,0,0,0,0,9,37
2025,A,87,1,0000000001,0000004633,陳晨威,98,先發,4,4,1,1,0,0,0,0,1,0,0,1,0,0,0,0,1,0,0,0,0,0,0,31,97
2025,A,87,1,0000000001,0000006235,林政華,65,先發,4,4,1,1,0,0,0,0,1,0,0,0,0,0,0,0,0,0,0,0,0,0,0,18,57
2025,A,87,1,0000000001,0000006240,馬傑森,94,非先發,0,0,0,0,0,0,0,0,0,0,0,0,0,0,0,0,0,0,0,0,0,0,0,10,58
2025,A,87,1,0000000001,0000006854,宋嘉翔,2,非先發,1,1,0,0,0,0,0,0,0,0,0,0,0,0,0,0,0,0,0,0,0,0,0,7,22
2025,A,87,1,0000000001,0000007076,李勛傑,95,非先發,1,1,0,0,0,0,0,0,0,0,0,0,0,0,0,0,0,0,0,0,0,0,0,0,9
2025,A,87,2,0000000001,0000000743,陳子豪,1,先發,5,4,3,2,1,0,0,0,4,2,0,1,0,0,0,0,0,0,0,1,0,0,0,25,97
2025,A,87,2,0000000001,0000001318,朱育賢,11,先發,4,4,1,0,1,0,0,0,2,1,0,0,0,0,0,1,0,0,0,0,0,0,0,15,54
2025,A,87,2,0000000001,0000003343,郭嚴文,6,先發,3,3,1,1,0,0,0,0,1,0,0,0,0,0,0,0,0,0,0,0,0,1,0,20,70
2025,A,87,2,0000000001,0000003625,吉力吉撈．鞏冠,4,先發,4,4,2,2,0,0,0,0,2,0,0,0,0,0,0,0,0,0,0,0,0,0,0,27,100
2025,A,87,2,0000000001,0000005291,蔣少宏,63,先發,4,4,2,1,1,0,0,0,3,0,0,1,0,0,0,1,0,0,0,0,0,0,0,11,57
2025,A,87,2,0000000001,0000005540,李凱威,21,先發,5,5,0,0,0,0,0,0,0,0,0,0,0,0,0,0,0,0,0,0,1,0,0,31,107
2025,A,87,2,0000000001,0000005542,張政禹,25,先發,4,4,3,2,0,0,1,0,6,1,1,1,0,0,0,0,0,0,0,0,0,0,0,25,76
2025,A,87,2,0000000001,0000005545,劉基鴻,46,先發,4,4,2,1,1,0,0,0,3,0,0,0,0,0,0,0,0,0,0,0,0,0,0,31,104
2025,A,87,2,0000000001,0000005549,郭天信,2,先發,4,3,0,0,0,0,0,0,0,0,0,0,1,0,0,0,0,0,0,0,0,0,0,32,95
2025,A,87,2,0000000001,0000005553,張祐銘,34,非先發,1,1,0,0,0,0,0,0,0,0,0,0,0,0,0,0,0,0,0,0,0,0,0,3,11
2025,A,87,2,0000000001,0000007079,劉俊緯,23,非先發,0,0,0,0,0,0,0,0,0,0,0,1,0,0,0,0,0,0,0,0,0,0,0,15,53
2025,A,88,1,0000000001,0000000362,申皓瑋,29,先發,4,4,1,1,0,0,0,0,1,1,0,0,0,0,0,1,0,0,0,0,0,0,0,29,98
2025,A,88,1,0000000001,0000001118,高國麟,98,先發,4,4,0,0,0,0,0,0,0,0,0,0,0,0,0,2,0,0,0,0,0,0,0,15,67
2025,A,88,1,0000000001,0000001473,李宗賢,22,非先發,2,2,1,1,0,0,0,0,1,0,0,0,0,0,0,0,0,0,0,0,0,0,0,18,87
2025,A,88,1,0000000001,0000002305,王正棠,35,先發,4,4,1,1,0,0,0,0,1,0,0,1,0,0,0,0,1,0,0,0,0,0,0,5,20
2025,A,88,1,0000000001,0000005310,陳真,7,先發,4,4,0,0,0,0,0,0,0,0,0,0,0,0,0,2,0,0,0,0,0,0,0,10,51
2025,A,88,1,0000000001,0000006229,葉子霆,6,先發,4,3,0,0,0,0,0,0,0,0,0,0,1,0,0,1,0,0,0,0,0,0,0,3,22
2025,A,88,1,0000000001,0000006737,董子恩,78,先發,4,2,2,2,0,0,0,0,2,0,0,1,2,0,0,0,0,0,0,0,0,0,0,22,88
2025,A,88,1,0000000001,0000006738,孔念恩,82,非先發,0,0,0,0,0,0,0,0,0,0,0,0,0,0,0,0,0,0,0,0,0,0,0,16,60
2025,A,88,1,0000000001,0000006743,劉俊豪,85,先發,2,2,0,0,0,0,0,0,0,0,0,0,0,0,0,1,0,0,0,0,0,0,0,2,9
2025,A,88,1,0000000001,0000006868,周佳樂,77,非先發,0,0,0,0,0,0,0,0,0,0,0,0,0,0,0,0,0,0,0,0,0,0,0,13,61
2025,A,88,1,0000000001,0000006909,豊暐,43,先發,3,3,0,0,0,0,0,0,0,0,0,0,0,0,0,0,0,0,0,0,1,0,0,5,22
2025,A,88,1,0000000001,0000007089,王念好,5,先發,4,4,1,0,1,0,0,0,2,1,0,0,0,0,0,2,0,0,0,0,0,0,0,6,35
2025,A,88,2,0000000001,0000001474,蘇智傑,32,先發,5,5,4,1,2,0,1,0,9,2,0,3,0,0,0,0,0,0,0,0,0,0,0,11,42
2025,A,88,2,0000000001,0000002289,陳重廷,66,先發,5,5,1,1,0,0,0,0,1,1,0,1,0,0,0,1,0,0,0,0,0,0,0,11,43
2025,A,88,2,0000000001,0000002298,陳重羽,65,先發,5,5,1,0,1,0,0,0,2,1,0,1,0,0,0,1,0,0,0,0,1,0,0,11,56
2025,A,88,2,0000000001,0000002661,陳鏞基,13,先發,3,3,0,0,0,0,0,0,0,0,0,0,0,0,0,0,0,0,0,0,0,0,0,9,32
2025,A,88,2,0000000001,0000002707,潘傑楷,35,先發,6,6,2,0,1,0,1,0,6,3,1,2,0,0,0,1,0,0,0,0,0,0,0,25,89
2025,A,88,2,0000000001,0000003615,胡金龍,51,先發,3,3,3,1,2,0,0,0,5,0,0,2,0,0,0,0,0,0,0,0,0,0,0,13,24
2025,A,88,2,0000000001,0000004627,張偉聖,52,非先發,3,3,1,0,1,0,0,0,2,2,0,1,0,0,0,0,0,0,0,0,0,0,0,2,5
2025,A,88,2,0000000001,0000004642,林靖凱,64,非先發,0,0,0,0,0,0,0,0,0,0,0,0,0,0,0,0,0,0,0,0,0,0,0,15,59
2025,A,88,2,0000000001,0000005306,許哲晏,10,非先發,2,1,0,0,0,0,0,0,0,0,0,0,1,0,0,0,0,0,0,0,0,0,0,9,50
2025,A,88,2,0000000001,0000005531,邱智呈,14,先發,3,3,0,0,0,0,0,0,0,0,0,0,0,0,0,2,0,0,0,0,0,0,0,28,105
2025,A,88,2,0000000001,0000006843,潘磊,54,非先發,2,2,1,1,0,0,0,0,1,1,0,1,0,0,0,1,0,0,0,0,0,0,0,1,6
2025,A,88,2,0000000001,0000007070,林佳緯,20,先發,6,5,5,2,2,0,1,0,10,3,0,2,0,0,1,0,0,0,0,0,0,0,1,25,88
2025,A,88,2,0000000001,0000007268,陳聖平,15,先發,5,5,5,5,0,0,0,0,5,2,0,2,0,0,0,0,1,0,0,0,0,0,0,20,65
2025,A,89,1,0000000002,0000000935,王柏融,9,先發,4,4,1,1,0,0,0,0,1,0,0,1,0,0,0,0,0,0,0,0,0,0,0,51,191
2025,A,89,1,0000000002,0000001291,郭阜林,59,先發,3,3,0,0,0,0,0,0,0,0,0,0,0,0,0,2,0,0,0,0,0,0,0,39,133
2025,A,89,1,0000000002,0000003174,郭永維,7,先發,5,4,0,0,0,0,0,0,0,0,0,1,0,0,1,1,0,0,0,0,0,0,0,6,20
2025,A,89,1,0000000002,0000003649,吳念庭,39,先發,5,5,3,2,1,0,0,0,4,1,1,2,0,0,0,1,1,0,0,0,0,0,0,41,118
2025,A,89,1,0000000002,0000005333,湯家豪,36,非先發,0,0,0,0,0,0,0,0,0,0,0,0,0,0,0,0,0,0,0,0,0,0,0,2,4
2025,A,89,1,0000000002,0000005340,王博玄,6,先發,5,4,2,2,0,0,0,0,2,1,0,1,1,0,0,1,0,0,0,0,0,0,0,61,195
2025,A,89,1,0000000002,0000006211,張肇元,29,先發,5,5,2,1,1,0,0,0,3,2,0,0,0,0,0,0,0,0,0,0,0,0,0,45,174
2025,A,89,1,0000000002,0000006928,林家鋐,16,先發,4,4,1,1,0,0,0,0,1,1,0,1,0,0,0,0,0,0,0,0,0,0,0,30,116
2025,A,89,1,0000000002,0000006929,紀慶然,24,先發,4,4,0,0,0,0,0,0,0,0,0,0,0,0,0,2,0,0,0,0,0,0,0,40,154
2025,A,89,1,0000000002,0000006939,顏郁軒,5,非先發,1,0,0,0,0,0,0,0,0,0,0,1,1,0,0,0,0,0,0,0,0,0,0,5,18
2025,A,89,1,0000000002,0000007239,魔鷹,94,先發,5,4,2,0,1,0,1,0,6,2,0,1,1,1,0,1,0,0,0,0,0,0,0,54,175
2025,A,89,2,0000000002,0000000929,王威晨,9,先發,4,4,0,0,0,0,0,0,0,0,0,0,0,0,0,1,0,0,0,0,0,0,0,55,196
2025,A,89,2,0000000002,0000001119,許基宏,74,先發,4,4,1,1,0,0,0,0,1,0,0,0,0,0,0,0,0,0,0,0,0,0,0,56,183
2025,A,89,2,0000000002,0000002285,高宇杰,65,先發,3,3,2,1,1,0,0,0,3,1,0,1,0,0,0,0,0,0,0,0,0,0,0,47,180
2025,A,89,2,0000000002,0000002291,岳東華,98,先發,4,4,2,1,1,0,0,0,3,1,0,1,0,0,0,1,0,0,0,0,0,0,0,49,182
2025,A,89,2,0000000002,0000002297,詹子賢,39,先發,4,4,0,0,0,0,0,0,0,0,0,0,0,0,0,1,0,0,0,0,0,0,0,57,194
2025,A,89,2,0000000002,0000002307,王政順,61,非先發,1,1,0,0,0,0,0,0,0,0,0,0,0,0,0,1,0,0,0,0,0,0,0,15,54
2025,A,89,2,0000000002,0000005298,黃韋盛,66,先發,4,4,2,1,1,0,0,0,3,0,0,2,0,0,0,1,0,0,0,0,0,0,0,34,119
2025,A,89,2,0000000002,0000005569,曾頌恩,1,非先發,1,0,0,0,0,0,0,0,0,0,0,0,1,0,0,0,0,0,0,0,0,0,0,17,75
2025,A,89,2,0000000002,0000005571,岳政華,92,先發,5,4,1,0,1,0,0,0,2,0,0,0,1,0,0,0,2,0,0,0,0,0,0,31,116
2025,A,89,2,0000000002,0000006225,宋晟睿,88,先發,4,3,0,0,0,0,0,0,0,1,0,0,0,0,0,2,0,0,0,1,1,0,0,60,210
2025,A,89,2,0000000002,0000006730,張仁瑋,28,先發,4,4,2,2,0,0,0,0,2,1,0,0,0,0,0,0,0,0,0,0,0,0,0,14,43
2025,A,90,1,0000000001,0000000159,成晉,35,先發,3,3,1,1,0,0,0,0,1,0,0,0,0,0,0,1,0,0,0,0,0,0,0,12,60
2025,A,90,1,0000000001,0000001286,馮健庭,45,先發,3,3,1,1,0,0,0,0,1,0,0,0,0,0,0,0,0,0,0,0,0,0,0,5,19
2025,A,90,1,0000000001,0000001756,吳桀睿,12,非先發,1,1,0,0,0,0,0,0,0,0,0,0,0,0,0,1,0,0,0,0,0,0,0,1,8
2025,A,90,1,0000000001,0000002282,張閔勛,28,先發,4,4,1,1,0,0,0,0,1,0,0,0,0,0,0,0,0,0,0,0,0,0,0,19,61
2025,A,90,1,0000000001,0000002286,林立,39,非先發,1,0,0,0,0,0,0,0,0,0,0,0,1,1,0,0,0,0,0,0,0,0,0,21,53
2025,A,90,1,0000000001,0000003345,林智平,79,先發,4,4,0,0,0,0,0,0,0,0,0,0,0,0,0,0,0,0,0,0,0,0,0,23,74
2025,A,90,1,0000000001,0000003467,林泓育,11,先發,4,4,0,0,0,0,0,0,0,0,0,0,0,0,0,0,0,0,0,0,0,0,0,21,74
2025,A,90,1,0000000001,0000003563,余德龍,36,先發,4,4,0,0,0,0,0,0,0,0,0,0,0,0,0,0,0,0,0,0,0,1,0,9,41
2025,A,90,1,0000000001,0000004633,陳晨威,98,先發,4,4,1,1,0,0,0,0,1,0,0,0,0,0,0,1,0,0,0,0,0,0,0,32,101
2025,A,90,1,0000000001,0000006235,林政華,65,先發,4,3,0,0,0,0,0,0,0,0,0,0,0,0,0,1,0,0,1,0,0,0,0,18,60
2025,A,90,1,0000000001,0000006240,馬傑森,94,非先發,0,0,0,0,0,0,0,0,0,0,0,0,0,0,0,0,0,0,0,0,0,0,0,10,58
2025,A,90,1,0000000001,0000007076,李勛傑,95,非先發,0,0,0,0,0,0,0,0,0,0,0,0,0,0,0,0,0,0,0,0,0,0,0,0,9
2025,A,90,1,0000000001,0000007313,曾冠傑,55,先發,3,3,0,0,0,0,0,0,0,0,0,0,0,0,0,2,0,0,0,0,0,0,0,0,11
2025,A,90,2,0000000001,0000000743,陳子豪,1,先發,4,4,1,1,0,0,0,0,1,0,0,0,0,0,0,1,0,0,0,0,0,0,0,26,101
2025,A,90,2,0000000001,0000001318,朱育賢,11,先發,3,3,0,0,0,0,0,0,0,0,0,0,0,0,0,2,0,0,0,0,0,0,0,15,57
2025,A,90,2,0000000001,0000003625,吉力吉撈．鞏冠,4,先發,4,4,1,1,0,0,0,0,1,1,1,0,0,0,0,1,0,0,0,0,0,0,1,28,104
2025,A,90,2,0000000001,0000005540,李凱威,21,先發,4,3,0,0,0,0,0,0,0,0,0,1,0,0,0,1,0,0,1,0,1,0,0,31,110
2025,A,90,2,0000000001,0000005542,張政禹,25,先發,3,3,1,1,0,0,0,0,1,0,0,0,0,0,0,1,1,0,0,0,0,0,0,26,79
2025,A,90,2,0000000001,0000005545,劉基鴻,46,先發,4,4,0,0,0,0,0,0,0,0,0,0,0,0,0,0,0,0,0,0,0,0,0,31,108
2025,A,90,2,0000000001,0000005549,郭天信,2,先發,3,3,0,0,0,0,0,0,0,0,0,0,0,0,0,0,0,0,0,0,0,0,0,32,98
2025,A,90,2,0000000001,0000006216,王順和,24,先發,3,3,0,0,0,0,0,0,0,0,0,0,0,0,0,1,0,0,0,0,0,0,0,12,42
2025,A,90,2,0000000001,0000006217,林辰勳,9,先發,3,3,0,0,0,0,0,0,0,0,0,0,0,0,0,0,0,0,0,0,0,0,0,0,12
2025,A,91,1,0000000003,0000007076,李勛傑,95,先發,5,5,0,0,0,0,0,0,0,1,1,0,0,0,0,0,0,0,0,0,0,0,0,20,87
2025,A,91,2,0000000003,0000000045,林智勝,31,先發,5,5,1,1,0,0,0,0,1,0,0,0,0,0,0,2,0,0,0,0,0,0,0,5,18
2025,A,91,2,0000000003,0000000356,石翔宇,72,非先發,0,0,0,0,0,0,0,0,0,0,0,0,0,0,0,0,0,0,0,0,0,0,0,3,7
2025,A,91,2,0000000003,0000000743,陳子豪,1,先發,5,4,1,1,0,0,0,0,1,0,0,0,1,0,0,2,1,0,0,0,0,0,0,42,181
2025,A,91,2,0000000003,0000001318,朱育賢,11,非先發,2,1,0,0,0,0,0,0,0,0,0,0,0,0,1,0,0,0,0,0,0,0,0,41,153
2025,A,91,2,0000000003,0000003625,吉力吉撈．鞏冠,4,先發,4,4,1,0,0,0,1,0,4,1,0,1,0,0,0,1,0,0,0,0,0,0,0,60,212
2025,A,91,2,0000000003,0000005291,蔣少宏,63,先發,3,3,0,0,0,0,0,0,0,0,0,0,0,0,0,0,0,0,0,0,0,0,0,29,130
2025,A,91,2,0000000003,0000005540,李凱威,21,先發,4,4,2,2,0,0,0,0,2,0,0,1,0,0,0,1,2,0,0,0,0,0,0,58,206
2025,A,91,2,0000000003,0000005542,張政禹,25,先發,3,3,0,0,0,0,0,0,0,0,0,0,0,0,0,0,0,0,0,0,0,0,0,43,150
2025,A,91,2,0000000003,0000005545,劉基鴻,46,先發,4,4,2,1,1,0,0,0,3,0,0,1,0,0,0,0,0,0,0,0,0,1,0,48,205
2025,A,91,2,0000000003,0000005546,拿莫．伊漾,57,非先發,1,0,0,0,0,0,0,0,0,0,0,0,0,0,1,0,0,0,0,0,0,0,0,4,21
2025,A,91,2,0000000003,0000005549,郭天信,2,先發,5,4,2,2,0,0,0,0,2,0,0,0,0,0,1,0,0,0,0,0,0,0,0,57,199
2025,A,91,2,0000000003,0000006216,王順和,24,先發,2,2,0,0,0,0,0,0,0,0,0,0,0,0,0,1,0,0,0,0,0,0,0,28,94
2025,A,91,2,0000000003,0000006217,林辰勳,9,非先發,1,1,0,0,0,0,0,0,0,0,0,0,0,0,0,0,0,0,0,0,0,0,0,4,23
2025,A,91,2,0000000003,0000007079,劉俊緯,23,非先發,1,1,0,0,0,0,0,0,0,0,0,0,0,0,0,0,0,0,0,0,0,0,0,31,113
2025,A,91,1,0000000003,0000000153,林承飛,6,先發,5,4,0,0,0,0,0,0,0,0,0,1,0,0,1,0,0,0,0,0,0,0,0,2,21
2025,A,91,1,0000000003,0000000159,成晉,35,先發,5,5,3,3,0,0,0,0,3,1,0,2,0,0,0,0,0,0,0,0,0,0,0,33,134
2025,A,91,1,0000000003,0000001286,馮健庭,45,先發,4,4,2,2,0,0,0,0,2,2,0,0,0,0,0,0,0,0,0,0,0,0,0,10,36
2025,A,91,1,0000000003,0000003467,林泓育,11,先發,5,4,3,2,0,0,1,0,6,4,0,2,1,0,0,0,0,0,0,0,0,0,1,53,173
2025,A,91,1,0000000003,0000003563,余德龍,36,先發,5,4,2,2,0,0,0,0,2,0,0,1,0,0,0,0,1,0,1,0,0,0,0,26,96
2025,A,91,1,0000000003,0000004633,陳晨威,98,先發,4,4,2,2,0,0,0,0,2,0,0,1,0,0,0,1,0,0,0,0,0,0,0,71,219
2025,A,91,1,0000000003,0000006235,林政華,65,先發,5,5,3,2,0,0,1,0,6,1,0,2,0,0,0,0,0,0,0,0,0,0,0,40,142
2025,A,91,1,0000000003,0000006854,宋嘉翔,2,先發,5,5,1,1,0,0,0,0,1,0,0,1,0,0,0,0,0,0,0,0,1,2,0,16,56
2025,A,91,1,0000000003,0000006856,董順傑,38,非先發,1,1,1,0,1,0,0,0,2,2,0,1,0,0,0,0,0,0,0,0,0,0,0,1,5
2025,A,92,1,0000000002,0000002352,范國宸,46,先發,4,3,0,0,0,0,0,0,0,0,0,1,1,0,0,2,0,0,0,0,0,0,0,44,151
2025,A,92,1,0000000002,0000006738,孔念恩,82,先發,4,4,0,0,0,0,0,0,0,0,0,0,0,0,0,3,0,0,0,0,0,0,0,23,102
2025,A,92,1,0000000002,0000006743,劉俊豪,85,先發,3,3,1,1,0,0,0,0,1,0,0,0,0,0,0,1,0,0,0,0,0,0,0,8,38
2025,A,92,1,0000000002,0000006868,周佳樂,77,先發,3,3,1,1,0,0,0,0,1,0,0,0,0,0,0,1,0,0,0,0,1,0,0,26,119
2025,A,92,1,0000000002,0000006872,林岳谷,62,先發,4,4,0,0,0,0,0,0,0,0,0,0,0,0,0,1,0,0,0,0,0,0,0,17,76
2025,A,92,1,0000000002,0000006909,豊暐,43,先發,3,3,0,0,0,0,0,0,0,0,0,0,0,0,0,0,0,0,0,0,0,0,0,17,69
2025,A,92,1,0000000002,0000007089,王念好,5,先發,3,3,2,1,1,0,0,0,3,0,0,0,0,0,0,0,0,0,0,0,0,1,0,8,52
2025,A,92,1,0000000002,0000007091,高捷,4,先發,4,4,0,0,0,0,0,0,0,0,0,0,0,0,0,2,0,0,0,0,0,0,0,20,92
2025,A,92,1,0000000002,0000007094,陳愷佑,56,先發,3,2,0,0,0,0,0,0,0,0,0,0,0,0,0,0,0,0,1,0,0,0,0,0,5
2025,A,92,2,0000000002,0000001606,林岱安,31,先發,4,3,0,0,0,0,0,0,0,0,0,0,0,0,1,1,0,0,0,0,0,0,0,24,102
2025,A,92,2,0000000002,0000001804,陳傑憲,24,先發,4,4,0,0,0,0,0,0,0,0,0,0,0,0,0,0,0,0,0,0,1,0,0,56,202
2025,A,92,2,0000000002,0000002275,林安可,77,先發,4,3,1,0,0,0,1,0,4,2,0,1,1,0,0,1,0,0,0,0,0,0,0,41,114
2025,A,92,2,0000000002,0000002289,陳重廷,66,先發,3,3,1,1,0,0,0,0,1,0,0,0,0,0,0,0,0,0,0,0,0,0,0,23,88
2025,A,92,2,0000000002,0000002661,陳鏞基,13,先發,4,4,1,1,0,0,0,0,1,0,0,0,0,0,0,2,0,0,0,0,0,0,0,27,89
2025,A,92,2,0000000002,0000002707,潘傑楷,35,先發,4,3,2,1,1,0,0,0,3,0,0,1,0,0,1,0,2,0,0,0,0,0,0,54,181
2025,A,92,2,0000000002,0000005531,邱智呈,14,先發,4,2,0,0,0,0,0,0,0,0,0,1,1,0,1,1,0,0,0,0,0,0,0,57,217
2025,A,92,2,0000000002,0000007070,林佳緯,20,先發,4,4,1,1,0,0,0,0,1,0,0,0,0,0,0,0,1,0,0,0,0,1,0,62,213
2025,A,92,2,0000000002,0000007268,陳聖平,15,先發,3,3,0,0,0,0,0,0,0,0,0,0,0,0,0,1,0,0,0,0,0,0,0,36,152
2025,A,93,1,0000000002,0000000753,杜家明,71,先發,4,2,1,1,0,0,0,0,1,0,0,1,1,0,0,0,0,0,1,0,0,0,0,20,83
2025,A,93,1,0000000002,0000000935,王柏融,9,先發,5,5,2,1,1,0,0,0,3,1,0,1,0,0,0,1,0,0,0,0,0,0,0,53,196
2025,A,93,1,0000000002,0000003174,郭永維,7,先發,5,5,2,2,0,0,0,0,2,1,0,1,0,0,0,2,0,0,0,0,0,1,0,8,25
2025,A,93,1,0000000002,0000003649,吳念庭,39,先發,5,5,2,1,1,0,0,0,3,2,0,1,0,0,0,1,0,0,0,0,0,0,1,43,123
2025,A,93,1,0000000002,0000005340,王博玄,6,先發,5,5,1,1,0,0,0,0,1,0,0,1,0,0,0,1,0,0,0,0,0,0,0,62,200
2025,A,93,1,0000000002,0000006211,張肇元,29,先發,5,4,1,1,0,0,0,0,1,2,0,1,1,0,0,0,0,0,0,0,0,0,0,46,178
2025,A,93,1,0000000002,0000006835,顏清浤,37,非先發,0,0,0,0,0,0,0,0,0,0,0,0,0,0,0,0,0,0,0,0,0,0,0,1,2
2025,A,93,1,0000000002,0000006928,林家鋐,16,先發,4,3,0,0,0,0,0,0,0,0,0,0,1,0,0,2,1,0,0,0,0,1,0,30,119
2025,A,93,1,0000000002,0000006929,紀慶然,24,先發,4,4,1,1,0,0,0,0,1,1,1,1,0,0,0,0,0,0,0,0,0,0,0,41,158
2025,A,93,1,0000000002,0000006936,高聖恩,50,非先發,0,0,0,0,0,0,0,0,0,0,0,1,0,0,0,0,0,0,0,0,0,0,0,10,50
2025,A,93,1,0000000002,0000006939,顏郁軒,5,非先發,1,1,0,0,0,0,0,0,0,0,0,0,0,0,0,0,0,0,0,0,0,0,0,5,19
2025,A,93,1,0000000002,0000007239,魔鷹,94,先發,5,4,2,1,1,0,0,0,3,0,0,0,1,0,0,1,0,0,0,0,1,0,0,56,179
2025,A,93,2,0000000002,0000000929,王威晨,9,非先發,1,1,1,0,1,0,0,0,2,0,0,1,0,0,0,0,0,0,0,0,0,0,0,56,197
2025,A,93,2,0000000002,0000001119,許基宏,74,先發,4,3,2,0,0,0,2,0,8,3,0,2,0,0,0,0,0,0,0,1,0,0,0,58,186
2025,A,93,2,0000000002,0000002285,高宇杰,65,先發,4,4,3,3,0,0,0,0,3,1,0,0,0,0,0,0,0,0,0,0,0,0,0,50,184
2025,A,93,2,0000000002,0000002291,岳東華,98,先發,4,4,0,0,0,0,0,0,0,0,0,0,0,0,0,1,0,0,0,0,0,0,0,49,186
2025,A,93,2,0000000002,0000002307,王政順,61,非先發,1,1,0,0,0,0,0,0,0,0,0,0,0,0,0,0,0,0,0,0,0,0,0,15,55
2025,A,93,2,0000000002,0000003609,陳俊秀,29,先發,5,5,2,2,0,0,0,0,2,0,0,0,0,0,0,1,0,0,0,0,1,0,0,24,107
2025,A,93,2,0000000002,0000005298,黃韋盛,66,先發,3,3,0,0,0,0,0,0,0,0,0,1,0,0,0,0,0,0,0,0,0,0,0,34,122
2025,A,93,2,0000000002,0000005569,曾頌恩,1,先發,4,4,0,0,0,0,0,0,0,0,0,0,0,0,0,2,0,0,0,0,0,0,0,17,79
2025,A,93,2,0000000002,0000005571,岳政華,92,先發,5,4,2,2,0,0,0,0,2,1,0,1,0,0,1,1,0,0,0,0,1,0,0,33,120
2025,A,93,2,0000000002,0000006225,宋晟睿,88,先發,5,5,1,1,0,0,0,0,1,1,0,0,0,0,0,1,0,0,0,0,0,0,0,61,215
2025,A,93,2,0000000002,0000006730,張仁瑋,28,先發,3,3,0,0,0,0,0,0,0,0,0,0,0,0,0,0,0,0,0,0,0,0,0,14,46
2025,A,93,2,0000000002,0000006732,陳統恩,48,非先發,0,0,0,0,0,0,0,0,0,0,0,1,0,0,0,0,0,0,0,0,0,0,0,0,0
2025,A,94,1,0000000001,0000000753,杜家明,71,非先發,2,2,0,0,0,0,0,0,0,0,0,0,0,0,0,1,0,0,0,0,0,0,0,18,75
2025,A,94,1,0000000001,0000000935,王柏融,9,先發,4,3,1,0,1,0,0,0,2,0,0,0,1,0,0,0,0,0,0,0,1,0,0,28,98
2025,A,94,1,0000000001,0000001291,郭阜林,59,先發,4,4,1,1,0,0,0,0,1,0,0,0,0,0,0,2,0,0,0,0,0,0,0,16,53
2025,A,94,1,0000000001,0000004643,胡冠俞,43,先發,4,4,1,1,0,0,0,0,1,1,0,0,0,0,0,2,0,0,0,0,0,0,0,7,23
2025,A,94,1,0000000001,0000005340,王博玄,6,先發,4,3,0,0,0,0,0,0,0,0,0,1,1,0,0,1,0,0,0,0,0,0,0,21,97
2025,A,94,1,0000000001,0000006211,張肇元,29,非先發,2,1,0,0,0,0,0,0,0,0,0,0,1,0,0,0,0,0,0,0,0,0,0,17,87
2025,A,94,1,0000000001,0000006926,陳致嘉,33,先發,2,1,0,0,0,0,0,0,0,0,0,0,0,0,0,0,0,0,1,0,0,0,0,2,18
2025,A,94,1,0000000001,0000006927,曾子祐,1,先發,2,2,0,0,0,0,0,0,0,0,0,0,0,0,0,0,0,0,0,0,0,0,0,26,114
2025,A,94,1,0000000001,0000006928,林家鋐,16,非先發,2,1,0,0,0,0,0,0,0,0,0,1,1,0,0,0,0,0,0,0,0,0,0,16,57
2025,A,94,1,0000000001,0000006929,紀慶然,24,先發,4,4,1,1,0,0,0,0,1,2,0,0,0,0,0,1,0,0,0,0,0,0,0,19,60
2025,A,94,1,0000000001,0000006940,葉保弟,73,先發,2,2,1,1,0,0,0,0,1,0,0,1,0,0,0,0,0,0,0,0,0,0,0,2,8
2025,A,94,1,0000000001,0000007239,魔鷹,94,先發,4,4,0,0,0,0,0,0,0,0,0,0,0,0,0,1,0,0,0,0,0,0,0,19,62
2025,A,94,2,0000000001,0000000362,申皓瑋,29,先發,4,3,1,0,1,0,0,0,2,1,0,0,0,0,0,2,0,0,0,1,0,0,0,30,101
2025,A,94,2,0000000001,0000001118,高國麟,98,先發,4,3,1,0,0,0,1,0,4,1,0,1,1,0,0,0,0,0,0,0,0,0,0,16,70
2025,A,94,2,0000000001,0000001473,李宗賢,22,先發,5,5,1,1,0,0,0,0,1,1,0,0,0,0,0,1,0,0,0,0,0,0,0,19,92
2025,A,94,2,0000000001,0000002305,王正棠,35,先發,5,4,0,0,0,0,0,0,0,0,0,1,1,0,0,1,0,0,0,0,0,0,0,5,24
2025,A,94,2,0000000001,0000002352,范國宸,46,先發,4,4,1,0,1,0,0,0,2,0,0,1,0,0,0,1,0,0,0,0,0,0,0,9,42
2025,A,94,2,0000000001,0000005310,陳真,7,先發,3,2,0,0,0,0,0,0,0,0,0,0,0,0,1,2,0,0,0,0,0,0,0,10,53
2025,A,94,2,0000000001,0000005510,林澤彬,2,先發,4,3,1,1,0,0,0,0,1,1,0,0,0,0,0,1,0,0,0,1,0,0,0,2,14
2025,A,94,2,0000000001,0000006737,董子恩,78,先發,4,4,3,3,0,0,0,0,3,0,0,1,0,0,0,0,0,0,0,0,0,0,0,25,92
2025,A,94,2,0000000001,0000006868,周佳樂,77,非先發,1,0,0,0,0,0,0,0,0,0,0,0,0,0,0,0,0,0,1,0,0,0,0,13,61
2025,A,94,2,0000000001,0000006909,豊暐,43,先發,4,2,1,1,0,0,0,0,1,0,0,1,2,0,0,1,0,0,0,0,0,0,0,6,24
2025,A,95,1,0000000001,0000000929,王威晨,9,非先發,1,1,0,0,0,0,0,0,0,0,0,0,0,0,0,0,0,0,0,0,0,0,0,25,93
2025,A,95,1,0000000001,0000001119,許基宏,74,先發,4,4,0,0,0,0,0,0,0,0,0,0,0,0,0,3,0,0,0,0,0,1,0,27,89
2025,A,95,1,0000000001,0000002285,高宇杰,65,先發,3,3,1,1,0,0,0,0,1,0,0,0,0,0,0,1,0,0,0,0,0,0,0,21,91
2025,A,95,1,0000000001,0000002297,詹子賢,39,先發,4,4,1,1,0,0,0,0,1,0,0,0,0,0,0,0,0,0,0,0,0,0,0,25,87
2025,A,95,1,0000000001,0000002307,王政順,61,先發,3,3,1,1,0,0,0,0,1,0,0,0,0,0,0,2,0,0,0,0,0,0,0,14,48
2025,A,95,1,0000000001,0000003609,陳俊秀,29,先發,4,4,1,1,0,0,0,0,1,1,0,0,0,0,0,2,0,0,0,0,0,0,0,17,69
2025,A,95,1,0000000001,0000004636,江坤宇,90,先發,4,4,0,0,0,0,0,0,0,0,0,0,0,0,0,0,0,0,0,0,0,0,0,22,102
2025,A,95,1,0000000001,0000005298,黃韋盛,66,先發,4,3,1,1,0,0,0,0,1,0,0,1,0,0,1,0,0,0,0,0,0,0,0,9,35
2025,A,95,1,0000000001,0000005571,岳政華,92,先發,4,4,1,1,0,0,0,0,1,0,0,0,0,0,0,1,1,0,0,0,1,0,0,1,7
2025,A,95,1,0000000001,0000006225,宋晟睿,88,先發,4,4,3,2,1,0,0,0,4,0,0,1,0,0,0,0,0,0,0,0,0,0,0,37,116
2025,A,95,1,0000000001,0000006730,張仁瑋,28,非先發,1,1,1,0,0,0,1,0,4,2,0,1,0,0,0,0,0,0,0,0,0,0,0,2,9
2025,A,95,1,0000000001,0000007278,許庭綸,13,非先發,1,1,0,0,0,0,0,0,0,0,0,0,0,0,0,0,0,0,0,0,0,0,0,4,17
2025,A,95,2,0000000001,0000001318,朱育賢,11,先發,4,4,0,0,0,0,0,0,0,0,0,0,0,0,0,1,0,0,0,0,0,0,0,15,61
2025,A,95,2,0000000001,0000003343,郭嚴文,6,先發,4,3,0,0,0,0,0,0,0,0,0,0,1,0,0,0,0,0,0,0,0,0,0,20,73
2025,A,95,2,0000000001,0000003625,吉力吉撈．鞏冠,4,先發,4,3,1,0,0,0,1,1,4,4,0,1,1,0,0,1,0,0,0,0,0,0,0,29,107
2025,A,95,2,0000000001,0000005291,蔣少宏,63,先發,4,2,1,1,0,0,0,0,1,0,0,2,0,0,2,0,0,0,0,0,0,0,0,12,59
2025,A,95,2,0000000001,0000005540,李凱威,21,先發,5,5,3,1,2,0,0,0,5,4,1,1,0,0,0,1,0,0,0,0,0,0,1,34,115
2025,A,95,2,0000000001,0000005542,張政禹,25,先發,5,5,2,1,1,0,0,0,3,0,0,3,0,0,0,2,0,0,0,0,0,0,0,28,84
2025,A,95,2,0000000001,0000005545,劉基鴻,46,先發,5,5,1,1,0,0,0,0,1,0,0,1,0,0,0,2,0,0,0,0,0,0,0,32,113
2025,A,95,2,0000000001,0000005549,郭天信,2,先發,4,3,2,1,1,0,0,0,3,0,0,1,0,0,1,1,0,0,0,0,0,0,0,34,101
2025,A,95,2,0000000001,0000005553,張祐銘,34,先發,4,4,0,0,0,0,0,0,0,0,0,0,0,0,0,2,0,0,0,0,0,0,0,3,15
2025,A,95,2,0000000001,0000006216,王順和,24,非先發,0,0,0,0,0,0,0,0,0,0,0,0,0,0,0,0,0,0,0,0,0,0,0,12,42
2025,A,96,1,0000000001,0000000753,杜家明,71,先發,4,3,1,1,0,0,0,0,1,1,0,0,0,0,0,1,0,0,1,0,0,0,0,19,78
2025,A,96,1,0000000001,0000000935,王柏融,9,先發,5,5,2,1,1,0,0,0,3,3,1,0,0,0,0,0,0,0,0,0,0,1,1,30,103
2025,A,96,1,0000000001,0000001291,郭阜林,59,先發,4,3,0,0,0,0,0,0,0,0,0,1,1,0,0,0,0,0,0,0,0,0,0,16,56
2025,A,96,1,0000000001,0000003174,郭永維,7,先發,2,2,0,0,0,0,0,0,0,0,0,0,0,0,0,1,0,0,0,0,0,1,0,1,11
2025,A,96,1,0000000001,0000003533,藍寅倫,88,先發,4,3,0,0,0,0,0,0,0,0,0,1,1,0,0,1,0,0,0,0,0,0,0,13,58
2025,A,96,1,0000000001,0000004643,胡冠俞,43,非先發,0,0,0,0,0,0,0,0,0,0,0,0,0,0,0,0,0,0,0,0,0,0,0,7,23
2025,A,96,1,0000000001,0000005340,王博玄,6,非先發,1,0,0,0,0,0,0,0,0,0,0,1,0,0,1,0,0,0,0,0,0,0,0,21,97
2025,A,96,1,0000000001,0000006211,張肇元,29,先發,4,4,3,2,0,0,1,0,6,1,0,1,0,0,0,0,0,0,0,0,0,0,0,20,91
2025,A,96,1,0000000001,0000006926,陳致嘉,33,非先發,0,0,0,0,0,0,0,0,0,0,0,0,0,0,0,0,0,0,0,0,0,0,0,2,18
2025,A,96,1,0000000001,0000006927,曾子祐,1,先發,3,2,0,0,0,0,0,0,0,0,0,0,0,0,0,0,0,0,1,0,0,1,0,26,116
2025,A,96,1,0000000001,0000006928,林家鋐,16,非先發,3,3,2,2,0,0,0,0,2,0,0,1,0,0,0,1,1,0,0,0,0,0,0,18,60
2025,A,96,1,0000000001,0000006929,紀慶然,24,先發,5,4,0,0,0,0,0,0,0,1,0,0,1,0,0,1,0,0,0,0,0,0,0,19,64
2025,A,96,1,0000000001,0000006936,高聖恩,50,非先發,0,0,0,0,0,0,0,0,0,0,0,1,0,0,0,0,0,0,0,0,0,0,0,0,6
2025,A,96,1,0000000001,0000007239,魔鷹,94,先發,5,5,1,1,0,0,0,0,1,0,0,0,0,0,0,0,0,0,0,0,0,0,0,20,67
2025,A,96,2,0000000001,0000000362,申皓瑋,29,先發,5,4,2,2,0,0,0,0,2,0,0,1,0,0,0,0,0,0,1,0,0,0,0,32,105
2025,A,96,2,0000000001,0000001118,高國麟,98,先發,5,4,1,1,0,0,0,0,1,0,0,0,0,0,1,1,0,0,0,0,0,0,0,17,74
2025,A,96,2,0000000001,0000001473,李宗賢,22,先發,5,5,1,1,0,0,0,0,1,0,0,0,0,0,0,2,0,0,0,0,0,0,0,20,97
2025,A,96,2,0000000001,0000002305,王正棠,35,先發,6,6,0,0,0,0,0,0,0,0,0,0,0,0,0,1,0,0,0,0,0,0,0,5,30
2025,A,96,2,0000000001,0000002352,范國宸,46,先發,5,4,2,1,1,0,0,0,3,1,0,1,0,0,1,0,0,0,0,0,0,0,0,11,46
2025,A,96,2,0000000001,0000005310,陳真,7,非先發,1,0,0,0,0,0,0,0,0,0,0,0,1,0,0,0,0,0,0,0,0,0,0,10,53
2025,A,96,2,0000000001,0000005510,林澤彬,2,先發,5,4,4,3,1,0,0,0,5,2,0,1,1,0,0,0,0,0,0,0,0,0,0,6,18
2025,A,96,2,0000000001,0000005533,魏全,59,非先發,1,1,0,0,0,0,0,0,0,0,0,0,0,0,0,0,0,0,0,0,0,0,0,0,5
2025,A,96,2,0000000001,0000006737,董子恩,78,先發,5,5,3,2,1,0,0,0,4,0,0,1,0,0,0,0,0,0,0,0,0,0,0,28,97
2025,A,96,2,0000000001,0000006738,孔念恩,82,非先發,1,1,0,0,0,0,0,0,0,0,0,0,0,0,0,1,0,0,0,0,0,0,0,16,61
2025,A,96,2,0000000001,0000006868,周佳樂,77,先發,3,2,1,1,0,0,0,0,1,0,0,0,0,0,0,0,0,0,1,0,0,0,0,14,63
2025,A,96,2,0000000001,0000006909,豊暐,43,先發,3,3,0,0,0,0,0,0,0,0,0,0,0,0,0,0,0,0,0,0,1,0,0,6,27
2025,A,96,2,0000000001,0000007089,王念好,5,非先發,1,1,0,0,0,0,0,0,0,0,0,0,0,0,0,0,0,0,0,0,0,0,0,6,36
2025,A,97,1,0000000001,0000000929,王威晨,9,先發,4,3,0,0,0,0,0,0,0,0,0,0,1,0,0,0,0,0,0,0,0,0,0,25,96
2025,A,97,1,0000000001,0000002285,高宇杰,65,先發,3,3,0,0,0,0,0,0,0,0,0,0,0,0,0,1,0,0,0,0,0,0,0,21,94
2025,A,97,1,0000000001,0000002291,岳東華,98,先發,3,2,0,0,0,0,0,0,0,0,0,0,1,0,0,0,0,0,0,0,1,0,0,14,81
2025,A,97,1,0000000001,0000002297,詹子賢,39,先發,4,4,0,0,0,0,0,0,0,0,0,0,0,0,0,0,0,0,0,0,0,0,0,25,91
2025,A,97,1,0000000001,0000003609,陳俊秀,29,先發,4,4,0,0,0,0,0,0,0,0,0,0,0,0,0,1,0,0,0,0,0,0,0,17,73
2025,A,97,1,0000000001,0000004636,江坤宇,90,先發,4,4,3,3,0,0,0,0,3,1,1,0,0,0,0,0,0,0,0,0,0,0,0,25,106
2025,A,97,1,0000000001,0000005298,黃韋盛,66,先發,4,3,2,1,1,0,0,0,3,0,0,1,1,0,0,1,1,0,0,0,0,0,0,11,38
2025,A,97,1,0000000001,0000005571,岳政華,92,先發,4,3,1,1,0,0,0,0,1,0,0,0,1,0,0,0,0,1,0,0,0,0,0,2,10
2025,A,97,1,0000000001,0000006225,宋晟睿,88,先發,4,4,0,0,0,0,0,0,0,0,0,0,0,0,0,1,0,0,0,0,0,0,0,37,120
2025,A,97,2,0000000001,0000001318,朱育賢,11,先發,3,3,1,1,0,0,0,0,1,0,0,0,0,0,0,1,0,0,0,0,0,0,0,16,64
2025,A,97,2,0000000001,0000003625,吉力吉撈．鞏冠,4,先發,4,4,0,0,0,0,0,0,0,0,0,0,0,0,0,1,0,0,0,0,0,0,0,29,111
2025,A,97,2,0000000001,0000005291,蔣少宏,63,先發,3,3,0,0,0,0,0,0,0,0,0,0,0,0,0,0,0,0,0,0,0,0,0,12,62
2025,A,97,2,0000000001,0000005540,李凱威,21,先發,4,4,0,0,0,0,0,0,0,0,0,0,0,0,0,0,0,0,0,0,0,0,0,34,119
2025,A,97,2,0000000001,0000005542,張政禹,25,先發,4,4,1,1,0,0,0,0,1,0,0,0,0,0,0,0,1,0,0,0,0,0,0,29,88
2025,A,97,2,0000000001,0000005545,劉基鴻,46,先發,4,4,0,0,0,0,0,0,0,0,0,0,0,0,0,0,0,0,0,0,0,0,0,32,117
2025,A,97,2,0000000001,0000005549,郭天信,2,先發,3,3,0,0,0,0,0,0,0,0,0,0,0,0,0,1,0,0,0,0,0,0,0,34,104
2025,A,97,2,0000000001,0000005553,張祐銘,34,先發,3,3,0,0,0,0,0,0,0,0,0,0,0,0,0,1,0,0,0,0,0,0,0,3,18
2025,A,97,2,0000000001,0000007079,劉俊緯,23,先發,3,2,0,0,0,0,0,0,0,0,0,0,1,0,0,1,0,0,0,0,0,0,0,15,55
2025,A,98,1,0000000001,0000001474,蘇智傑,32,非先發,2,2,0,0,0,0,0,0,0,0,0,0,0,0,0,0,0,0,0,0,0,0,0,11,44
2025,A,98,1,0000000001,0000001606,林岱安,31,先發,3,3,0,0,0,0,0,0,0,0,0,0,0,0,0,0,0,0,0,0,0,0,0,12,49
2025,A,98,1,0000000001,0000001804,陳傑憲,24,先發,2,2,0,0,0,0,0,0,0,0,0,0,0,0,0,0,0,0,0,0,0,0,0,30,108
2025,A,98,1,0000000001,0000002289,陳重廷,66,非先發,2,2,1,1,0,0,0,0,1,0,0,1,0,0,0,0,0,0,0,0,0,0,0,12,45
2025,A,98,1,0000000001,0000002661,陳鏞基,13,先發,2,2,1,1,0,0,0,0,1,0,0,0,0,0,0,0,1,0,0,0,0,0,0,10,34
2025,A,98,1,0000000001,0000002707,潘傑楷,35,先發,4,4,1,1,0,0,0,0,1,0,0,0,0,0,0,0,0,0,0,0,0,1,0,26,93
2025,A,98,1,0000000001,0000003615,胡金龍,51,先發,3,3,0,0,0,0,0,0,0,0,0,0,0,0,0,2,0,0,0,0,0,0,0,13,27
2025,A,98,1,0000000001,0000004627,張偉聖,52,非先發,1,1,1,1,0,0,0,0,1,0,0,0,0,0,0,0,0,0,0,0,0,0,0,3,6
2025,A,98,1,0000000001,0000004642,林靖凱,64,先發,3,3,1,0,1,0,0,0,2,0,0,0,0,0,0,0,0,0,0,0,0,0,0,16,62
2025,A,98,1,0000000001,0000005531,邱智呈,14,先發,4,4,0,0,0,0,0,0,0,0,0,0,0,0,0,2,0,0,0,0,0,0,0,28,109
2025,A,98,1,0000000001,0000007070,林佳緯,20,先發,3,3,0,0,0,0,0,0,0,0,0,0,0,0,0,1,0,0,0,0,0,0,0,25,91
2025,A,98,1,0000000001,0000007268,陳聖平,15,先發,3,3,0,0,0,0,0,0,0,0,0,0,0,0,0,0,0,0,0,0,0,0,0,20,68
2025,A,98,2,0000000001,0000000159,成晉,35,非先發,1,1,0,0,0,0,0,0,0,0,0,0,0,0,0,0,0,0,0,0,0,0,0,12,61
2025,A,98,2,0000000001,0000001618,林子偉,15,先發,5,4,2,1,1,0,0,0,3,1,0,1,1,0,0,0,0,0,0,0,1,0,0,21,85
2025,A,98,2,0000000001,0000002282,張閔勛,28,先發,5,4,3,1,2,0,0,0,5,3,0,0,0,0,1,1,0,0,0,0,0,0,0,22,65
2025,A,98,2,0000000001,0000002286,林立,39,先發,4,3,1,1,0,0,0,0,1,1,1,2,1,0,0,0,1,0,0,0,1,0,0,22,56
2025,A,98,2,0000000001,0000003345,林智平,79,先發,4,4,1,1,0,0,0,0,1,1,0,1,0,0,0,1,1,0,0,0,0,0,0,24,78
2025,A,98,2,0000000001,0000003467,林泓育,11,先發,4,4,2,0,2,0,0,0,4,2,0,2,0,0,0,1,0,0,0,0,0,0,0,23,78
2025,A,98,2,0000000001,0000004633,陳晨威,98,先發,5,2,1,0,1,0,0,0,2,1,0,2,2,0,0,0,0,0,0,1,0,0,0,33,103
2025,A,98,2,0000000001,0000006235,林政華,65,先發,4,4,2,1,0,1,0,0,4,0,0,2,0,0,0,1,0,0,0,0,0,0,0,20,64
2025,A,98,2,0000000001,0000006240,馬傑森,94,先發,4,4,0,0,0,0,0,0,0,0,0,0,0,0,0,1,0,0,0,0,0,0,0,10,62
2025,A,98,2,0000000001,0000006854,宋嘉翔,2,非先發,1,1,1,1,0,0,0,0,1,0,0,0,0,0,0,0,0,0,0,0,0,0,0,8,23
2025,A,98,2,0000000001,0000007076,李勛傑,95,非先發,1,1,0,0,0,0,0,0,0,0,0,0,0,0,0,0,0,0,0,0,0,0,0,0,10
2025,A,98,2,0000000001,0000007313,曾冠傑,55,先發,5,4,1,1,0,0,0,0,1,1,0,0,1,0,0,1,0,0,0,0,0,0,0,1,15
2025,A,99,1,0000000001,0000003615,胡金龍,51,先發,4,4,1,1,0,0,0,0,1,1,0,0,0,0,0,0,0,0,0,0,0,0,0,14,31
2025,A,99,1,0000000001,0000004627,張偉聖,52,非先發,1,1,0,0,0,0,0,0,0,0,0,0,0,0,0,0,0,0,0,0,0,0,0,3,7
2025,A,99,1,0000000001,0000004642,林靖凱,64,先發,3,3,2,2,0,0,0,0,2,0,0,0,0,0,0,0,0,0,0,0,0,0,0,18,65
2025,A,99,1,0000000001,0000005306,許哲晏,10,非先發,0,0,0,0,0,0,0,0,0,0,0,0,0,0,0,0,0,0,0,0,0,0,0,9,50
2025,A,99,1,0000000001,0000006223,林子豪,2,非先發,1,1,0,0,0,0,0,0,0,0,0,0,0,0,0,0,0,0,0,0,0,0,0,18,71
2025,A,99,1,0000000001,0000007070,林佳緯,20,先發,5,3,1,1,0,0,0,0,1,0,0,1,2,0,0,0,0,0,0,0,0,0,0,26,94
2025,A,99,1,0000000001,0000007268,陳聖平,15,先發,4,4,1,1,0,0,0,0,1,0,0,0,0,0,0,0,0,1,0,0,0,0,0,21,72
2025,A,99,2,0000000001,0000001618,林子偉,15,先發,4,4,1,0,1,0,0,0,2,0,0,0,0,0,0,1,0,0,0,0,0,0,0,22,89
2025,A,99,2,0000000001,0000002286,林立,39,先發,4,4,1,0,0,0,1,0,4,3,1,1,0,0,0,1,0,0,0,0,0,0,1,23,60
2025,A,99,2,0000000001,0000003345,林智平,79,先發,4,4,2,2,0,0,0,0,2,0,0,0,0,0,0,0,0,0,0,0,0,0,0,26,82
2025,A,99,2,0000000001,0000003467,林泓育,11,先發,4,4,0,0,0,0,0,0,0,0,0,0,0,0,0,0,0,0,0,0,0,0,0,23,82
2025,A,99,2,0000000001,0000004633,陳晨威,98,先發,4,3,1,1,0,0,0,0,1,1,0,1,1,0,0,0,0,1,0,0,0,0,0,34,106
2025,A,99,2,0000000001,0000006235,林政華,65,先發,3,2,1,1,0,0,0,0,1,0,0,1,0,0,1,0,0,0,0,0,0,0,0,21,66
2025,A,99,2,0000000001,0000006240,馬傑森,94,先發,4,4,1,1,0,0,0,0,1,0,0,1,0,0,0,2,0,0,0,0,0,0,0,11,66
2025,A,99,2,0000000001,0000006854,宋嘉翔,2,先發,3,2,0,0,0,0,0,0,0,0,0,0,0,0,0,0,0,0,1,0,0,0,0,8,25
2025,A,99,2,0000000001,0000007076,李勛傑,95,非先發,0,0,0,0,0,0,0,0,0,0,0,0,0,0,0,0,0,0,0,0,0,0,0,0,10
2025,A,99,2,0000000001,0000007313,曾冠傑,55,先發,3,3,0,0,0,0,0,0,0,0,0,0,0,0,0,1,0,0,0,0,0,0,0,1,18
2025,A,99,1,0000000001,0000001474,蘇智傑,32,先發,4,3,0,0,0,0,0,0,0,0,0,0,1,0,0,0,0,0,0,0,0,0,0,11,47
2025,A,99,1,0000000001,0000001804,陳傑憲,24,先發,5,4,1,1,0,0,0,0,1,0,0,0,0,0,1,0,0,0,0,0,0,0,0,31,112
2025,A,99,1,0000000001,0000002289,陳重廷,66,先發,3,3,0,0,0,0,0,0,0,0,0,0,0,0,0,1,0,0,0,0,0,1,0,12,48
2025,A,99,1,0000000001,0000002298,陳重羽,65,先發,4,2,2,1,0,1,0,0,4,0,0,0,0,0,1,0,0,0,1,0,0,0,0,13,58
2025,A,99,1,0000000001,0000002661,陳鏞基,13,先發,5,5,0,0,0,0,0,0,0,0,0,0,0,0,0,2,0,0,0,0,0,0,0,10,39
2025,A,100,2,0000000001,0000000362,申皓瑋,29,先發,4,3,1,1,0,0,0,0,1,1,0,0,1,0,0,1,0,0,0,0,0,0,0,33,108
2025,A,100,2,0000000001,0000001118,高國麟,98,先發,4,2,0,0,0,0,0,0,0,1,1,0,0,0,1,1,0,0,0,1,0,0,0,17,76
2025,A,100,2,0000000001,0000002352,范國宸,46,先發,4,4,1,1,0,0,0,0,1,0,0,0,0,0,0,1,0,0,0,0,0,0,0,12,50
2025,A,100,2,0000000001,0000005310,陳真,7,先發,4,4,1,1,0,0,0,0,1,0,0,1,0,0,0,2,0,0,0,0,1,0,0,11,57
2025,A,100,2,0000000001,0000005510,林澤彬,2,先發,4,2,2,2,0,0,0,0,2,2,0,1,2,0,0,0,0,0,0,0,0,0,0,8,20
2025,A,100,2,0000000001,0000006737,董子恩,78,先發,4,3,0,0,0,0,0,0,0,0,0,1,0,0,1,0,0,0,0,0,0,0,0,28,100
2025,A,100,2,0000000001,0000006743,劉俊豪,85,先發,4,3,0,0,0,0,0,0,0,0,0,1,0,0,0,1,1,0,1,0,0,0,0,2,12
2025,A,100,2,0000000001,0000006868,周佳樂,77,先發,4,4,2,2,0,0,0,0,2,0,0,1,0,0,0,1,0,0,0,0,0,0,0,16,67
2025,A,100,2,0000000001,0000006909,豊暐,43,先發,4,3,0,0,0,0,0,0,0,0,0,0,0,0,0,1,0,0,1,0,0,0,0,6,30
2025,A,100,1,0000000001,0000000743,陳子豪,1,先發,4,4,1,0,1,0,0,0,2,1,0,0,0,0,0,0,0,0,0,0,0,0,0,27,105
2025,A,100,1,0000000001,0000001318,朱育賢,11,先發,4,3,0,0,0,0,0,0,0,0,0,0,1,0,0,0,0,0,0,0,0,0,0,16,67
2025,A,100,1,0000000001,0000003343,郭嚴文,6,先發,3,3,0,0,0,0,0,0,0,0,0,0,0,0,0,1,0,0,0,0,0,0,0,20,76
2025,A,100,1,0000000001,0000003625,吉力吉撈．鞏冠,4,先發,4,4,0,0,0,0,0,0,0,0,0,0,0,0,0,0,0,0,0,0,0,0,0,29,115
2025,A,100,1,0000000001,0000005540,李凱威,21,先發,4,4,1,1,0,0,0,0,1,0,0,0,0,0,0,1,0,0,0,0,0,0,0,35,123
2025,A,100,1,0000000001,0000005542,張政禹,25,先發,3,3,0,0,0,0,0,0,0,0,0,0,0,0,0,1,0,0,0,0,0,0,0,29,91
2025,A,100,1,0000000001,0000005545,劉基鴻,46,先發,4,4,0,0,0,0,0,0,0,0,0,0,0,0,0,1,0,0,0,0,0,0,0,32,121
2025,A,100,1,0000000001,0000005546,拿莫．伊漾,57,先發,3,3,2,2,0,0,0,0,2,0,0,0,0,0,0,0,0,0,0,0,0,0,0,2,3
2025,A,100,1,0000000001,0000005549,郭天信,2,先發,3,3,0,0,0,0,0,0,0,0,0,1,0,0,0,0,0,0,0,0,0,0,0,34,107
2025,A,100,1,0000000001,0000007079,劉俊緯,23,非先發,0,0,0,0,0,0,0,0,0,0,0,0,0,0,0,0,0,0,0,0,0,0,0,15,55
2025,A,101,2,0000000001,0000003649,吳念庭,39,先發,3,3,1,1,0,0,0,0,1,0,0,0,0,0,0,1,0,0,0,0,0,0,0,10,52
2025,A,101,2,0000000001,0000004643,胡冠俞,43,非先發,2,1,0,0,0,0,0,0,0,0,0,0,1,0,0,0,0,0,0,0,0,0,0,7,24
2025,A,101,2,0000000001,0000005340,王博玄,6,非先發,1,1,0,0,0,0,0,0,0,0,0,0,0,0,0,0,0,0,0,0,0,0,0,21,98
2025,A,101,2,0000000001,0000006211,張肇元,29,先發,3,3,0,0,0,0,0,0,0,0,0,0,0,0,0,1,0,0,0,0,0,0,0,20,94
2025,A,101,2,0000000001,0000006927,曾子祐,1,先發,3,3,1,1,0,0,0,0,1,0,0,0,0,0,0,1,0,0,0,0,0,1,0,27,119
2025,A,101,2,0000000001,0000006928,林家鋐,16,先發,1,1,0,0,0,0,0,0,0,0,0,0,0,0,0,1,0,0,0,0,0,1,0,18,61
2025,A,101,2,0000000001,0000006929,紀慶然,24,先發,4,4,0,0,0,0,0,0,0,0,0,0,0,0,0,2,0,0,0,0,1,0,0,19,68
2025,A,101,2,0000000001,0000006936,高聖恩,50,先發,2,1,0,0,0,0,0,0,0,0,0,0,1,0,0,1,0,0,0,0,0,0,0,0,7
2025,A,101,2,0000000001,0000006940,葉保弟,73,非先發,0,0,0,0,0,0,0,0,0,0,0,0,0,0,0,0,0,0,0,0,0,0,0,2,8
2025,A,101,2,0000000001,0000007239,魔鷹,94,先發,4,4,0,0,0,0,0,0,0,0,0,0,0,0,0,1,0,0,0,0,0,0,0,20,71
2025,A,101,1,0000000001,0000001474,蘇智傑,32,先發,5,5,3,2,1,0,0,0,4,1,0,1,0,0,0,1,0,0,0,0,0,0,0,14,52
2025,A,101,1,0000000001,0000001804,陳傑憲,24,先發,5,4,1,1,0,0,0,0,1,0,0,0,1,0,0,0,0,0,0,0,0,0,0,32,116
2025,A,101,1,0000000001,0000002298,陳重羽,65,先發,4,4,0,0,0,0,0,0,0,0,0,0,0,0,0,2,0,0,0,0,0,0,0,13,62
2025,A,101,1,0000000001,0000002707,潘傑楷,35,先發,5,4,0,0,0,0,0,0,0,0,0,1,0,0,1,1,0,0,0,0,2,0,0,26,97
2025,A,101,1,0000000001,0000004642,林靖凱,64,先發,4,4,2,1,1,0,0,0,3,1,0,1,0,0,0,0,1,0,0,0,0,0,0,20,69
2025,A,101,1,0000000001,0000005531,邱智呈,14,先發,5,5,3,3,0,0,0,0,3,1,1,0,0,0,0,1,0,0,0,0,0,0,0,31,114
2025,A,101,1,0000000001,0000006223,林子豪,2,先發,5,5,1,0,1,0,0,0,2,1,0,1,0,0,0,0,0,0,0,0,0,0,0,19,76
2025,A,101,1,0000000001,0000007070,林佳緯,20,先發,5,5,1,0,0,1,0,0,3,0,0,2,0,0,0,1,0,0,0,0,0,0,0,27,99
2025,A,101,1,0000000001,0000007268,陳聖平,15,先發,5,5,4,3,1,0,0,0,5,0,0,0,0,0,0,1,1,0,0,0,0,0,0,25,77
2025,A,101,2,0000000001,0000000935,王柏融,9,先發,4,4,0,0,0,0,0,0,0,0,0,0,0,0,0,1,0,0,0,0,0,0,0,30,107
2025,A,101,2,0000000001,0000001291,郭阜林,59,先發,3,3,1,1,0,0,0,0,1,0,0,0,0,0,0,2,0,0,0,0,0,0,0,17,59
2025,A,101,2,0000000001,0000003533,藍寅倫,88,非先發,1,1,0,0,0,0,0,0,0,0,0,0,0,0,0,1,0,0,0,0,0,0,0,13,59
2025,A,102,1,0000000001,0000000159,成晉,35,非先發,0,0,0,0,0,0,0,0,0,0,0,0,0,0,0,0,0,0,0,0,0,0,0,12,61
2025,A,102,1,0000000001,0000001618,林子偉,15,先發,4,4,1,1,0,0,0,0,1,0,0,0,0,0,0,0,0,0,0,0,0,0,0,23,93
2025,A,102,1,0000000001,0000002282,張閔勛,28,先發,4,4,0,0,0,0,0,0,0,0,0,0,0,0,0,1,0,0,0,0,0,0,0,22,69
2025,A,102,1,0000000001,0000002286,林立,39,先發,4,4,2,0,1,0,1,0,6,2,0,2,0,0,0,0,0,0,0,0,0,0,1,25,64
2025,A,102,1,0000000001,0000003345,林智平,79,先發,4,4,2,2,0,0,0,0,2,1,1,0,0,0,0,1,0,1,0,0,1,0,0,28,86
2025,A,102,1,0000000001,0000003467,林泓育,11,先發,4,4,2,1,0,0,1,0,5,1,0,1,0,0,0,2,0,0,0,0,0,0,0,25,86
2025,A,102,1,0000000001,0000004633,陳晨威,98,先發,4,3,2,1,0,0,1,0,5,1,0,2,1,0,0,0,0,0,0,0,0,0,0,36,109
2025,A,102,1,0000000001,0000006235,林政華,65,先發,3,3,0,0,0,0,0,0,0,0,0,0,0,0,0,1,0,0,0,0,0,0,0,21,69
2025,A,102,1,0000000001,0000006240,馬傑森,94,先發,4,4,0,0,0,0,0,0,0,0,0,0,0,0,0,0,0,0,0,0,0,0,0,11,70
2025,A,102,1,0000000001,0000007313,曾冠傑,55,先發,4,4,0,0,0,0,0,0,0,0,0,0,0,0,0,2,0,0,0,0,0,0,0,1,22
2025,A,102,2,0000000001,0000000929,王威晨,9,先發,4,4,0,0,0,0,0,0,0,0,0,0,0,0,0,1,0,0,0,0,0,0,0,25,100
2025,A,102,2,0000000001,0000001119,許基宏,74,先發,4,4,1,0,0,0,1,0,4,1,0,1,0,0,0,2,0,0,0,0,0,0,0,28,93
2025,A,102,2,0000000001,0000002285,高宇杰,65,先發,3,3,0,0,0,0,0,0,0,0,0,0,0,0,0,1,0,0,0,0,0,0,0,21,97
2025,A,102,2,0000000001,0000002291,岳東華,98,先發,4,4,2,1,1,0,0,0,3,2,0,0,0,0,0,0,0,0,0,0,0,0,0,16,85
2025,A,102,2,0000000001,0000002297,詹子賢,39,先發,4,3,1,0,0,0,1,0,4,1,0,2,1,0,0,1,0,0,0,0,0,0,0,26,94
2025,A,102,2,0000000001,0000003609,陳俊秀,29,先發,4,3,0,0,0,0,0,0,0,0,0,1,1,0,0,1,0,0,0,0,0,0,0,17,76
2025,A,102,2,0000000001,0000004636,江坤宇,90,先發,4,2,1,1,0,0,0,0,1,0,0,0,2,0,0,0,0,0,0,0,0,0,0,26,108
2025,A,102,2,0000000001,0000005298,黃韋盛,66,非先發,1,1,1,0,1,0,0,0,2,0,0,0,0,0,0,0,0,0,0,0,0,0,0,12,39
2025,A,102,2,0000000001,0000005571,岳政華,92,先發,4,4,2,2,0,0,0,0,2,0,0,0,0,0,0,2,0,1,0,0,0,0,0,4,14
2025,A,102,2,0000000001,0000006225,宋晟睿,88,先發,4,4,0,0,0,0,0,0,0,0,0,0,0,0,0,1,0,0,0,0,0,0,0,37,124
2025,A,102,2,0000000001,0000007278,許庭綸,13,非先發,1,1,0,0,0,0,0,0,0,0,0,0,0,0,0,1,0,0,0,0,0,0,0,4,18
2025,A,103,1,0000000001,0000001474,蘇智傑,32,先發,4,4,1,0,1,0,0,0,2,3,0,0,0,0,0,1,0,0,0,0,0,0,0,15,56
2025,A,103,1,0000000001,0000001606,林岱安,31,先發,4,4,2,0,1,1,0,0,5,0,0,1,0,0,0,0,0,0,0,0,0,0,0,14,53
2025,A,103,1,0000000001,0000001804,陳傑憲,24,先發,5,4,0,0,0,0,0,0,0,0,0,1,1,0,0,2,0,0,0,0,0,0,0,32,120
2025,A,103,1,0000000001,0000002289,陳重廷,66,先發,4,4,1,0,0,0,1,0,4,1,0,1,0,0,0,0,0,0,0,0,0,0,0,13,52
2025,A,103,1,0000000001,0000002298,陳重羽,65,非先發,0,0,0,0,0,0,0,0,0,0,0,1,0,0,0,0,0,0,0,0,0,0,0,13,62
2025,A,103,1,0000000001,0000002707,潘傑楷,35,非先發,0,0,0,0,0,0,0,0,0,0,0,0,0,0,0,0,0,0,0,0,0,0,0,26,97
2025,A,103,1,0000000001,0000003615,胡金龍,51,先發,3,3,2,1,1,0,0,0,3,0,0,0,0,0,0,1,0,0,0,0,0,0,0,16,34
2025,A,103,1,0000000001,0000004627,張偉聖,52,非先發,0,0,0,0,0,0,0,0,0,0,0,1,0,0,0,0,0,0,0,0,0,0,0,3,7
2025,A,103,1,0000000001,0000004642,林靖凱,64,先發,4,4,1,1,0,0,0,0,1,1,0,0,0,0,0,2,0,0,0,0,0,0,0,21,73
2025,A,103,1,0000000001,0000005531,邱智呈,14,先發,5,5,3,2,0,0,1,0,6,3,1,2,0,0,0,0,1,0,0,0,0,0,1,34,119
2025,A,103,1,0000000001,0000006223,林子豪,2,先發,5,5,2,2,0,0,0,0,2,0,0,1,0,0,0,0,0,0,0,0,0,0,0,21,81
2025,A,103,1,0000000001,0000007070,林佳緯,20,非先發,2,1,0,0,0,0,0,0,0,0,0,0,1,0,0,1,0,0,0,0,0,0,0,27,100
2025,A,103,1,0000000001,0000007268,陳聖平,15,先發,4,4,0,0,0,0,0,0,0,0,0,0,0,0,0,1,0,0,0,0,0,0,0,25,81
2025,A,103,2,0000000001,0000000753,杜家明,71,非先發,2,2,0,0,0,0,0,0,0,0,0,1,0,0,0,0,0,0,0,0,0,0,0,19,80
2025,A,103,2,0000000001,0000000935,王柏融,9,先發,5,5,1,0,1,0,0,0,2,0,0,0,0,0,0,0,0,0,0,0,0,0,0,31,112
2025,A,103,2,0000000001,0000001291,郭阜林,59,先發,3,3,1,1,0,0,0,0,1,0,0,1,0,0,0,0,0,0,0,0,1,0,0,18,62
2025,A,103,2,0000000001,0000003533,藍寅倫,88,先發,5,4,1,1,0,0,0,0,1,0,0,0,1,0,0,0,0,0,0,0,0,0,0,14,63
2025,A,103,2,0000000001,0000004643,胡冠俞,43,先發,1,1,0,0,0,0,0,0,0,0,0,0,0,0,0,1,0,0,0,0,0,0,0,7,25
2025,A,103,2,0000000001,0000005340,王博玄,6,先發,4,3,3,2,0,0,1,0,6,1,0,3,1,0,0,0,0,0,0,0,0,0,0,24,101
2025,A,103,2,0000000001,0000006211,張肇元,29,先發,5,4,1,1,0,0,0,0,1,0,0,0,1,0,0,0,0,0,0,0,0,0,0,21,98
2025,A,103,2,0000000001,0000006927,曾子祐,1,非先發,3,3,2,2,0,0,0,0,2,0,0,1,0,0,0,0,0,0,0,0,0,0,0,29,122
2025,A,103,2,0000000001,0000006928,林家鋐,16,先發,5,4,1,1,0,0,0,0,1,2,0,0,0,0,0,1,0,0,0,1,0,0,0,19,65
2025,A,103,2,0000000001,0000006929,紀慶然,24,先發,5,4,2,1,0,1,0,0,4,3,0,0,0,0,0,1,0,0,1,0,0,0,0,21,72
2025,A,103,2,0000000001,0000006936,高聖恩,50,非先發,0,0,0,0,0,0,0,0,0,0,0,0,0,0,0,0,0,0,0,0,0,0,0,0,7
2025,A,103,2,0000000001,0000006940,葉保弟,73,非先發,0,0,0,0,0,0,0,0,0,0,0,0,0,0,0,0,0,0,0,0,0,0,0,2,8
2025,A,103,2,0000000001,0000007239,魔鷹,94,先發,5,4,2,1,0,0,1,0,5,1,0,1,1,1,0,1,0,0,0,0,0,0,0,22,75
2025,A,104,1,0000000001,0000000743,陳子豪,1,先發,4,4,0,0,0,0,0,0,0,0,0,0,0,0,0,1,0,0,0,0,0,0,0,27,109
2025,A,104,1,0000000001,0000001318,朱育賢,11,先發,3,2,1,0,1,0,0,0,2,0,0,0,1,0,0,1,0,0,0,0,0,0,0,17,69
2025,A,104,1,0000000001,0000003343,郭嚴文,6,非先發,1,1,1,0,1,0,0,0,2,0,0,0,0,0,0,0,0,0,0,0,0,0,0,21,77
2025,A,104,1,0000000001,0000003625,吉力吉撈．鞏冠,4,先發,3,3,0,0,0,0,0,0,0,0,0,0,0,0,0,1,0,0,0,0,0,0,0,29,118
2025,A,104,1,0000000001,0000005291,蔣少宏,63,先發,2,2,0,0,0,0,0,0,0,0,0,0,0,0,0,1,0,0,0,0,0,0,0,12,64
2025,A,104,1,0000000001,0000005540,李凱威,21,先發,4,4,0,0,0,0,0,0,0,0,0,0,0,0,0,0,0,0,0,0,0,0,0,35,127
2025,A,104,1,0000000001,0000005542,張政禹,25,先發,3,3,0,0,0,0,0,0,0,0,0,0,0,0,0,0,0,0,0,0,0,0,0,29,94
2025,A,104,1,0000000001,0000005545,劉基鴻,46,先發,4,4,0,0,0,0,0,0,0,0,0,0,0,0,0,1,0,0,0,0,0,0,0,32,125
2025,A,104,1,0000000001,0000005546,拿莫．伊漾,57,先發,3,3,0,0,0,0,0,0,0,0,0,0,0,0,0,2,0,0,0,0,0,0,0,2,6
2025,A,104,1,0000000001,0000005549,郭天信,2,先發,3,3,1,1,0,0,0,0,1,0,0,0,0,0,0,1,0,0,0,0,0,0,0,35,110
2025,A,104,1,0000000001,0000006216,王順和,24,非先發,0,0,0,0,0,0,0,0,0,0,0,0,0,0,0,0,0,0,0,0,0,0,0,12,42
2025,A,104,1,0000000001,0000006217,林辰勳,9,非先發,0,0,0,0,0,0,0,0,0,0,0,0,0,0,0,0,0,0,0,0,0,0,0,0,12
2025,A,104,2,0000000001,0000000362,申皓瑋,29,先發,4,3,1,1,0,0,0,0,1,0,0,0,0,0,1,0,0,0,0,0,0,0,0,34,111
2025,A,104,2,0000000001,0000001118,高國麟,98,先發,4,3,0,0,0,0,0,0,0,0,0,0,1,0,0,0,0,0,0,0,0,0,0,17,79
2025,A,104,2,0000000001,0000001473,李宗賢,22,非先發,0,0,0,0,0,0,0,0,0,0,0,0,0,0,0,0,0,0,0,0,0,0,0,20,97
2025,A,104,2,0000000001,0000002305,王正棠,35,先發,4,3,1,1,0,0,0,0,1,1,1,0,1,0,0,0,0,0,0,0,0,0,0,6,33
2025,A,104,2,0000000001,0000002352,范國宸,46,先發,4,3,2,1,1,0,0,0,3,0,0,0,0,0,1,0,0,0,0,0,0,0,0,14,53
2025,A,104,2,0000000001,0000005510,林澤彬,2,先發,5,4,0,0,0,0,0,0,0,0,0,0,0,0,0,0,0,0,1,0,0,0,0,8,24
2025,A,104,2,0000000001,0000006737,董子恩,78,先發,4,4,1,1,0,0,0,0,1,0,0,0,0,0,0,0,0,0,0,0,0,0,0,29,104
2025,A,104,2,0000000001,0000006743,劉俊豪,85,先發,4,3,0,0,0,0,0,0,0,0,0,0,0,0,0,1,0,0,1,0,0,0,0,2,15
2025,A,104,2,0000000001,0000006868,周佳樂,77,先發,4,3,1,0,0,1,0,0,3,0,0,1,0,0,1,0,0,0,0,0,0,0,0,17,70
2025,A,104,2,0000000001,0000006909,豊暐,43,先發,4,3,1,1,0,0,0,0,1,0,0,1,1,0,0,1,0,0,0,0,0,0,0,7,33
2025,A,104,2,0000000001,0000007089,王念好,5,非先發,0,0,0,0,0,0,0,0,0,0,0,0,0,0,0,0,0,0,0,0,0,0,0,6,36
2025,A,105,1,0000000001,0000007313,曾冠傑,55,非先發,3,3,2,2,0,0,0,0,2,0,0,0,0,0,0,0,0,0,0,0,0,0,0,3,25
2025,A,105,2,0000000001,0000001119,許基宏,74,先發,4,4,0,0,0,0,0,0,0,0,0,0,0,0,0,1,0,0,0,0,0,0,0,28,97
2025,A,105,2,0000000001,0000001754,林書逸,43,非先發,1,1,1,1,0,0,0,0,1,0,0,1,0,0,0,0,0,0,0,0,0,0,0,4,22
2025,A,105,2,0000000001,0000002285,高宇杰,65,先發,3,3,0,0,0,0,0,0,0,0,0,1,0,0,0,1,0,0,0,0,0,0,0,21,100
2025,A,105,2,0000000001,0000002291,岳東華,98,先發,2,2,0,0,0,0,0,0,0,0,0,0,0,0,0,1,0,0,0,0,0,0,0,16,87
2025,A,105,2,0000000001,0000002297,詹子賢,39,先發,3,3,0,0,0,0,0,0,0,0,0,0,0,0,0,1,0,0,0,0,0,0,0,26,97
2025,A,105,2,0000000001,0000002307,王政順,61,非先發,1,1,1,0,1,0,0,0,2,2,0,1,0,0,0,0,0,0,0,0,0,0,0,15,49
2025,A,105,2,0000000001,0000004636,江坤宇,90,先發,4,3,2,2,0,0,0,0,2,0,0,1,1,0,0,0,0,0,0,0,0,0,0,28,111
2025,A,105,2,0000000001,0000005298,黃韋盛,66,先發,4,4,0,0,0,0,0,0,0,0,0,0,0,0,0,1,0,0,0,0,0,0,0,12,43
2025,A,105,2,0000000001,0000005571,岳政華,92,先發,4,4,0,0,0,0,0,0,0,0,0,0,0,0,0,1,0,0,0,0,0,0,0,4,18
2025,A,105,2,0000000001,0000006224,林吳晉瑋,0,非先發,1,0,0,0,0,0,0,0,0,1,0,0,0,0,0,0,0,0,0,1,0,0,0,1,7
2025,A,105,2,0000000001,0000006225,宋晟睿,88,先發,5,5,3,2,0,0,1,0,6,3,0,1,0,0,0,0,2,0,0,0,0,0,0,40,129
2025,A,105,2,0000000001,0000006730,張仁瑋,28,非先發,1,1,0,0,0,0,0,0,0,0,0,0,0,0,0,1,0,0,0,0,0,1,0,2,10
2025,A,105,2,0000000001,0000007278,許庭綸,13,先發,4,4,0,0,0,0,0,0,0,0,0,1,0,0,0,1,0,0,0,0,0,0,0,4,22
2025,A,105,1,0000000001,0000000159,成晉,35,非先發,2,2,1,1,0,0,0,0,1,0,0,0,0,0,0,0,0,0,0,0,0,0,0,13,63
2025,A,105,1,0000000001,0000001286,馮健庭,45,先發,2,2,0,0,0,0,0,0,0,0,0,0,0,0,0,1,0,0,0,0,0,1,0,5,21
2025,A,105,1,0000000001,0000001618,林子偉,15,先發,5,4,1,1,0,0,0,0,1,0,0,0,1,0,0,0,1,0,0,0,0,0,0,24,97
2025,A,105,1,0000000001,0000001756,吳桀睿,12,非先發,1,1,0,0,0,0,0,0,0,0,0,0,0,0,0,0,0,0,0,0,0,0,0,1,9
2025,A,105,1,0000000001,0000002282,張閔勛,28,先發,5,5,2,1,1,0,0,0,3,0,0,2,0,0,0,1,0,0,0,0,0,0,0,24,74
2025,A,105,1,0000000001,0000002286,林立,39,先發,4,4,2,1,0,0,1,0,5,4,1,2,0,0,0,0,0,0,0,0,0,0,1,27,68
2025,A,105,1,0000000001,0000003345,林智平,79,先發,4,3,1,1,0,0,0,0,1,2,0,1,1,0,0,0,0,0,0,0,0,0,0,29,89
2025,A,105,1,0000000001,0000003467,林泓育,11,先發,4,4,1,0,0,0,1,0,4,3,0,1,0,0,0,1,0,0,0,0,0,0,0,26,90
2025,A,105,1,0000000001,0000003563,余德龍,36,先發,5,5,3,3,0,0,0,0,3,0,0,1,0,0,0,0,0,0,0,0,0,1,0,12,46
2025,A,105,1,0000000001,0000004633,陳晨威,98,先發,6,6,4,2,1,0,1,0,8,1,0,4,0,0,0,1,0,0,0,0,0,0,0,40,115
2025,A,105,1,0000000001,0000006235,林政華,65,先發,5,5,1,1,0,0,0,0,1,1,0,1,0,0,0,0,0,0,0,0,0,0,0,22,74
2025,A,105,1,0000000001,0000007076,李勛傑,95,非先發,2,2,0,0,0,0,0,0,0,0,0,0,0,0,0,1,0,0,0,0,0,0,0,0,12
2025,A,106,1,0000000001,0000001474,蘇智傑,32,先發,5,5,1,1,0,0,0,0,1,0,0,0,0,0,0,1,0,0,0,0,1,0,0,16,61
2025,A,106,1,0000000001,0000001606,林岱安,31,先發,4,4,1,1,0,0,0,0,1,0,0,0,0,0,0,0,0,0,0,0,0,0,0,15,57
2025,A,106,1,0000000001,0000001804,陳傑憲,24,非先發,1,1,1,1,0,0,0,0,1,0,0,1,0,0,0,0,1,0,0,0,0,0,0,33,121
2025,A,106,1,0000000001,0000002289,陳重廷,66,非先發,1,0,0,0,0,0,0,0,0,0,0,0,1,0,0,0,0,0,0,0,0,0,0,13,52
2025,A,106,1,0000000001,0000002661,陳鏞基,13,先發,4,3,2,1,1,0,0,0,3,1,0,1,0,0,1,0,0,0,0,0,0,0,0,12,42
2025,A,106,1,0000000001,0000004627,張偉聖,52,先發,4,4,0,0,0,0,0,0,0,0,0,0,0,0,0,2,0,0,0,0,0,0,0,3,11
2025,A,106,1,0000000001,0000004642,林靖凱,64,非先發,0,0,0,0,0,0,0,0,0,0,0,0,0,0,0,0,0,0,0,0,0,0,0,21,73
2025,A,106,1,0000000001,0000005306,許哲晏,10,先發,4,3,1,1,0,0,0,0,1,0,0,0,1,0,0,1,1,0,0,0,0,0,0,10,53
2025,A,106,1,0000000001,0000005531,邱智呈,14,先發,5,5,1,1,0,0,0,0,1,0,0,2,0,0,0,0,0,0,0,0,0,0,0,35,124
2025,A,106,1,0000000001,0000006223,林子豪,2,先發,5,4,0,0,0,0,0,0,0,1,0,0,1,0,0,1,0,0,0,0,0,0,0,21,85
2025,A,106,1,0000000001,0000007070,林佳緯,20,先發,5,4,3,1,0,2,0,0,7,2,1,2,1,0,0,1,0,0,0,0,0,0,1,30,104
2025,A,106,1,0000000001,0000007268,陳聖平,15,先發,4,4,1,1,0,0,0,0,1,2,0,0,0,0,0,1,0,0,0,0,1,1,0,26,85
2025,A,106,2,0000000001,0000000935,王柏融,9,先發,5,5,0,0,0,0,0,0,0,0,0,0,0,0,0,1,0,0,0,0,0,0,0,31,117
2025,A,106,2,0000000001,0000001291,郭阜林,59,先發,5,5,2,2,0,0,0,0,2,0,0,0,0,0,0,1,0,0,0,0,0,0,0,20,67
2025,A,106,2,0000000001,0000003533,藍寅倫,88,先發,2,2,0,0,0,0,0,0,0,0,0,0,0,0,0,0,0,0,0,0,1,0,0,14,65
2025,A,106,2,0000000001,0000005340,王博玄,6,先發,4,4,1,1,0,0,0,0,1,0,0,0,0,0,0,0,0,0,0,0,0,1,0,25,105
2025,A,106,2,0000000001,0000006211,張肇元,29,非先發,2,1,1,1,0,0,0,0,1,0,0,0,1,0,0,0,0,0,0,0,0,0,0,22,99
2025,A,106,2,0000000001,0000006926,陳致嘉,33,先發,2,2,0,0,0,0,0,0,0,0,0,0,0,0,0,1,0,0,0,0,0,0,0,2,20
2025,A,106,2,0000000001,0000006927,曾子祐,1,先發,4,4,2,2,0,0,0,0,2,0,0,1,0,0,0,1,0,0,0,0,0,0,0,31,126
2025,A,106,2,0000000001,0000006928,林家鋐,16,先發,5,5,2,2,0,0,0,0,2,0,0,1,0,0,0,1,0,0,0,0,0,0,0,21,70
2025,A,106,2,0000000001,0000006929,紀慶然,24,先發,5,4,0,0,0,0,0,0,0,1,0,0,0,0,0,2,0,0,0,1,0,0,0,21,76
2025,A,106,2,0000000001,0000006936,高聖恩,50,非先發,0,0,0,0,0,0,0,0,0,0,0,0,0,0,0,0,0,0,0,0,0,0,0,0,7
2025,A,106,2,0000000001,0000006940,葉保弟,73,非先發,2,2,1,1,0,0,0,0,1,0,0,0,0,0,0,0,0,0,0,0,0,0,0,3,10
2025,A,106,2,0000000001,0000007239,魔鷹,94,先發,5,3,3,1,1,0,1,0,7,2,0,1,2,2,0,0,0,0,0,0,0,0,0,25,78
2025,A,107,1,0000000002,0000000743,陳子豪,1,非先發,1,1,0,0,0,0,0,0,0,0,0,0,0,0,0,0,0,0,0,0,0,0,0,42,186
2025,A,107,1,0000000002,0000001318,朱育賢,11,先發,3,3,0,0,0,0,0,0,0,0,0,0,0,0,0,0,0,0,0,0,0,0,0,43,164
2025,A,107,1,0000000002,0000003625,吉力吉撈．鞏冠,4,先發,4,3,2,1,0,0,1,0,5,1,0,1,1,0,0,0,0,0,0,0,0,0,0,63,223
2025,A,107,1,0000000002,0000005291,蔣少宏,63,非先發,1,1,0,0,0,0,0,0,0,0,0,0,0,0,0,1,0,0,0,0,0,0,0,29,131
2025,A,107,1,0000000002,0000005538,黃柏豪,10,先發,4,4,1,1,0,0,0,0,1,0,0,0,0,0,0,0,0,0,0,0,0,0,0,1,8
2025,A,107,1,0000000002,0000005540,李凱威,21,先發,4,4,2,2,0,0,0,0,2,0,0,0,0,0,0,0,0,0,0,0,0,0,0,62,217
2025,A,107,1,0000000002,0000005542,張政禹,25,先發,4,4,0,0,0,0,0,0,0,0,0,0,0,0,0,0,0,0,0,0,0,0,0,46,163
2025,A,107,1,0000000002,0000005546,拿莫．伊漾,57,先發,3,2,0,0,0,0,0,0,0,0,0,0,1,0,0,1,0,0,0,0,0,0,0,4,25
2025,A,107,1,0000000002,0000005548,林孝程,7,非先發,1,1,0,0,0,0,0,0,0,0,0,0,0,0,0,1,0,0,0,0,0,0,0,0,1
2025,A,107,1,0000000002,0000005549,郭天信,2,先發,4,4,0,0,0,0,0,0,0,0,0,0,0,0,0,0,0,0,0,0,0,0,0,58,211
2025,A,107,1,0000000002,0000006216,王順和,24,先發,3,3,0,0,0,0,0,0,0,0,0,0,0,0,0,3,0,0,0,0,0,0,0,32,101
2025,A,107,1,0000000002,0000007304,曾聖安,50,先發,4,4,1,1,0,0,0,0,1,0,0,0,0,0,0,2,1,0,0,0,0,0,0,15,83
2025,A,107,2,0000000002,0000004645,戴培峰,95,先發,4,2,1,0,1,0,0,0,2,2,1,0,1,0,0,0,0,0,0,1,0,0,0,42,154
2025,A,107,2,0000000002,0000005510,林澤彬,2,先發,5,4,3,3,0,0,0,0,3,0,0,1,0,0,1,0,0,0,0,0,0,0,0,44,130
2025,A,107,2,0000000002,0000005533,魏全,59,先發,4,4,0,0,0,0,0,0,0,0,0,0,0,0,0,1,0,0,0,0,0,0,0,0,9
2025,A,107,2,0000000002,0000006738,孔念恩,82,先發,4,3,2,2,0,0,0,0,2,2,0,0,1,0,0,1,0,0,0,0,0,0,0,25,105
2025,A,107,2,0000000002,0000006743,劉俊豪,85,先發,4,4,2,2,0,0,0,0,2,0,0,0,0,0,0,1,0,1,0,0,0,0,0,10,42
2025,A,107,2,0000000002,0000006868,周佳樂,77,先發,4,3,0,0,0,0,0,0,0,1,0,0,0,0,0,1,0,0,0,1,0,0,0,26,122
2025,A,107,2,0000000002,0000007031,林莛淯,9,先發,4,3,0,0,0,0,0,0,0,0,0,0,1,0,0,1,0,0,0,0,0,0,0,1,13
2025,A,107,2,0000000002,0000007089,王念好,5,先發,4,4,2,2,0,0,0,0,2,0,0,2,0,0,0,0,0,0,0,0,0,0,0,10,56
2025,A,107,2,0000000002,0000007091,高捷,4,先發,5,3,0,0,0,0,0,0,0,0,0,2,2,0,0,1,0,0,0,0,0,1,0,20,95
2025,A,108,1,0000000001,0000000159,成晉,35,非先發,2,1,0,0,0,0,0,0,0,1,0,0,0,0,0,0,0,0,0,1,0,0,0,13,64
2025,A,108,1,0000000001,0000001286,馮健庭,45,非先發,0,0,0,0,0,0,0,0,0,0,0,0,0,0,0,0,0,0,0,0,0,0,0,5,21
2025,A,108,1,0000000001,0000001618,林子偉,15,先發,5,4,2,1,1,0,0,0,3,3,0,1,1,0,0,1,0,0,0,0,0,0,0,26,101
2025,A,108,1,0000000001,0000002286,林立,39,先發,3,2,1,1,0,0,0,0,1,0,0,1,1,0,0,0,0,0,0,0,0,1,0,28,70
2025,A,108,1,0000000001,0000003345,林智平,79,先發,3,2,0,0,0,0,0,0,0,0,0,0,1,0,0,0,0,0,0,0,0,0,0,29,91
2025,A,108,1,0000000001,0000003467,林泓育,11,先發,5,5,1,1,0,0,0,0,1,0,0,1,0,0,0,2,0,0,0,0,0,0,0,27,95
2025,A,108,1,0000000001,0000003563,余德龍,36,先發,5,4,1,1,0,0,0,0,1,0,0,0,1,0,0,1,0,0,0,0,0,0,0,13,50
2025,A,108,1,0000000001,0000004633,陳晨威,98,先發,4,4,2,1,1,0,0,0,3,1,0,0,0,0,0,0,0,0,0,0,0,0,0,42,119
2025,A,108,1,0000000001,0000006235,林政華,65,先發,5,4,2,1,0,0,1,0,5,1,0,2,1,0,0,1,0,0,0,0,0,0,0,24,78
2025,A,108,1,0000000001,0000006240,馬傑森,94,非先發,1,1,1,1,0,0,0,0,1,0,0,1,0,0,0,0,0,0,0,0,0,0,0,12,71
2025,A,108,1,0000000001,0000006854,宋嘉翔,2,先發,5,5,2,2,0,0,0,0,2,0,0,0,0,0,0,2,0,0,0,0,0,0,0,10,30
2025,A,108,1,0000000001,0000007076,李勛傑,95,非先發,2,1,0,0,0,0,0,0,0,0,0,0,1,0,0,0,0,0,0,0,0,0,0,0,13
2025,A,108,1,0000000001,0000007313,曾冠傑,55,先發,5,5,2,2,0,0,0,0,2,1,0,1,0,0,0,1,0,0,0,0,0,1,0,5,30
2025,A,108,2,0000000001,0000000929,王威晨,9,先發,4,4,1,1,0,0,0,0,1,2,0,1,0,0,0,0,0,0,0,0,0,0,0,26,104
2025,A,108,2,0000000001,0000001119,許基宏,74,先發,5,4,2,0,2,0,0,0,4,1,0,0,1,0,0,0,0,0,0,0,0,0,0,30,101
2025,A,108,2,0000000001,0000002285,高宇杰,65,先發,4,4,2,2,0,0,0,0,2,1,0,1,0,0,0,0,0,0,0,0,0,0,0,23,104
2025,A,108,2,0000000001,0000002291,岳東華,98,先發,4,4,1,1,0,0,0,0,1,0,0,1,0,0,0,0,0,0,0,0,0,0,0,17,91
2025,A,108,2,0000000001,0000002297,詹子賢,39,先發,5,5,2,1,0,0,1,1,5,4,0,1,0,0,0,0,0,0,0,0,0,0,1,28,102
2025,A,108,2,0000000001,0000004636,江坤宇,90,先發,5,4,3,2,0,1,0,0,5,1,1,3,0,0,1,0,0,0,0,0,0,0,0,31,115
2025,A,108,2,0000000001,0000005298,黃韋盛,66,先發,4,4,1,1,0,0,0,0,1,0,0,1,0,0,0,3,0,0,0,0,0,0,0,13,47
2025,A,108,2,0000000001,0000005571,岳政華,92,先發,4,4,2,0,2,0,0,0,4,0,0,1,0,0,0,0,0,0,0,0,0,0,0,6,22
2025,A,108,2,0000000001,0000006225,宋晟睿,88,先發,4,4,0,0,0,0,0,0,0,0,0,0,0,0,0,2,0,0,0,0,0,0,0,40,133
2025,A,108,2,0000000001,0000006730,張仁瑋,28,非先發,1,1,0,0,0,0,0,0,0,0,0,0,0,0,0,0,0,0,0,0,0,0,0,2,11
2025,A,108,2,0000000001,0000007278,許庭綸,13,非先發,1,1,0,0,0,0,0,0,0,0,0,0,0,0,0,0,0,0,0,0,0,0,0,4,23
2025,A,109,1,0000000001,0000000356,石翔宇,72,非先發,0,0,0,0,0,0,0,0,0,0,0,0,0,0,0,0,0,0,0,0,0,0,0,0,0
2025,A,109,1,0000000001,0000000743,陳子豪,1,先發,5,4,1,1,0,0,0,0,1,0,0,0,0,0,1,1,0,0,0,0,0,0,0,28,113
2025,A,109,1,0000000001,0000001318,朱育賢,11,先發,5,5,1,1,0,0,0,0,1,0,0,0,0,0,0,0,0,0,0,0,0,0,0,18,74
2025,A,109,1,0000000001,0000003343,郭嚴文,6,先發,3,3,0,0,0,0,0,0,0,0,0,0,0,0,0,1,0,0,0,0,0,0,0,21,80
2025,A,109,1,0000000001,0000003625,吉力吉撈．鞏冠,4,先發,5,5,2,1,1,0,0,0,3,2,0,0,0,0,0,1,0,0,0,0,0,0,1,31,123
2025,A,109,1,0000000001,0000005291,蔣少宏,63,先發,4,3,2,2,0,0,0,0,2,0,0,0,0,0,0,0,0,0,1,0,0,0,0,14,67
2025,A,109,1,0000000001,0000005540,李凱威,21,先發,5,4,1,1,0,0,0,0,1,1,1,1,1,0,0,0,0,0,0,0,1,0,0,36,131
2025,A,109,1,0000000001,0000005542,張政禹,25,先發,4,4,1,0,1,0,0,0,2,0,0,1,0,0,0,1,0,0,0,0,1,0,0,30,98
2025,A,109,1,0000000001,0000005545,劉基鴻,46,非先發,1,1,0,0,0,0,0,0,0,0,0,0,0,0,0,0,0,0,0,0,0,0,0,32,126
2025,A,109,1,0000000001,0000005546,拿莫．伊漾,57,先發,4,4,1,1,0,0,0,0,1,0,0,0,0,0,0,2,0,0,0,0,0,0,0,3,10
2025,A,109,1,0000000001,0000005549,郭天信,2,先發,5,4,1,1,0,0,0,0,1,0,0,1,1,0,0,0,0,0,0,0,0,0,0,36,114
2025,A,109,1,0000000001,0000006216,王順和,24,非先發,0,0,0,0,0,0,0,0,0,0,0,0,0,0,0,0,0,0,0,0,0,0,0,12,42
2025,A,109,1,0000000001,0000006879,冉承霖,82,非先發,0,0,0,0,0,0,0,0,0,0,0,0,0,0,0,0,0,0,0,0,0,0,0,0,6
2025,A,109,2,0000000001,0000001474,蘇智傑,32,先發,4,4,0,0,0,0,0,0,0,0,0,0,0,0,0,0,0,1,0,0,1,0,0,16,65
2025,A,109,2,0000000001,0000001606,林岱安,31,先發,4,4,1,0,1,0,0,0,2,1,0,0,0,0,0,2,0,0,0,0,0,0,0,16,61
2025,A,109,2,0000000001,0000001804,陳傑憲,24,先發,5,4,2,2,0,0,0,0,2,0,0,0,1,0,0,0,0,0,0,0,1,0,0,35,125
2025,A,109,2,0000000001,0000002661,陳鏞基,13,先發,4,3,0,0,0,0,0,0,0,0,0,0,1,0,0,1,0,0,0,0,0,0,0,12,45
2025,A,109,2,0000000001,0000002707,潘傑楷,35,先發,4,2,1,1,0,0,0,0,1,0,0,0,1,0,1,0,0,0,0,0,0,0,0,27,99
2025,A,109,2,0000000001,0000004642,林靖凱,64,先發,3,2,0,0,0,0,0,0,0,0,0,0,0,0,1,1,0,0,0,0,0,0,0,21,75
2025,A,109,2,0000000001,0000005531,邱智呈,14,先發,5,5,1,1,0,0,0,0,1,0,0,0,0,0,0,1,0,0,0,0,0,0,0,36,129
2025,A,109,2,0000000001,0000006223,林子豪,2,非先發,1,1,0,0,0,0,0,0,0,0,0,0,0,0,0,1,0,0,0,0,0,0,0,21,86
2025,A,109,2,0000000001,0000007070,林佳緯,20,先發,5,5,0,0,0,0,0,0,0,0,0,0,0,0,0,0,0,0,0,0,0,0,0,30,109
2025,A,109,2,0000000001,0000007268,陳聖平,15,先發,4,3,1,1,0,0,0,0,1,0,0,1,1,0,0,0,0,0,0,0,0,0,0,27,88
2025,A,110,1,0000000001,0000001618,林子偉,15,先發,3,3,0,0,0,0,0,0,0,0,0,0,0,0,0,2,0,0,0,0,0,1,0,26,104
2025,A,110,1,0000000001,0000002282,張閔勛,28,先發,3,3,1,1,0,0,0,0,1,0,0,1,0,0,0,0,0,0,0,0,0,0,0,25,77
2025,A,110,1,0000000001,0000002286,林立,39,先發,4,4,1,1,0,0,0,0,1,0,0,0,0,0,0,1,0,0,0,0,0,0,0,29,74
2025,A,110,1,0000000001,0000003345,林智平,79,先發,4,4,0,0,0,0,0,0,0,0,0,0,0,0,0,1,0,0,0,0,0,0,0,29,95
2025,A,110,1,0000000001,0000003467,林泓育,11,先發,4,4,1,1,0,0,0,0,1,0,0,0,0,0,0,0,0,0,0,0,1,0,0,28,99
2025,A,110,1,0000000001,0000003563,余德龍,36,先發,3,3,1,0,1,0,0,0,2,1,0,0,0,0,0,1,0,0,0,0,0,0,0,14,53
2025,A,110,1,0000000001,0000004633,陳晨威,98,先發,4,4,1,1,0,0,0,0,1,0,0,0,0,0,0,0,0,0,0,0,0,0,0,43,123
2025,A,110,1,0000000001,0000006235,林政華,65,非先發,1,0,0,0,0,0,0,0,0,0,0,0,0,0,1,0,0,0,0,0,0,0,0,24,78
2025,A,110,1,0000000001,0000006240,馬傑森,94,先發,2,2,0,0,0,0,0,0,0,0,0,0,0,0,0,0,0,0,0,0,0,0,0,12,73
2025,A,110,1,0000000001,0000006858,陳佳樂,8,非先發,1,1,0,0,0,0,0,0,0,0,0,0,0,0,0,0,0,0,0,0,0,0,0,0,1
2025,A,110,1,0000000001,0000007313,曾冠傑,55,先發,2,2,0,0,0,0,0,0,0,0,0,0,0,0,0,1,0,0,0,0,0,0,0,5,32
2025,A,110,2,0000000001,0000000935,王柏融,9,先發,5,4,2,2,0,0,0,0,2,1,0,1,1,0,0,0,1,0,0,0,0,0,0,33,121
2025,A,110,2,0000000001,0000001291,郭阜林,59,先發,4,3,1,1,0,0,0,0,1,1,0,0,1,0,0,1,0,0,0,0,0,0,0,21,70
2025,A,110,2,0000000001,0000003533,藍寅倫,88,非先發,2,1,0,0,0,0,0,0,0,1,0,0,0,0,0,0,0,0,0,1,0,0,0,14,66
2025,A,110,2,0000000001,0000005340,王博玄,6,先發,4,4,1,1,0,0,0,0,1,0,0,1,0,0,0,1,0,0,0,0,0,0,0,26,109
2025,A,110,2,0000000001,0000006211,張肇元,29,先發,4,3,2,1,1,0,0,0,3,0,0,1,1,0,0,1,0,0,0,0,0,0,0,24,102
2025,A,110,2,0000000001,0000006927,曾子祐,1,先發,4,4,2,2,0,0,0,0,2,1,0,0,0,0,0,0,0,0,0,0,0,0,0,33,130
2025,A,110,2,0000000001,0000006928,林家鋐,16,先發,5,3,0,0,0,0,0,0,0,0,0,1,2,0,0,2,0,0,0,0,0,0,0,21,73
2025,A,110,2,0000000001,0000006929,紀慶然,24,先發,5,5,0,0,0,0,0,0,0,0,0,1,0,0,0,2,1,0,0,0,0,0,0,21,81
2025,A,110,2,0000000001,0000007239,魔鷹,94,先發,5,4,1,1,0,0,0,0,1,2,1,1,1,0,0,1,0,0,0,0,0,0,0,26,82
2025,A,110,2,0000000001,0000007302,宋柏翰,64,先發,2,2,0,0,0,0,0,0,0,0,0,0,0,0,0,2,0,0,0,0,0,0,0,0,2
2025,A,111,1,0000000001,0000000743,陳子豪,1,先發,4,4,2,2,0,0,0,0,2,0,0,0,0,0,0,0,0,0,0,0,0,0,0,30,117
2025,A,111,1,0000000001,0000001318,朱育賢,11,先發,4,4,1,1,0,0,0,0,1,1,0,0,0,0,0,2,0,0,0,0,0,0,0,19,78
2025,A,111,1,0000000001,0000003343,郭嚴文,6,非先發,1,1,0,0,0,0,0,0,0,0,0,0,0,0,0,1,0,0,0,0,0,0,0,21,81
2025,A,111,1,0000000001,0000003625,吉力吉撈．鞏冠,4,先發,4,4,0,0,0,0,0,0,0,0,0,0,0,0,0,1,0,0,0,0,0,0,0,31,127
2025,A,111,1,0000000001,0000005291,蔣少宏,63,先發,3,3,2,1,1,0,0,0,3,0,0,0,0,0,0,0,0,0,0,0,1,0,0,16,70
2025,A,111,1,0000000001,0000005540,李凱威,21,先發,4,3,0,0,0,0,0,0,0,0,0,0,0,0,0,2,0,0,1,0,0,0,0,36,134
2025,A,111,1,0000000001,0000005542,張政禹,25,先發,4,4,0,0,0,0,0,0,0,0,0,0,0,0,0,1,0,0,0,0,0,0,0,30,102
2025,A,111,1,0000000001,0000005545,劉基鴻,46,先發,4,4,0,0,0,0,0,0,0,0,0,0,0,0,0,2,0,0,0,0,0,0,0,32,130
2025,A,111,1,0000000001,0000005549,郭天信,2,先發,4,3,1,0,1,0,0,0,2,0,0,1,0,0,1,1,0,0,0,0,0,0,0,37,117
2025,A,111,1,0000000001,0000006216,王順和,24,先發,2,2,0,0,0,0,0,0,0,0,0,0,0,0,0,0,0,0,0,0,0,0,0,12,44
2025,A,111,1,0000000001,0000006879,冉承霖,82,非先發,0,0,0,0,0,0,0,0,0,0,0,0,0,0,0,0,0,0,0,0,0,0,0,0,6
2025,A,111,2,0000000001,0000001474,蘇智傑,32,先發,3,3,0,0,0,0,0,0,0,0,0,0,0,0,0,3,0,0,0,0,0,0,0,16,68
2025,A,111,2,0000000001,0000001804,陳傑憲,24,先發,4,2,0,0,0,0,0,0,0,0,0,0,2,0,0,0,0,0,0,0,0,0,0,35,127
2025,A,111,2,0000000001,0000002298,陳重羽,65,先發,3,3,1,1,0,0,0,0,1,0,0,0,0,0,0,0,0,1,0,0,0,0,0,14,65
2025,A,111,2,0000000001,0000002707,潘傑楷,35,先發,4,3,1,1,0,0,0,0,1,0,0,1,1,0,0,0,0,0,0,0,0,0,0,28,102
2025,A,111,2,0000000001,0000003615,胡金龍,51,非先發,1,1,0,0,0,0,0,0,0,0,0,0,0,0,0,0,0,0,0,0,0,0,0,16,35
2025,A,111,2,0000000001,0000004642,林靖凱,64,先發,3,2,0,0,0,0,0,0,0,0,0,0,0,0,0,0,0,0,1,0,0,0,0,21,77
2025,A,111,2,0000000001,0000005531,邱智呈,14,先發,4,3,1,1,0,0,0,0,1,0,0,0,0,0,1,0,0,1,0,0,0,0,0,37,132
2025,A,111,2,0000000001,0000006223,林子豪,2,先發,4,4,1,0,0,0,1,0,4,3,1,1,0,0,0,2,0,0,0,0,0,0,1,22,90
2025,A,111,2,0000000001,0000007070,林佳緯,20,先發,4,4,2,1,1,0,0,0,3,0,0,1,0,0,0,1,0,0,0,0,0,0,0,32,113
2025,A,111,2,0000000001,0000007268,陳聖平,15,先發,3,3,1,0,0,1,0,0,3,0,0,0,0,0,0,0,0,0,0,0,0,0,0,28,91
2025,A,112,1,0000000001,0000001286,馮健庭,45,非先發,1,1,0,0,0,0,0,0,0,0,0,0,0,0,0,1,0,0,0,0,0,0,0,5,22
2025,A,112,1,0000000001,0000001618,林子偉,15,先發,4,3,0,0,0,0,0,0,0,0,0,0,1,0,0,0,0,0,0,0,0,0,0,26,107
2025,A,112,1,0000000001,0000002282,張閔勛,28,非先發,1,1,0,0,0,0,0,0,0,0,0,0,0,0,0,0,0,0,0,0,0,0,0,25,78
2025,A,112,1,0000000001,0000002286,林立,39,先發,4,4,1,1,0,0,0,0,1,0,0,1,0,0,0,0,0,0,0,0,0,0,0,30,78
2025,A,112,1,0000000001,0000003345,林智平,79,先發,4,3,2,2,0,0,0,0,2,0,0,1,1,0,0,1,0,0,0,0,0,0,0,31,98
2025,A,112,1,0000000001,0000003467,林泓育,11,先發,4,4,1,1,0,0,0,0,1,1,0,0,0,0,0,2,0,0,0,0,0,0,0,29,103
2025,A,112,1,0000000001,0000003563,余德龍,36,先發,3,2,0,0,0,0,0,0,0,0,0,1,1,0,0,0,1,0,0,0,0,0,0,14,55
2025,A,112,1,0000000001,0000004633,陳晨威,98,先發,4,4,1,0,0,1,0,0,3,1,0,1,0,0,0,0,0,0,0,0,0,0,0,44,127
2025,A,112,1,0000000001,0000006235,林政華,65,先發,4,4,0,0,0,0,0,0,0,0,0,0,0,0,0,1,0,0,0,0,0,0,0,24,82
2025,A,112,1,0000000001,0000006854,宋嘉翔,2,先發,3,3,0,0,0,0,0,0,0,0,0,0,0,0,0,1,0,0,0,0,0,0,0,10,33
2025,A,112,1,0000000001,0000006858,陳佳樂,8,先發,4,4,0,0,0,0,0,0,0,1,0,0,0,0,0,0,0,0,0,0,0,0,0,0,5
2025,A,112,2,0000000001,0000000935,王柏融,9,先發,4,4,1,1,0,0,0,0,1,1,0,1,0,0,0,0,0,0,0,0,0,0,0,34,125
2025,A,112,2,0000000001,0000001291,郭阜林,59,先發,4,4,2,0,2,0,0,0,4,3,1,1,0,0,0,0,0,0,0,0,0,0,1,23,74
2025,A,112,2,0000000001,0000004643,胡冠俞,43,先發,1,1,0,0,0,0,0,0,0,0,0,0,0,0,0,1,0,0,0,0,0,1,0,7,26
2025,A,112,2,0000000001,0000005340,王博玄,6,先發,3,3,1,1,0,0,0,0,1,1,0,0,0,0,0,0,0,0,0,0,0,0,0,27,112
2025,A,112,2,0000000001,0000006211,張肇元,29,先發,4,3,1,1,0,0,0,0,1,0,0,1,1,0,0,2,0,0,0,0,0,0,0,25,105
2025,A,112,2,0000000001,0000006927,曾子祐,1,先發,4,3,1,1,0,0,0,0,1,0,0,0,0,0,0,0,0,0,1,0,0,0,0,34,133
2025,A,112,2,0000000001,0000006928,林家鋐,16,非先發,2,2,0,0,0,0,0,0,0,0,0,0,0,0,0,0,0,0,0,0,1,0,0,21,75
2025,A,112,2,0000000001,0000006929,紀慶然,24,先發,4,4,1,1,0,0,0,0,1,0,0,1,0,0,0,0,0,0,0,0,0,0,0,22,85
2025,A,112,2,0000000001,0000006936,高聖恩,50,先發,2,2,0,0,0,0,0,0,0,0,0,0,0,0,0,1,0,0,0,0,0,0,0,0,9
2025,A,112,2,0000000001,0000006940,葉保弟,73,非先發,1,1,0,0,0,0,0,0,0,0,0,0,0,0,0,1,0,0,0,0,0,0,0,3,11
2025,A,112,2,0000000001,0000007239,魔鷹,94,先發,4,3,1,0,1,0,0,0,2,0,0,2,1,0,0,1,0,0,0,0,0,0,0,27,85
2025,A,113,1,0000000001,0000000362,申皓瑋,29,先發,5,5,2,1,0,0,1,0,5,1,0,1,0,0,0,1,0,0,0,0,0,0,0,36,116
2025,A,113,1,0000000001,0000001118,高國麟,98,先發,2,2,0,0,0,0,0,0,0,0,0,0,0,0,0,2,0,0,0,0,0,0,0,17,81
2025,A,113,1,0000000001,0000002305,王正棠,35,先發,4,4,1,1,0,0,0,0,1,0,0,1,0,0,0,0,0,0,0,0,0,0,0,7,37
2025,A,113,1,0000000001,0000002352,范國宸,46,先發,4,3,2,2,0,0,0,0,2,1,0,0,1,0,0,0,0,0,0,0,0,0,0,16,56
2025,A,113,1,0000000001,0000004645,戴培峰,95,先發,5,5,2,2,0,0,0,0,2,0,0,0,0,0,0,0,0,0,0,0,0,0,0,27,85
2025,A,113,1,0000000001,0000005310,陳真,7,先發,4,4,1,0,1,0,0,0,2,0,0,0,0,0,0,0,0,0,0,0,0,0,0,12,61
2025,A,113,1,0000000001,0000005510,林澤彬,2,先發,4,4,2,2,0,0,0,0,2,0,0,0,0,0,0,1,0,1,0,0,0,0,0,10,28
2025,A,113,1,0000000001,0000006737,董子恩,78,非先發,3,3,1,1,0,0,0,0,1,0,0,0,0,0,0,1,0,0,0,0,0,0,0,30,107
2025,A,113,1,0000000001,0000006806,池恩齊,97,非先發,1,1,0,0,0,0,0,0,0,0,0,0,0,0,0,0,0,0,0,0,0,0,0,13,51
2025,A,113,1,0000000001,0000006868,周佳樂,77,非先發,1,0,0,0,0,0,0,0,0,0,0,1,1,0,0,0,0,0,0,0,0,0,0,17,70
2025,A,113,1,0000000001,0000007089,王念好,5,先發,4,4,0,0,0,0,0,0,0,0,0,0,0,0,0,2,0,0,0,0,0,0,0,6,40
2025,A,113,1,0000000001,0000007091,高捷,4,先發,4,4,0,0,0,0,0,0,0,0,0,0,0,0,0,1,0,0,0,0,0,0,0,0,4
2025,A,113,2,0000000001,0000000929,王威晨,9,先發,5,3,2,1,1,0,0,0,3,4,1,2,1,0,0,0,0,0,0,1,1,0,1,28,107
2025,A,113,2,0000000001,0000001119,許基宏,74,先發,4,4,2,1,1,0,0,0,3,1,0,2,0,0,0,2,0,0,0,0,0,0,0,32,105
2025,A,113,2,0000000001,0000002285,高宇杰,65,先發,4,4,0,0,0,0,0,0,0,0,0,0,0,0,0,1,0,0,0,0,0,0,0,23,108
2025,A,113,2,0000000001,0000002291,岳東華,98,先發,4,4,1,1,0,0,0,0,1,0,0,1,0,0,0,0,0,0,0,0,0,0,0,18,95
2025,A,113,2,0000000001,0000002297,詹子賢,39,先發,4,4,2,1,1,0,0,0,3,3,0,0,0,0,0,0,0,0,0,0,0,0,0,30,106
2025,A,113,2,0000000001,0000002307,王政順,61,非先發,0,0,0,0,0,0,0,0,0,0,0,0,0,0,0,0,0,0,0,0,0,1,0,15,49
2025,A,113,2,0000000001,0000003609,陳俊秀,29,非先發,1,1,0,0,0,0,0,0,0,0,0,0,0,0,0,0,0,0,0,0,1,0,0,17,77
2025,A,113,2,0000000001,0000004636,江坤宇,90,先發,5,3,1,0,1,0,0,0,2,1,0,1,1,0,0,0,0,0,0,1,0,0,0,32,118
2025,A,113,2,0000000001,0000005298,黃韋盛,66,先發,3,1,0,0,0,0,0,0,0,0,0,0,2,0,0,0,0,0,0,0,0,0,0,13,48
2025,A,113,2,0000000001,0000005571,岳政華,92,先發,4,4,3,1,2,0,0,0,5,0,0,3,0,0,0,0,0,0,0,0,0,0,0,9,26
2025,A,113,2,0000000001,0000006225,宋晟睿,88,先發,4,3,0,0,0,0,0,0,0,0,0,0,1,0,0,1,0,0,0,0,0,0,0,40,136
2025,A,113,2,0000000001,0000007278,許庭綸,13,非先發,1,0,0,0,0,0,0,0,0,0,0,0,1,0,0,0,0,0,0,0,0,0,0,4,23
2025,A,114,1,0000000001,0000000929,王威晨,9,先發,5,5,1,1,0,0,0,0,1,0,0,0,0,0,0,0,0,0,0,0,0,0,0,29,112
2025,A,114,1,0000000001,0000001119,許基宏,74,先發,5,4,2,1,1,0,0,0,3,0,0,3,1,0,0,1,0,0,0,0,0,0,0,34,109
2025,A,114,1,0000000001,0000002285,高宇杰,65,先發,4,4,1,1,0,0,0,0,1,0,0,0,0,0,0,1,0,0,0,0,0,0,0,24,112
2025,A,114,1,0000000001,0000002291,岳東華,98,先發,4,4,1,1,0,0,0,0,1,0,0,0,0,0,0,2,0,0,0,0,0,1,0,19,99
2025,A,114,1,0000000001,0000002297,詹子賢,39,先發,4,4,2,2,0,0,0,0,2,0,0,0,0,0,0,2,0,0,0,0,0,0,0,32,110
2025,A,114,1,0000000001,0000004636,江坤宇,90,先發,5,5,0,0,0,0,0,0,0,0,0,0,0,0,0,0,0,0,0,0,0,0,0,32,123
2025,A,114,1,0000000001,0000005298,黃韋盛,66,先發,4,4,2,2,0,0,0,0,2,2,0,0,0,0,0,0,0,0,0,0,0,0,0,15,52
2025,A,114,1,0000000001,0000005571,岳政華,92,先發,5,5,1,1,0,0,0,0,1,0,0,0,0,0,0,0,0,0,0,0,0,0,0,10,31
2025,A,114,1,0000000001,0000006225,宋晟睿,88,先發,4,4,3,2,1,0,0,0,4,2,1,1,0,0,0,0,0,0,0,0,0,0,1,43,140
2025,A,114,2,0000000001,0000001606,林岱安,31,先發,3,3,1,1,0,0,0,0,1,0,0,1,0,0,0,1,0,0,0,0,0,0,0,17,64
2025,A,114,2,0000000001,0000001804,陳傑憲,24,先發,4,3,0,0,0,0,0,0,0,0,0,0,1,0,0,0,0,0,0,0,0,0,0,35,130
2025,A,114,2,0000000001,0000002275,林安可,77,先發,4,4,0,0,0,0,0,0,0,0,0,0,0,0,0,1,0,0,0,0,0,0,0,16,49
2025,A,114,2,0000000001,0000002289,陳重廷,66,非先發,1,1,1,1,0,0,0,0,1,0,0,0,0,0,0,0,0,0,0,0,0,0,0,14,53
2025,A,114,2,0000000001,0000002707,潘傑楷,35,先發,4,4,1,1,0,0,0,0,1,0,0,0,0,0,0,0,0,0,0,0,0,0,0,29,106
2025,A,114,2,0000000001,0000004642,林靖凱,64,先發,2,2,1,1,0,0,0,0,1,0,0,0,0,0,0,1,0,0,0,0,0,0,0,22,79
2025,A,114,2,0000000001,0000005306,許哲晏,10,先發,2,2,1,1,0,0,0,0,1,0,0,0,0,0,0,0,0,1,0,0,0,0,0,11,55
2025,A,114,2,0000000001,0000005531,邱智呈,14,先發,4,4,0,0,0,0,0,0,0,0,0,0,0,0,0,1,0,0,0,0,0,0,0,37,136
2025,A,114,2,0000000001,0000006223,林子豪,2,先發,4,4,1,1,0,0,0,0,1,0,0,0,0,0,0,0,0,0,0,0,0,0,0,23,94
2025,A,114,2,0000000001,0000007070,林佳緯,20,先發,4,4,1,1,0,0,0,0,1,0,0,0,0,0,0,1,0,0,0,0,0,0,0,33,117
2025,A,114,2,0000000001,0000007268,陳聖平,15,非先發,1,1,0,0,0,0,0,0,0,0,0,0,0,0,0,0,0,0,0,0,0,0,0,28,92
2025,A,115,1,0000000001,0000007239,魔鷹,94,先發,4,4,1,0,1,0,0,0,2,0,0,1,0,0,0,1,0,0,0,0,0,0,0,28,89
2025,A,115,1,0000000001,0000007302,宋柏翰,64,先發,3,3,0,0,0,0,0,0,0,0,0,1,0,0,0,2,0,0,0,0,0,1,0,0,5
2025,A,115,2,0000000001,0000000743,陳子豪,1,先發,4,3,1,0,1,0,0,0,2,1,1,2,0,0,1,0,0,0,0,0,0,0,0,31,120
2025,A,115,2,0000000001,0000001318,朱育賢,11,先發,4,4,3,2,0,0,1,0,6,3,0,2,0,0,0,1,0,0,0,0,0,0,0,22,82
2025,A,115,2,0000000001,0000003343,郭嚴文,6,先發,4,4,2,1,1,0,0,0,3,2,0,1,0,0,0,0,0,0,0,0,0,0,0,23,85
2025,A,115,2,0000000001,0000003625,吉力吉撈．鞏冠,4,先發,5,5,1,1,0,0,0,0,1,1,0,0,0,0,0,1,0,0,0,0,0,0,0,32,132
2025,A,115,2,0000000001,0000005291,蔣少宏,63,先發,5,4,1,1,0,0,0,0,1,0,0,0,0,0,1,0,0,0,0,0,0,0,0,17,74
2025,A,115,2,0000000001,0000005540,李凱威,21,先發,4,4,4,3,1,0,0,0,5,2,0,2,0,0,0,0,0,0,0,0,0,0,0,40,138
2025,A,115,2,0000000001,0000005542,張政禹,25,先發,5,4,1,0,1,0,0,0,2,0,0,2,1,0,0,0,0,0,0,0,0,0,0,31,106
2025,A,115,2,0000000001,0000005545,劉基鴻,46,非先發,1,0,0,0,0,0,0,0,0,0,0,0,0,0,1,0,0,0,0,0,0,0,0,32,130
2025,A,115,2,0000000001,0000005546,拿莫．伊漾,57,非先發,1,1,0,0,0,0,0,0,0,0,0,0,0,0,0,1,0,0,0,0,0,0,0,3,11
2025,A,115,2,0000000001,0000005549,郭天信,2,先發,5,5,2,2,0,0,0,0,2,0,0,2,0,0,0,0,1,0,0,0,0,0,0,39,122
2025,A,115,2,0000000001,0000006216,王順和,24,非先發,1,1,0,0,0,0,0,0,0,0,0,0,0,0,0,1,0,0,0,0,0,0,0,12,45
2025,A,115,2,0000000001,0000006217,林辰勳,9,非先發,0,0,0,0,0,0,0,0,0,0,0,0,0,0,0,0,0,0,0,0,0,0,0,0,12
2025,A,115,2,0000000001,0000006879,冉承霖,82,非先發,1,0,0,0,0,0,0,0,0,0,0,0,1,0,0,0,0,0,0,0,0,0,0,0,6
2025,A,115,2,0000000001,0000007079,劉俊緯,23,先發,4,4,1,1,0,0,0,0,1,1,0,1,0,0,0,0,1,0,0,0,1,0,0,16,59
2025,A,115,1,0000000001,0000000935,王柏融,9,先發,2,2,0,0,0,0,0,0,0,0,0,0,0,0,0,0,0,0,0,0,0,0,0,34,127
2025,A,115,1,0000000001,0000001291,郭阜林,59,先發,4,4,0,0,0,0,0,0,0,0,0,0,0,0,0,1,0,0,0,0,0,0,0,23,78
2025,A,115,1,0000000001,0000005340,王博玄,6,先發,2,2,1,1,0,0,0,0,1,1,0,0,0,0,0,0,0,0,0,0,0,0,0,28,114
2025,A,115,1,0000000001,0000006211,張肇元,29,先發,1,1,1,1,0,0,0,0,1,0,0,0,0,0,0,0,0,0,0,0,0,0,0,26,106
2025,A,115,1,0000000001,0000006924,廖奕安,27,非先發,3,3,0,0,0,0,0,0,0,0,0,0,0,0,0,0,0,0,0,0,0,0,0,0,3
2025,A,115,1,0000000001,0000006927,曾子祐,1,先發,3,3,1,0,1,0,0,0,2,0,0,0,0,0,0,1,0,0,0,0,0,0,0,35,136
2025,A,115,1,0000000001,0000006928,林家鋐,16,非先發,1,0,0,0,0,0,0,0,0,0,0,0,1,0,0,0,1,0,0,0,0,0,0,21,75
2025,A,115,1,0000000001,0000006929,紀慶然,24,先發,4,4,1,0,1,0,0,0,2,0,0,0,0,0,0,2,1,0,0,0,0,0,0,23,89
2025,A,115,1,0000000001,0000006930,黃秉揚,25,先發,3,3,0,0,0,0,0,0,0,0,0,0,0,0,0,0,0,0,0,0,0,0,0,0,3
2025,A,115,1,0000000001,0000006936,高聖恩,50,非先發,2,1,0,0,0,0,0,0,0,1,0,0,0,0,0,0,0,0,0,1,0,0,0,0,10
2025,A,115,1,0000000001,0000006940,葉保弟,73,非先發,2,2,0,0,0,0,0,0,0,0,0,0,0,0,0,0,0,0,0,0,0,0,0,3,13
2025,A,116,1,0000000001,0000000361,張洺瑀,33,先發,4,4,1,1,0,0,0,0,1,1,0,1,0,0,0,1,0,0,0,0,0,0,0,5,30
2025,A,116,1,0000000001,0000000362,申皓瑋,29,先發,4,4,1,1,0,0,0,0,1,0,0,0,0,0,0,0,0,0,0,0,0,0,0,37,120
2025,A,116,1,0000000001,0000002305,王正棠,35,非先發,1,1,0,0,0,0,0,0,0,0,0,0,0,0,0,0,0,0,0,0,0,0,0,7,38
2025,A,116,1,0000000001,0000002352,范國宸,46,先發,4,3,2,1,1,0,0,0,3,0,0,1,1,0,0,1,0,0,0,0,0,0,0,18,59
2025,A,116,1,0000000001,0000004645,戴培峰,95,先發,4,4,2,1,0,0,1,0,5,2,0,1,0,0,0,1,0,0,0,0,0,0,0,29,89
2025,A,116,1,0000000001,0000005510,林澤彬,2,先發,5,5,1,1,0,0,0,0,1,2,0,0,0,0,0,2,0,0,0,0,0,0,0,11,33
2025,A,116,1,0000000001,0000006737,董子恩,78,先發,4,4,0,0,0,0,0,0,0,0,0,1,0,0,0,0,0,0,0,0,0,0,0,30,111
2025,A,116,1,0000000001,0000006806,池恩齊,97,先發,2,2,1,1,0,0,0,0,1,0,0,1,0,0,0,0,1,0,0,0,0,0,0,14,53
2025,A,116,1,0000000001,0000006868,周佳樂,77,先發,4,4,0,0,0,0,0,0,0,0,0,0,0,0,0,2,0,0,0,0,0,0,0,17,74
2025,A,116,1,0000000001,0000007089,王念好,5,先發,4,2,0,0,0,0,0,0,0,0,0,0,1,0,0,1,0,0,1,0,0,0,0,6,42
2025,A,116,1,0000000001,0000007091,高捷,4,非先發,3,3,0,0,0,0,0,0,0,0,0,0,0,0,0,1,0,0,0,0,0,0,0,0,7
2025,A,116,2,0000000001,0000000159,成晉,35,先發,5,4,2,1,1,0,0,0,3,1,0,0,0,0,0,0,0,0,0,1,0,0,0,15,68
2025,A,116,2,0000000001,0000001618,林子偉,15,先發,5,5,3,2,0,1,0,0,5,0,0,3,0,0,0,1,0,0,0,0,0,1,0,29,112
2025,A,116,2,0000000001,0000002282,張閔勛,28,先發,5,5,3,2,1,0,0,0,4,1,0,1,0,0,0,0,0,0,0,0,0,0,0,28,83
2025,A,116,2,0000000001,0000003345,林智平,79,先發,5,4,0,0,0,0,0,0,0,0,0,1,1,0,0,0,0,0,0,0,1,0,0,31,102
2025,A,116,2,0000000001,0000003467,林泓育,11,先發,5,5,2,2,0,0,0,0,2,2,0,1,0,0,0,1,0,0,0,0,0,0,0,31,108
2025,A,116,2,0000000001,0000003563,余德龍,36,非先發,1,1,1,1,0,0,0,0,1,1,0,0,0,0,0,0,0,0,0,0,0,0,0,15,56
2025,A,116,2,0000000001,0000004633,陳晨威,98,先發,5,5,1,1,0,0,0,0,1,0,0,1,0,0,0,0,0,0,0,0,0,0,0,45,132
2025,A,116,2,0000000001,0000006235,林政華,65,先發,5,3,2,1,0,1,0,0,4,1,0,2,0,0,2,0,0,0,0,0,0,0,0,26,85
2025,A,116,2,0000000001,0000006240,馬傑森,94,先發,3,3,0,0,0,0,0,0,0,0,0,0,0,0,0,1,0,0,0,0,0,0,0,12,76
2025,A,116,2,0000000001,0000006858,陳佳樂,8,非先發,1,0,0,0,0,0,0,0,0,1,1,0,1,0,0,0,0,0,0,0,0,0,0,0,5
2025,A,116,2,0000000001,0000007076,李勛傑,95,先發,5,4,4,3,1,0,0,0,5,3,0,1,0,0,1,0,0,0,0,0,0,1,1,4,17
2025,A,117,1,0000000001,0000000929,王威晨,9,先發,5,3,2,2,0,0,0,0,2,0,0,1,1,0,0,1,0,1,1,0,0,0,0,31,115
2025,A,117,1,0000000001,0000001119,許基宏,74,先發,5,5,0,0,0,0,0,0,0,1,0,0,0,0,0,3,0,0,0,0,0,0,0,34,114
2025,A,117,1,0000000001,0000002285,高宇杰,65,先發,2,2,0,0,0,0,0,0,0,0,0,0,0,0,0,1,0,0,0,0,0,0,0,24,114
2025,A,117,1,0000000001,0000002291,岳東華,98,先發,4,2,1,1,0,0,0,0,1,2,0,1,2,0,0,0,0,0,0,0,0,0,0,20,101
2025,A,117,1,0000000001,0000002297,詹子賢,39,先發,5,3,0,0,0,0,0,0,0,0,0,1,2,0,0,2,0,0,0,0,0,0,0,32,113
2025,A,117,1,0000000001,0000002307,王政順,61,非先發,1,0,0,0,0,0,0,0,0,1,0,0,0,0,0,0,0,0,0,1,0,0,0,15,49
2025,A,117,1,0000000001,0000004636,江坤宇,90,先發,5,4,0,0,0,0,0,0,0,0,0,1,1,0,0,1,0,0,0,0,0,0,0,32,127
2025,A,117,1,0000000001,0000005298,黃韋盛,66,先發,5,5,4,4,0,0,0,0,4,1,0,1,0,0,0,1,0,0,0,0,0,0,1,19,57
2025,A,117,1,0000000001,0000005571,岳政華,92,先發,5,4,1,0,0,1,0,0,3,2,1,0,1,0,0,1,0,1,0,0,0,0,0,11,35
2025,A,117,1,0000000001,0000006224,林吳晉瑋,0,非先發,1,1,0,0,0,0,0,0,0,0,0,0,0,0,0,0,0,0,0,0,0,0,0,1,8
2025,A,117,1,0000000001,0000006225,宋晟睿,88,先發,5,4,1,1,0,0,0,0,1,0,0,2,1,0,0,1,0,0,0,0,0,0,0,44,144
2025,A,117,2,0000000001,0000001606,林岱安,31,先發,3,3,1,0,0,0,1,0,4,3,0,1,0,0,0,0,0,0,0,0,0,0,0,18,67
2025,A,117,2,0000000001,0000001804,陳傑憲,24,先發,5,3,1,1,0,0,0,0,1,0,0,0,2,0,0,1,0,0,0,0,0,0,0,36,133
2025,A,117,2,0000000001,0000002275,林安可,77,先發,4,4,0,0,0,0,0,0,0,0,0,0,0,0,0,2,0,0,0,0,0,0,0,16,53
2025,A,117,2,0000000001,0000002289,陳重廷,66,先發,3,3,1,1,0,0,0,0,1,0,0,0,0,0,0,0,0,0,0,0,0,0,0,15,56
2025,A,117,2,0000000001,0000002298,陳重羽,65,非先發,1,1,1,1,0,0,0,0,1,0,0,0,0,0,0,0,0,0,0,0,0,0,0,15,66
2025,A,117,2,0000000001,0000002707,潘傑楷,35,先發,4,4,1,1,0,0,0,0,1,0,0,0,0,0,0,0,0,0,0,0,0,0,0,30,110
2025,A,117,2,0000000001,0000003615,胡金龍,51,非先發,1,1,0,0,0,0,0,0,0,0,0,0,0,0,0,0,0,0,0,0,0,0,0,16,36
2025,A,117,2,0000000001,0000005531,邱智呈,14,先發,5,3,1,1,0,0,0,0,1,0,0,0,2,0,0,0,0,0,0,0,1,0,0,38,139
2025,A,117,2,0000000001,0000006223,林子豪,2,先發,4,3,0,0,0,0,0,0,0,0,0,1,0,0,1,0,0,0,0,0,0,0,0,23,97
2025,A,117,2,0000000001,0000007070,林佳緯,20,先發,5,5,1,0,0,0,1,0,4,1,0,1,0,0,0,1,0,0,0,0,0,0,0,34,122
2025,A,117,2,0000000001,0000007268,陳聖平,15,先發,4,4,1,1,0,0,0,0,1,0,0,1,0,0,0,0,0,0,0,0,0,1,0,29,96
2025,A,118,1,0000000001,0000000935,王柏融,9,先發,3,3,0,0,0,0,0,0,0,0,0,0,0,0,0,1,0,0,0,0,0,0,0,34,130
2025,A,118,1,0000000001,0000001291,郭阜林,59,先發,3,3,0,0,0,0,0,0,0,0,0,0,0,0,0,2,0,0,0,0,0,0,0,23,81
2025,A,118,1,0000000001,0000003533,藍寅倫,88,先發,2,2,0,0,0,0,0,0,0,0,0,0,0,0,0,0,0,0,0,0,0,0,0,14,68
2025,A,118,1,0000000001,0000005340,王博玄,6,先發,3,3,0,0,0,0,0,0,0,0,0,0,0,0,0,1,0,0,0,0,0,0,0,28,117
2025,A,118,1,0000000001,0000006211,張肇元,29,先發,3,3,1,1,0,0,0,0,1,0,0,0,0,0,0,1,0,0,0,0,0,0,0,27,109
2025,A,118,1,0000000001,0000006927,曾子祐,1,先發,4,4,1,1,0,0,0,0,1,0,0,0,0,0,0,0,0,0,0,0,0,0,0,36,140
2025,A,118,1,0000000001,0000006928,林家鋐,16,先發,3,3,0,0,0,0,0,0,0,0,0,0,0,0,0,1,0,0,0,0,0,0,0,21,78
2025,A,118,1,0000000001,0000006929,紀慶然,24,先發,4,4,0,0,0,0,0,0,0,0,0,0,0,0,0,0,0,0,0,0,0,0,0,23,93
2025,A,118,1,0000000001,0000006930,黃秉揚,25,非先發,0,0,0,0,0,0,0,0,0,0,0,0,0,0,0,0,0,0,0,0,0,0,0,0,3
2025,A,118,1,0000000001,0000006940,葉保弟,73,非先發,1,1,0,0,0,0,0,0,0,0,0,0,0,0,0,1,0,0,0,0,0,0,0,3,14
2025,A,118,1,0000000001,0000007239,魔鷹,94,先發,3,3,0,0,0,0,0,0,0,0,0,0,0,0,0,1,0,0,0,0,0,0,0,28,92
2025,A,118,2,0000000001,0000000743,陳子豪,1,先發,4,2,1,0,1,0,0,0,2,0,0,0,1,0,1,0,0,0,0,0,0,0,0,32,122
2025,A,118,2,0000000001,0000001318,朱育賢,11,先發,4,4,2,0,2,0,0,0,4,3,0,0,0,0,0,0,0,0,0,0,0,0,0,24,86
2025,A,118,2,0000000001,0000003343,郭嚴文,6,先發,3,3,0,0,0,0,0,0,0,0,0,0,0,0,0,1,0,0,0,0,0,0,0,23,88
2025,A,118,2,0000000001,0000003625,吉力吉撈．鞏冠,4,先發,4,4,1,0,0,0,1,0,4,2,0,1,0,0,0,1,0,0,0,0,0,0,0,33,136
2025,A,118,2,0000000001,0000005291,蔣少宏,63,先發,4,3,0,0,0,0,0,0,0,0,0,0,0,0,0,0,0,0,1,0,0,0,0,17,77
2025,A,118,2,0000000001,0000005540,李凱威,21,先發,4,3,1,1,0,0,0,0,1,0,0,1,1,0,0,0,1,0,0,0,0,0,0,41,141
2025,A,118,2,0000000001,0000005545,劉基鴻,46,先發,4,4,1,1,0,0,0,0,1,0,0,1,0,0,0,1,0,0,0,0,0,0,0,33,134
2025,A,118,2,0000000001,0000005546,拿莫．伊漾,57,非先發,1,1,0,0,0,0,0,0,0,0,0,0,0,0,0,0,0,0,0,0,0,0,0,3,12
2025,A,118,2,0000000001,0000005549,郭天信,2,先發,4,4,1,0,1,0,0,0,2,1,1,1,0,0,0,0,0,0,0,0,0,0,0,40,126
2025,A,118,2,0000000001,0000006216,王順和,24,非先發,0,0,0,0,0,0,0,0,0,0,0,1,0,0,0,0,0,0,0,0,0,0,0,12,45
2025,A,118,2,0000000001,0000006879,冉承霖,82,非先發,0,0,0,0,0,0,0,0,0,0,0,1,0,0,0,0,0,0,0,0,0,0,0,0,6
2025,A,118,2,0000000001,0000007079,劉俊緯,23,先發,4,3,1,1,0,0,0,0,1,0,0,1,1,0,0,0,0,0,0,0,0,0,0,17,62
2025,A,119,1,0000000001,0000002305,王正棠,35,先發,2,2,1,1,0,0,0,0,1,0,0,0,0,0,0,0,0,0,0,0,0,0,0,8,40
2025,A,119,1,0000000001,0000002352,范國宸,46,先發,2,1,0,0,0,0,0,0,0,0,0,0,1,0,0,0,0,0,0,0,0,0,0,18,60
2025,A,119,1,0000000001,0000004645,戴培峰,95,先發,2,2,0,0,0,0,0,0,0,0,0,0,0,0,0,2,0,0,0,0,0,0,0,29,91
2025,A,119,1,0000000001,0000005310,陳真,7,先發,2,2,1,1,0,0,0,0,1,0,0,0,0,0,0,0,0,0,0,0,0,0,0,13,63
2025,A,119,1,0000000001,0000005510,林澤彬,2,先發,3,3,2,2,0,0,0,0,2,0,0,0,0,0,0,0,0,0,0,0,0,0,0,13,36
2025,A,119,1,0000000001,0000006737,董子恩,78,先發,3,3,0,0,0,0,0,0,0,0,0,0,0,0,0,0,0,0,0,0,1,0,0,30,114
2025,A,119,1,0000000001,0000006868,周佳樂,77,先發,2,2,0,0,0,0,0,0,0,0,0,0,0,0,0,1,0,0,0,0,0,0,0,17,76
2025,A,119,1,0000000001,0000006909,豊暐,43,先發,2,2,1,1,0,0,0,0,1,0,0,0,0,0,0,1,0,0,0,0,0,0,0,8,35
2025,A,119,1,0000000001,0000007297,楊泯貽,63,先發,2,2,0,0,0,0,0,0,0,0,0,0,0,0,0,0,1,0,0,0,0,0,0,0,2
2025,A,119,2,0000000001,0000000159,成晉,35,先發,3,3,1,1,0,0,0,0,1,0,0,0,0,0,0,1,1,0,0,0,0,0,0,16,71
2025,A,119,2,0000000001,0000001618,林子偉,15,先發,2,2,1,1,0,0,0,0,1,0,0,0,0,0,0,0,0,0,0,0,0,0,0,30,114
2025,A,119,2,0000000001,0000002282,張閔勛,28,先發,2,2,0,0,0,0,0,0,0,0,0,0,0,0,0,0,0,0,0,0,0,1,0,28,85
2025,A,119,2,0000000001,0000003345,林智平,79,先發,2,1,0,0,0,0,0,0,0,0,0,0,1,0,0,1,0,0,0,0,0,0,0,31,103
2025,A,119,2,0000000001,0000003467,林泓育,11,先發,2,2,0,0,0,0,0,0,0,0,0,0,0,0,0,2,0,0,0,0,0,0,0,31,110
2025,A,119,2,0000000001,0000003563,余德龍,36,先發,2,1,0,0,0,0,0,0,0,0,0,0,1,0,0,0,0,0,0,0,0,0,0,15,57
2025,A,119,2,0000000001,0000004633,陳晨威,98,先發,3,3,1,1,0,0,0,0,1,0,0,1,0,0,0,0,1,0,0,0,0,0,0,46,135
2025,A,119,2,0000000001,0000006235,林政華,65,先發,2,1,0,0,0,0,0,0,0,0,0,0,0,0,0,1,0,0,1,0,0,0,0,26,86
2025,A,119,2,0000000001,0000007076,李勛傑,95,先發,2,2,0,0,0,0,0,0,0,0,0,0,0,0,0,0,0,0,0,0,0,0,0,4,19
2025,A,120,2,0000000001,0000005545,劉基鴻,46,先發,4,4,0,0,0,0,0,0,0,0,0,0,0,0,0,0,0,0,0,0,0,0,0,33,138
2025,A,120,2,0000000001,0000005546,拿莫．伊漾,57,非先發,0,0,0,0,0,0,0,0,0,0,0,0,0,0,0,0,0,0,0,0,0,0,0,3,12
2025,A,120,2,0000000001,0000005549,郭天信,2,先發,4,3,1,1,0,0,0,0,1,0,0,1,1,0,0,0,0,0,0,0,0,0,0,41,129
2025,A,120,2,0000000001,0000006216,王順和,24,非先發,1,1,0,0,0,0,0,0,0,0,0,0,0,0,0,1,0,0,0,0,0,0,0,12,46
2025,A,120,2,0000000001,0000006217,林辰勳,9,先發,3,3,1,0,1,0,0,0,2,1,0,0,0,0,0,0,0,0,0,0,0,0,0,1,15
2025,A,120,2,0000000001,0000007079,劉俊緯,23,先發,2,2,0,0,0,0,0,0,0,0,0,0,0,0,0,1,0,0,0,0,0,0,0,17,64
2025,A,120,1,0000000001,0000000935,王柏融,9,先發,5,5,4,4,0,0,0,0,4,0,0,1,0,0,0,0,0,1,0,0,0,0,0,38,135
2025,A,120,1,0000000001,0000001291,郭阜林,59,先發,5,5,1,0,0,0,1,0,4,3,0,1,0,0,0,1,0,0,0,0,0,0,0,24,86
2025,A,120,1,0000000001,0000003533,藍寅倫,88,先發,4,4,1,0,1,0,0,0,2,1,0,0,0,0,0,0,0,0,0,0,0,0,0,15,72
2025,A,120,1,0000000001,0000005340,王博玄,6,先發,5,5,4,3,1,0,0,0,5,0,0,1,0,0,0,1,1,0,0,0,0,0,0,32,122
2025,A,120,1,0000000001,0000006211,張肇元,29,先發,5,4,1,0,1,0,0,0,2,1,0,1,1,0,0,1,0,0,0,0,0,0,0,28,113
2025,A,120,1,0000000001,0000006927,曾子祐,1,先發,5,3,2,2,0,0,0,0,2,0,0,1,1,0,0,0,0,0,1,0,0,0,0,38,143
2025,A,120,1,0000000001,0000006928,林家鋐,16,先發,4,4,0,0,0,0,0,0,0,0,0,0,0,0,0,2,0,0,0,0,0,0,0,21,82
2025,A,120,1,0000000001,0000006929,紀慶然,24,先發,5,4,0,0,0,0,0,0,0,0,0,0,1,0,0,1,0,0,0,0,0,0,0,23,97
2025,A,120,1,0000000001,0000007239,魔鷹,94,先發,5,4,1,0,1,0,0,0,2,1,1,1,1,1,0,1,0,0,0,0,0,0,0,29,96
2025,A,120,2,0000000001,0000000743,陳子豪,1,先發,4,3,2,2,0,0,0,0,2,0,0,0,1,0,0,1,0,0,0,0,0,0,0,34,125
2025,A,120,2,0000000001,0000001318,朱育賢,11,先發,4,4,1,1,0,0,0,0,1,1,0,0,0,0,0,1,0,0,0,0,0,0,0,25,90
2025,A,120,2,0000000001,0000003343,郭嚴文,6,先發,4,4,1,1,0,0,0,0,1,0,0,1,0,0,0,0,0,0,0,0,2,0,0,24,92
2025,A,120,2,0000000001,0000003625,吉力吉撈．鞏冠,4,非先發,1,1,1,1,0,0,0,0,1,0,0,0,0,0,0,0,0,0,0,0,0,0,0,34,137
2025,A,120,2,0000000001,0000005540,李凱威,21,先發,4,3,1,1,0,0,0,0,1,0,0,0,0,0,0,0,1,0,1,0,0,0,0,42,144
2025,A,120,2,0000000001,0000005542,張政禹,25,先發,4,4,1,1,0,0,0,0,1,0,0,0,0,0,0,0,0,0,0,0,0,0,0,32,110
2025,A,121,1,0000000001,0000000929,王威晨,9,先發,5,5,2,2,0,0,0,0,2,0,0,1,0,0,0,0,0,0,0,0,0,0,0,33,120
2025,A,121,1,0000000001,0000001119,許基宏,74,先發,5,3,2,2,0,0,0,0,2,1,0,0,2,0,0,0,0,1,0,0,0,0,0,36,117
2025,A,121,1,0000000001,0000002291,岳東華,98,先發,4,4,2,2,0,0,0,0,2,0,0,1,0,0,0,0,0,0,0,0,0,0,0,22,105
2025,A,121,1,0000000001,0000002297,詹子賢,39,先發,4,4,1,1,0,0,0,0,1,1,0,0,0,0,0,1,0,0,0,0,1,0,0,33,117
2025,A,121,1,0000000001,0000002307,王政順,61,非先發,3,3,0,0,0,0,0,0,0,0,0,0,0,0,0,1,0,0,0,0,0,0,0,15,52
2025,A,121,1,0000000001,0000004636,江坤宇,90,先發,5,4,1,1,0,0,0,0,1,1,0,1,1,0,0,0,0,0,0,0,0,0,0,33,131
2025,A,121,1,0000000001,0000005298,黃韋盛,66,先發,1,1,0,0,0,0,0,0,0,0,0,0,0,0,0,1,0,0,0,0,0,0,0,19,58
2025,A,121,1,0000000001,0000005571,岳政華,92,先發,5,5,3,1,1,0,1,0,7,1,0,2,0,0,0,1,1,0,0,0,0,0,0,14,40
2025,A,121,1,0000000001,0000006224,林吳晉瑋,0,先發,4,4,2,1,0,0,1,0,5,2,1,1,0,0,0,1,0,0,0,0,0,0,1,3,12
2025,A,121,1,0000000001,0000006225,宋晟睿,88,先發,1,1,0,0,0,0,0,0,0,0,0,0,0,0,0,0,0,0,0,0,0,1,0,44,145
2025,A,121,1,0000000001,0000006730,張仁瑋,28,非先發,3,3,1,1,0,0,0,0,1,0,0,0,0,0,0,0,0,0,0,0,0,0,0,3,14
2025,A,121,2,0000000001,0000001804,陳傑憲,24,先發,4,4,1,1,0,0,0,0,1,1,0,0,0,0,0,1,0,0,0,0,0,0,0,37,137
2025,A,121,2,0000000001,0000002275,林安可,77,先發,4,4,2,2,0,0,0,0,2,0,0,1,0,0,0,0,0,0,0,0,0,0,0,18,57
2025,A,121,2,0000000001,0000002289,陳重廷,66,先發,4,4,0,0,0,0,0,0,0,0,0,0,0,0,0,1,0,0,0,0,0,0,0,15,60
2025,A,121,2,0000000001,0000002298,陳重羽,65,先發,4,4,2,2,0,0,0,0,2,1,0,1,0,0,0,0,0,0,0,0,0,0,0,17,70
2025,A,121,2,0000000001,0000002707,潘傑楷,35,先發,4,4,2,2,0,0,0,0,2,0,0,1,0,0,0,0,0,0,0,0,0,0,0,32,114
2025,A,121,2,0000000001,0000005531,邱智呈,14,先發,5,4,2,1,1,0,0,0,3,0,0,1,1,0,0,1,0,0,0,0,0,0,0,40,143
2025,A,121,2,0000000001,0000006223,林子豪,2,先發,4,4,0,0,0,0,0,0,0,0,0,0,0,0,0,0,0,0,0,0,0,0,0,23,101
2025,A,121,2,0000000001,0000007070,林佳緯,20,先發,5,5,1,0,1,0,0,0,2,1,0,0,0,0,0,0,0,0,0,0,0,0,0,35,127
2025,A,121,2,0000000001,0000007268,陳聖平,15,先發,4,4,0,0,0,0,0,0,0,0,0,0,0,0,0,0,0,0,0,0,0,0,0,29,100
2025,A,122,1,0000000001,0000001118,高國麟,98,非先發,2,2,1,1,0,0,0,0,1,0,0,0,0,0,0,1,0,0,0,0,0,0,0,18,83
2025,A,122,1,0000000001,0000002305,王正棠,35,先發,5,4,1,1,0,0,0,0,1,0,0,0,0,0,0,1,0,0,1,0,0,0,0,9,44
2025,A,122,1,0000000001,0000002352,范國宸,46,先發,2,1,0,0,0,0,0,0,0,0,0,0,0,0,1,1,0,0,0,0,0,0,0,18,61
2025,A,122,1,0000000001,0000004622,蕭憶銘,61,非先發,1,1,0,0,0,0,0,0,0,0,0,0,0,0,0,0,0,0,0,0,0,0,0,0,2
2025,A,122,1,0000000001,0000004645,戴培峰,95,先發,4,3,0,0,0,0,0,0,0,0,0,0,1,0,0,2,0,0,0,0,0,0,0,29,94
2025,A,122,1,0000000001,0000005310,陳真,7,先發,4,4,1,0,1,0,0,0,2,0,0,1,0,0,0,1,0,0,0,0,0,0,0,14,67
2025,A,122,1,0000000001,0000005510,林澤彬,2,先發,5,5,2,1,1,0,0,0,3,0,0,0,0,0,0,0,0,1,0,0,0,0,0,15,41
2025,A,122,1,0000000001,0000006737,董子恩,78,先發,4,4,1,0,1,0,0,0,2,1,0,0,0,0,0,0,0,0,0,0,0,0,0,31,118
2025,A,122,1,0000000001,0000006868,周佳樂,77,先發,4,3,0,0,0,0,0,0,0,0,0,0,1,0,0,2,0,0,0,0,0,0,0,17,79
2025,A,122,1,0000000001,0000006909,豊暐,43,先發,3,3,0,0,0,0,0,0,0,0,0,0,0,0,0,0,0,0,0,0,0,0,0,8,38
2025,A,122,1,0000000001,0000007091,高捷,4,先發,4,4,1,1,0,0,0,0,1,0,0,0,0,0,0,1,0,0,0,0,0,0,0,1,11
2025,A,122,2,0000000001,0000000159,成晉,35,先發,4,4,3,2,1,0,0,0,4,0,0,2,0,0,0,0,0,0,0,0,0,0,0,19,75
2025,A,122,2,0000000001,0000001618,林子偉,15,先發,4,4,1,0,0,1,0,0,3,0,0,1,0,0,0,1,0,0,0,0,0,0,0,31,118
2025,A,122,2,0000000001,0000002282,張閔勛,28,先發,4,4,2,1,0,0,1,0,5,3,0,1,0,0,0,0,0,0,0,0,0,0,1,30,89
2025,A,122,2,0000000001,0000003345,林智平,79,先發,4,4,2,2,0,0,0,0,2,1,0,1,0,0,0,0,0,0,0,0,1,1,0,33,107
2025,A,122,2,0000000001,0000003467,林泓育,11,先發,3,3,2,1,1,0,0,0,3,1,1,0,0,0,0,1,0,0,0,0,0,0,0,33,113
2025,A,122,2,0000000001,0000003563,余德龍,36,非先發,1,1,0,0,0,0,0,0,0,0,0,0,0,0,0,0,0,0,0,0,0,0,0,15,58
2025,A,122,2,0000000001,0000004633,陳晨威,98,先發,3,3,1,0,1,0,0,0,2,0,0,0,0,0,0,1,0,0,0,0,0,0,0,47,138
2025,A,122,2,0000000001,0000006235,林政華,65,先發,4,4,1,1,0,0,0,0,1,0,0,1,0,0,0,1,0,0,0,0,0,1,0,27,90
2025,A,122,2,0000000001,0000006240,馬傑森,94,先發,4,4,0,0,0,0,0,0,0,0,0,0,0,0,0,0,0,0,0,0,0,0,0,12,80
2025,A,122,2,0000000001,0000006858,陳佳樂,8,非先發,1,1,0,0,0,0,0,0,0,0,0,0,0,0,0,0,0,0,0,0,0,0,0,0,6
2025,A,122,2,0000000001,0000007076,李勛傑,95,先發,4,4,2,1,1,0,0,0,3,1,0,0,0,0,0,1,0,0,0,0,0,0,0,6,23
2025,A,122,2,0000000001,0000007313,曾冠傑,55,非先發,0,0,0,0,0,0,0,0,0,0,0,0,0,0,0,0,0,0,0,0,0,0,0,5,32
2025,A,123,1,0000000001,0000000929,王威晨,9,先發,5,4,2,1,1,0,0,0,3,1,1,0,1,0,0,1,0,0,0,0,0,0,1,35,124
2025,A,123,1,0000000001,0000001119,許基宏,74,先發,5,3,1,1,0,0,0,0,1,1,0,1,1,0,0,0,0,0,0,1,0,0,0,37,120
2025,A,123,1,0000000001,0000002285,高宇杰,65,先發,4,3,1,1,0,0,0,0,1,0,0,0,0,0,0,0,0,0,1,0,1,0,0,25,117
2025,A,123,1,0000000001,0000002291,岳東華,98,先發,4,4,2,2,0,0,0,0,2,0,0,0,0,0,0,2,0,0,0,0,0,0,0,24,109
2025,A,123,1,0000000001,0000002297,詹子賢,39,先發,5,5,1,1,0,0,0,0,1,0,0,1,0,0,0,1,0,0,0,0,1,0,0,34,122
2025,A,123,1,0000000001,0000004636,江坤宇,90,先發,5,3,0,0,0,0,0,0,0,0,0,1,1,0,0,1,0,0,1,0,0,0,0,33,134
2025,A,123,1,0000000001,0000005298,黃韋盛,66,先發,5,5,2,2,0,0,0,0,2,2,0,0,0,0,0,2,0,0,0,0,0,0,0,21,63
2025,A,123,1,0000000001,0000005571,岳政華,92,先發,5,5,0,0,0,0,0,0,0,0,0,1,0,0,0,1,0,0,0,0,0,0,0,14,45
2025,A,123,1,0000000001,0000006225,宋晟睿,88,先發,4,4,1,1,0,0,0,0,1,0,0,0,0,0,0,1,0,0,0,0,0,0,0,45,149
2025,A,123,1,0000000001,0000006730,張仁瑋,28,非先發,0,0,0,0,0,0,0,0,0,0,0,0,0,0,0,0,0,0,0,0,0,0,0,3,14
2025,A,123,2,0000000001,0000000935,王柏融,9,先發,4,4,0,0,0,0,0,0,0,0,0,0,0,0,0,0,0,0,0,0,0,0,0,38,139
2025,A,123,2,0000000001,0000001291,郭阜林,59,先發,4,4,0,0,0,0,0,0,0,0,0,1,0,0,0,2,0,0,0,0,0,1,0,24,90
2025,A,123,2,0000000001,0000003533,藍寅倫,88,先發,4,4,0,0,0,0,0,0,0,0,0,0,0,0,0,0,0,0,0,0,0,0,0,15,76
2025,A,123,2,0000000001,0000005340,王博玄,6,先發,4,4,1,1,0,0,0,0,1,0,0,1,0,0,0,0,0,1,0,0,0,0,0,33,126
2025,A,123,2,0000000001,0000006211,張肇元,29,先發,4,4,2,2,0,0,0,0,2,1,0,0,0,0,0,1,0,0,0,0,0,0,0,30,117
2025,A,123,2,0000000001,0000006927,曾子祐,1,先發,4,4,1,1,0,0,0,0,1,0,0,0,0,0,0,1,0,0,0,0,0,0,0,39,147
2025,A,123,2,0000000001,0000006928,林家鋐,16,先發,1,1,0,0,0,0,0,0,0,0,0,0,0,0,0,0,0,0,0,0,0,0,0,21,83
2025,A,123,2,0000000001,0000006929,紀慶然,24,先發,4,3,1,1,0,0,0,0,1,1,0,0,1,0,0,0,0,1,0,0,0,0,0,24,100
2025,A,123,2,0000000001,0000006930,黃秉揚,25,非先發,3,2,1,1,0,0,0,0,1,0,0,0,1,0,0,1,1,1,0,0,0,0,0,1,5
2025,A,123,2,0000000001,0000007239,魔鷹,94,先發,4,4,1,1,0,0,0,0,1,0,0,1,0,0,0,1,0,0,0,0,0,0,0,30,100
2025,A,124,1,0000000001,0000001804,陳傑憲,24,先發,5,3,1,1,0,0,0,0,1,0,0,1,2,0,0,0,0,0,0,0,0,0,0,38,140
2025,A,124,1,0000000001,0000002275,林安可,77,先發,4,4,2,0,1,0,1,0,6,3,0,1,0,0,0,1,0,0,0,0,0,0,0,20,61
2025,A,124,1,0000000001,0000002298,陳重羽,65,先發,4,4,1,0,1,0,0,0,2,0,0,0,0,0,0,0,0,0,0,0,0,0,0,18,74
2025,A,124,1,0000000001,0000002661,陳鏞基,13,先發,4,4,2,2,0,0,0,0,2,0,0,1,0,0,0,1,0,0,0,0,0,0,0,14,49
2025,A,124,1,0000000001,0000002707,潘傑楷,35,先發,4,4,0,0,0,0,0,0,0,0,0,0,0,0,0,0,0,0,0,0,0,0,0,32,118
2025,A,124,1,0000000001,0000004642,林靖凱,64,先發,4,3,1,0,0,0,1,0,4,1,0,1,1,0,0,1,0,0,0,0,0,0,0,23,82
2025,A,124,1,0000000001,0000005306,許哲晏,10,非先發,0,0,0,0,0,0,0,0,0,0,0,0,0,0,0,0,0,0,0,0,0,0,0,11,55
2025,A,124,1,0000000001,0000005531,邱智呈,14,先發,5,5,1,1,0,0,0,0,1,0,0,0,0,0,0,1,0,0,0,0,0,0,0,41,148
2025,A,124,1,0000000001,0000006223,林子豪,2,非先發,1,1,0,0,0,0,0,0,0,0,0,0,0,0,0,0,0,0,0,0,0,0,0,23,102
2025,A,124,1,0000000001,0000007070,林佳緯,20,先發,5,5,0,0,0,0,0,0,0,0,0,0,0,0,0,4,0,0,0,0,0,0,0,35,132
2025,A,124,1,0000000001,0000007268,陳聖平,15,先發,4,3,0,0,0,0,0,0,0,0,0,0,1,0,0,1,0,0,0,0,0,0,0,29,103
2025,A,124,2,0000000001,0000000362,申皓瑋,29,先發,5,3,2,2,0,0,0,0,2,2,0,0,2,0,0,0,0,0,0,0,0,0,0,39,123
2025,A,124,2,0000000001,0000001118,高國麟,98,先發,5,3,1,0,1,0,0,0,2,1,0,1,2,0,0,0,0,0,0,0,0,0,0,19,86
2025,A,124,2,0000000001,0000002305,王正棠,35,先發,5,4,3,2,1,0,0,0,4,2,0,0,0,0,1,0,0,1,0,0,0,0,1,12,48
2025,A,124,2,0000000001,0000002352,范國宸,46,先發,5,5,2,2,0,0,0,0,2,0,0,0,0,0,0,1,0,0,0,0,0,0,0,20,66
2025,A,124,2,0000000001,0000004645,戴培峰,95,先發,5,5,1,1,0,0,0,0,1,0,0,1,0,0,0,0,0,0,0,0,0,0,0,30,99
2025,A,124,2,0000000001,0000005310,陳真,7,先發,4,2,1,1,0,0,0,0,1,1,0,1,2,0,0,1,0,0,0,0,0,0,0,15,69
2025,A,124,2,0000000001,0000005510,林澤彬,2,先發,5,3,1,1,0,0,0,0,1,1,1,2,2,0,0,0,0,0,0,0,0,1,0,16,44
2025,A,124,2,0000000001,0000006737,董子恩,78,先發,4,4,2,2,0,0,0,0,2,0,0,1,0,0,0,0,0,0,0,0,0,0,0,33,122
2025,A,124,2,0000000001,0000006868,周佳樂,77,非先發,1,1,1,1,0,0,0,0,1,0,0,0,0,0,0,0,0,0,0,0,0,0,0,18,80
2025,A,124,2,0000000001,0000007091,高捷,4,先發,5,5,1,0,0,0,1,0,4,1,0,2,0,0,0,0,0,0,0,0,1,0,0,2,16
2025,A,125,1,0000000001,0000000929,王威晨,9,先發,4,4,2,2,0,0,0,0,2,0,0,0,0,0,0,0,0,0,0,0,1,0,0,37,128
2025,A,125,1,0000000001,0000001119,許基宏,74,先發,4,1,0,0,0,0,0,0,0,0,0,0,3,0,0,0,0,0,0,0,0,0,0,37,121
2025,A,125,1,0000000001,0000002285,高宇杰,65,先發,3,3,0,0,0,0,0,0,0,0,0,0,0,0,0,1,0,0,0,0,0,0,0,25,120
2025,A,125,1,0000000001,0000002291,岳東華,98,先發,4,3,1,0,1,0,0,0,2,2,0,0,1,0,0,0,0,0,0,0,0,0,0,25,112
2025,A,125,1,0000000001,0000002307,王政順,61,非先發,1,1,0,0,0,0,0,0,0,0,0,0,0,0,0,0,0,0,0,0,1,0,0,15,53
2025,A,125,1,0000000001,0000003183,張志豪,7,先發,4,4,1,1,0,0,0,0,1,0,0,1,0,0,0,1,0,0,0,0,0,0,0,13,56
2025,A,125,1,0000000001,0000004636,江坤宇,90,先發,4,4,1,1,0,0,0,0,1,0,0,0,0,0,0,1,0,0,0,0,0,0,0,34,138
2025,A,125,1,0000000001,0000005298,黃韋盛,66,先發,4,4,1,1,0,0,0,0,1,0,0,1,0,0,0,2,0,0,0,0,0,0,0,22,67
2025,A,125,1,0000000001,0000005571,岳政華,92,先發,4,3,0,0,0,0,0,0,0,0,0,0,1,0,0,1,0,1,0,0,0,0,0,14,48
2025,A,125,1,0000000001,0000006225,宋晟睿,88,先發,4,4,1,1,0,0,0,0,1,0,0,0,0,0,0,1,0,0,0,0,0,0,0,46,153
2025,A,125,1,0000000001,0000006730,張仁瑋,28,非先發,0,0,0,0,0,0,0,0,0,0,0,0,0,0,0,0,0,0,0,0,0,0,0,3,14
2025,A,125,2,0000000001,0000001291,郭阜林,59,先發,4,4,2,2,0,0,0,0,2,0,0,0,0,0,0,1,0,0,0,0,0,0,0,26,94
2025,A,125,2,0000000001,0000004643,胡冠俞,43,先發,3,3,1,0,1,0,0,0,2,1,1,0,0,0,0,0,0,0,0,0,0,0,1,8,29
2025,A,125,2,0000000001,0000005340,王博玄,6,先發,3,3,1,1,0,0,0,0,1,0,0,0,0,0,0,0,0,0,0,0,0,0,0,34,129
2025,A,125,2,0000000001,0000006211,張肇元,29,先發,2,2,0,0,0,0,0,0,0,0,0,0,0,0,0,1,0,0,0,0,0,0,0,30,119
2025,A,125,2,0000000001,0000006926,陳致嘉,33,非先發,1,1,0,0,0,0,0,0,0,0,0,0,0,0,0,0,0,0,0,0,0,0,0,2,21
2025,A,125,2,0000000001,0000006927,曾子祐,1,先發,4,4,0,0,0,0,0,0,0,0,0,0,0,0,0,1,0,0,0,0,0,0,0,39,151
2025,A,125,2,0000000001,0000006929,紀慶然,24,先發,3,3,0,0,0,0,0,0,0,0,0,1,0,0,0,1,0,0,0,0,0,0,0,24,103
2025,A,125,2,0000000001,0000006930,黃秉揚,25,先發,4,4,1,0,1,0,0,0,2,0,0,1,0,0,0,1,0,0,0,0,0,0,0,2,9
2025,A,125,2,0000000001,0000006936,高聖恩,50,先發,3,3,1,0,1,0,0,0,2,1,0,1,0,0,0,0,0,0,0,0,0,0,0,1,13
2025,A,125,2,0000000001,0000007239,魔鷹,94,先發,4,4,1,1,0,0,0,0,1,1,0,0,0,0,0,1,0,0,0,0,0,0,0,31,104
2025,A,126,1,0000000002,0000001339,林祖傑,39,先發,2,2,0,0,0,0,0,0,0,0,0,0,0,0,0,0,0,0,0,0,0,0,0,6,21
2025,A,126,1,0000000002,0000001606,林岱安,31,先發,4,4,1,1,0,0,0,0,1,0,0,0,0,0,0,0,0,0,0,0,0,0,0,24,99
2025,A,126,1,0000000002,0000001804,陳傑憲,24,先發,4,4,1,1,0,0,0,0,1,0,0,0,0,0,0,0,0,0,0,0,0,0,0,52,188
2025,A,126,1,0000000002,0000002275,林安可,77,先發,4,4,1,1,0,0,0,0,1,0,0,0,0,0,0,0,0,0,0,0,0,0,0,38,103
2025,A,126,1,0000000002,0000002289,陳重廷,66,非先發,1,1,1,1,0,0,0,0,1,0,0,0,0,0,0,0,0,0,0,0,0,0,0,19,77
2025,A,126,1,0000000002,0000002661,陳鏞基,13,先發,3,2,0,0,0,0,0,0,0,0,0,0,1,0,0,1,0,0,0,0,0,0,0,23,82
2025,A,126,1,0000000002,0000002707,潘傑楷,35,先發,4,4,1,1,0,0,0,0,1,0,0,0,0,0,0,1,0,0,0,0,1,0,0,48,171
2025,A,126,1,0000000002,0000005531,邱智呈,14,先發,4,3,0,0,0,0,0,0,0,0,0,0,1,0,0,1,0,0,0,0,0,0,0,54,206
2025,A,126,1,0000000002,0000006223,林子豪,2,非先發,1,1,0,0,0,0,0,0,0,0,0,0,0,0,0,1,0,0,0,0,0,0,0,34,138
2025,A,126,1,0000000002,0000007070,林佳緯,20,先發,4,4,1,1,0,0,0,0,1,0,0,0,0,0,0,0,0,0,0,0,0,0,0,58,200
2025,A,126,1,0000000002,0000007268,陳聖平,15,先發,4,4,1,1,0,0,0,0,1,0,0,0,0,0,0,0,0,0,0,0,0,0,0,34,142
2025,A,126,2,0000000002,0000002352,范國宸,46,先發,4,4,1,0,0,0,1,0,4,2,0,1,0,0,0,1,0,0,0,0,0,0,0,40,136
2025,A,126,2,0000000002,0000004645,戴培峰,95,先發,4,2,0,0,0,0,0,0,0,0,0,1,2,0,0,0,0,0,0,0,0,0,0,37,140
2025,A,126,2,0000000002,0000005310,陳真,7,先發,4,4,2,2,0,0,0,0,2,1,0,0,0,0,0,0,0,0,0,0,0,0,0,22,97
2025,A,126,2,0000000002,0000005510,林澤彬,2,先發,4,4,1,1,0,0,0,0,1,0,0,1,0,0,0,1,0,0,0,0,0,0,0,41,118
2025,A,126,2,0000000002,0000006738,孔念恩,82,先發,4,4,0,0,0,0,0,0,0,0,0,0,0,0,0,3,0,0,0,0,0,0,0,20,92
2025,A,126,2,0000000002,0000006872,林岳谷,62,先發,4,4,1,1,0,0,0,0,1,0,0,1,0,0,0,0,1,0,0,0,0,0,0,15,60
2025,A,126,2,0000000002,0000006909,豊暐,43,先發,3,2,0,0,0,0,0,0,0,0,0,0,1,0,0,0,0,0,0,0,0,0,0,16,62
2025,A,126,2,0000000002,0000007031,林莛淯,9,先發,3,2,0,0,0,0,0,0,0,0,0,0,0,0,0,0,0,0,1,0,0,0,0,1,7
2025,A,126,2,0000000002,0000007091,高捷,4,先發,4,4,1,0,0,1,0,0,3,2,1,1,0,0,0,2,0,0,0,0,0,0,0,19,81
2025,A,127,1,0000000001,0000000356,石翔宇,72,非先發,1,1,0,0,0,0,0,0,0,0,0,0,0,0,0,0,0,0,0,0,0,0,0,0,1
2025,A,127,1,0000000001,0000000743,陳子豪,1,先發,5,4,0,0,0,0,0,0,0,0,0,0,1,0,0,1,0,0,0,0,0,0,0,34,129
2025,A,127,1,0000000001,0000001318,朱育賢,11,先發,5,5,1,1,0,0,0,0,1,1,0,0,0,0,0,1,0,0,0,0,1,1,0,26,95
2025,A,127,1,0000000001,0000003343,郭嚴文,6,先發,4,4,0,0,0,0,0,0,0,0,0,0,0,0,0,1,0,0,0,0,0,0,0,24,96
2025,A,127,1,0000000001,0000003625,吉力吉撈．鞏冠,4,先發,3,3,1,0,0,0,1,0,4,1,0,1,0,0,0,1,0,0,0,0,0,0,0,35,140
2025,A,127,1,0000000001,0000005291,蔣少宏,63,先發,4,4,1,0,1,0,0,0,2,0,0,1,0,0,0,1,0,0,0,0,0,0,0,18,81
2025,A,127,1,0000000001,0000005540,李凱威,21,先發,5,4,2,2,0,0,0,0,2,2,0,1,1,0,0,0,1,0,0,0,0,0,0,44,148
2025,A,127,1,0000000001,0000005542,張政禹,25,非先發,1,1,0,0,0,0,0,0,0,0,0,0,0,0,0,0,0,0,0,0,0,0,0,32,111
2025,A,127,1,0000000001,0000005545,劉基鴻,46,先發,4,4,2,1,0,0,1,0,5,1,0,1,0,0,0,1,0,0,0,0,0,0,0,35,142
2025,A,127,1,0000000001,0000005546,拿莫．伊漾,57,非先發,0,0,0,0,0,0,0,0,0,0,0,0,0,0,0,0,0,0,0,0,0,0,0,3,12
2025,A,127,1,0000000001,0000005549,郭天信,2,先發,5,4,0,0,0,0,0,0,0,0,0,0,0,0,0,0,0,0,1,0,0,0,0,41,133
2025,A,127,1,0000000001,0000006216,王順和,24,非先發,1,1,1,1,0,0,0,0,1,0,0,0,0,0,0,0,0,0,0,0,0,0,0,13,47
2025,A,127,1,0000000001,0000006879,冉承霖,82,非先發,0,0,0,0,0,0,0,0,0,0,0,0,0,0,0,0,0,0,0,0,0,0,0,0,6
2025,A,127,1,0000000001,0000007079,劉俊緯,23,先發,2,2,1,1,0,0,0,0,1,0,0,1,0,0,0,1,0,0,0,0,0,1,0,18,66
2025,A,127,2,0000000001,0000000159,成晉,35,先發,5,5,1,1,0,0,0,0,1,0,0,0,0,0,0,0,0,0,0,0,0,0,0,20,80
2025,A,127,2,0000000001,0000001286,馮健庭,45,非先發,1,0,0,0,0,0,0,0,0,0,0,0,0,0,0,0,0,0,1,0,0,0,0,5,22
2025,A,127,2,0000000001,0000001618,林子偉,15,先發,3,3,0,0,0,0,0,0,0,0,0,0,0,0,0,1,0,0,0,0,0,0,0,31,121
2025,A,127,2,0000000001,0000002282,張閔勛,28,先發,5,5,1,1,0,0,0,0,1,0,0,0,0,0,0,1,0,0,0,0,0,0,0,31,94
2025,A,127,2,0000000001,0000002286,林立,39,先發,5,5,1,1,0,0,0,0,1,0,0,1,0,0,0,3,0,0,0,0,0,0,0,31,83
2025,A,127,2,0000000001,0000003345,林智平,79,先發,5,5,3,2,1,0,0,0,4,2,0,0,0,0,0,0,0,0,0,0,0,0,0,36,112
2025,A,127,2,0000000001,0000003467,林泓育,11,非先發,1,1,1,1,0,0,0,0,1,1,0,0,0,0,0,0,0,0,0,0,0,0,0,34,114
2025,A,127,2,0000000001,0000003563,余德龍,36,非先發,0,0,0,0,0,0,0,0,0,0,0,1,0,0,0,0,0,0,0,0,0,0,0,15,58
2025,A,127,2,0000000001,0000004633,陳晨威,98,先發,5,5,1,1,0,0,0,0,1,1,0,1,0,0,0,1,0,0,0,0,1,0,0,48,143
2025,A,127,2,0000000001,0000006235,林政華,65,先發,4,2,1,0,1,0,0,0,2,0,0,1,1,0,1,0,0,0,0,0,0,0,0,28,92
2025,A,127,2,0000000001,0000006240,馬傑森,94,先發,4,3,1,1,0,0,0,0,1,0,0,1,0,0,0,0,0,0,1,0,0,0,0,13,83
2025,A,127,2,0000000001,0000007076,李勛傑,95,先發,5,5,3,2,1,0,0,0,4,1,1,1,0,0,0,0,0,0,0,0,0,0,1,9,28
2025,A,128,1,0000000001,0000002305,王正棠,35,先發,6,5,1,1,0,0,0,0,1,0,0,0,1,0,0,1,0,0,0,0,0,0,0,13,53
2025,A,128,1,0000000001,0000002352,范國宸,46,先發,5,5,3,0,2,0,1,0,8,3,0,1,0,0,0,1,0,0,0,0,0,0,0,23,71
2025,A,128,1,0000000001,0000004645,戴培峰,95,先發,6,6,2,2,0,0,0,0,2,1,0,1,0,0,0,0,0,0,0,0,0,0,0,32,105
2025,A,128,1,0000000001,0000005310,陳真,7,先發,5,4,1,0,1,0,0,0,2,0,0,0,0,0,1,2,0,0,0,0,0,0,0,16,73
2025,A,128,1,0000000001,0000005510,林澤彬,2,先發,6,5,3,2,1,0,0,0,4,2,0,1,0,0,0,1,0,0,0,1,0,1,0,19,49
2025,A,128,1,0000000001,0000006737,董子恩,78,先發,5,2,1,1,0,0,0,0,1,1,0,0,2,0,0,0,0,0,1,0,0,0,0,34,124
2025,A,128,1,0000000001,0000006743,劉俊豪,85,非先發,0,0,0,0,0,0,0,0,0,0,0,0,0,0,0,0,0,0,0,0,0,0,0,2,15
2025,A,128,1,0000000001,0000006868,周佳樂,77,非先發,1,1,0,0,0,0,0,0,0,0,0,0,0,0,0,0,0,0,0,0,0,1,0,18,81
2025,A,128,1,0000000001,0000007091,高捷,4,先發,5,5,3,2,1,0,0,0,4,0,0,3,0,0,0,0,0,0,0,0,0,0,0,5,21
2025,A,128,2,0000000001,0000001291,郭阜林,59,先發,3,3,1,1,0,0,0,0,1,0,0,1,0,0,0,0,0,0,0,0,0,0,0,27,97
2025,A,128,2,0000000001,0000003533,藍寅倫,88,非先發,2,2,1,1,0,0,0,0,1,1,0,0,0,0,0,1,0,0,0,0,0,0,0,16,78
2025,A,128,2,0000000001,0000004643,胡冠俞,43,先發,4,4,1,1,0,0,0,0,1,0,0,1,0,0,0,2,0,0,0,0,0,0,0,9,33
2025,A,128,2,0000000001,0000005340,王博玄,6,先發,4,4,2,2,0,0,0,0,2,1,0,0,0,0,0,1,0,0,0,0,1,0,0,36,133
2025,A,128,2,0000000001,0000006924,廖奕安,27,非先發,2,2,1,1,0,0,0,0,1,0,0,1,0,0,0,1,0,0,0,0,0,0,0,1,5
2025,A,128,2,0000000001,0000006926,陳致嘉,33,先發,2,2,0,0,0,0,0,0,0,0,0,0,0,0,0,0,0,0,0,0,0,0,0,2,23
2025,A,128,2,0000000001,0000006927,曾子祐,1,先發,5,5,3,3,0,0,0,0,3,0,0,2,0,0,0,1,0,0,0,0,0,0,0,42,156
2025,A,128,2,0000000001,0000006929,紀慶然,24,先發,2,2,0,0,0,0,0,0,0,0,0,0,0,0,0,0,0,0,0,0,0,0,0,24,105
2025,A,128,2,0000000001,0000006930,黃秉揚,25,先發,4,2,0,0,0,0,0,0,0,1,0,0,0,0,0,1,0,0,1,1,0,0,0,2,11
2025,A,128,2,0000000001,0000006936,高聖恩,50,先發,4,4,1,0,1,0,0,0,2,0,0,0,0,0,0,1,0,0,0,0,0,0,0,2,17
2025,A,128,2,0000000001,0000006940,葉保弟,73,非先發,2,2,0,0,0,0,0,0,0,0,0,0,0,0,0,0,0,0,0,0,0,0,0,3,16
2025,A,128,2,0000000001,0000007239,魔鷹,94,先發,4,4,3,3,0,0,0,0,3,2,0,0,0,0,0,0,0,0,0,0,0,0,0,34,108
2025,A,128,2,0000000001,0000007302,宋柏翰,64,非先發,1,1,0,0,0,0,0,0,0,0,0,0,0,0,0,1,0,0,0,0,0,0,0,0,6
2025,A,128,1,0000000001,0000000361,張洺瑀,33,先發,4,4,1,1,0,0,0,0,1,0,0,0,0,0,0,2,0,0,0,0,0,0,0,6,34
2025,A,128,1,0000000001,0000000362,申皓瑋,29,先發,6,5,3,1,0,0,2,0,9,2,1,3,1,0,0,1,0,0,0,0,0,0,1,42,128
2025,A,129,1,0000000001,0000000159,成晉,35,先發,4,4,1,1,0,0,0,0,1,0,0,1,0,0,0,0,0,0,0,0,0,0,0,21,84
2025,A,129,1,0000000001,0000001286,馮健庭,45,非先發,0,0,0,0,0,0,0,0,0,0,0,0,0,0,0,0,0,0,0,0,0,0,0,5,22
2025,A,129,1,0000000001,0000001618,林子偉,15,先發,3,3,0,0,0,0,0,0,0,0,0,0,0,0,0,3,0,0,0,0,0,0,0,31,124
2025,A,129,1,0000000001,0000002282,張閔勛,28,先發,4,4,2,2,0,0,0,0,2,1,0,0,0,0,0,0,0,0,0,0,0,0,0,33,98
2025,A,129,1,0000000001,0000002286,林立,39,先發,4,3,0,0,0,0,0,0,0,0,0,1,1,0,0,1,0,0,0,0,0,0,0,31,86
2025,A,129,1,0000000001,0000003345,林智平,79,先發,4,4,2,2,0,0,0,0,2,2,0,0,0,0,0,2,0,0,0,0,0,0,0,38,116
2025,A,129,1,0000000001,0000003467,林泓育,11,非先發,1,1,0,0,0,0,0,0,0,0,0,0,0,0,0,1,0,0,0,0,0,0,0,34,115
2025,A,129,1,0000000001,0000004633,陳晨威,98,先發,4,4,1,1,0,0,0,0,1,0,0,1,0,0,0,0,0,0,0,0,0,0,0,49,147
2025,A,129,1,0000000001,0000006235,林政華,65,先發,4,4,1,1,0,0,0,0,1,0,0,0,0,0,0,2,0,0,0,0,0,0,0,29,96
2025,A,129,1,0000000001,0000006240,馬傑森,94,先發,3,3,1,1,0,0,0,0,1,0,0,0,0,0,0,0,0,0,0,0,0,0,0,14,86
2025,A,129,1,0000000001,0000006714,鍾玉成,97,非先發,1,1,0,0,0,0,0,0,0,0,0,0,0,0,0,0,0,0,0,0,0,0,0,0,1
2025,A,129,1,0000000001,0000006854,宋嘉翔,2,非先發,0,0,0,0,0,0,0,0,0,0,0,0,0,0,0,0,0,0,0,0,0,0,0,10,33
2025,A,129,1,0000000001,0000006858,陳佳樂,8,非先發,1,1,0,0,0,0,0,0,0,0,0,0,0,0,0,1,0,0,0,0,0,0,0,0,7
2025,A,129,1,0000000001,0000007076,李勛傑,95,先發,3,3,0,0,0,0,0,0,0,0,0,0,0,0,0,2,0,0,0,0,0,0,0,9,31
2025,A,129,2,0000000001,0000001606,林岱安,31,先發,4,4,2,2,0,0,0,0,2,0,0,1,0,0,0,0,0,0,0,0,0,0,0,20,71
2025,A,129,2,0000000001,0000001804,陳傑憲,24,先發,5,5,2,1,1,0,0,0,3,1,1,0,0,0,0,0,0,0,0,0,0,0,0,40,145
2025,A,129,2,0000000001,0000002275,林安可,77,先發,4,4,1,1,0,0,0,0,1,0,0,1,0,0,0,2,0,0,0,0,0,0,0,21,65
2025,A,129,2,0000000001,0000002661,陳鏞基,13,先發,4,4,2,1,0,0,1,0,5,2,0,1,0,0,0,1,1,0,0,0,0,0,1,16,53
2025,A,129,2,0000000001,0000004642,林靖凱,64,先發,4,3,2,2,0,0,0,0,2,1,0,0,0,0,0,0,0,0,1,0,0,0,0,25,85
2025,A,129,2,0000000001,0000006223,林子豪,2,先發,4,4,2,1,1,0,0,0,3,0,0,2,0,0,0,0,0,0,0,0,0,0,0,25,106
2025,A,129,2,0000000001,0000006847,田子杰,49,先發,4,4,1,1,0,0,0,0,1,1,0,0,0,0,0,0,0,0,0,0,0,0,0,1,4
2025,A,129,2,0000000001,0000007070,林佳緯,20,先發,5,5,1,1,0,0,0,0,1,2,0,1,0,0,0,1,1,0,0,0,0,0,0,36,137
2025,A,129,2,0000000001,0000007268,陳聖平,15,先發,4,4,1,1,0,0,0,0,1,1,0,2,0,0,0,0,0,0,0,0,0,0,0,30,107
2025,A,130,1,0000000001,0000006879,冉承霖,82,先發,3,2,0,0,0,0,0,0,0,0,0,0,1,0,0,1,1,0,0,0,1,0,0,0,8
2025,A,130,1,0000000001,0000007079,劉俊緯,23,先發,5,5,2,2,0,0,0,0,2,0,0,0,0,0,0,1,0,0,0,0,0,0,0,20,71
2025,A,130,2,0000000001,0000000929,王威晨,9,非先發,1,0,0,0,0,0,0,0,0,0,0,1,1,0,0,0,0,0,0,0,0,0,0,37,128
2025,A,130,2,0000000001,0000001119,許基宏,74,先發,4,4,2,1,0,0,1,1,5,4,1,1,0,0,0,0,0,0,0,0,0,0,1,39,125
2025,A,130,2,0000000001,0000002285,高宇杰,65,先發,4,3,2,2,0,0,0,0,2,0,0,1,1,0,0,0,0,0,0,0,0,0,0,27,123
2025,A,130,2,0000000001,0000002291,岳東華,98,先發,4,2,1,1,0,0,0,0,1,0,0,2,2,0,0,0,1,0,0,0,0,0,0,26,114
2025,A,130,2,0000000001,0000002297,詹子賢,39,先發,4,4,1,1,0,0,0,0,1,0,0,0,0,0,0,1,0,0,0,0,0,0,0,35,126
2025,A,130,2,0000000001,0000003183,張志豪,7,非先發,0,0,0,0,0,0,0,0,0,0,0,0,0,0,0,0,0,0,0,0,0,0,0,13,56
2025,A,130,2,0000000001,0000003609,陳俊秀,29,先發,4,4,0,0,0,0,0,0,0,0,0,0,0,0,0,0,0,0,0,0,0,0,0,17,81
2025,A,130,2,0000000001,0000004636,江坤宇,90,先發,4,3,0,0,0,0,0,0,0,0,0,0,0,0,1,1,0,0,0,0,0,0,0,34,141
2025,A,130,2,0000000001,0000005298,黃韋盛,66,先發,4,4,0,0,0,0,0,0,0,0,0,0,0,0,0,1,0,0,0,0,0,0,0,22,71
2025,A,130,2,0000000001,0000005571,岳政華,92,先發,4,4,2,2,0,0,0,0,2,1,0,1,0,0,0,1,1,0,0,0,0,0,0,16,52
2025,A,130,2,0000000001,0000006225,宋晟睿,88,先發,3,3,0,0,0,0,0,0,0,0,0,0,0,0,0,1,0,0,0,0,1,0,0,46,156
2025,A,130,1,0000000001,0000000743,陳子豪,1,先發,5,3,0,0,0,0,0,0,0,0,0,0,2,0,0,1,0,0,0,0,0,0,0,34,132
2025,A,130,1,0000000001,0000001318,朱育賢,11,先發,4,4,3,2,0,0,1,0,6,2,0,1,0,0,0,0,0,0,0,0,0,0,0,29,99
2025,A,130,1,0000000001,0000003343,郭嚴文,6,非先發,1,1,0,0,0,0,0,0,0,0,0,0,0,0,0,0,0,0,0,0,0,0,0,24,97
2025,A,130,1,0000000001,0000003625,吉力吉撈．鞏冠,4,先發,5,4,0,0,0,0,0,0,0,0,0,0,0,0,1,2,0,0,0,0,0,0,0,35,144
2025,A,130,1,0000000001,0000005291,蔣少宏,63,先發,4,4,1,0,0,0,1,0,4,1,0,1,0,0,0,2,0,0,0,0,0,1,0,19,85
2025,A,130,1,0000000001,0000005540,李凱威,21,先發,5,4,1,1,0,0,0,0,1,0,0,1,1,0,0,0,0,0,0,0,0,0,0,45,152
2025,A,130,1,0000000001,0000005545,劉基鴻,46,先發,5,3,0,0,0,0,0,0,0,0,0,0,2,0,0,1,0,0,0,0,0,0,0,35,145
2025,A,130,1,0000000001,0000005546,拿莫．伊漾,57,非先發,1,1,0,0,0,0,0,0,0,0,0,0,0,0,0,0,0,0,0,0,0,0,0,3,13
2025,A,130,1,0000000001,0000005549,郭天信,2,先發,4,4,2,1,0,0,1,0,5,1,0,1,0,0,0,0,0,0,0,0,0,0,0,43,137
2025,A,130,1,0000000001,0000006216,王順和,24,非先發,0,0,0,0,0,0,0,0,0,0,0,0,0,0,0,0,0,0,0,0,0,0,0,13,47
2025,A,131,1,0000000001,0000000361,張洺瑀,33,非先發,1,1,0,0,0,0,0,0,0,0,0,0,0,0,0,1,0,0,0,0,0,0,0,6,35
2025,A,131,1,0000000001,0000000362,申皓瑋,29,先發,1,1,0,0,0,0,0,0,0,0,0,0,0,0,0,0,0,0,0,0,0,0,0,42,129
2025,A,131,1,0000000001,0000001118,高國麟,98,先發,1,1,0,0,0,0,0,0,0,0,0,0,0,0,0,0,0,0,0,0,0,0,0,19,87
2025,A,131,1,0000000001,0000002305,王正棠,35,先發,3,2,0,0,0,0,0,0,0,0,0,0,0,0,1,0,0,0,0,0,0,0,0,13,55
2025,A,131,1,0000000001,0000002352,范國宸,46,先發,3,3,1,0,1,0,0,0,2,0,0,0,0,0,0,0,0,0,0,0,1,0,0,24,74
2025,A,131,1,0000000001,0000004622,蕭憶銘,61,非先發,1,1,0,0,0,0,0,0,0,0,0,0,0,0,0,0,0,0,0,0,0,0,0,0,3
2025,A,131,1,0000000001,0000004645,戴培峰,95,先發,2,2,0,0,0,0,0,0,0,0,0,0,0,0,0,1,0,0,0,0,0,0,0,32,107
2025,A,131,1,0000000001,0000005510,林澤彬,2,先發,3,3,1,1,0,0,0,0,1,0,0,0,0,0,0,1,0,0,0,0,0,0,0,20,52
2025,A,131,1,0000000001,0000006737,董子恩,78,先發,3,2,0,0,0,0,0,0,0,0,0,0,1,0,0,0,0,0,0,0,1,0,0,34,126
2025,A,131,1,0000000001,0000006738,孔念恩,82,先發,3,3,0,0,0,0,0,0,0,0,0,0,0,0,0,1,0,0,0,0,0,1,0,16,64
2025,A,131,1,0000000001,0000006743,劉俊豪,85,非先發,3,3,1,1,0,0,0,0,1,0,0,0,0,0,0,1,0,0,0,0,0,0,0,3,18
2025,A,131,1,0000000001,0000006868,周佳樂,77,非先發,3,2,0,0,0,0,0,0,0,0,0,0,1,0,0,1,0,0,0,0,0,0,0,18,83
2025,A,131,1,0000000001,0000006909,豊暐,43,非先發,2,1,0,0,0,0,0,0,0,0,0,0,1,0,0,0,0,0,0,0,0,0,0,8,39
2025,A,131,1,0000000001,0000007091,高捷,4,先發,4,3,1,1,0,0,0,0,1,0,0,0,1,0,0,0,0,0,0,0,0,0,0,6,24
2025,A,131,1,0000000001,0000007297,楊泯貽,63,非先發,1,1,0,0,0,0,0,0,0,0,0,0,0,0,0,0,0,0,0,0,0,0,0,0,3
2025,A,131,2,0000000001,0000000935,王柏融,9,先發,4,4,2,2,0,0,0,0,2,1,0,2,0,0,0,1,0,0,0,0,0,0,0,40,143
2025,A,131,2,0000000001,0000001291,郭阜林,59,先發,6,5,5,5,0,0,0,0,5,2,0,2,1,0,0,0,0,0,0,0,0,0,1,32,102
2025,A,131,2,0000000001,0000003649,吳念庭,39,先發,6,4,2,1,1,0,0,0,3,1,0,2,2,0,0,0,0,0,0,0,0,0,0,12,56
2025,A,131,2,0000000001,0000005340,王博玄,6,先發,6,5,2,2,0,0,0,0,2,2,0,0,1,0,0,0,0,0,0,0,1,0,0,38,138
2025,A,131,2,0000000001,0000006211,張肇元,29,先發,5,4,3,2,1,0,0,0,4,3,0,0,1,0,0,1,0,0,0,0,0,0,0,33,123
2025,A,131,2,0000000001,0000006926,陳致嘉,33,非先發,1,1,0,0,0,0,0,0,0,0,0,0,0,0,0,0,0,0,0,0,1,0,0,2,24
2025,A,131,2,0000000001,0000006927,曾子祐,1,先發,6,6,4,3,1,0,0,0,5,0,0,2,0,0,0,0,0,0,0,0,0,0,0,46,162
2025,A,131,2,0000000001,0000006928,林家鋐,16,先發,4,4,0,0,0,0,0,0,0,0,0,0,0,0,0,2,0,0,0,0,0,0,0,21,87
2025,A,131,2,0000000001,0000006929,紀慶然,24,非先發,2,2,1,1,0,0,0,0,1,1,0,1,0,0,0,0,0,0,0,0,0,0,0,25,107
2025,A,131,2,0000000001,0000006930,黃秉揚,25,非先發,1,1,0,0,0,0,0,0,0,0,0,0,0,0,0,0,0,0,0,0,0,0,0,2,12
2025,A,131,2,0000000001,0000006936,高聖恩,50,先發,5,5,2,2,0,0,0,0,2,0,0,2,0,0,0,1,0,0,0,0,0,0,0,4,22
2025,A,131,2,0000000001,0000007239,魔鷹,94,先發,6,6,3,3,0,0,0,0,3,2,1,3,0,0,0,0,0,0,0,0,0,0,0,37,114
2025,A,131,2,0000000001,0000007301,曾昱磬,44,非先發,1,0,0,0,0,0,0,0,0,0,0,0,1,0,0,0,0,0,0,0,0,0,0,13,66
2025,A,132,1,0000000001,0000001286,馮健庭,45,先發,4,3,0,0,0,0,0,0,0,0,0,1,1,0,0,1,0,0,0,0,0,0,0,5,25
2025,A,132,1,0000000001,0000002282,張閔勛,28,先發,4,3,1,1,0,0,0,0,1,1,1,1,1,0,0,0,0,0,0,0,1,0,0,34,101
2025,A,132,1,0000000001,0000002286,林立,39,先發,4,4,1,1,0,0,0,0,1,0,0,1,0,0,0,0,0,0,0,0,0,0,0,32,90
2025,A,132,1,0000000001,0000003345,林智平,79,先發,4,4,2,2,0,0,0,0,2,0,0,1,0,0,0,1,0,0,0,0,0,0,0,40,120
2025,A,132,1,0000000001,0000003467,林泓育,11,先發,4,4,1,0,1,0,0,0,2,0,0,1,0,0,0,0,0,0,0,0,0,0,0,35,119
2025,A,132,1,0000000001,0000004633,陳晨威,98,先發,5,5,3,3,0,0,0,0,3,1,0,0,0,0,0,0,2,0,0,0,0,0,0,52,152
2025,A,132,1,0000000001,0000006235,林政華,65,先發,4,4,0,0,0,0,0,0,0,0,0,0,0,0,0,0,0,0,0,0,0,0,0,29,100
2025,A,132,1,0000000001,0000006240,馬傑森,94,先發,4,3,0,0,0,0,0,0,0,0,0,0,0,0,0,0,0,0,1,0,0,0,0,14,89
2025,A,132,1,0000000001,0000007076,李勛傑,95,先發,4,4,2,0,1,1,0,0,5,2,0,0,0,0,0,0,0,0,0,0,0,0,0,11,35
2025,A,132,2,0000000001,0000001804,陳傑憲,24,先發,4,4,1,1,0,0,0,0,1,0,0,0,0,0,0,0,0,0,0,0,0,0,0,41,149
2025,A,132,2,0000000001,0000002275,林安可,77,先發,4,4,1,1,0,0,0,0,1,0,0,0,0,0,0,2,0,0,0,0,0,0,0,22,69
2025,A,132,2,0000000001,0000002289,陳重廷,66,非先發,1,1,0,0,0,0,0,0,0,0,0,0,0,0,0,1,0,0,0,0,0,0,0,15,61
2025,A,132,2,0000000001,0000002298,陳重羽,65,先發,4,4,1,1,0,0,0,0,1,0,0,0,0,0,0,2,0,0,0,0,0,0,0,19,78
2025,A,132,2,0000000001,0000002661,陳鏞基,13,先發,4,3,0,0,0,0,0,0,0,0,0,0,1,0,0,0,0,0,0,0,0,0,0,16,56
2025,A,132,2,0000000001,0000002707,潘傑楷,35,非先發,1,1,0,0,0,0,0,0,0,0,0,0,0,0,0,1,0,0,0,0,0,0,0,32,119
2025,A,132,2,0000000001,0000003615,胡金龍,51,先發,4,3,2,2,0,0,0,0,2,0,0,0,1,0,0,0,0,0,0,0,1,0,0,18,39
2025,A,132,2,0000000001,0000004642,林靖凱,64,先發,2,2,0,0,0,0,0,0,0,0,0,0,0,0,0,0,0,0,0,0,0,0,0,25,87
2025,A,132,2,0000000001,0000005306,許哲晏,10,非先發,0,0,0,0,0,0,0,0,0,0,0,0,0,0,0,0,0,0,0,0,0,0,0,11,55
2025,A,132,2,0000000001,0000005531,邱智呈,14,先發,4,4,1,0,1,0,0,0,2,1,0,0,0,0,0,0,0,0,0,0,0,0,0,42,152
2025,A,132,2,0000000001,0000006223,林子豪,2,先發,3,3,0,0,0,0,0,0,0,0,0,0,0,0,0,1,0,0,0,0,0,0,0,25,109
2025,A,132,2,0000000001,0000007268,陳聖平,15,先發,3,3,0,0,0,0,0,0,0,0,0,1,0,0,0,1,0,0,0,0,0,1,0,30,110
2025,A,133,1,0000000001,0000000356,石翔宇,72,先發,3,3,2,1,1,0,0,0,3,2,0,1,0,0,0,0,0,0,0,0,0,0,0,2,4
2025,A,133,1,0000000001,0000000743,陳子豪,1,非先發,4,4,0,0,0,0,0,0,0,0,0,0,0,0,0,1,0,0,0,0,0,0,0,34,136
2025,A,133,1,0000000001,0000001318,朱育賢,11,先發,6,6,2,0,1,0,1,0,6,2,0,3,0,0,0,0,0,0,0,0,0,0,0,31,105
2025,A,133,1,0000000001,0000003343,郭嚴文,6,非先發,1,1,0,0,0,0,0,0,0,0,0,0,0,0,0,0,0,0,0,0,0,0,0,24,98
2025,A,133,1,0000000001,0000003625,吉力吉撈．鞏冠,4,先發,6,5,3,3,0,0,0,0,3,0,0,3,1,0,0,0,0,0,0,0,0,0,0,38,149
2025,A,133,1,0000000001,0000005291,蔣少宏,63,先發,3,3,1,0,0,0,1,0,4,1,0,1,0,0,0,0,0,0,0,0,0,0,0,20,88
2025,A,133,1,0000000001,0000005540,李凱威,21,非先發,3,2,2,1,1,0,0,0,3,1,0,0,1,0,0,0,0,0,0,0,0,0,0,47,154
2025,A,133,1,0000000001,0000005545,劉基鴻,46,先發,6,5,2,1,1,0,0,0,3,3,0,1,0,0,0,0,0,0,0,1,0,0,0,37,150
2025,A,133,1,0000000001,0000005546,拿莫．伊漾,57,先發,3,3,0,0,0,0,0,0,0,0,0,0,0,0,0,1,0,0,0,0,1,0,0,3,16
2025,A,133,1,0000000001,0000005549,郭天信,2,先發,6,5,2,2,0,0,0,0,2,1,1,1,0,0,0,0,0,0,1,0,0,0,0,45,142
2025,A,133,1,0000000001,0000006216,王順和,24,先發,4,3,1,1,0,0,0,0,1,0,0,2,0,0,1,1,0,0,0,0,0,0,0,14,50
2025,A,133,1,0000000001,0000006217,林辰勳,9,非先發,3,3,3,3,0,0,0,0,3,3,0,1,0,0,0,0,0,0,0,0,0,0,1,4,18
2025,A,133,1,0000000001,0000006879,冉承霖,82,非先發,1,1,0,0,0,0,0,0,0,0,0,1,0,0,0,1,0,0,0,0,0,0,0,0,9
2025,A,133,1,0000000001,0000007079,劉俊緯,23,先發,7,5,1,1,0,0,0,0,1,0,0,0,1,0,0,2,0,0,1,0,0,0,0,21,76
2025,A,133,2,0000000001,0000000929,王威晨,9,先發,6,6,1,1,0,0,0,0,1,0,0,2,0,0,0,2,0,0,0,0,0,0,0,38,134
2025,A,133,2,0000000001,0000001119,許基宏,74,先發,6,4,2,1,0,0,1,0,5,3,0,2,1,0,1,0,0,0,0,0,1,0,0,41,129
2025,A,133,2,0000000001,0000002285,高宇杰,65,先發,5,4,1,0,1,0,0,0,2,0,0,0,1,0,0,1,0,0,0,0,0,0,0,28,127
2025,A,133,2,0000000001,0000002291,岳東華,98,先發,6,4,1,0,1,0,0,0,2,1,0,0,1,0,0,2,0,0,0,1,0,0,0,27,118
2025,A,133,2,0000000001,0000002297,詹子賢,39,先發,6,6,5,5,0,0,0,0,5,3,0,2,0,0,0,0,0,0,0,0,0,0,0,40,132
2025,A,133,2,0000000001,0000003183,張志豪,7,先發,5,5,1,1,0,0,0,0,1,0,0,0,0,0,0,1,0,0,0,0,1,0,0,14,61
2025,A,133,2,0000000001,0000004636,江坤宇,90,先發,6,5,2,2,0,0,0,0,2,0,0,2,1,0,0,0,0,0,0,0,0,0,0,36,146
2025,A,133,2,0000000001,0000005298,黃韋盛,66,先發,6,4,1,1,0,0,0,0,1,1,0,1,1,0,0,1,0,0,0,1,0,0,0,23,75
2025,A,133,2,0000000001,0000005571,岳政華,92,先發,7,4,1,1,0,0,0,0,1,1,0,1,2,0,1,0,0,0,0,0,0,0,0,17,56
2025,A,133,2,0000000001,0000006224,林吳晉瑋,0,非先發,1,1,0,0,0,0,0,0,0,0,0,0,0,0,0,0,0,0,0,0,0,0,0,3,13
2025,A,133,2,0000000001,0000006225,宋晟睿,88,非先發,1,1,1,1,0,0,0,0,1,0,0,0,0,0,0,0,0,0,0,0,0,0,0,47,157
2025,A,134,1,0000000001,0000002352,范國宸,46,先發,5,5,2,2,0,0,0,0,2,1,0,0,0,0,0,1,0,0,0,0,1,0,0,26,79
2025,A,134,1,0000000001,0000004645,戴培峰,95,非先發,1,1,1,1,0,0,0,0,1,0,0,0,0,0,0,0,0,0,0,0,0,0,0,33,108
2025,A,134,1,0000000001,0000005496,辛元旭,67,先發,4,4,2,2,0,0,0,0,2,0,0,0,0,0,0,1,0,0,0,0,0,0,0,2,4
2025,A,134,1,0000000001,0000005510,林澤彬,2,先發,5,5,3,2,1,0,0,0,4,1,0,1,0,0,0,0,0,0,0,0,0,0,0,23,57
2025,A,134,1,0000000001,0000006737,董子恩,78,先發,5,5,0,0,0,0,0,0,0,0,0,0,0,0,0,0,0,0,0,0,0,0,0,34,131
2025,A,134,1,0000000001,0000006738,孔念恩,82,先發,4,3,1,0,1,0,0,0,2,0,0,1,1,0,0,1,0,0,0,0,1,0,0,17,67
2025,A,134,1,0000000001,0000006868,周佳樂,77,先發,3,2,1,1,0,0,0,0,1,0,0,1,1,0,0,1,0,0,0,0,0,0,0,19,85
2025,A,134,1,0000000001,0000006888,張育成,99,先發,5,5,3,2,0,0,1,0,6,2,0,1,0,0,0,1,0,0,0,0,0,0,0,10,39
2025,A,134,1,0000000001,0000006909,豊暐,43,先發,3,3,1,1,0,0,0,0,1,0,0,0,0,0,0,0,0,0,0,0,0,1,0,9,42
2025,A,134,1,0000000001,0000007091,高捷,4,非先發,1,1,0,0,0,0,0,0,0,0,0,0,0,0,0,1,0,0,0,0,0,0,0,6,25
2025,A,134,2,0000000001,0000000935,王柏融,9,先發,4,3,0,0,0,0,0,0,0,0,0,0,0,0,1,0,0,0,0,0,0,0,0,40,146
2025,A,134,2,0000000001,0000001291,郭阜林,59,先發,4,4,2,1,1,0,0,0,3,1,0,0,0,0,0,2,0,0,0,0,0,0,0,34,106
2025,A,134,2,0000000001,0000003533,藍寅倫,88,非先發,0,0,0,0,0,0,0,0,0,0,0,1,0,0,0,0,0,0,0,0,0,0,0,16,78
2025,A,134,2,0000000001,0000003649,吳念庭,39,先發,4,4,1,1,0,0,0,0,1,1,1,0,0,0,0,2,0,0,0,0,0,0,0,13,60
2025,A,134,2,0000000001,0000004643,胡冠俞,43,先發,3,3,1,1,0,0,0,0,1,0,0,0,0,0,0,1,0,0,0,0,0,0,0,10,36
2025,A,134,2,0000000001,0000005340,王博玄,6,先發,4,3,1,1,0,0,0,0,1,0,0,1,1,0,0,0,1,0,0,0,0,0,0,39,141
2025,A,134,2,0000000001,0000006211,張肇元,29,先發,4,3,1,1,0,0,0,0,1,0,0,0,1,0,0,0,0,0,0,0,0,0,0,34,126
2025,A,134,2,0000000001,0000006927,曾子祐,1,先發,5,4,1,1,0,0,0,0,1,0,0,1,1,0,0,0,0,0,0,0,0,0,0,47,166
2025,A,134,2,0000000001,0000006928,林家鋐,16,非先發,0,0,0,0,0,0,0,0,0,0,0,0,0,0,0,0,0,0,0,0,0,0,0,21,87
2025,A,134,2,0000000001,0000006929,紀慶然,24,非先發,1,0,0,0,0,0,0,0,0,0,0,0,0,0,0,0,0,0,1,0,0,0,0,25,107
2025,A,134,2,0000000001,0000006936,高聖恩,50,先發,3,2,1,0,0,0,1,0,4,2,0,1,0,0,0,1,0,0,0,1,0,0,1,5,24
2025,A,134,2,0000000001,0000007239,魔鷹,94,先發,4,4,1,0,0,0,1,0,4,1,0,1,0,0,0,1,0,0,0,0,0,0,0,38,118
2025,A,134,2,0000000001,0000007301,曾昱磬,44,非先發,1,1,0,0,0,0,0,0,0,0,0,0,0,0,0,0,0,0,0,0,0,0,0,13,67
2025,A,134,1,0000000001,0000002305,王正棠,35,先發,5,3,0,0,0,0,0,0,0,0,0,0,0,0,0,1,0,0,2,0,0,1,0,13,58
2025,A,135,2,0000000001,0000001606,林岱安,31,先發,4,4,0,0,0,0,0,0,0,0,0,0,0,0,0,1,0,0,0,0,0,0,0,20,75
2025,A,135,2,0000000001,0000001804,陳傑憲,24,先發,4,3,2,2,0,0,0,0,2,0,0,1,1,0,0,0,0,0,0,0,0,0,0,43,152
2025,A,135,2,0000000001,0000002275,林安可,77,先發,4,4,1,0,0,0,1,0,4,2,0,1,0,0,0,1,0,0,0,0,0,0,0,23,73
2025,A,135,2,0000000001,0000002289,陳重廷,66,先發,4,3,0,0,0,0,0,0,0,1,0,0,0,0,0,0,0,0,0,1,0,0,0,15,64
2025,A,135,2,0000000001,0000002661,陳鏞基,13,先發,2,2,0,0,0,0,0,0,0,0,0,0,0,0,0,1,0,0,0,0,0,0,0,16,58
2025,A,135,2,0000000001,0000002707,潘傑楷,35,非先發,2,1,0,0,0,0,0,0,0,0,0,1,1,0,0,0,0,0,0,0,0,0,0,32,120
2025,A,135,2,0000000001,0000005531,邱智呈,14,先發,4,3,1,0,0,0,1,0,4,2,1,1,0,0,0,0,0,0,1,0,0,0,0,43,155
2025,A,135,2,0000000001,0000006223,林子豪,2,先發,4,4,0,0,0,0,0,0,0,0,0,0,0,0,0,0,0,0,0,0,1,0,0,25,113
2025,A,135,2,0000000001,0000007070,林佳緯,20,先發,5,5,3,3,0,0,0,0,3,0,0,1,0,0,0,1,0,0,0,0,0,0,0,39,142
2025,A,135,2,0000000001,0000007268,陳聖平,15,先發,4,3,0,0,0,0,0,0,0,0,0,0,1,0,0,1,0,0,0,0,0,0,0,30,113
2025,A,135,1,0000000001,0000000159,成晉,35,先發,3,3,0,0,0,0,0,0,0,0,0,0,0,0,0,0,0,0,0,0,0,0,0,21,87
2025,A,135,1,0000000001,0000001286,馮健庭,45,先發,2,2,1,1,0,0,0,0,1,0,0,0,0,0,0,0,0,0,0,0,0,0,0,6,27
2025,A,135,1,0000000001,0000001618,林子偉,15,非先發,2,2,1,1,0,0,0,0,1,0,0,0,0,0,0,0,0,0,0,0,0,1,0,32,126
2025,A,135,1,0000000001,0000002286,林立,39,先發,4,3,1,1,0,0,0,0,1,0,0,0,1,0,0,2,0,0,0,0,0,0,0,33,93
2025,A,135,1,0000000001,0000003345,林智平,79,先發,4,4,0,0,0,0,0,0,0,0,0,0,0,0,0,1,0,0,0,0,0,2,0,40,124
2025,A,135,1,0000000001,0000003467,林泓育,11,先發,4,4,0,0,0,0,0,0,0,0,0,0,0,0,0,0,0,0,0,0,0,0,0,35,123
2025,A,135,1,0000000001,0000003563,余德龍,36,先發,4,4,1,1,0,0,0,0,1,0,0,0,0,0,0,0,0,0,0,0,0,0,0,16,62
2025,A,135,1,0000000001,0000004633,陳晨威,98,先發,4,4,2,2,0,0,0,0,2,0,0,0,0,0,0,0,0,0,0,0,0,0,0,54,156
2025,A,135,1,0000000001,0000006854,宋嘉翔,2,先發,4,4,1,1,0,0,0,0,1,0,0,0,0,0,0,1,0,0,0,0,0,0,0,11,37
2025,A,135,1,0000000001,0000007076,李勛傑,95,先發,4,4,0,0,0,0,0,0,0,0,0,0,0,0,0,2,0,0,0,0,0,1,0,11,39
2025,A,136,1,0000000001,0000000356,石翔宇,72,非先發,1,1,1,1,0,0,0,0,1,0,0,1,0,0,0,0,0,0,0,0,0,0,0,3,5
2025,A,136,1,0000000001,0000000743,陳子豪,1,先發,4,4,0,0,0,0,0,0,0,0,0,0,0,0,0,2,0,0,0,0,0,0,0,34,140
2025,A,136,1,0000000001,0000001318,朱育賢,11,先發,4,4,1,1,0,0,0,0,1,0,0,1,0,0,0,1,0,0,0,0,0,0,0,32,109
2025,A,136,1,0000000001,0000003625,吉力吉撈．鞏冠,4,先發,4,4,2,1,0,0,1,0,5,2,0,1,0,0,0,1,1,0,0,0,0,0,0,40,153
2025,A,136,1,0000000001,0000005540,李凱威,21,先發,5,4,0,0,0,0,0,0,0,0,0,0,1,0,0,0,1,0,0,0,0,0,0,47,158
2025,A,136,1,0000000001,0000005545,劉基鴻,46,先發,4,4,0,0,0,0,0,0,0,0,0,0,0,0,0,0,0,0,0,0,0,0,0,37,154
2025,A,136,1,0000000001,0000005546,拿莫．伊漾,57,非先發,1,1,0,0,0,0,0,0,0,0,0,0,0,0,0,0,0,0,0,0,0,0,0,3,17
2025,A,136,1,0000000001,0000005549,郭天信,2,先發,3,3,0,0,0,0,0,0,0,0,0,0,0,0,0,2,0,0,0,0,0,0,0,45,145
2025,A,136,1,0000000001,0000006216,王順和,24,先發,4,3,1,0,0,0,1,0,4,2,0,1,1,0,0,1,0,0,0,0,0,0,0,15,53
2025,A,136,1,0000000001,0000006217,林辰勳,9,先發,3,3,0,0,0,0,0,0,0,0,0,0,0,0,0,1,0,0,0,0,0,0,0,4,21
2025,A,136,1,0000000001,0000006879,冉承霖,82,非先發,1,1,1,0,1,0,0,0,2,0,0,0,0,0,0,0,0,0,0,0,0,0,0,1,10
2025,A,136,1,0000000001,0000007079,劉俊緯,23,先發,3,3,2,1,1,0,0,0,3,0,0,0,0,0,0,0,1,0,0,0,0,1,0,23,79
2025,A,136,2,0000000001,0000000929,王威晨,9,先發,4,2,0,0,0,0,0,0,0,0,0,1,2,0,0,0,0,0,0,0,0,0,0,38,136
2025,A,136,2,0000000001,0000001119,許基宏,74,先發,4,4,2,0,1,0,1,0,6,5,0,2,0,0,0,2,0,0,0,0,0,0,1,43,133
2025,A,136,2,0000000001,0000002285,高宇杰,65,先發,4,4,0,0,0,0,0,0,0,0,0,1,0,0,0,2,0,0,0,0,0,0,0,28,131
2025,A,136,2,0000000001,0000002291,岳東華,98,先發,4,4,1,0,1,0,0,0,2,1,1,0,0,0,0,0,0,0,0,0,0,0,0,28,122
2025,A,136,2,0000000001,0000002297,詹子賢,39,先發,4,4,2,0,0,0,2,0,8,3,0,2,0,0,0,2,0,0,0,0,0,0,0,42,136
2025,A,136,2,0000000001,0000002307,王政順,61,非先發,0,0,0,0,0,0,0,0,0,0,0,0,0,0,0,0,0,0,0,0,0,0,0,15,53
2025,A,136,2,0000000001,0000004636,江坤宇,90,先發,5,4,1,0,1,0,0,0,2,1,0,2,0,0,1,1,0,0,0,0,0,0,0,37,150
2025,A,136,2,0000000001,0000005298,黃韋盛,66,先發,4,4,1,1,0,0,0,0,1,0,0,1,0,0,0,1,0,0,0,0,0,0,0,24,79
2025,A,136,2,0000000001,0000005571,岳政華,92,先發,5,5,1,0,1,0,0,0,2,2,0,1,0,0,0,1,0,0,0,0,0,0,0,18,61
2025,A,136,2,0000000001,0000006225,宋晟睿,88,先發,4,3,1,0,1,0,0,0,2,0,0,1,1,0,0,2,0,0,0,0,0,0,0,48,160
2025,A,136,2,0000000001,0000006730,張仁瑋,28,非先發,0,0,0,0,0,0,0,0,0,0,0,1,0,0,0,0,0,0,0,0,0,0,0,3,14
2025,A,137,1,0000000001,0000000362,申皓瑋,29,先發,4,3,0,0,0,0,0,0,0,0,0,0,1,0,0,1,0,0,0,0,1,0,0,42,132
2025,A,137,1,0000000001,0000000910,張進德,47,先發,4,4,1,1,0,0,0,0,1,0,0,0,0,0,0,0,0,0,0,0,0,0,0,1,4
2025,A,137,1,0000000001,0000002305,王正棠,35,先發,4,4,3,3,0,0,0,0,3,0,0,0,0,0,0,0,0,0,0,0,0,0,0,16,62
2025,A,137,1,0000000001,0000002352,范國宸,46,先發,4,4,1,1,0,0,0,0,1,0,0,0,0,0,0,1,0,0,0,0,0,0,0,27,83
2025,A,137,1,0000000001,0000004645,戴培峰,95,先發,4,4,1,1,0,0,0,0,1,0,0,0,0,0,0,1,0,0,0,0,0,0,0,34,112
2025,A,137,1,0000000001,0000005496,辛元旭,67,非先發,1,1,0,0,0,0,0,0,0,0,0,0,0,0,0,0,0,0,0,0,0,0,0,2,5
2025,A,137,1,0000000001,0000005510,林澤彬,2,先發,5,5,1,1,0,0,0,0,1,0,0,0,0,0,0,0,0,0,0,0,0,0,0,24,62
2025,A,137,1,0000000001,0000006737,董子恩,78,先發,3,2,0,0,0,0,0,0,0,0,0,0,0,0,1,0,0,0,0,0,0,0,0,34,133
2025,A,137,1,0000000001,0000006738,孔念恩,82,非先發,0,0,0,0,0,0,0,0,0,0,0,0,0,0,0,0,0,0,0,0,0,0,0,17,67
2025,A,137,1,0000000001,0000006888,張育成,99,先發,4,4,0,0,0,0,0,0,0,0,0,0,0,0,0,0,0,0,0,0,0,0,0,10,43
2025,A,137,1,0000000001,0000007091,高捷,4,先發,4,4,2,1,1,0,0,0,3,0,0,0,0,0,0,0,0,0,0,0,0,0,0,8,29
2025,A,137,2,0000000001,0000000356,石翔宇,72,非先發,0,0,0,0,0,0,0,0,0,0,0,0,0,0,0,0,0,0,0,0,0,0,0,3,5
2025,A,137,2,0000000001,0000000743,陳子豪,1,先發,4,4,1,1,0,0,0,0,1,0,0,1,0,0,0,0,0,0,0,0,0,0,0,35,144
2025,A,137,2,0000000001,0000001318,朱育賢,11,先發,4,4,2,2,0,0,0,0,2,1,0,2,0,0,0,0,0,0,0,0,0,0,0,34,113
2025,A,137,2,0000000001,0000003625,吉力吉撈．鞏冠,4,先發,4,3,1,0,1,0,0,0,2,2,0,0,1,0,0,1,0,0,0,0,0,0,0,41,156
2025,A,137,2,0000000001,0000005291,蔣少宏,63,先發,4,4,0,0,0,0,0,0,0,0,0,0,0,0,0,2,0,0,0,0,1,0,0,20,92
2025,A,137,2,0000000001,0000005540,李凱威,21,先發,4,2,0,0,0,0,0,0,0,0,0,1,2,0,0,0,0,0,0,0,0,0,0,47,160
2025,A,137,2,0000000001,0000005545,劉基鴻,46,先發,4,4,2,2,0,0,0,0,2,0,0,1,0,0,0,0,0,0,0,0,0,0,0,39,158
2025,A,137,2,0000000001,0000005549,郭天信,2,先發,4,4,0,0,0,0,0,0,0,0,0,0,0,0,0,0,0,0,0,0,0,0,0,45,149
2025,A,137,2,0000000001,0000006216,王順和,24,非先發,0,0,0,0,0,0,0,0,0,0,0,0,0,0,0,0,0,0,0,0,0,0,0,15,53
2025,A,137,2,0000000001,0000007079,劉俊緯,23,先發,3,2,0,0,0,0,0,0,0,0,0,0,0,0,1,1,0,0,0,0,0,1,0,23,81
2025,A,137,2,0000000001,0000007304,曾聖安,50,先發,4,4,2,1,1,0,0,0,3,2,1,0,0,0,0,1,0,0,0,0,0,0,1,10,55
2025,A,138,1,0000000002,0000000929,王威晨,9,先發,4,4,2,2,0,0,0,0,2,0,0,0,0,0,0,0,0,1,0,0,0,0,0,55,192
2025,A,138,1,0000000002,0000001119,許基宏,74,先發,4,4,0,0,0,0,0,0,0,0,0,0,0,0,0,2,0,0,0,0,0,0,0,55,179
2025,A,138,1,0000000002,0000002285,高宇杰,65,先發,4,4,1,1,0,0,0,0,1,0,0,1,0,0,0,1,0,0,0,0,0,1,0,45,177
2025,A,138,1,0000000002,0000002291,岳東華,98,先發,4,2,0,0,0,0,0,0,0,0,0,0,0,0,0,0,0,0,2,0,1,0,0,47,178
2025,A,138,1,0000000002,0000002297,詹子賢,39,先發,4,4,0,0,0,0,0,0,0,0,0,0,0,0,0,2,0,0,0,0,0,0,0,57,190
2025,A,138,1,0000000002,0000003609,陳俊秀,29,先發,4,3,0,0,0,0,0,0,0,0,0,0,1,0,0,1,0,0,0,0,0,0,0,22,102
2025,A,138,1,0000000002,0000005298,黃韋盛,66,非先發,0,0,0,0,0,0,0,0,0,0,0,0,0,0,0,0,0,0,0,0,0,0,0,32,115
2025,A,138,1,0000000002,0000005342,林志綱,47,非先發,0,0,0,0,0,0,0,0,0,0,0,0,0,0,0,0,0,0,0,0,0,0,0,0,0
2025,A,138,1,0000000002,0000005571,岳政華,92,先發,4,4,1,1,0,0,0,0,1,0,0,0,0,0,0,0,1,0,0,0,0,0,0,30,112
2025,A,138,1,0000000002,0000006225,宋晟睿,88,先發,4,3,1,0,0,0,1,0,4,1,1,1,1,0,0,1,0,0,0,0,0,0,0,60,207
2025,A,138,1,0000000002,0000006730,張仁瑋,28,先發,4,4,1,1,0,0,0,0,1,1,0,0,0,0,0,0,0,0,0,0,0,0,0,12,39
2025,A,138,2,0000000002,0000000153,林承飛,6,先發,4,4,1,0,1,0,0,0,2,0,0,0,0,0,0,1,0,0,0,0,0,2,0,3,29
2025,A,138,2,0000000002,0000000159,成晉,35,先發,4,4,2,2,0,0,0,0,2,0,0,0,0,0,0,0,1,0,0,0,0,0,0,38,144
2025,A,138,2,0000000002,0000002282,張閔勛,28,先發,4,4,1,1,0,0,0,0,1,0,0,1,0,0,0,0,0,0,0,0,0,0,0,49,151
2025,A,138,2,0000000002,0000003345,林智平,79,先發,4,4,2,1,1,0,0,0,3,0,0,0,0,0,0,1,0,0,0,0,0,1,0,59,181
2025,A,138,2,0000000002,0000003467,林泓育,11,先發,4,4,0,0,0,0,0,0,0,0,0,0,0,0,0,2,0,0,0,0,0,0,0,54,183
2025,A,138,2,0000000002,0000004633,陳晨威,98,非先發,2,2,1,1,0,0,0,0,1,1,0,0,0,0,0,0,0,0,0,0,0,0,0,72,226
2025,A,138,2,0000000002,0000006235,林政華,65,先發,4,4,0,0,0,0,0,0,0,0,0,0,0,0,0,1,0,0,0,0,0,0,0,41,151
2025,A,138,2,0000000002,0000006858,陳佳樂,8,先發,4,3,2,2,0,0,0,0,2,0,0,0,1,0,0,1,0,0,0,0,0,0,0,3,16
2025,A,138,2,0000000002,0000007076,李勛傑,95,先發,2,2,0,0,0,0,0,0,0,0,0,0,0,0,0,2,0,0,0,0,0,0,0,20,92
2025,A,138,2,0000000002,0000007315,游承勳,67,先發,3,3,0,0,0,0,0,0,0,0,0,0,0,0,0,0,0,0,0,0,1,0,0,1,5
2025,A,139,1,0000000002,0000002352,范國宸,46,先發,3,3,1,1,0,0,0,0,1,1,1,1,0,0,0,0,0,0,0,0,0,0,0,44,148
2025,A,139,1,0000000002,0000003211,王勝偉,3,非先發,2,1,0,0,0,0,0,0,0,0,0,0,1,0,0,0,0,0,0,0,0,0,0,10,30
2025,A,139,1,0000000002,0000004645,戴培峰,95,先發,5,4,1,0,1,0,0,0,2,0,0,1,1,0,0,1,0,0,0,0,1,0,0,41,152
2025,A,139,1,0000000002,0000005310,陳真,7,先發,4,4,0,0,0,0,0,0,0,0,0,0,0,0,0,2,0,0,0,0,0,0,0,24,108
2025,A,139,1,0000000002,0000005510,林澤彬,2,先發,5,2,0,0,0,0,0,0,0,0,0,0,2,0,0,0,0,1,1,0,1,0,0,41,126
2025,A,139,1,0000000002,0000006738,孔念恩,82,先發,4,3,2,1,1,0,0,0,3,2,0,1,1,0,0,0,1,0,0,0,0,0,0,23,98
2025,A,139,1,0000000002,0000006743,劉俊豪,85,先發,4,4,2,1,1,0,0,0,3,2,0,0,0,0,0,2,0,0,0,0,0,0,0,7,35
2025,A,139,1,0000000002,0000006868,周佳樂,77,先發,4,3,1,1,0,0,0,0,1,0,0,0,1,0,0,1,0,0,0,0,0,0,0,25,116
2025,A,139,1,0000000002,0000006872,林岳谷,62,先發,5,4,1,1,0,0,0,0,1,0,0,1,1,0,0,1,0,0,0,0,0,0,0,17,72
2025,A,139,1,0000000002,0000007091,高捷,4,先發,5,4,1,1,0,0,0,0,1,0,0,1,1,0,0,1,0,0,0,0,0,0,0,20,88
2025,A,139,2,0000000002,0000000045,林智勝,31,非先發,1,1,0,0,0,0,0,0,0,0,0,0,0,0,0,0,0,0,0,0,0,0,0,5,19
2025,A,139,2,0000000002,0000000743,陳子豪,1,先發,4,4,0,0,0,0,0,0,0,0,0,0,0,0,0,0,0,0,0,0,0,0,0,42,185
2025,A,139,2,0000000002,0000001318,朱育賢,11,先發,4,4,1,1,0,0,0,0,1,0,0,0,0,0,0,0,0,0,0,0,0,0,0,42,157
2025,A,139,2,0000000002,0000003625,吉力吉撈．鞏冠,4,先發,4,4,0,0,0,0,0,0,0,0,0,0,0,0,0,0,0,0,0,0,1,0,0,60,216
2025,A,139,2,0000000002,0000005291,蔣少宏,63,先發,2,0,0,0,0,0,0,0,0,0,0,0,2,0,0,0,0,0,0,0,0,0,0,29,130
2025,A,139,2,0000000002,0000005538,黃柏豪,10,非先發,1,1,0,0,0,0,0,0,0,0,0,0,0,0,0,0,0,0,0,0,0,0,0,0,1
2025,A,139,2,0000000002,0000005540,李凱威,21,先發,3,3,0,0,0,0,0,0,0,0,0,0,0,0,0,0,0,0,0,0,0,0,0,58,209
2025,A,139,2,0000000002,0000005542,張政禹,25,先發,3,3,1,1,0,0,0,0,1,0,0,0,0,0,0,1,1,0,0,0,0,0,0,44,153
2025,A,139,2,0000000002,0000005545,劉基鴻,46,先發,4,2,1,1,0,0,0,0,1,0,0,0,2,0,0,0,0,0,0,0,0,0,0,49,207
2025,A,139,2,0000000002,0000005546,拿莫．伊漾,57,非先發,1,1,0,0,0,0,0,0,0,0,0,0,0,0,0,1,0,0,0,0,0,0,0,4,22
2025,A,139,2,0000000002,0000005549,郭天信,2,先發,3,3,0,0,0,0,0,0,0,0,0,0,0,0,0,0,0,0,0,0,0,0,0,57,202
2025,A,139,2,0000000002,0000006216,王順和,24,非先發,0,0,0,0,0,0,0,0,0,0,0,0,0,0,0,0,0,0,0,0,0,0,0,28,94
2025,A,139,2,0000000002,0000007304,曾聖安,50,先發,3,2,0,0,0,0,0,0,0,0,0,0,0,0,0,0,0,0,1,0,0,0,0,14,75
2025,A,141,1,0000000002,0000000753,杜家明,71,非先發,2,1,0,0,0,0,0,0,0,1,0,0,0,0,1,0,0,0,0,0,0,0,0,19,81
2025,A,141,1,0000000002,0000000935,王柏融,9,先發,2,2,0,0,0,0,0,0,0,1,0,0,0,0,0,0,0,0,0,0,0,0,0,50,187
2025,A,141,1,0000000002,0000003649,吳念庭,39,先發,3,3,2,1,1,0,0,0,3,1,0,2,0,0,0,0,0,0,0,0,0,0,0,38,113
2025,A,141,1,0000000002,0000005333,湯家豪,36,先發,4,4,2,2,0,0,0,0,2,0,0,1,0,0,0,0,0,0,0,0,0,0,0,2,4
2025,A,141,1,0000000002,0000005340,王博玄,6,先發,4,3,1,0,1,0,0,0,2,0,0,1,1,0,0,0,0,0,0,0,1,0,0,59,191
2025,A,141,1,0000000002,0000006211,張肇元,29,先發,3,3,1,1,0,0,0,0,1,0,0,0,0,0,0,1,0,0,0,0,1,0,0,43,169
2025,A,141,1,0000000002,0000006835,顏清浤,37,非先發,3,2,1,1,0,0,0,0,1,0,0,0,1,0,0,1,0,0,0,0,0,0,0,1,2
2025,A,141,1,0000000002,0000006926,陳致嘉,33,非先發,2,1,0,0,0,0,0,0,0,0,0,0,1,0,0,1,0,0,0,0,0,0,0,3,34
2025,A,141,1,0000000002,0000006927,曾子祐,1,先發,1,1,1,1,0,0,0,0,1,0,0,0,0,0,0,0,0,0,0,0,0,0,0,60,226
2025,A,141,1,0000000002,0000006928,林家鋐,16,非先發,4,4,1,1,0,0,0,0,1,0,0,1,0,0,0,1,0,0,0,0,0,0,0,29,112
2025,A,141,1,0000000002,0000006929,紀慶然,24,先發,4,4,1,1,0,0,0,0,1,0,0,0,0,0,0,0,0,0,0,0,0,1,0,40,150
2025,A,141,1,0000000002,0000006936,高聖恩,50,非先發,1,1,0,0,0,0,0,0,0,0,0,0,0,0,0,0,0,0,0,0,0,0,0,10,50
2025,A,141,1,0000000002,0000006939,顏郁軒,5,先發,4,4,0,0,0,0,0,0,0,0,0,0,0,0,0,1,0,0,0,0,0,0,0,5,18
2025,A,141,1,0000000002,0000007239,魔鷹,94,先發,5,4,1,0,1,0,0,0,2,1,0,0,1,0,0,1,0,0,0,0,0,0,0,52,171
2025,A,141,2,0000000002,0000001804,陳傑憲,24,先發,6,5,3,2,0,0,1,0,6,6,1,3,1,0,0,0,0,0,0,0,0,0,1,56,198
2025,A,141,2,0000000002,0000002275,林安可,77,先發,5,4,0,0,0,0,0,0,0,0,0,1,1,0,0,3,0,0,0,0,0,0,0,40,111
2025,A,141,2,0000000002,0000002289,陳重廷,66,先發,5,4,1,1,0,0,0,0,1,0,0,1,1,0,0,0,0,0,0,0,0,1,0,22,85
2025,A,141,2,0000000002,0000002298,陳重羽,65,先發,5,4,1,1,0,0,0,0,1,2,0,0,0,0,0,1,0,0,1,0,1,0,0,24,106
2025,A,141,2,0000000002,0000002661,陳鏞基,13,先發,3,3,3,2,1,0,0,0,4,2,0,2,0,0,0,0,0,0,0,0,0,0,0,26,85
2025,A,141,2,0000000002,0000002707,潘傑楷,35,先發,5,4,2,2,0,0,0,0,2,0,0,0,1,0,0,1,0,0,0,0,0,0,0,52,178
2025,A,141,2,0000000002,0000005306,許哲晏,10,非先發,2,2,0,0,0,0,0,0,0,0,0,0,0,0,0,1,0,0,0,0,0,0,0,13,74
2025,A,141,2,0000000002,0000005531,邱智呈,14,先發,6,4,3,2,0,1,0,0,5,1,0,3,1,0,1,0,1,0,0,0,0,0,0,57,215
2025,A,141,2,0000000002,0000007070,林佳緯,20,先發,6,4,0,0,0,0,0,0,0,0,0,2,2,0,0,0,0,0,0,0,0,0,0,61,209
2025,A,141,2,0000000002,0000007268,陳聖平,15,先發,5,3,1,1,0,0,0,0,1,0,0,0,2,0,0,2,0,0,0,0,0,0,0,36,149
2025,A,142,1,0000000001,0000001606,林岱安,31,先發,4,4,0,0,0,0,0,0,0,0,0,0,0,0,0,0,0,0,0,0,0,0,0,20,79
2025,A,142,1,0000000001,0000001804,陳傑憲,24,先發,5,5,1,0,0,0,1,0,4,1,0,3,0,0,0,1,0,0,0,0,0,0,0,44,157
2025,A,142,1,0000000001,0000002275,林安可,77,先發,5,4,3,0,1,1,1,0,9,3,0,2,1,0,0,0,0,0,0,0,0,0,1,26,77
2025,A,142,1,0000000001,0000002707,潘傑楷,35,先發,4,4,2,1,1,0,0,0,3,1,1,1,0,0,0,1,0,0,0,0,0,0,0,34,124
2025,A,142,1,0000000001,0000004642,林靖凱,64,先發,4,4,1,1,0,0,0,0,1,0,0,0,0,0,0,0,0,0,0,0,0,0,0,26,91
2025,A,142,1,0000000001,0000005531,邱智呈,14,先發,5,5,1,1,0,0,0,0,1,0,0,0,0,0,0,1,0,0,0,0,0,0,0,44,160
2025,A,142,1,0000000001,0000006223,林子豪,2,先發,4,2,1,0,0,0,1,0,4,1,0,1,2,0,0,0,0,0,0,0,0,0,0,26,115
2025,A,142,1,0000000001,0000007070,林佳緯,20,先發,5,5,1,1,0,0,0,0,1,0,0,0,0,0,0,0,0,0,0,0,0,0,0,40,147
2025,A,142,1,0000000001,0000007268,陳聖平,15,先發,4,4,0,0,0,0,0,0,0,1,0,0,0,0,0,1,0,0,0,0,0,0,0,30,117
2025,A,142,2,0000000001,0000000356,石翔宇,72,先發,2,2,0,0,0,0,0,0,0,0,0,0,0,0,0,1,0,0,0,0,0,0,0,3,7
2025,A,142,2,0000000001,0000000743,陳子豪,1,先發,4,4,0,0,0,0,0,0,0,0,0,0,0,0,0,0,0,0,0,0,0,0,0,35,148
2025,A,142,2,0000000001,0000001318,朱育賢,11,先發,4,4,2,2,0,0,0,0,2,0,0,1,0,0,0,0,0,0,0,0,0,0,0,36,117
2025,A,142,2,0000000001,0000003343,郭嚴文,6,非先發,1,1,1,1,0,0,0,0,1,0,0,0,0,0,0,0,0,0,0,0,0,0,0,25,99
2025,A,142,2,0000000001,0000003625,吉力吉撈．鞏冠,4,先發,4,4,2,0,0,0,2,0,8,3,0,2,0,0,0,0,0,0,0,0,1,0,0,43,160
2025,A,142,2,0000000001,0000005291,蔣少宏,63,先發,2,2,0,0,0,0,0,0,0,0,0,0,0,0,0,0,0,0,0,0,0,0,0,20,94
2025,A,142,2,0000000001,0000005540,李凱威,21,先發,4,4,0,0,0,0,0,0,0,0,0,0,0,0,0,1,0,0,0,0,0,0,0,47,164
2025,A,142,2,0000000001,0000005545,劉基鴻,46,先發,4,4,0,0,0,0,0,0,0,0,0,0,0,0,0,1,0,0,0,0,0,0,0,39,162
2025,A,142,2,0000000001,0000005546,拿莫．伊漾,57,非先發,1,0,0,0,0,0,0,0,0,0,0,0,1,0,0,0,0,0,0,0,0,0,0,3,17
2025,A,142,2,0000000001,0000005549,郭天信,2,先發,4,4,1,0,0,0,1,0,4,1,0,1,0,0,0,0,0,0,0,0,0,0,0,46,153
2025,A,142,2,0000000001,0000006217,林辰勳,9,非先發,0,0,0,0,0,0,0,0,0,0,0,0,0,0,0,0,0,0,0,0,0,0,0,4,21
2025,A,142,2,0000000001,0000007304,曾聖安,50,先發,3,3,0,0,0,0,0,0,0,0,0,0,0,0,0,0,0,0,0,0,0,0,0,10,58
2025,A,143,1,0000000001,0000000929,王威晨,9,非先發,2,2,1,1,0,0,0,0,1,0,0,0,0,0,0,0,0,0,0,0,1,0,0,40,141
2025,A,143,1,0000000001,0000001119,許基宏,74,先發,5,4,1,0,0,0,1,0,4,1,0,1,0,0,1,0,0,0,0,0,0,0,0,45,141
2025,A,143,1,0000000001,0000002285,高宇杰,65,先發,5,5,1,1,0,0,0,0,1,0,0,1,0,0,0,2,0,0,0,0,0,0,0,31,139
2025,A,143,1,0000000001,0000002291,岳東華,98,先發,5,5,2,1,1,0,0,0,3,0,0,0,0,0,0,2,0,0,0,0,0,0,0,30,130
2025,A,143,1,0000000001,0000002297,詹子賢,39,先發,4,4,2,2,0,0,0,0,2,2,0,1,0,0,0,1,0,0,0,0,0,0,0,45,144
2025,A,143,1,0000000001,0000002307,王政順,61,非先發,0,0,0,0,0,0,0,0,0,0,0,0,0,0,0,0,0,0,0,0,0,0,0,15,53
2025,A,143,1,0000000001,0000003183,張志豪,7,先發,5,5,2,1,1,0,0,0,3,2,0,2,0,0,0,1,0,0,0,0,0,0,0,16,67
2025,A,143,1,0000000001,0000003609,陳俊秀,29,先發,3,2,1,0,1,0,0,0,2,0,0,2,1,0,0,0,0,0,0,0,0,0,0,18,84
2025,A,143,1,0000000001,0000004636,江坤宇,90,先發,2,1,1,1,0,0,0,0,1,1,1,2,0,0,1,0,0,0,0,0,0,0,0,38,154
2025,A,143,1,0000000001,0000005298,黃韋盛,66,先發,5,3,0,0,0,0,0,0,0,1,0,1,1,0,0,2,0,0,0,1,0,0,0,24,85
2025,A,143,1,0000000001,0000005571,岳政華,92,非先發,1,1,0,0,0,0,0,0,0,0,0,0,0,0,0,1,0,0,0,0,0,0,0,19,65
2025,A,143,1,0000000001,0000006225,宋晟睿,88,先發,4,4,2,2,0,0,0,0,2,2,0,1,0,0,0,0,0,0,0,0,0,0,0,50,166
2025,A,143,1,0000000001,0000006730,張仁瑋,28,非先發,3,3,1,1,0,0,0,0,1,0,0,0,0,0,0,0,0,0,0,0,0,0,0,4,17
2025,A,143,2,0000000001,0000000362,申皓瑋,29,先發,4,3,0,0,0,0,0,0,0,1,0,0,0,0,0,2,0,0,0,1,0,0,0,42,135
2025,A,143,2,0000000001,0000000910,張進德,47,非先發,1,1,0,0,0,0,0,0,0,0,0,0,0,0,0,1,0,0,0,0,0,0,0,1,5
2025,A,143,2,0000000001,0000002305,王正棠,35,先發,3,3,1,1,0,0,0,0,1,1,0,0,0,0,0,0,0,0,0,0,0,0,0,17,65
2025,A,143,2,0000000001,0000002352,范國宸,46,先發,3,3,1,1,0,0,0,0,1,0,0,0,0,0,0,1,0,0,0,0,0,0,0,28,86
2025,A,143,2,0000000001,0000004645,戴培峰,95,先發,3,3,0,0,0,0,0,0,0,0,0,0,0,0,0,1,0,0,0,0,0,0,0,34,115
2025,A,143,2,0000000001,0000005496,辛元旭,67,非先發,1,1,0,0,0,0,0,0,0,0,0,0,0,0,0,0,0,0,0,0,0,0,0,2,6
2025,A,143,2,0000000001,0000005510,林澤彬,2,先發,4,4,2,2,0,0,0,0,2,0,0,0,0,0,0,2,0,0,0,0,0,0,0,26,66
2025,A,143,2,0000000001,0000006737,董子恩,78,先發,4,4,2,1,1,0,0,0,3,1,0,1,0,0,0,0,0,0,0,0,0,0,0,36,137
2025,A,143,2,0000000001,0000006738,孔念恩,82,非先發,1,0,0,0,0,0,0,0,0,0,0,0,0,0,1,0,0,0,0,0,0,0,0,17,67
2025,A,143,2,0000000001,0000006743,劉俊豪,85,先發,3,2,1,1,0,0,0,0,1,0,0,0,1,0,0,0,0,0,0,0,0,1,0,4,20
2025,A,143,2,0000000001,0000006868,周佳樂,77,先發,4,4,1,1,0,0,0,0,1,0,0,1,0,0,0,0,0,0,0,0,0,0,0,20,89
2025,A,143,2,0000000001,0000006909,豊暐,43,非先發,1,1,0,0,0,0,0,0,0,0,0,0,0,0,0,1,0,0,0,0,0,0,0,9,43
2025,A,143,2,0000000001,0000007091,高捷,4,先發,4,4,0,0,0,0,0,0,0,0,0,0,0,0,0,1,0,0,0,0,1,0,0,8,33
2025,A,143,2,0000000001,0000007297,楊泯貽,63,非先發,1,1,1,1,0,0,0,0,1,0,0,1,0,0,0,0,0,0,0,0,0,0,0,1,4
2025,A,144,1,0000000001,0000000935,王柏融,9,先發,4,4,0,0,0,0,0,0,0,0,0,0,0,0,0,1,0,0,0,0,0,0,0,40,150
2025,A,144,1,0000000001,0000001291,郭阜林,59,先發,3,3,0,0,0,0,0,0,0,0,0,0,0,0,0,1,0,0,0,0,0,0,0,34,109
2025,A,144,1,0000000001,0000003649,吳念庭,39,先發,4,4,1,0,1,0,0,0,2,0,0,0,0,0,0,0,0,0,0,0,0,0,0,14,64
2025,A,144,1,0000000001,0000004643,胡冠俞,43,先發,2,2,0,0,0,0,0,0,0,0,0,0,0,0,0,0,0,0,0,0,0,1,0,10,38
2025,A,144,1,0000000001,0000005340,王博玄,6,先發,3,3,0,0,0,0,0,0,0,0,0,0,0,0,0,1,0,0,0,0,0,0,0,39,144
2025,A,144,1,0000000001,0000006211,張肇元,29,先發,2,2,0,0,0,0,0,0,0,0,0,0,0,0,0,1,0,0,0,0,0,0,0,34,128
2025,A,144,1,0000000001,0000006924,廖奕安,27,非先發,0,0,0,0,0,0,0,0,0,0,0,0,0,0,0,0,0,0,0,0,0,0,0,1,5
2025,A,144,1,0000000001,0000006926,陳致嘉,33,非先發,1,1,0,0,0,0,0,0,0,0,0,0,0,0,0,0,0,0,0,0,0,1,0,2,25
2025,A,144,1,0000000001,0000006927,曾子祐,1,先發,4,4,1,1,0,0,0,0,1,0,0,0,0,0,0,0,0,0,0,0,0,0,0,48,170
2025,A,144,1,0000000001,0000006930,黃秉揚,25,非先發,1,1,0,0,0,0,0,0,0,0,0,0,0,0,0,0,0,0,0,0,0,0,0,2,13
2025,A,144,1,0000000001,0000006936,高聖恩,50,先發,3,3,1,0,0,0,1,0,4,1,0,1,0,0,0,0,0,0,0,0,0,0,0,6,27
2025,A,144,1,0000000001,0000007239,魔鷹,94,先發,3,3,0,0,0,0,0,0,0,0,0,0,0,0,0,1,0,0,0,0,0,0,0,38,121
2025,A,144,2,0000000001,0000001618,林子偉,15,先發,4,4,3,2,1,0,0,0,4,0,0,0,0,0,0,0,1,1,0,0,0,0,0,36,134
2025,A,144,2,0000000001,0000002282,張閔勛,28,先發,4,4,0,0,0,0,0,0,0,0,0,0,0,0,0,0,0,0,0,0,0,0,0,34,105
2025,A,144,2,0000000001,0000002286,林立,39,先發,4,4,1,1,0,0,0,0,1,3,1,1,0,0,0,1,2,0,0,0,0,0,0,36,101
2025,A,144,2,0000000001,0000003345,林智平,79,先發,4,4,1,1,0,0,0,0,1,0,0,0,0,0,0,0,0,0,0,0,0,0,0,41,131
2025,A,144,2,0000000001,0000003467,林泓育,11,先發,4,4,1,1,0,0,0,0,1,1,0,0,0,0,0,2,0,0,0,0,0,0,0,36,127
2025,A,144,2,0000000001,0000004633,陳晨威,98,先發,5,5,2,1,1,0,0,0,3,0,0,2,0,0,0,1,1,0,0,0,0,0,0,58,166
2025,A,144,2,0000000001,0000006235,林政華,65,先發,4,3,1,1,0,0,0,0,1,1,0,1,1,0,0,0,1,0,0,0,0,0,0,31,106
2025,A,144,2,0000000001,0000006240,馬傑森,94,先發,4,4,2,1,1,0,0,0,3,1,0,2,0,0,0,1,0,0,0,0,0,0,0,17,96
2025,A,144,2,0000000001,0000007076,李勛傑,95,先發,4,3,0,0,0,0,0,0,0,0,0,1,1,0,0,1,0,0,0,0,0,0,0,11,46
2025,A,145,2,0000000001,0000005549,郭天信,2,先發,4,3,2,2,0,0,0,0,2,2,0,0,1,0,0,0,0,0,0,0,0,0,0,48,156
2025,A,145,2,0000000001,0000006216,王順和,24,先發,3,3,1,0,1,0,0,0,2,0,0,0,0,0,0,0,0,0,0,0,0,0,0,16,56
2025,A,145,2,0000000001,0000006217,林辰勳,9,非先發,0,0,0,0,0,0,0,0,0,0,0,0,0,0,0,0,0,0,0,0,0,0,0,4,21
2025,A,145,2,0000000001,0000007079,劉俊緯,23,先發,2,2,0,0,0,0,0,0,0,0,0,0,0,0,0,0,0,0,0,0,0,0,0,23,83
2025,A,145,1,0000000001,0000001804,陳傑憲,24,先發,4,3,1,0,0,1,0,0,3,1,0,0,0,0,1,0,0,0,0,0,0,0,0,45,160
2025,A,145,1,0000000001,0000002275,林安可,77,先發,4,3,0,0,0,0,0,0,0,0,0,0,1,0,0,0,0,0,0,0,0,0,0,26,80
2025,A,145,1,0000000001,0000002298,陳重羽,65,先發,4,4,0,0,0,0,0,0,0,0,0,0,0,0,0,1,0,0,0,0,0,0,0,19,82
2025,A,145,1,0000000001,0000002661,陳鏞基,13,先發,4,4,0,0,0,0,0,0,0,0,0,0,0,0,0,1,0,0,0,0,0,0,0,16,62
2025,A,145,1,0000000001,0000002707,潘傑楷,35,先發,4,3,2,1,0,1,0,0,4,0,0,0,1,0,0,1,0,0,0,0,0,0,0,36,127
2025,A,145,1,0000000001,0000004642,林靖凱,64,先發,4,4,1,0,0,0,1,0,4,1,0,1,0,0,0,0,0,0,0,0,0,0,0,27,95
2025,A,145,1,0000000001,0000005306,許哲晏,10,先發,4,4,0,0,0,0,0,0,0,0,0,0,0,0,0,0,0,0,0,0,0,1,0,11,59
2025,A,145,1,0000000001,0000005531,邱智呈,14,先發,5,5,2,1,0,1,0,0,4,1,1,1,0,0,0,2,1,0,0,0,0,0,0,46,165
2025,A,145,1,0000000001,0000007070,林佳緯,20,先發,5,5,2,2,0,0,0,0,2,0,0,1,0,0,0,0,0,0,0,0,0,0,0,42,152
2025,A,145,2,0000000001,0000000743,陳子豪,1,非先發,1,1,0,0,0,0,0,0,0,0,0,1,0,0,0,0,0,0,0,0,0,0,0,35,149
2025,A,145,2,0000000001,0000001318,朱育賢,11,先發,4,4,0,0,0,0,0,0,0,0,0,0,0,0,0,2,0,0,0,0,1,0,0,36,121
2025,A,145,2,0000000001,0000003343,郭嚴文,6,先發,4,4,0,0,0,0,0,0,0,0,0,0,0,0,0,0,0,0,0,0,0,0,0,25,103
2025,A,145,2,0000000001,0000003625,吉力吉撈．鞏冠,4,先發,4,4,0,0,0,0,0,0,0,0,0,0,0,0,0,0,0,0,0,0,0,0,0,43,164
2025,A,145,2,0000000001,0000005291,蔣少宏,63,先發,2,2,0,0,0,0,0,0,0,0,0,0,0,0,0,1,0,0,0,0,0,0,0,20,96
2025,A,145,2,0000000001,0000005540,李凱威,21,先發,4,3,0,0,0,0,0,0,0,0,0,0,1,0,0,0,0,0,0,0,0,0,0,47,167
2025,A,145,2,0000000001,0000005545,劉基鴻,46,先發,4,3,0,0,0,0,0,0,0,0,0,0,1,0,0,2,0,0,0,0,1,0,0,39,165
2025,A,145,2,0000000001,0000005546,拿莫．伊漾,57,非先發,1,1,1,1,0,0,0,0,1,0,0,1,0,0,0,0,0,0,0,0,0,0,0,4,18
2025,A,146,1,0000000001,0000002291,岳東華,98,先發,5,4,1,0,1,0,0,0,2,0,0,2,1,0,0,0,0,0,0,0,0,0,0,31,134
2025,A,146,1,0000000001,0000002297,詹子賢,39,先發,5,3,0,0,0,0,0,0,0,0,0,1,2,0,0,0,0,0,0,0,0,0,0,45,147
2025,A,146,1,0000000001,0000002307,王政順,61,非先發,0,0,0,0,0,0,0,0,0,0,0,0,0,0,0,0,0,0,0,0,0,0,0,15,53
2025,A,146,1,0000000001,0000003183,張志豪,7,先發,6,6,1,1,0,0,0,0,1,1,0,0,0,0,0,0,0,0,0,0,0,0,0,17,73
2025,A,146,1,0000000001,0000003609,陳俊秀,29,先發,5,3,1,0,1,0,0,0,2,0,0,2,1,0,1,0,0,0,0,0,0,0,0,19,87
2025,A,146,1,0000000001,0000004636,江坤宇,90,非先發,1,1,0,0,0,0,0,0,0,0,0,0,0,0,0,1,0,0,0,0,0,0,0,38,155
2025,A,146,1,0000000001,0000005571,岳政華,92,先發,4,4,1,1,0,0,0,0,1,0,0,1,0,0,0,0,0,0,0,0,0,0,0,20,69
2025,A,146,1,0000000001,0000006225,宋晟睿,88,非先發,2,2,0,0,0,0,0,0,0,0,0,0,0,0,0,1,0,0,0,0,0,0,0,50,168
2025,A,146,1,0000000001,0000006730,張仁瑋,28,先發,5,5,2,1,0,0,1,0,5,2,0,1,0,0,0,0,0,0,0,0,0,0,0,6,22
2025,A,146,2,0000000001,0000000362,申皓瑋,29,先發,4,4,0,0,0,0,0,0,0,0,0,0,0,0,0,2,0,0,0,0,0,0,0,42,139
2025,A,146,2,0000000001,0000000910,張進德,47,非先發,1,1,1,1,0,0,0,0,1,0,0,0,0,0,0,0,0,0,0,0,0,0,0,2,6
2025,A,146,2,0000000001,0000002352,范國宸,46,先發,2,1,0,0,0,0,0,0,0,0,0,0,1,0,0,1,0,0,0,0,0,0,0,28,87
2025,A,146,2,0000000001,0000004645,戴培峰,95,先發,2,2,0,0,0,0,0,0,0,0,0,0,0,0,0,1,0,0,0,0,0,0,0,34,117
2025,A,146,2,0000000001,0000005496,辛元旭,67,非先發,2,2,1,0,0,1,0,0,3,1,0,0,0,0,0,0,0,0,0,0,0,0,0,3,8
2025,A,146,2,0000000001,0000005510,林澤彬,2,先發,4,4,0,0,0,0,0,0,0,0,0,0,0,0,0,1,0,0,0,0,0,0,0,26,70
2025,A,146,2,0000000001,0000006737,董子恩,78,先發,3,2,1,0,1,0,0,0,2,0,0,0,0,0,1,0,0,0,0,0,1,0,0,37,139
2025,A,146,2,0000000001,0000006738,孔念恩,82,先發,4,3,1,1,0,0,0,0,1,1,0,0,0,0,0,0,0,0,0,1,0,0,0,18,70
2025,A,146,2,0000000001,0000006810,潘瑋祥,0,非先發,2,2,0,0,0,0,0,0,0,0,0,0,0,0,0,1,0,0,0,0,0,0,0,0,2
2025,A,146,2,0000000001,0000006868,周佳樂,77,先發,2,1,0,0,0,0,0,0,0,0,0,0,1,0,0,0,0,0,0,0,0,0,0,20,90
2025,A,146,2,0000000001,0000006909,豊暐,43,非先發,2,2,1,1,0,0,0,0,1,0,0,1,0,0,0,0,0,0,0,0,0,0,0,10,45
2025,A,146,2,0000000001,0000007091,高捷,4,先發,4,3,0,0,0,0,0,0,0,0,0,1,1,0,0,3,0,0,0,0,0,1,0,8,36
2025,A,146,2,0000000001,0000007297,楊泯貽,63,先發,3,3,0,0,0,0,0,0,0,0,0,0,0,0,0,0,0,0,0,0,0,0,0,1,7
2025,A,146,1,0000000001,0000000929,王威晨,9,先發,5,4,2,2,0,0,0,0,2,1,0,1,1,0,0,0,0,0,0,0,0,0,0,42,145
2025,A,146,1,0000000001,0000001119,許基宏,74,先發,5,4,3,0,0,0,3,0,12,5,1,3,1,0,0,0,0,0,0,0,0,0,1,48,145
2025,A,146,1,0000000001,0000002285,高宇杰,65,先發,5,4,1,1,0,0,0,0,1,2,0,1,1,0,0,1,0,0,0,0,0,0,0,32,143
2025,A,147,1,0000000001,0000000935,王柏融,9,先發,5,4,0,0,0,0,0,0,0,1,0,0,1,0,0,0,0,0,0,0,2,0,0,40,154
2025,A,147,1,0000000001,0000001291,郭阜林,59,先發,5,5,1,1,0,0,0,0,1,0,0,0,0,0,0,1,0,0,0,0,0,0,0,35,114
2025,A,147,1,0000000001,0000003533,藍寅倫,88,先發,5,5,3,3,0,0,0,0,3,0,0,1,0,0,0,1,0,0,0,0,0,0,0,19,83
2025,A,147,1,0000000001,0000003649,吳念庭,39,先發,5,4,1,1,0,0,0,0,1,0,0,0,1,0,0,0,0,0,0,0,0,0,0,15,68
2025,A,147,1,0000000001,0000005340,王博玄,6,非先發,1,1,1,1,0,0,0,0,1,0,0,1,0,0,0,0,0,0,0,0,0,0,0,40,145
2025,A,147,1,0000000001,0000006924,廖奕安,27,非先發,0,0,0,0,0,0,0,0,0,0,0,0,0,0,0,0,0,0,0,0,0,0,0,1,5
2025,A,147,1,0000000001,0000006926,陳致嘉,33,先發,3,2,0,0,0,0,0,0,0,1,0,0,0,0,0,1,0,0,0,1,0,0,0,2,27
2025,A,147,1,0000000001,0000006927,曾子祐,1,先發,5,4,1,1,0,0,0,0,1,1,0,1,1,0,0,0,0,0,0,0,0,0,0,49,174
2025,A,147,1,0000000001,0000006928,林家鋐,16,先發,3,3,1,1,0,0,0,0,1,0,0,0,0,0,0,0,1,0,0,0,0,0,0,22,90
2025,A,147,1,0000000001,0000006929,紀慶然,24,非先發,0,0,0,0,0,0,0,0,0,0,0,1,0,0,0,0,0,0,0,0,0,0,0,25,107
2025,A,147,1,0000000001,0000006930,黃秉揚,25,非先發,1,1,0,0,0,0,0,0,0,0,0,0,0,0,0,0,0,0,0,0,0,0,0,2,14
2025,A,147,1,0000000001,0000006936,高聖恩,50,先發,5,3,2,2,0,0,0,0,2,1,0,1,0,0,0,0,0,0,1,1,0,0,0,8,30
2025,A,147,1,0000000001,0000007239,魔鷹,94,先發,5,5,2,1,0,0,1,0,5,2,0,1,0,0,0,1,0,0,0,0,1,0,0,40,126
2025,A,147,1,0000000001,0000007301,曾昱磬,44,非先發,1,1,1,1,0,0,0,0,1,0,0,0,0,0,0,0,0,0,0,0,0,0,0,14,68
2025,A,147,2,0000000001,0000000159,成晉,35,先發,5,5,2,2,0,0,0,0,2,1,1,0,0,0,0,0,0,1,0,0,1,0,0,24,96
2025,A,147,2,0000000001,0000001618,林子偉,15,先發,4,2,1,1,0,0,0,0,1,0,0,1,2,0,0,1,0,0,0,0,0,1,0,37,136
2025,A,147,2,0000000001,0000002282,張閔勛,28,非先發,1,0,0,0,0,0,0,0,0,0,0,0,0,0,0,0,0,0,1,0,0,0,0,34,105
2025,A,147,2,0000000001,0000002286,林立,39,先發,4,4,1,0,1,0,0,0,2,0,0,1,0,0,0,0,0,0,0,0,0,0,0,37,105
2025,A,147,2,0000000001,0000003345,林智平,79,先發,4,4,1,0,0,0,1,0,4,2,0,1,0,0,0,2,0,0,0,0,0,0,0,42,135
2025,A,147,2,0000000001,0000003467,林泓育,11,非先發,1,1,1,0,0,0,1,0,4,3,0,1,0,0,0,0,0,0,0,0,0,0,0,37,128
2025,A,147,2,0000000001,0000003563,余德龍,36,非先發,0,0,0,0,0,0,0,0,0,0,0,1,0,0,0,0,0,0,0,0,0,0,0,16,62
2025,A,147,2,0000000001,0000004633,陳晨威,98,先發,5,5,2,1,0,1,0,0,4,1,0,1,0,0,0,1,0,0,0,0,0,0,1,60,171
2025,A,147,2,0000000001,0000006235,林政華,65,先發,4,4,1,1,0,0,0,0,1,0,0,0,0,0,0,0,0,0,0,0,0,0,0,32,110
2025,A,147,2,0000000001,0000006240,馬傑森,94,先發,4,4,1,1,0,0,0,0,1,0,0,1,0,0,0,1,0,0,0,0,0,0,0,18,100
2025,A,147,2,0000000001,0000006718,毛英傑,89,先發,2,2,0,0,0,0,0,0,0,0,0,0,0,0,0,1,0,0,0,0,0,0,0,0,2
2025,A,147,2,0000000001,0000007076,李勛傑,95,先發,4,4,0,0,0,0,0,0,0,0,0,0,0,0,0,2,0,0,0,0,1,1,0,11,50
2025,A,148,1,0000000001,0000001606,林岱安,31,先發,4,3,0,0,0,0,0,0,0,0,0,0,0,0,1,1,0,0,0,0,0,0,0,20,82
2025,A,148,1,0000000001,0000001804,陳傑憲,24,先發,5,5,2,1,1,0,0,0,3,2,1,1,0,0,0,1,0,0,0,0,0,0,1,47,165
2025,A,148,1,0000000001,0000002275,林安可,77,先發,5,5,2,1,0,1,0,0,4,2,0,1,0,0,0,0,0,0,0,0,0,0,0,28,85
2025,A,148,1,0000000001,0000002707,潘傑楷,35,先發,4,4,2,1,1,0,0,0,3,1,0,1,0,0,0,1,0,0,0,0,0,0,0,38,131
2025,A,148,1,0000000001,0000004642,林靖凱,64,先發,4,4,1,1,0,0,0,0,1,0,0,0,0,0,0,1,0,0,0,0,0,0,0,28,99
2025,A,148,1,0000000001,0000005306,許哲晏,10,先發,4,4,0,0,0,0,0,0,0,1,0,0,0,0,0,1,0,0,0,0,1,0,0,11,63
2025,A,148,1,0000000001,0000005531,邱智呈,14,先發,5,4,2,1,1,0,0,0,3,0,0,2,1,0,0,0,0,0,0,0,0,0,0,48,169
2025,A,148,1,0000000001,0000006223,林子豪,2,先發,4,3,0,0,0,0,0,0,0,0,0,0,1,0,0,0,0,0,0,0,0,0,0,26,118
2025,A,148,1,0000000001,0000007070,林佳緯,20,先發,5,5,2,2,0,0,0,0,2,0,0,1,0,0,0,0,0,0,0,0,0,0,0,44,157
2025,A,148,2,0000000001,0000000743,陳子豪,1,非先發,2,1,0,0,0,0,0,0,0,0,0,0,1,0,0,1,0,0,0,0,0,0,0,35,150
2025,A,148,2,0000000001,0000001318,朱育賢,11,先發,5,4,1,1,0,0,0,0,1,1,0,0,1,0,0,0,0,0,0,0,1,0,0,37,125
2025,A,148,2,0000000001,0000003625,吉力吉撈．鞏冠,4,先發,5,5,2,1,1,0,0,0,3,1,0,1,0,0,0,0,0,0,0,0,0,0,0,45,169
2025,A,148,2,0000000001,0000005291,蔣少宏,63,先發,4,4,2,2,0,0,0,0,2,2,0,0,0,0,0,0,0,0,0,0,0,0,0,22,100
2025,A,148,2,0000000001,0000005540,李凱威,21,先發,5,5,3,3,0,0,0,0,3,0,0,1,0,0,0,0,1,0,0,0,0,0,0,50,172
2025,A,148,2,0000000001,0000005542,張政禹,25,先發,4,3,0,0,0,0,0,0,0,0,0,0,0,0,0,1,0,0,1,0,0,0,0,32,114
2025,A,148,2,0000000001,0000005545,劉基鴻,46,先發,5,5,3,2,1,0,0,0,4,0,0,1,0,0,0,0,0,0,0,0,0,0,0,42,170
2025,A,148,2,0000000001,0000005546,拿莫．伊漾,57,非先發,0,0,0,0,0,0,0,0,0,0,0,0,0,0,0,0,0,0,0,0,0,0,0,4,18
2025,A,148,2,0000000001,0000005549,郭天信,2,先發,5,4,1,1,0,0,0,0,1,0,0,1,1,0,0,0,0,0,0,0,0,0,0,49,160
2025,A,148,2,0000000001,0000006216,王順和,24,先發,5,5,1,0,1,0,0,0,2,0,0,0,0,0,0,2,0,0,0,0,0,0,0,17,61
2025,A,148,2,0000000001,0000006217,林辰勳,9,非先發,0,0,0,0,0,0,0,0,0,0,0,0,0,0,0,0,0,0,0,0,0,0,0,4,21
2025,A,148,2,0000000001,0000007304,曾聖安,50,先發,2,2,0,0,0,0,0,0,0,0,0,0,0,0,0,0,0,0,0,0,0,0,0,10,60
2025,A,149,1,0000000001,0000000929,王威晨,9,先發,5,5,1,1,0,0,0,0,1,0,0,1,0,0,0,0,0,0,0,0,0,0,0,43,150
2025,A,149,1,0000000001,0000001119,許基宏,74,先發,5,3,1,1,0,0,0,0,1,1,0,0,1,0,0,0,0,0,0,1,0,0,0,49,148
2025,A,149,1,0000000001,0000002291,岳東華,98,先發,5,5,4,3,1,0,0,0,5,1,0,0,0,0,0,1,0,0,0,0,0,0,0,35,139
2025,A,149,1,0000000001,0000002297,詹子賢,39,先發,5,5,3,3,0,0,0,0,3,1,0,2,0,0,0,0,0,0,0,0,2,0,0,48,152
2025,A,149,1,0000000001,0000003183,張志豪,7,先發,6,5,0,0,0,0,0,0,0,0,0,1,1,0,0,0,0,0,0,0,0,0,0,17,78
2025,A,149,1,0000000001,0000004636,江坤宇,90,非先發,0,0,0,0,0,0,0,0,0,0,0,0,0,0,0,0,0,0,0,0,0,0,0,38,155
2025,A,149,1,0000000001,0000005569,曾頌恩,1,先發,5,4,2,2,0,0,0,0,2,1,0,1,1,0,0,0,0,0,0,0,0,0,0,15,61
2025,A,149,1,0000000001,0000005571,岳政華,92,先發,5,5,2,1,1,0,0,0,3,0,0,1,0,0,0,0,0,0,0,0,0,0,0,22,74
2025,A,149,1,0000000001,0000006224,林吳晉瑋,0,先發,5,4,1,1,0,0,0,0,1,1,0,1,1,0,0,1,0,0,0,0,0,0,0,4,17
2025,A,149,1,0000000001,0000006225,宋晟睿,88,非先發,0,0,0,0,0,0,0,0,0,0,0,1,0,0,0,0,0,0,0,0,0,0,0,50,168
2025,A,149,1,0000000001,0000006730,張仁瑋,28,先發,5,4,2,2,0,0,0,0,2,2,1,0,1,0,0,0,0,1,0,0,0,1,0,8,26
2025,A,149,2,0000000001,0000000362,申皓瑋,29,非先發,1,1,0,0,0,0,0,0,0,0,0,0,0,0,0,0,0,0,0,0,0,0,0,42,140
2025,A,149,2,0000000001,0000000910,張進德,47,非先發,2,2,0,0,0,0,0,0,0,0,0,0,0,0,0,0,0,0,0,0,0,0,0,2,8
2025,A,149,2,0000000001,0000002352,范國宸,46,先發,4,4,2,2,0,0,0,0,2,0,0,0,0,0,0,1,1,0,0,0,0,0,0,30,91
2025,A,149,2,0000000001,0000004645,戴培峰,95,先發,3,3,0,0,0,0,0,0,0,0,0,0,0,0,0,3,0,0,0,0,0,0,0,34,120
2025,A,149,2,0000000001,0000005496,辛元旭,67,先發,4,4,0,0,0,0,0,0,0,0,0,0,0,0,0,0,0,0,0,0,0,0,0,3,12
2025,A,149,2,0000000001,0000005510,林澤彬,2,先發,5,5,3,2,1,0,0,0,4,0,0,1,0,0,0,0,0,0,0,0,0,0,0,29,75
2025,A,149,2,0000000001,0000006737,董子恩,78,先發,4,4,2,2,0,0,0,0,2,0,0,0,0,0,0,0,0,0,0,0,0,1,0,39,143
2025,A,149,2,0000000001,0000006738,孔念恩,82,先發,4,4,0,0,0,0,0,0,0,0,0,0,0,0,0,3,0,0,0,0,0,0,0,18,74
2025,A,149,2,0000000001,0000006743,劉俊豪,85,非先發,1,1,1,1,0,0,0,0,1,0,0,0,0,0,0,0,0,0,0,0,0,0,0,5,21
2025,A,149,2,0000000001,0000006810,潘瑋祥,0,非先發,0,0,0,0,0,0,0,0,0,0,0,0,0,0,0,0,0,0,0,0,0,0,0,0,2
2025,A,149,2,0000000001,0000006868,周佳樂,77,先發,4,2,1,1,0,0,0,0,1,0,0,1,2,0,0,1,0,0,0,0,0,0,0,21,92
2025,A,149,2,0000000001,0000007091,高捷,4,先發,5,5,2,2,0,0,0,0,2,1,0,0,0,0,0,3,0,0,0,0,0,0,0,10,41
2025,A,149,2,0000000001,0000007297,楊泯貽,63,先發,3,2,0,0,0,0,0,0,0,0,0,1,1,0,0,1,0,0,0,0,1,0,0,1,9
2025,A,150,1,0000000001,0000001291,郭阜林,59,先發,5,3,1,1,0,0,0,0,1,0,0,1,2,0,0,0,0,0,0,0,0,0,0,36,117
2025,A,150,1,0000000001,0000003533,藍寅倫,88,先發,4,3,1,0,1,0,0,0,2,1,0,1,0,0,0,1,0,0,0,1,0,0,0,20,86
2025,A,150,1,0000000001,0000003649,吳念庭,39,先發,5,4,2,2,0,0,0,0,2,0,0,1,1,0,0,0,0,0,0,0,0,0,0,17,72
2025,A,150,1,0000000001,0000005340,王博玄,6,先發,5,5,2,2,0,0,0,0,2,2,0,0,0,0,0,1,0,1,0,0,0,0,0,42,150
2025,A,150,1,0000000001,0000006926,陳致嘉,33,先發,4,4,1,1,0,0,0,0,1,1,0,0,0,0,0,0,1,0,0,0,0,0,0,3,31
2025,A,150,1,0000000001,0000006927,曾子祐,1,先發,5,5,1,0,1,0,0,0,2,1,0,1,0,0,0,0,0,0,0,0,0,0,0,50,179
2025,A,150,1,0000000001,0000006928,林家鋐,16,先發,4,3,1,1,0,0,0,0,1,0,0,1,1,0,0,1,0,0,0,0,0,0,0,23,93
2025,A,150,1,0000000001,0000006929,紀慶然,24,非先發,0,0,0,0,0,0,0,0,0,0,0,0,0,0,0,0,0,0,0,0,0,0,0,25,107
2025,A,150,1,0000000001,0000006936,高聖恩,50,先發,5,5,0,0,0,0,0,0,0,0,0,0,0,0,0,0,0,0,0,0,0,0,0,8,35
2025,A,150,1,0000000001,0000007239,魔鷹,94,先發,5,3,1,0,0,0,1,0,4,2,1,2,2,0,0,0,0,0,0,0,0,0,0,41,129
2025,A,150,2,0000000001,0000000159,成晉,35,先發,2,2,1,0,1,0,0,0,2,0,0,0,0,0,0,0,0,0,0,0,0,0,0,25,98
2025,A,150,2,0000000001,0000001286,馮健庭,45,非先發,1,1,0,0,0,0,0,0,0,0,0,0,0,0,0,1,0,0,0,0,0,0,0,6,28
2025,A,150,2,0000000001,0000001618,林子偉,15,先發,4,3,0,0,0,0,0,0,0,0,0,0,1,0,0,0,0,0,0,0,0,1,0,37,139
2025,A,150,2,0000000001,0000002282,張閔勛,28,先發,2,2,0,0,0,0,0,0,0,0,0,0,0,0,0,0,0,0,0,0,0,0,0,34,107
2025,A,150,2,0000000001,0000002286,林立,39,先發,5,4,3,2,1,0,0,0,4,0,0,1,1,0,0,0,1,0,0,0,0,0,0,40,109
2025,A,150,2,0000000001,0000003345,林智平,79,先發,4,4,2,0,2,0,0,0,4,2,0,0,0,0,0,1,0,0,0,0,0,0,0,44,139
2025,A,150,2,0000000001,0000003563,余德龍,36,非先發,2,2,1,0,1,0,0,0,2,0,0,1,0,0,0,0,0,0,0,0,0,0,0,17,64
2025,A,150,2,0000000001,0000004633,陳晨威,98,先發,5,4,1,1,0,0,0,0,1,0,0,1,1,0,0,0,0,1,0,0,0,0,0,61,175
2025,A,150,2,0000000001,0000006235,林政華,65,先發,4,4,2,1,0,0,1,0,5,2,0,1,0,0,0,0,0,0,0,0,0,0,0,34,114
2025,A,150,2,0000000001,0000006240,馬傑森,94,先發,4,4,0,0,0,0,0,0,0,0,0,0,0,0,0,1,0,0,0,0,0,0,0,18,104
2025,A,150,2,0000000001,0000006714,鍾玉成,97,非先發,3,3,0,0,0,0,0,0,0,0,0,0,0,0,0,1,0,0,0,0,0,0,0,0,4
2025,A,150,2,0000000001,0000006854,宋嘉翔,2,非先發,2,2,1,1,0,0,0,0,1,0,0,0,0,0,0,1,0,0,0,0,0,0,0,14,43
2025,A,150,2,0000000001,0000007076,李勛傑,95,先發,2,2,0,0,0,0,0,0,0,0,0,0,0,0,0,0,0,0,0,0,0,0,0,11,52
2025,A,151,1,0000000001,0000000935,王柏融,9,先發,5,4,2,2,0,0,0,0,2,3,1,0,1,0,0,0,0,0,0,0,0,0,1,42,158
2025,A,151,1,0000000001,0000001291,郭阜林,59,非先發,0,0,0,0,0,0,0,0,0,0,0,0,0,0,0,0,0,0,0,0,0,0,0,36,117
2025,A,151,1,0000000001,0000003533,藍寅倫,88,先發,3,2,0,0,0,0,0,0,0,0,0,0,1,0,0,1,0,1,0,0,0,0,0,20,88
2025,A,151,1,0000000001,0000003649,吳念庭,39,先發,5,4,2,2,0,0,0,0,2,2,0,0,1,0,0,0,0,0,0,0,1,0,0,19,76
2025,A,151,1,0000000001,0000005340,王博玄,6,先發,6,4,3,2,0,0,1,0,6,1,0,3,2,0,0,0,0,0,0,0,0,0,0,45,154
2025,A,151,1,0000000001,0000006211,張肇元,29,先發,5,4,0,0,0,0,0,0,0,0,0,0,1,0,0,0,0,0,0,0,0,0,0,34,132
2025,A,151,1,0000000001,0000006927,曾子祐,1,先發,6,6,3,2,1,0,0,0,4,3,0,3,0,0,0,0,0,0,0,0,0,1,0,53,185
2025,A,151,1,0000000001,0000006928,林家鋐,16,先發,5,4,3,1,1,1,0,0,6,1,0,2,1,0,0,0,0,0,0,0,0,0,0,26,97
2025,A,151,1,0000000001,0000006929,紀慶然,24,先發,5,3,0,0,0,0,0,0,0,0,0,1,1,0,0,1,0,0,1,0,0,0,0,25,110
2025,A,151,1,0000000001,0000006936,高聖恩,50,非先發,1,1,0,0,0,0,0,0,0,0,0,0,0,0,0,0,0,0,0,0,0,0,0,8,36
2025,A,151,1,0000000001,0000007239,魔鷹,94,先發,5,4,1,1,0,0,0,0,1,0,0,0,1,1,0,1,0,0,0,0,1,0,0,42,133
2025,A,151,1,0000000001,0000007301,曾昱磬,44,非先發,1,1,1,1,0,0,0,0,1,0,0,1,0,0,0,0,0,0,0,0,0,0,0,15,69
2025,A,151,2,0000000001,0000000929,王威晨,9,先發,5,5,1,0,1,0,0,0,2,1,0,0,0,0,0,1,0,0,0,0,0,0,0,44,155
2025,A,151,2,0000000001,0000001119,許基宏,74,先發,5,3,0,0,0,0,0,0,0,0,0,1,1,0,1,0,0,0,0,0,0,0,0,49,151
2025,A,151,2,0000000001,0000002285,高宇杰,65,非先發,0,0,0,0,0,0,0,0,0,0,0,0,0,0,0,0,0,0,0,0,0,0,0,32,143
2025,A,151,2,0000000001,0000002291,岳東華,98,先發,5,4,1,1,0,0,0,0,1,3,0,0,1,0,0,1,0,0,0,0,0,0,0,36,143
2025,A,151,2,0000000001,0000002297,詹子賢,39,先發,5,4,2,2,0,0,0,0,2,0,0,3,1,0,0,2,0,0,0,0,0,0,0,50,156
2025,A,151,2,0000000001,0000003183,張志豪,7,先發,5,3,0,0,0,0,0,0,0,0,0,0,1,0,1,1,0,0,0,0,0,0,0,17,81
2025,A,151,2,0000000001,0000004636,江坤宇,90,先發,5,3,3,3,0,0,0,0,3,0,0,2,1,0,0,0,0,0,1,0,0,0,0,41,158
2025,A,151,2,0000000001,0000005569,曾頌恩,1,先發,5,5,0,0,0,0,0,0,0,0,0,0,0,0,0,0,0,0,0,0,1,0,0,15,66
2025,A,151,2,0000000001,0000005571,岳政華,92,非先發,0,0,0,0,0,0,0,0,0,0,0,0,0,0,0,0,0,0,0,0,0,0,0,22,74
2025,A,151,2,0000000001,0000006224,林吳晉瑋,0,先發,4,3,1,1,0,0,0,0,1,1,0,0,1,0,0,1,0,0,0,0,1,0,0,5,20
2025,A,151,2,0000000001,0000006225,宋晟睿,88,先發,4,4,2,1,1,0,0,0,3,2,0,1,0,0,0,0,0,0,0,0,0,0,0,52,172
2025,A,152,2,0000000001,0000006235,林政華,65,先發,3,2,0,0,0,0,0,0,0,0,0,1,0,0,1,1,0,0,0,0,0,0,0,34,116
2025,A,152,2,0000000001,0000006240,馬傑森,94,先發,3,3,0,0,0,0,0,0,0,0,0,0,0,0,0,0,0,0,0,0,0,1,0,18,107
2025,A,152,2,0000000001,0000006714,鍾玉成,97,非先發,1,1,0,0,0,0,0,0,0,0,0,0,0,0,0,0,0,0,0,0,0,0,0,0,5
2025,A,152,2,0000000001,0000006718,毛英傑,89,非先發,1,1,0,0,0,0,0,0,0,0,0,0,0,0,0,0,0,0,0,0,0,0,0,0,3
2025,A,152,2,0000000001,0000006854,宋嘉翔,2,先發,3,3,1,1,0,0,0,0,1,0,0,0,0,0,0,0,0,0,0,0,0,0,0,15,46
2025,A,152,2,0000000001,0000007076,李勛傑,95,先發,4,4,1,1,0,0,0,0,1,0,0,0,0,0,0,1,0,0,0,0,0,0,0,12,56
2025,A,152,1,0000000001,0000000356,石翔宇,72,非先發,0,0,0,0,0,0,0,0,0,0,0,0,0,0,0,0,0,0,0,0,0,0,0,3,7
2025,A,152,1,0000000001,0000000743,陳子豪,1,先發,4,4,0,0,0,0,0,0,0,0,0,0,0,0,0,0,0,0,0,0,0,0,0,35,154
2025,A,152,1,0000000001,0000001318,朱育賢,11,先發,6,4,1,1,0,0,0,0,1,1,0,0,1,0,0,1,0,0,0,1,0,0,0,38,129
2025,A,152,1,0000000001,0000003625,吉力吉撈．鞏冠,4,先發,5,5,3,0,2,0,1,0,8,3,0,1,0,0,0,0,0,0,0,0,0,0,0,48,174
2025,A,152,1,0000000001,0000005291,蔣少宏,63,先發,5,5,2,2,0,0,0,0,2,1,0,2,0,0,0,2,0,0,0,0,0,1,0,24,105
2025,A,152,1,0000000001,0000005540,李凱威,21,先發,5,5,1,1,0,0,0,0,1,0,0,1,0,0,0,1,1,0,0,0,0,0,0,51,177
2025,A,152,1,0000000001,0000005545,劉基鴻,46,先發,6,5,3,1,1,0,1,0,7,3,0,3,0,0,1,2,0,0,0,0,0,0,1,45,175
2025,A,152,1,0000000001,0000005546,拿莫．伊漾,57,非先發,0,0,0,0,0,0,0,0,0,0,0,0,0,0,0,0,0,0,0,0,0,0,0,4,18
2025,A,152,1,0000000001,0000005549,郭天信,2,先發,5,3,0,0,0,0,0,0,0,0,0,1,2,0,0,0,0,0,0,0,0,0,0,49,163
2025,A,152,1,0000000001,0000006216,王順和,24,先發,5,5,4,1,2,0,1,0,9,2,0,3,0,0,0,1,0,0,0,0,0,0,0,21,66
2025,A,152,1,0000000001,0000006879,冉承霖,82,非先發,1,1,0,0,0,0,0,0,0,0,0,0,0,0,0,0,0,0,0,0,0,0,0,1,11
2025,A,152,1,0000000001,0000007079,劉俊緯,23,先發,5,4,1,1,0,0,0,0,1,0,0,1,1,0,0,0,1,0,0,0,0,0,0,24,87
2025,A,152,1,0000000001,0000007304,曾聖安,50,非先發,1,1,1,0,0,0,1,0,4,2,0,1,0,0,0,0,0,0,0,0,0,0,0,11,61
2025,A,152,2,0000000001,0000000159,成晉,35,先發,4,4,0,0,0,0,0,0,0,0,0,0,0,0,0,1,0,0,0,0,0,0,0,25,102
2025,A,152,2,0000000001,0000001286,馮健庭,45,非先發,0,0,0,0,0,0,0,0,0,0,0,0,0,0,0,0,0,0,0,0,0,0,0,6,28
2025,A,152,2,0000000001,0000001618,林子偉,15,先發,4,4,1,1,0,0,0,0,1,1,0,0,0,0,0,0,0,0,0,0,0,0,0,38,143
2025,A,152,2,0000000001,0000003345,林智平,79,先發,4,3,2,2,0,0,0,0,2,0,0,1,1,0,0,0,0,0,0,0,0,0,0,46,142
2025,A,152,2,0000000001,0000003467,林泓育,11,先發,4,4,1,1,0,0,0,0,1,1,0,1,0,0,0,0,0,0,0,0,1,0,0,38,132
2025,A,152,2,0000000001,0000004633,陳晨威,98,先發,4,4,1,1,0,0,0,0,1,0,0,0,0,0,0,0,0,0,0,0,0,0,0,62,179
2025,A,153,1,0000000001,0000000362,申皓瑋,29,先發,5,4,2,1,0,0,1,0,5,1,0,1,1,0,0,0,0,0,0,0,0,0,0,44,144
2025,A,153,1,0000000001,0000000910,張進德,47,非先發,1,1,1,0,1,0,0,0,2,1,0,0,0,0,0,0,0,0,0,0,0,0,0,3,9
2025,A,153,1,0000000001,0000002352,范國宸,46,先發,4,4,0,0,0,0,0,0,0,0,0,0,0,0,0,1,0,0,0,0,0,0,0,30,95
2025,A,153,1,0000000001,0000004645,戴培峰,95,非先發,1,1,0,0,0,0,0,0,0,0,0,0,0,0,0,0,0,0,0,0,0,0,0,34,121
2025,A,153,1,0000000001,0000005496,辛元旭,67,先發,5,5,1,1,0,0,0,0,1,0,0,0,0,0,0,1,0,0,0,0,1,0,0,4,17
2025,A,153,1,0000000001,0000005510,林澤彬,2,先發,5,4,1,1,0,0,0,0,1,1,0,0,1,0,0,0,0,0,0,0,0,1,0,30,79
2025,A,153,1,0000000001,0000006737,董子恩,78,先發,4,4,1,1,0,0,0,0,1,0,0,0,0,0,0,0,0,0,0,0,0,0,0,40,147
2025,A,153,1,0000000001,0000006738,孔念恩,82,非先發,2,1,0,0,0,0,0,0,0,0,0,0,1,0,0,0,0,0,0,0,0,0,0,18,75
2025,A,153,1,0000000001,0000006810,潘瑋祥,0,先發,2,2,0,0,0,0,0,0,0,0,0,0,0,0,0,2,0,0,0,0,0,0,0,0,4
2025,A,153,1,0000000001,0000006868,周佳樂,77,先發,4,3,2,1,1,0,0,0,3,1,0,2,0,0,0,0,0,0,1,0,0,0,0,23,95
2025,A,153,1,0000000001,0000006909,豊暐,43,先發,2,2,1,0,0,0,1,0,4,1,0,1,0,0,0,0,0,0,0,0,0,0,0,11,47
2025,A,153,1,0000000001,0000007091,高捷,4,先發,4,4,1,0,1,0,0,0,2,0,0,1,0,0,0,0,0,0,0,0,0,0,0,11,45
2025,A,153,2,0000000001,0000001804,陳傑憲,24,非先發,1,1,0,0,0,0,0,0,0,0,0,0,0,0,0,0,0,0,0,0,0,0,0,47,166
2025,A,153,2,0000000001,0000002275,林安可,77,先發,5,5,4,1,2,0,1,0,9,3,1,1,0,0,0,0,0,0,0,0,0,0,1,32,90
2025,A,153,2,0000000001,0000002298,陳重羽,65,先發,4,4,0,0,0,0,0,0,0,0,0,0,0,0,0,3,0,0,0,0,0,0,0,19,86
2025,A,153,2,0000000001,0000002707,潘傑楷,35,先發,4,3,0,0,0,0,0,0,0,1,0,1,0,0,0,0,0,0,0,1,0,0,0,38,134
2025,A,153,2,0000000001,0000003615,胡金龍,51,先發,5,4,0,0,0,0,0,0,0,0,0,1,1,0,0,1,0,0,0,0,0,0,0,18,43
2025,A,153,2,0000000001,0000004642,林靖凱,64,先發,4,4,2,2,0,0,0,0,2,1,0,0,0,0,0,0,0,0,0,0,0,0,0,30,103
2025,A,153,2,0000000001,0000005306,許哲晏,10,先發,3,2,0,0,0,0,0,0,0,0,0,1,1,0,0,2,0,0,0,0,0,0,0,11,65
2025,A,153,2,0000000001,0000005531,邱智呈,14,先發,5,4,2,2,0,0,0,0,2,1,0,1,0,0,1,0,0,0,0,0,0,0,0,50,173
2025,A,153,2,0000000001,0000006223,林子豪,2,先發,4,2,0,0,0,0,0,0,0,0,0,0,2,0,0,0,0,0,0,0,0,0,0,26,120
2025,A,153,2,0000000001,0000007070,林佳緯,20,先發,5,4,1,0,1,0,0,0,2,0,0,1,1,0,0,1,0,0,0,0,0,0,0,45,161
2025,A,153,2,0000000001,0000007268,陳聖平,15,非先發,0,0,0,0,0,0,0,0,0,0,0,0,0,0,0,0,0,0,0,0,0,0,0,30,117
2025,A,154,1,0000000001,0000001618,林子偉,15,先發,4,4,0,0,0,0,0,0,0,0,0,0,0,0,0,2,0,0,0,0,0,0,0,38,147
2025,A,154,1,0000000001,0000002282,張閔勛,28,先發,4,4,1,0,1,0,0,0,2,0,0,0,0,0,0,0,0,0,0,0,0,0,0,35,111
2025,A,154,1,0000000001,0000002286,林立,39,非先發,1,1,0,0,0,0,0,0,0,0,0,0,0,0,0,0,0,0,0,0,0,0,0,40,110
2025,A,154,1,0000000001,0000003345,林智平,79,先發,4,4,0,0,0,0,0,0,0,0,0,0,0,0,0,1,0,0,0,0,0,0,0,46,146
2025,A,154,1,0000000001,0000003467,林泓育,11,先發,4,4,0,0,0,0,0,0,0,0,0,0,0,0,0,1,0,0,0,0,0,0,0,38,136
2025,A,154,1,0000000001,0000004633,陳晨威,98,先發,4,4,2,1,0,0,1,0,5,1,0,1,0,0,0,0,1,0,0,0,0,0,0,64,183
2025,A,154,1,0000000001,0000006235,林政華,65,先發,4,3,0,0,0,0,0,0,0,0,0,0,1,0,0,1,0,0,0,0,0,0,0,34,119
2025,A,154,1,0000000001,0000006240,馬傑森,94,先發,3,3,1,1,0,0,0,0,1,0,0,0,0,0,0,0,0,0,0,0,0,0,0,19,110
2025,A,154,1,0000000001,0000006714,鍾玉成,97,先發,2,2,0,0,0,0,0,0,0,0,0,0,0,0,0,1,0,0,0,0,0,0,0,0,7
2025,A,154,1,0000000001,0000007076,李勛傑,95,先發,4,4,1,1,0,0,0,0,1,0,0,0,0,0,0,1,0,0,0,0,0,0,0,13,60
2025,A,154,2,0000000001,0000000929,王威晨,9,先發,4,4,2,2,0,0,0,0,2,1,0,1,0,0,0,1,0,0,0,0,0,1,0,46,159
2025,A,154,2,0000000001,0000001119,許基宏,74,先發,4,3,0,0,0,0,0,0,0,0,0,0,1,0,0,1,0,0,0,0,0,0,0,49,154
2025,A,154,2,0000000001,0000002285,高宇杰,65,先發,3,3,2,0,1,0,1,0,6,2,1,1,0,0,0,0,0,0,0,0,0,1,1,34,146
2025,A,154,2,0000000001,0000002291,岳東華,98,先發,3,2,1,1,0,0,0,0,1,1,0,1,1,0,0,0,0,0,0,0,0,0,0,37,145
2025,A,154,2,0000000001,0000002297,詹子賢,39,先發,4,4,0,0,0,0,0,0,0,0,0,0,0,0,0,0,0,0,0,0,0,0,0,50,160
2025,A,154,2,0000000001,0000003183,張志豪,7,先發,3,3,0,0,0,0,0,0,0,0,0,0,0,0,0,2,0,0,0,0,0,0,0,17,84
2025,A,154,2,0000000001,0000003609,陳俊秀,29,先發,4,4,1,1,0,0,0,0,1,0,0,0,0,0,0,0,0,0,0,0,0,0,0,20,91
2025,A,154,2,0000000001,0000004636,江坤宇,90,先發,3,2,0,0,0,0,0,0,0,0,0,0,0,0,0,0,0,0,1,0,0,0,0,41,160
2025,A,154,2,0000000001,0000005571,岳政華,92,先發,4,3,0,0,0,0,0,0,0,0,0,1,1,0,0,1,0,0,0,0,0,0,0,22,77
2025,A,154,2,0000000001,0000006225,宋晟睿,88,非先發,1,1,0,0,0,0,0,0,0,0,0,0,0,0,0,0,0,0,0,0,0,0,0,52,173
2025,A,155,1,0000000001,0000001318,朱育賢,11,先發,4,4,0,0,0,0,0,0,0,0,0,0,0,0,0,3,0,0,0,0,0,0,0,38,133
2025,A,155,1,0000000001,0000003625,吉力吉撈．鞏冠,4,先發,3,3,0,0,0,0,0,0,0,0,0,0,0,0,0,0,0,0,0,0,0,0,0,48,177
2025,A,155,1,0000000001,0000005291,蔣少宏,63,先發,3,3,0,0,0,0,0,0,0,0,0,0,0,0,0,1,0,0,0,0,0,0,0,24,108
2025,A,155,1,0000000001,0000005540,李凱威,21,先發,3,2,0,0,0,0,0,0,0,0,0,0,1,0,0,0,0,0,0,0,0,0,0,51,179
2025,A,155,1,0000000001,0000005545,劉基鴻,46,先發,4,4,0,0,0,0,0,0,0,0,0,0,0,0,0,2,0,0,0,0,0,0,0,45,179
2025,A,155,1,0000000001,0000005546,拿莫．伊漾,57,非先發,0,0,0,0,0,0,0,0,0,0,0,0,0,0,0,0,0,0,0,0,0,0,0,4,18
2025,A,155,1,0000000001,0000005549,郭天信,2,先發,4,4,0,0,0,0,0,0,0,0,0,0,0,0,0,0,0,0,0,0,0,0,0,49,167
2025,A,155,1,0000000001,0000006216,王順和,24,先發,3,2,0,0,0,0,0,0,0,0,0,1,0,0,1,1,0,0,0,0,0,0,0,21,68
2025,A,155,1,0000000001,0000007079,劉俊緯,23,先發,3,3,2,2,0,0,0,0,2,1,0,0,0,0,0,0,0,1,0,0,0,1,0,26,90
2025,A,155,1,0000000001,0000007304,曾聖安,50,非先發,0,0,0,0,0,0,0,0,0,0,0,0,0,0,0,0,0,0,0,0,0,0,0,11,61
2025,A,155,2,0000000001,0000000362,申皓瑋,29,先發,4,3,0,0,0,0,0,0,0,0,0,0,1,0,0,2,0,0,0,0,0,0,0,44,147
2025,A,155,2,0000000001,0000002352,范國宸,46,先發,4,4,0,0,0,0,0,0,0,0,0,0,0,0,0,0,0,0,0,0,0,0,0,30,99
2025,A,155,2,0000000001,0000004645,戴培峰,95,先發,3,3,1,1,0,0,0,0,1,0,0,0,0,0,0,1,0,0,0,0,0,0,0,35,124
2025,A,155,2,0000000001,0000005310,陳真,7,非先發,1,1,1,1,0,0,0,0,1,0,0,0,0,0,0,0,0,0,0,0,0,0,0,17,74
2025,A,155,2,0000000001,0000005496,辛元旭,67,先發,3,3,1,1,0,0,0,0,1,0,0,0,0,0,0,1,0,1,0,0,0,0,0,5,20
2025,A,155,2,0000000001,0000005510,林澤彬,2,先發,4,4,1,1,0,0,0,0,1,0,0,1,0,0,0,1,0,1,0,0,0,0,0,31,83
2025,A,155,2,0000000001,0000006738,孔念恩,82,先發,2,2,0,0,0,0,0,0,0,0,0,0,0,0,0,1,0,0,0,0,0,0,0,18,77
2025,A,155,2,0000000001,0000006743,劉俊豪,85,非先發,1,1,0,0,0,0,0,0,0,0,0,0,0,0,0,0,0,0,0,0,0,0,0,5,22
2025,A,155,2,0000000001,0000006868,周佳樂,77,先發,3,3,0,0,0,0,0,0,0,0,0,0,0,0,0,3,0,0,0,0,0,0,0,23,98
2025,A,155,2,0000000001,0000006872,林岳谷,62,先發,2,2,0,0,0,0,0,0,0,0,0,0,0,0,0,1,0,0,0,0,0,0,0,3,24
2025,A,155,2,0000000001,0000007091,高捷,4,先發,4,4,1,1,0,0,0,0,1,0,0,1,0,0,0,1,0,0,0,0,0,0,1,12,49
2025,A,155,1,0000000001,0000000743,陳子豪,1,先發,3,3,0,0,0,0,0,0,0,0,0,0,0,0,0,1,0,0,0,0,0,0,0,35,157
2025,A,156,1,0000000001,0000007239,魔鷹,94,先發,5,5,1,1,0,0,0,0,1,0,0,0,0,0,0,3,0,0,0,0,0,0,0,43,138
2025,A,156,1,0000000001,0000007301,曾昱磬,44,非先發,1,1,0,0,0,0,0,0,0,0,0,0,0,0,0,1,0,0,0,0,0,0,0,15,70
2025,A,156,2,0000000001,0000001606,林岱安,31,先發,4,2,0,0,0,0,0,0,0,0,0,0,2,0,0,2,0,0,0,0,0,0,0,20,84
2025,A,156,2,0000000001,0000001804,陳傑憲,24,先發,5,5,0,0,0,0,0,0,0,0,0,2,0,0,0,1,0,0,0,0,0,0,0,47,171
2025,A,156,2,0000000001,0000002275,林安可,77,先發,5,5,3,0,1,0,2,0,10,7,0,2,0,0,0,0,0,0,0,0,0,0,1,35,95
2025,A,156,2,0000000001,0000002289,陳重廷,66,非先發,1,0,0,0,0,0,0,0,0,0,0,0,1,0,0,0,0,0,0,0,0,0,0,15,64
2025,A,156,2,0000000001,0000002661,陳鏞基,13,先發,3,3,3,3,0,0,0,0,3,2,1,2,0,0,0,0,1,0,0,0,0,0,0,19,65
2025,A,156,2,0000000001,0000002707,潘傑楷,35,先發,5,5,1,1,0,0,0,0,1,2,0,0,0,0,0,1,0,0,0,0,0,0,0,39,139
2025,A,156,2,0000000001,0000003615,胡金龍,51,先發,4,4,0,0,0,0,0,0,0,0,0,0,0,0,0,2,0,0,0,0,0,0,0,18,47
2025,A,156,2,0000000001,0000004642,林靖凱,64,先發,4,4,0,0,0,0,0,0,0,0,0,0,0,0,0,1,0,0,0,0,0,0,0,30,107
2025,A,156,2,0000000001,0000005306,許哲晏,10,先發,4,3,2,2,0,0,0,0,2,0,0,1,0,0,0,0,1,0,1,0,0,0,0,13,68
2025,A,156,2,0000000001,0000005531,邱智呈,14,非先發,0,0,0,0,0,0,0,0,0,0,0,0,0,0,0,0,0,0,0,0,0,1,0,50,173
2025,A,156,2,0000000001,0000006223,林子豪,2,非先發,2,1,1,1,0,0,0,0,1,1,0,2,1,0,0,0,0,0,0,0,0,0,0,27,121
2025,A,156,2,0000000001,0000007070,林佳緯,20,先發,5,3,3,3,0,0,0,0,3,0,0,3,2,0,0,0,0,0,0,0,0,0,0,48,164
2025,A,156,1,0000000001,0000000935,王柏融,9,先發,5,5,2,2,0,0,0,0,2,1,0,0,0,0,0,0,0,0,0,0,0,0,0,44,163
2025,A,156,1,0000000001,0000003533,藍寅倫,88,先發,3,3,0,0,0,0,0,0,0,0,0,0,0,0,0,0,0,0,0,0,0,0,0,20,91
2025,A,156,1,0000000001,0000003649,吳念庭,39,先發,5,2,1,1,0,0,0,0,1,0,0,0,3,0,0,0,0,0,0,0,0,0,0,20,78
2025,A,156,1,0000000001,0000005340,王博玄,6,先發,5,5,3,3,0,0,0,0,3,1,0,2,0,0,0,2,1,0,0,0,0,0,0,48,159
2025,A,156,1,0000000001,0000006211,張肇元,29,先發,3,3,1,1,0,0,0,0,1,0,0,0,0,0,0,0,0,0,0,0,0,0,0,35,135
2025,A,156,1,0000000001,0000006927,曾子祐,1,先發,5,5,1,1,0,0,0,0,1,0,0,0,0,0,0,0,0,0,0,0,0,0,0,54,190
2025,A,156,1,0000000001,0000006928,林家鋐,16,先發,3,3,2,2,0,0,0,0,2,1,0,1,0,0,0,1,0,0,0,0,0,1,0,28,100
2025,A,156,1,0000000001,0000006929,紀慶然,24,先發,4,4,2,1,1,0,0,0,3,0,0,1,0,0,0,0,0,0,0,0,0,0,0,27,114
2025,A,156,1,0000000001,0000006930,黃秉揚,25,非先發,0,0,0,0,0,0,0,0,0,0,0,0,0,0,0,0,0,0,0,0,0,0,0,2,14
2025,A,156,1,0000000001,0000006936,高聖恩,50,非先發,2,2,0,0,0,0,0,0,0,0,0,0,0,0,0,0,0,0,0,0,0,0,0,8,38
2025,A,156,1,0000000001,0000007064,陳世嘉,78,非先發,2,2,0,0,0,0,0,0,0,0,0,0,0,0,0,0,0,0,0,0,0,0,0,0,4
2025,A,157,1,0000000002,0000000159,成晉,35,先發,4,4,1,1,0,0,0,0,1,1,0,0,0,0,0,0,0,0,0,0,0,0,0,29,117
2025,A,157,1,0000000002,0000001618,林子偉,15,先發,5,5,1,1,0,0,0,0,1,0,0,0,0,0,0,2,0,0,0,0,0,0,0,43,162
2025,A,157,1,0000000002,0000002282,張閔勛,28,先發,5,5,2,1,1,0,0,0,3,0,0,0,0,0,0,1,0,0,0,0,0,0,0,42,129
2025,A,157,1,0000000002,0000002286,林立,39,非先發,0,0,0,0,0,0,0,0,0,0,0,0,0,0,0,0,1,0,0,0,0,0,0,42,119
2025,A,157,1,0000000002,0000003345,林智平,79,先發,5,5,3,3,0,0,0,0,3,2,1,0,0,0,0,0,0,0,0,0,0,0,1,51,155
2025,A,157,1,0000000002,0000003467,林泓育,11,先發,5,5,2,2,0,0,0,0,2,0,0,1,0,0,0,2,0,0,0,0,1,0,0,45,154
2025,A,157,1,0000000002,0000003563,余德龍,36,先發,5,4,1,1,0,0,0,0,1,0,0,1,1,0,0,0,0,1,0,0,0,0,0,21,79
2025,A,157,1,0000000002,0000004633,陳晨威,98,先發,5,4,1,1,0,0,0,0,1,0,0,0,1,0,0,1,1,0,0,0,0,0,0,66,197
2025,A,157,1,0000000002,0000006235,林政華,65,先發,4,2,1,1,0,0,0,0,1,1,0,1,2,0,0,0,1,0,0,0,0,0,0,37,128
2025,A,157,1,0000000002,0000007076,李勛傑,95,先發,5,5,2,1,1,0,0,0,3,0,0,1,0,0,0,2,0,0,0,0,0,0,0,17,71
2025,A,157,2,0000000002,0000000929,王威晨,9,非先發,1,0,0,0,0,0,0,0,0,0,0,0,1,0,0,0,0,0,0,0,0,0,0,49,173
2025,A,157,2,0000000002,0000001119,許基宏,74,先發,4,3,1,1,0,0,0,0,1,1,0,0,1,0,0,1,0,0,0,0,0,0,0,53,165
2025,A,157,2,0000000002,0000002285,高宇杰,65,先發,4,4,0,0,0,0,0,0,0,0,0,0,0,0,0,2,0,0,0,0,0,0,0,36,157
2025,A,157,2,0000000002,0000002291,岳東華,98,先發,4,4,1,1,0,0,0,0,1,0,0,0,0,0,0,2,1,0,0,0,0,0,0,42,161
2025,A,157,2,0000000002,0000003183,張志豪,7,先發,5,4,0,0,0,0,0,0,0,0,0,0,1,0,0,2,0,0,0,0,0,0,0,17,88
2025,A,157,2,0000000002,0000004636,江坤宇,90,先發,4,3,0,0,0,0,0,0,0,0,0,0,0,0,1,0,0,0,0,0,1,0,0,43,175
2025,A,157,2,0000000002,0000005298,黃韋盛,66,先發,3,3,0,0,0,0,0,0,0,0,0,0,0,0,0,1,0,0,0,0,0,0,0,29,100
2025,A,157,2,0000000002,0000005569,曾頌恩,1,先發,4,4,2,1,1,0,0,0,3,0,0,0,0,0,0,0,0,0,0,0,0,0,0,17,74
2025,A,157,2,0000000002,0000005571,岳政華,92,先發,4,4,2,2,0,0,0,0,2,0,0,1,0,0,0,1,0,0,0,0,0,0,0,24,91
2025,A,157,2,0000000002,0000006225,宋晟睿,88,先發,4,4,1,0,0,1,0,0,3,1,0,1,0,0,0,0,0,0,0,0,0,0,0,56,188
2025,A,159,1,0000000002,0000000935,王柏融,9,先發,4,3,0,0,0,0,0,0,0,0,0,0,0,0,1,0,0,0,0,0,0,0,0,50,185
2025,A,159,1,0000000002,0000001291,郭阜林,59,先發,4,3,0,0,0,0,0,0,0,1,0,0,0,0,0,2,0,0,0,1,0,0,0,39,130
2025,A,159,1,0000000002,0000003174,郭永維,7,先發,5,5,5,5,0,0,0,0,5,0,0,2,0,0,0,0,0,0,0,0,0,0,1,6,16
2025,A,159,1,0000000002,0000003649,吳念庭,39,先發,5,4,1,1,0,0,0,0,1,0,0,1,0,0,0,0,0,0,1,0,0,0,0,36,110
2025,A,159,1,0000000002,0000005340,王博玄,6,先發,4,4,3,3,0,0,0,0,3,0,0,0,0,0,0,0,1,0,0,0,0,0,0,58,188
2025,A,159,1,0000000002,0000006211,張肇元,29,先發,4,4,0,0,0,0,0,0,0,0,0,0,0,0,0,1,0,0,0,0,0,0,0,42,166
2025,A,159,1,0000000002,0000006927,曾子祐,1,先發,5,4,0,0,0,0,0,0,0,0,0,1,1,0,0,0,0,0,0,0,0,1,0,59,225
2025,A,159,1,0000000002,0000006928,林家鋐,16,非先發,0,0,0,0,0,0,0,0,0,0,0,0,0,0,0,0,0,1,0,0,0,0,0,28,108
2025,A,159,1,0000000002,0000006929,紀慶然,24,非先發,2,2,0,0,0,0,0,0,0,0,0,0,0,0,0,0,0,0,0,0,0,0,0,39,146
2025,A,159,1,0000000002,0000006936,高聖恩,50,先發,2,2,0,0,0,0,0,0,0,0,0,0,0,0,0,2,0,0,0,0,0,0,0,10,49
2025,A,159,1,0000000002,0000006939,顏郁軒,5,非先發,0,0,0,0,0,0,0,0,0,0,0,0,0,0,0,0,0,0,0,0,0,0,0,5,14
2025,A,159,1,0000000002,0000007239,魔鷹,94,先發,5,5,2,2,0,0,0,0,2,3,1,0,0,0,0,1,0,0,0,0,0,0,0,51,167
2025,A,159,2,0000000002,0000001804,陳傑憲,24,先發,5,5,1,1,0,0,0,0,1,0,0,0,0,0,0,0,0,0,0,0,0,0,0,53,193
2025,A,159,2,0000000002,0000002275,林安可,77,先發,5,4,2,2,0,0,0,0,2,0,0,1,1,0,0,0,0,0,0,0,0,0,0,40,107
2025,A,159,2,0000000002,0000002289,陳重廷,66,先發,4,4,2,2,0,0,0,0,2,0,0,0,0,0,0,1,0,0,0,0,0,0,0,21,81
2025,A,159,2,0000000002,0000002298,陳重羽,65,先發,4,4,2,2,0,0,0,0,2,1,0,0,0,0,0,0,0,1,0,0,0,0,0,23,102
2025,A,159,2,0000000002,0000002707,潘傑楷,35,先發,4,3,2,2,0,0,0,0,2,0,0,1,1,0,0,0,0,0,0,0,0,1,0,50,174
2025,A,159,2,0000000002,0000005531,邱智呈,14,先發,5,5,0,0,0,0,0,0,0,0,0,0,0,0,0,1,0,0,0,0,0,0,0,54,211
2025,A,159,2,0000000002,0000006223,林子豪,2,先發,4,3,0,0,0,0,0,0,0,1,0,0,0,0,0,1,0,0,0,1,1,0,0,34,141
2025,A,159,2,0000000002,0000007070,林佳緯,20,先發,5,5,3,3,0,0,0,0,3,1,0,0,0,0,0,1,0,0,0,0,0,0,0,61,205
2025,A,159,2,0000000002,0000007268,陳聖平,15,先發,4,4,1,1,0,0,0,0,1,0,0,1,0,0,0,2,0,0,0,0,0,0,0,35,146
2025,A,160,1,0000000001,0000000929,王威晨,9,先發,5,5,2,2,0,0,0,0,2,0,0,2,0,0,0,2,0,0,0,0,0,0,0,48,164
2025,A,160,1,0000000001,0000001119,許基宏,74,先發,5,5,3,2,1,0,0,0,4,0,0,2,0,0,0,1,0,0,0,0,0,0,0,52,159
2025,A,160,1,0000000001,0000002285,高宇杰,65,先發,5,4,1,1,0,0,0,0,1,1,0,0,0,0,1,0,0,0,0,0,0,0,0,35,150
2025,A,160,1,0000000001,0000002291,岳東華,98,先發,5,5,1,1,0,0,0,0,1,0,0,0,0,0,0,0,0,0,0,0,1,0,0,38,150
2025,A,160,1,0000000001,0000002297,詹子賢,39,先發,5,5,1,0,0,0,1,0,4,3,0,1,0,0,0,3,0,0,0,0,0,0,1,51,165
2025,A,160,1,0000000001,0000004636,江坤宇,90,先發,5,4,1,1,0,0,0,0,1,2,0,0,0,0,0,2,0,0,0,1,0,0,0,42,164
2025,A,160,1,0000000001,0000005298,黃韋盛,66,先發,5,5,3,3,0,0,0,0,3,2,1,1,0,0,0,0,0,0,0,0,0,0,0,27,90
2025,A,160,1,0000000001,0000005571,岳政華,92,先發,5,5,0,0,0,0,0,0,0,0,0,0,0,0,0,0,0,0,0,0,0,0,0,22,82
2025,A,160,1,0000000001,0000006225,宋晟睿,88,先發,5,5,1,1,0,0,0,0,1,0,0,2,0,0,0,0,1,0,0,0,1,0,0,53,178
2025,A,160,2,0000000001,0000001804,陳傑憲,24,先發,5,3,1,1,0,0,0,0,1,0,0,1,2,0,0,0,0,0,0,0,0,0,0,48,174
2025,A,160,2,0000000001,0000002275,林安可,77,先發,3,3,2,1,1,0,0,0,3,0,0,2,0,0,0,0,1,0,0,0,0,0,0,37,98
2025,A,160,2,0000000001,0000002289,陳重廷,66,非先發,1,1,0,0,0,0,0,0,0,0,0,1,0,0,0,0,0,0,0,0,0,0,0,15,65
2025,A,160,2,0000000001,0000002298,陳重羽,65,先發,5,4,1,1,0,0,0,0,1,0,0,1,0,0,0,0,0,0,1,0,1,0,0,20,90
2025,A,160,2,0000000001,0000002661,陳鏞基,13,先發,5,4,3,3,0,0,0,0,3,3,0,0,1,0,0,0,0,0,0,0,0,1,0,22,69
2025,A,160,2,0000000001,0000002707,潘傑楷,35,先發,5,4,1,1,0,0,0,0,1,1,0,0,0,0,1,1,0,0,0,0,0,0,0,40,143
2025,A,160,2,0000000001,0000003615,胡金龍,51,非先發,1,1,1,1,0,0,0,0,1,0,0,0,0,0,0,0,0,0,0,0,0,0,0,19,48
2025,A,160,2,0000000001,0000004642,林靖凱,64,先發,3,2,0,0,0,0,0,0,0,0,0,0,0,0,0,0,0,0,1,0,0,0,0,30,109
2025,A,160,2,0000000001,0000005306,許哲晏,10,先發,5,3,0,0,0,0,0,0,0,0,0,0,2,0,0,3,0,0,0,0,0,0,0,13,71
2025,A,160,2,0000000001,0000005531,邱智呈,14,先發,6,6,0,0,0,0,0,0,0,1,0,0,0,0,0,2,0,0,0,0,0,0,0,50,179
2025,A,160,2,0000000001,0000006223,林子豪,2,非先發,1,1,0,0,0,0,0,0,0,0,0,0,0,0,0,0,0,0,0,0,0,0,0,27,122
2025,A,160,2,0000000001,0000007070,林佳緯,20,先發,6,5,1,1,0,0,0,0,1,1,0,0,0,0,0,1,0,0,0,1,0,0,0,49,169
2025,A,160,2,0000000001,0000007268,陳聖平,15,非先發,2,2,0,0,0,0,0,0,0,0,0,1,0,0,0,0,0,0,0,0,0,0,0,30,119
2025,A,161,1,0000000001,0000000743,陳子豪,1,先發,4,3,1,0,1,0,0,0,2,1,0,0,1,0,0,2,0,0,0,0,0,0,0,36,160
2025,A,161,1,0000000001,0000001318,朱育賢,11,非先發,1,1,0,0,0,0,0,0,0,0,0,0,0,0,0,1,0,0,0,0,0,0,0,38,136
2025,A,161,1,0000000001,0000003625,吉力吉撈．鞏冠,4,先發,4,4,2,2,0,0,0,0,2,0,0,1,0,0,0,0,0,0,0,0,0,0,0,51,185
2025,A,161,1,0000000001,0000005291,蔣少宏,63,先發,3,3,1,1,0,0,0,0,1,0,0,0,0,0,0,1,0,0,0,0,0,0,0,25,113
2025,A,161,1,0000000001,0000005540,李凱威,21,先發,4,3,0,0,0,0,0,0,0,0,0,0,1,0,0,1,0,0,0,0,0,0,0,52,186
2025,A,161,1,0000000001,0000005542,張政禹,25,先發,5,5,3,2,1,0,0,0,4,0,0,0,0,0,0,0,1,0,0,0,0,0,0,36,124
2025,A,161,1,0000000001,0000005545,劉基鴻,46,先發,4,4,0,0,0,0,0,0,0,0,0,0,0,0,0,1,0,0,0,0,0,0,0,45,183
2025,A,161,1,0000000001,0000005549,郭天信,2,先發,5,5,0,0,0,0,0,0,0,0,0,0,0,0,0,1,0,0,0,0,0,0,0,51,176
2025,A,161,1,0000000001,0000006216,王順和,24,先發,4,4,1,1,0,0,0,0,1,0,0,0,0,0,0,2,0,0,0,0,0,1,0,23,76
2025,A,161,1,0000000001,0000007079,劉俊緯,23,先發,4,4,1,1,0,0,0,0,1,0,0,0,0,0,0,1,0,0,0,0,0,0,0,29,98
2025,A,161,2,0000000001,0000000935,王柏融,9,先發,4,4,1,0,1,0,0,0,2,2,1,0,0,0,0,1,0,0,0,0,0,0,1,45,167
2025,A,161,2,0000000001,0000001291,郭阜林,59,先發,4,3,0,0,0,0,0,0,0,0,0,0,1,0,0,1,0,0,0,0,0,0,0,36,120
2025,A,161,2,0000000001,0000003649,吳念庭,39,先發,4,3,2,1,1,0,0,0,3,0,0,1,0,0,0,0,0,0,1,0,0,0,0,22,81
2025,A,161,2,0000000001,0000005340,王博玄,6,先發,4,3,2,2,0,0,0,0,2,0,0,1,1,0,0,0,0,1,0,0,0,0,0,50,162
2025,A,161,2,0000000001,0000006211,張肇元,29,先發,4,3,2,2,0,0,0,0,2,0,0,0,1,0,0,1,0,0,0,0,0,0,0,37,138
2025,A,161,2,0000000001,0000006927,曾子祐,1,先發,4,4,0,0,0,0,0,0,0,0,0,0,0,0,0,0,0,0,0,0,0,0,0,54,194
2025,A,161,2,0000000001,0000006928,林家鋐,16,先發,3,3,0,0,0,0,0,0,0,0,0,0,0,0,0,0,0,0,0,0,0,0,0,28,103
2025,A,161,2,0000000001,0000006929,紀慶然,24,先發,4,4,2,2,0,0,0,0,2,1,0,0,0,0,0,0,0,0,0,0,0,0,0,29,118
2025,A,161,2,0000000001,0000006930,黃秉揚,25,非先發,0,0,0,0,0,0,0,0,0,0,0,0,0,0,0,0,0,0,0,0,0,0,0,2,14
2025,A,161,2,0000000001,0000007239,魔鷹,94,先發,4,3,1,0,1,0,0,0,2,0,0,1,1,0,0,0,0,0,0,0,0,0,0,44,141
2025,A,161,2,0000000001,0000007301,曾昱磬,44,非先發,1,1,0,0,0,0,0,0,0,0,0,0,0,0,0,0,0,0,0,0,0,0,0,15,71
2025,A,162,1,0000000001,0000000153,林承飛,6,先發,5,5,1,0,1,0,0,0,2,0,0,1,0,0,0,1,0,0,0,0,0,0,0,1,5
2025,A,162,1,0000000001,0000000159,成晉,35,先發,4,3,2,2,0,0,0,0,2,0,0,2,0,0,1,0,1,0,0,0,0,0,0,27,105
2025,A,162,1,0000000001,0000001618,林子偉,15,先發,4,3,0,0,0,0,0,0,0,0,0,0,1,0,0,0,0,0,0,0,0,0,0,38,150
2025,A,162,1,0000000001,0000002282,張閔勛,28,先發,5,5,4,3,1,0,0,0,5,3,0,0,0,0,0,0,0,0,0,0,0,0,1,39,116
2025,A,162,1,0000000001,0000002286,林立,39,先發,5,5,1,1,0,0,0,0,1,0,0,1,0,0,0,1,0,0,0,0,0,0,0,41,115
2025,A,162,1,0000000001,0000003467,林泓育,11,先發,5,5,1,1,0,0,0,0,1,1,0,0,0,0,0,0,0,0,0,0,0,0,0,39,141
2025,A,162,1,0000000001,0000003563,余德龍,36,先發,4,3,1,1,0,0,0,0,1,0,0,1,0,0,0,0,0,0,1,0,0,0,0,18,67
2025,A,162,1,0000000001,0000004633,陳晨威,98,先發,5,5,0,0,0,0,0,0,0,0,0,0,0,0,0,1,0,0,0,0,1,0,0,64,188
2025,A,162,1,0000000001,0000006235,林政華,65,非先發,1,1,1,0,1,0,0,0,2,0,0,1,0,0,0,0,0,0,0,0,0,0,0,35,120
2025,A,162,1,0000000001,0000007076,李勛傑,95,先發,4,4,2,2,0,0,0,0,2,1,0,1,0,0,0,1,0,0,0,0,0,0,0,15,64
2025,A,162,2,0000000001,0000000362,申皓瑋,29,先發,4,4,1,1,0,0,0,0,1,0,0,0,0,0,0,1,0,0,0,0,0,0,0,46,155
2025,A,162,2,0000000001,0000002352,范國宸,46,先發,4,4,0,0,0,0,0,0,0,0,0,0,0,0,0,0,0,0,0,0,1,0,0,31,107
2025,A,162,2,0000000001,0000003211,王勝偉,3,先發,3,3,1,1,0,0,0,0,1,0,0,0,0,0,0,1,0,0,0,0,0,1,0,5,14
2025,A,162,2,0000000001,0000005310,陳真,7,先發,3,3,0,0,0,0,0,0,0,0,0,0,0,0,0,0,0,0,0,0,0,0,0,17,80
2025,A,162,2,0000000001,0000005496,辛元旭,67,先發,3,2,1,0,1,0,0,0,2,0,0,2,1,0,0,1,0,0,0,0,0,0,0,6,26
2025,A,162,2,0000000001,0000005510,林澤彬,2,先發,4,4,0,0,0,0,0,0,0,0,0,0,0,0,0,1,0,0,0,0,0,1,0,31,91
2025,A,162,2,0000000001,0000006738,孔念恩,82,非先發,1,1,0,0,0,0,0,0,0,0,0,0,0,0,0,0,0,0,0,0,0,0,0,18,78
2025,A,162,2,0000000001,0000006743,劉俊豪,85,非先發,1,1,0,0,0,0,0,0,0,0,0,0,0,0,0,1,0,0,0,0,0,0,0,5,23
2025,A,162,2,0000000001,0000006872,林岳谷,62,先發,4,4,1,0,1,0,0,0,2,0,0,0,0,0,0,0,0,0,0,0,0,0,0,6,31
2025,A,162,2,0000000001,0000006909,豊暐,43,先發,3,2,0,0,0,0,0,0,0,1,0,0,0,0,0,2,0,0,0,1,0,0,0,11,49
2025,A,162,2,0000000001,0000007091,高捷,4,先發,3,2,2,2,0,0,0,0,2,1,0,0,1,0,0,0,0,1,0,0,0,0,0,15,54
2025,A,163,1,0000000001,0000000743,陳子豪,1,先發,5,3,0,0,0,0,0,0,0,0,0,1,2,0,0,0,0,0,0,0,0,0,0,36,163
2025,A,163,1,0000000001,0000001318,朱育賢,11,先發,5,4,2,0,1,0,1,0,6,3,1,1,1,0,0,0,0,0,0,0,0,0,1,40,140
2025,A,163,1,0000000001,0000003625,吉力吉撈．鞏冠,4,先發,5,4,2,0,1,0,1,0,6,2,0,2,1,0,0,1,1,0,0,0,0,0,0,53,189
2025,A,163,1,0000000001,0000005291,蔣少宏,63,先發,4,3,1,1,0,0,0,0,1,0,0,0,1,0,0,0,0,0,0,0,0,0,0,26,116
2025,A,163,1,0000000001,0000005540,李凱威,21,非先發,1,1,0,0,0,0,0,0,0,0,0,0,0,0,0,0,0,0,0,0,0,0,0,52,187
2025,A,163,1,0000000001,0000005542,張政禹,25,先發,4,4,1,1,0,0,0,0,1,0,0,0,0,0,0,1,0,0,0,0,0,0,0,37,128
2025,A,163,1,0000000001,0000005545,劉基鴻,46,先發,4,4,0,0,0,0,0,0,0,0,0,0,0,0,0,1,0,0,0,0,0,0,0,45,187
2025,A,163,1,0000000001,0000005549,郭天信,2,先發,5,5,0,0,0,0,0,0,0,0,0,0,0,0,0,0,0,0,0,0,0,0,0,51,181
2025,A,163,1,0000000001,0000006216,王順和,24,先發,4,4,2,1,1,0,0,0,3,1,0,1,0,0,0,1,1,0,0,0,0,0,0,25,80
2025,A,163,1,0000000001,0000007079,劉俊緯,23,先發,3,3,1,0,1,0,0,0,2,0,0,1,0,0,0,1,0,0,0,0,0,0,0,30,101
2025,A,163,1,0000000001,0000007304,曾聖安,50,非先發,0,0,0,0,0,0,0,0,0,0,0,0,0,0,0,0,0,1,0,0,0,0,0,11,65
2025,A,163,2,0000000001,0000000935,王柏融,9,先發,4,4,1,0,1,0,0,0,2,1,0,0,0,0,0,0,0,0,0,0,0,0,0,46,171
2025,A,163,2,0000000001,0000003533,藍寅倫,88,先發,4,4,1,1,0,0,0,0,1,0,0,0,0,0,0,2,0,0,0,0,0,0,0,21,95
2025,A,163,2,0000000001,0000003649,吳念庭,39,先發,4,4,3,3,0,0,0,0,3,0,0,1,0,0,0,0,2,0,0,0,0,0,0,25,85
2025,A,163,2,0000000001,0000005340,王博玄,6,先發,4,4,1,1,0,0,0,0,1,0,0,0,0,0,0,2,0,0,0,0,0,0,0,51,166
2025,A,163,2,0000000001,0000006211,張肇元,29,先發,4,4,0,0,0,0,0,0,0,0,0,0,0,0,0,0,0,0,0,0,0,0,0,37,142
2025,A,163,2,0000000001,0000006927,曾子祐,1,先發,4,3,0,0,0,0,0,0,0,0,0,0,1,0,0,2,0,0,0,0,0,0,0,54,197
2025,A,163,2,0000000001,0000006928,林家鋐,16,先發,2,2,0,0,0,0,0,0,0,0,0,0,0,0,0,1,0,0,0,0,0,0,0,28,105
2025,A,163,2,0000000001,0000006929,紀慶然,24,先發,4,4,2,2,0,0,0,0,2,0,0,0,0,0,0,0,0,0,0,0,0,0,0,31,122
2025,A,163,2,0000000001,0000006930,黃秉揚,25,非先發,0,0,0,0,0,0,0,0,0,0,0,0,0,0,0,0,0,0,0,0,0,0,0,2,14
2025,A,163,2,0000000001,0000007239,魔鷹,94,先發,4,4,0,0,0,0,0,0,0,0,0,0,0,0,0,2,0,0,0,0,1,0,0,44,145
2025,A,163,2,0000000001,0000007301,曾昱磬,44,非先發,1,1,0,0,0,0,0,0,0,0,0,0,0,0,0,0,0,0,0,0,0,0,0,15,72
2025,A,164,1,0000000001,0000000153,林承飛,6,先發,4,3,0,0,0,0,0,0,0,0,0,0,1,0,0,0,0,0,0,0,0,0,0,1,8
2025,A,164,1,0000000001,0000000159,成晉,35,先發,4,4,0,0,0,0,0,0,0,0,0,0,0,0,0,0,0,0,0,0,0,0,0,27,109
2025,A,164,1,0000000001,0000001618,林子偉,15,先發,4,3,1,0,0,0,1,0,4,3,0,1,0,0,0,0,0,0,0,1,0,0,0,39,153
2025,A,164,1,0000000001,0000002282,張閔勛,28,先發,4,4,1,1,0,0,0,0,1,0,0,0,0,0,0,0,0,0,0,0,0,0,0,40,120
2025,A,164,1,0000000001,0000002286,林立,39,先發,4,4,1,1,0,0,0,0,1,0,0,0,0,0,0,0,1,0,0,0,0,0,0,42,119
2025,A,164,1,0000000001,0000003467,林泓育,11,先發,4,4,3,3,0,0,0,0,3,0,0,1,0,0,0,0,0,0,0,0,0,0,0,42,145
2025,A,164,1,0000000001,0000003563,余德龍,36,先發,4,4,2,2,0,0,0,0,2,0,0,1,0,0,0,1,0,0,0,0,0,0,0,20,71
2025,A,164,1,0000000001,0000004633,陳晨威,98,非先發,1,1,0,0,0,0,0,0,0,0,0,0,0,0,0,0,0,0,0,0,0,0,0,64,189
2025,A,164,1,0000000001,0000006235,林政華,65,先發,4,4,0,0,0,0,0,0,0,0,0,0,0,0,0,2,0,0,0,0,0,0,0,35,124
2025,A,164,1,0000000001,0000007076,李勛傑,95,先發,3,2,0,0,0,0,0,0,0,0,0,0,1,0,0,1,0,0,0,0,0,0,0,15,66
2025,A,164,2,0000000001,0000000362,申皓瑋,29,先發,4,4,2,1,1,0,0,0,3,0,0,3,0,0,0,0,0,0,0,0,0,0,0,48,159
2025,A,164,2,0000000001,0000002352,范國宸,46,先發,4,3,2,0,2,0,0,0,4,2,1,1,1,0,0,1,0,0,0,0,0,0,0,33,110
2025,A,164,2,0000000001,0000004645,戴培峰,95,先發,4,3,1,1,0,0,0,0,1,1,0,0,1,0,0,1,0,0,0,0,0,0,0,36,131
2025,A,164,2,0000000001,0000005310,陳真,7,先發,4,3,1,0,1,0,0,0,2,0,0,1,1,0,0,0,0,0,0,0,0,0,0,18,83
2025,A,164,2,0000000001,0000005510,林澤彬,2,先發,4,3,1,1,0,0,0,0,1,2,0,0,0,0,0,0,0,0,0,1,0,0,0,32,94
2025,A,164,2,0000000001,0000006738,孔念恩,82,先發,4,4,0,0,0,0,0,0,0,0,0,0,0,0,0,1,0,0,0,0,0,0,0,18,82
2025,A,164,2,0000000001,0000006743,劉俊豪,85,先發,4,4,0,0,0,0,0,0,0,0,0,0,0,0,0,2,0,0,0,0,0,0,0,5,27
2025,A,164,2,0000000001,0000006872,林岳谷,62,先發,4,4,3,2,1,0,0,0,4,2,0,1,0,0,0,0,0,0,0,0,0,0,1,9,35
2025,A,164,2,0000000001,0000007091,高捷,4,先發,5,4,0,0,0,0,0,0,0,0,0,1,1,0,0,1,0,0,0,0,0,0,0,15,58
2025,A,165,1,0000000001,0000002297,詹子賢,39,先發,3,2,1,1,0,0,0,0,1,0,0,0,1,0,0,1,0,0,0,0,0,0,0,52,167
2025,A,165,1,0000000001,0000003609,陳俊秀,29,先發,4,4,0,0,0,0,0,0,0,0,0,0,0,0,0,3,0,0,0,0,1,0,0,20,95
2025,A,165,1,0000000001,0000004636,江坤宇,90,先發,4,4,0,0,0,0,0,0,0,0,0,0,0,0,0,1,0,0,0,0,0,0,0,42,168
2025,A,165,1,0000000001,0000005298,黃韋盛,66,先發,3,3,0,0,0,0,0,0,0,0,0,0,0,0,0,0,0,0,0,0,0,0,0,27,93
2025,A,165,1,0000000001,0000005569,曾頌恩,1,先發,4,4,0,0,0,0,0,0,0,0,0,0,0,0,0,2,0,0,0,0,1,0,0,15,70
2025,A,165,1,0000000001,0000005571,岳政華,92,非先發,1,1,0,0,0,0,0,0,0,0,0,0,0,0,0,0,0,0,0,0,0,0,0,22,83
2025,A,165,1,0000000001,0000006225,宋晟睿,88,先發,2,2,0,0,0,0,0,0,0,0,0,0,0,0,0,2,0,0,0,0,0,0,0,53,180
2025,A,165,2,0000000001,0000001606,林岱安,31,先發,3,3,1,0,0,0,1,0,4,1,1,1,0,0,0,1,0,0,0,0,0,0,0,21,87
2025,A,165,2,0000000001,0000002289,陳重廷,66,先發,3,3,1,1,0,0,0,0,1,0,0,0,0,0,0,1,0,0,0,0,0,0,0,16,68
2025,A,165,2,0000000001,0000002707,潘傑楷,35,先發,3,3,0,0,0,0,0,0,0,0,0,0,0,0,0,1,0,0,0,0,0,0,0,40,146
2025,A,165,2,0000000001,0000003615,胡金龍,51,先發,3,3,0,0,0,0,0,0,0,0,0,0,0,0,0,2,0,0,0,0,0,0,0,19,51
2025,A,165,2,0000000001,0000005531,邱智呈,14,先發,3,3,0,0,0,0,0,0,0,0,0,0,0,0,0,1,0,0,0,0,1,0,0,50,182
2025,A,165,2,0000000001,0000006223,林子豪,2,先發,3,3,1,1,0,0,0,0,1,0,0,0,0,0,0,1,0,0,0,0,0,0,0,28,125
2025,A,165,2,0000000001,0000006847,田子杰,49,先發,3,3,0,0,0,0,0,0,0,0,0,0,0,0,0,1,0,0,0,0,0,0,0,1,7
2025,A,165,2,0000000001,0000007070,林佳緯,20,先發,4,4,2,2,0,0,0,0,2,0,0,0,0,0,0,0,1,0,0,0,0,0,0,51,173
2025,A,165,2,0000000001,0000007268,陳聖平,15,先發,3,3,0,0,0,0,0,0,0,0,0,0,0,0,0,0,0,0,0,0,0,0,0,30,122
2025,A,165,1,0000000001,0000000929,王威晨,9,先發,4,4,1,1,0,0,0,0,1,0,0,0,0,0,0,1,0,0,0,0,0,0,0,49,168
2025,A,165,1,0000000001,0000002285,高宇杰,65,先發,3,1,0,0,0,0,0,0,0,0,0,0,2,0,0,0,0,0,0,0,0,0,0,35,151
2025,A,165,1,0000000001,0000002291,岳東華,98,先發,3,3,1,1,0,0,0,0,1,0,0,0,0,0,0,1,0,0,0,0,0,0,0,39,153
2025,A,166,1,0000000001,0000000929,王威晨,9,先發,5,5,0,0,0,0,0,0,0,0,0,0,0,0,0,0,0,0,0,0,0,0,0,49,173
2025,A,166,1,0000000001,0000001119,許基宏,74,先發,4,3,0,0,0,0,0,0,0,0,0,0,1,0,0,3,0,0,0,0,0,0,0,52,162
2025,A,166,1,0000000001,0000002285,高宇杰,65,先發,4,2,1,0,1,0,0,0,2,1,0,0,1,0,0,0,0,0,0,1,0,0,0,36,153
2025,A,166,1,0000000001,0000002291,岳東華,98,先發,4,4,2,2,0,0,0,0,2,1,0,3,0,0,0,1,0,0,0,0,0,0,0,41,157
2025,A,166,1,0000000001,0000002297,詹子賢,39,先發,4,3,1,1,0,0,0,0,1,0,0,0,1,0,0,1,0,0,0,0,0,0,0,53,170
2025,A,166,1,0000000001,0000003609,陳俊秀,29,非先發,1,1,0,0,0,0,0,0,0,0,0,0,0,0,0,0,0,0,0,0,0,0,0,20,96
2025,A,166,1,0000000001,0000004636,江坤宇,90,先發,4,4,1,1,0,0,0,0,1,0,0,1,0,0,0,0,0,0,0,0,2,0,0,43,172
2025,A,166,1,0000000001,0000005298,黃韋盛,66,先發,4,4,2,1,1,0,0,0,3,0,0,2,0,0,0,1,0,0,0,0,0,0,0,29,97
2025,A,166,1,0000000001,0000005569,曾頌恩,1,非先發,1,0,0,0,0,0,0,0,0,1,0,0,0,0,0,0,0,0,0,1,0,0,0,15,70
2025,A,166,1,0000000001,0000005571,岳政華,92,先發,4,4,0,0,0,0,0,0,0,0,0,0,0,0,0,2,0,0,0,0,0,0,0,22,87
2025,A,166,1,0000000001,0000006225,宋晟睿,88,先發,5,4,2,1,1,0,0,0,3,3,0,0,0,0,0,0,0,0,0,1,0,0,0,55,184
2025,A,166,2,0000000001,0000000935,王柏融,9,先發,5,5,1,0,0,0,1,0,4,1,0,1,0,0,0,0,0,0,0,0,1,0,0,47,176
2025,A,166,2,0000000001,0000003649,吳念庭,39,先發,5,4,2,2,0,0,0,0,2,1,0,1,1,0,0,1,0,0,0,0,0,0,0,27,89
2025,A,166,2,0000000001,0000005340,王博玄,6,先發,5,4,0,0,0,0,0,0,0,0,0,0,1,0,0,1,0,0,0,0,0,0,0,51,170
2025,A,166,2,0000000001,0000006211,張肇元,29,先發,5,5,3,2,1,0,0,0,4,1,1,1,0,0,0,1,0,0,0,0,0,0,1,40,147
2025,A,166,2,0000000001,0000006927,曾子祐,1,先發,5,5,1,1,0,0,0,0,1,0,0,1,0,0,0,0,0,0,0,0,0,0,0,55,202
2025,A,166,2,0000000001,0000006928,林家鋐,16,先發,2,2,0,0,0,0,0,0,0,0,0,0,0,0,0,1,0,0,0,0,0,0,0,28,107
2025,A,166,2,0000000001,0000006929,紀慶然,24,先發,4,4,0,0,0,0,0,0,0,0,0,0,0,0,0,1,0,0,0,0,0,0,0,31,126
2025,A,166,2,0000000001,0000006931,黃劼希,42,非先發,2,2,0,0,0,0,0,0,0,0,0,0,0,0,0,2,0,0,0,0,0,0,0,4,20
2025,A,166,2,0000000001,0000006939,顏郁軒,5,先發,4,4,2,1,0,0,1,0,5,2,0,1,0,0,0,1,0,0,0,0,1,0,0,2,4
2025,A,166,2,0000000001,0000007239,魔鷹,94,先發,5,3,2,0,0,0,2,0,8,2,0,2,2,1,0,1,0,0,0,0,0,0,0,46,148
2025,A,167,1,0000000001,0000000153,林承飛,6,先發,4,4,1,1,0,0,0,0,1,0,0,1,0,0,0,0,0,0,0,0,0,1,0,2,12
2025,A,167,1,0000000001,0000000159,成晉,35,先發,4,4,1,1,0,0,0,0,1,1,1,0,0,0,0,0,0,0,0,0,0,0,1,28,113
2025,A,167,1,0000000001,0000001618,林子偉,15,先發,4,4,3,2,1,0,0,0,4,0,0,0,0,0,0,1,0,0,0,0,0,0,0,42,157
2025,A,167,1,0000000001,0000002282,張閔勛,28,先發,4,4,0,0,0,0,0,0,0,0,0,0,0,0,0,0,0,0,0,0,0,0,0,40,124
2025,A,167,1,0000000001,0000003345,林智平,79,先發,4,4,2,2,0,0,0,0,2,1,0,0,0,0,0,0,0,0,0,0,0,0,0,48,150
2025,A,167,1,0000000001,0000003467,林泓育,11,先發,4,4,1,1,0,0,0,0,1,0,0,0,0,0,0,0,0,0,0,0,1,0,0,43,149
2025,A,167,1,0000000001,0000003563,余德龍,36,先發,4,4,0,0,0,0,0,0,0,0,0,0,0,0,0,0,0,0,0,0,0,0,0,20,75
2025,A,167,1,0000000001,0000004633,陳晨威,98,先發,4,4,1,1,0,0,0,0,1,0,0,1,0,0,0,0,1,0,0,0,0,0,0,65,193
2025,A,167,1,0000000001,0000006235,林政華,65,先發,3,2,1,1,0,0,0,0,1,0,0,0,1,0,0,0,0,1,0,0,0,0,0,36,126
2025,A,167,1,0000000001,0000007076,李勛傑,95,非先發,0,0,0,0,0,0,0,0,0,0,0,0,0,0,0,0,0,0,0,0,0,0,0,15,66
2025,A,167,2,0000000001,0000000743,陳子豪,1,先發,4,4,2,1,1,0,0,0,3,0,0,0,0,0,0,0,0,0,0,0,0,0,0,38,167
2025,A,167,2,0000000001,0000001318,朱育賢,11,先發,4,4,0,0,0,0,0,0,0,0,0,0,0,0,0,1,0,0,0,0,0,0,0,40,144
2025,A,167,2,0000000001,0000003625,吉力吉撈．鞏冠,4,先發,4,4,1,1,0,0,0,0,1,0,0,0,0,0,0,1,0,0,0,0,1,0,0,54,193
2025,A,167,2,0000000001,0000005291,蔣少宏,63,先發,3,3,1,1,0,0,0,0,1,0,0,0,0,0,0,0,0,0,0,0,1,0,0,27,119
2025,A,167,2,0000000001,0000005540,李凱威,21,先發,4,4,0,0,0,0,0,0,0,0,0,0,0,0,0,2,0,0,0,0,0,0,0,52,191
2025,A,167,2,0000000001,0000005542,張政禹,25,先發,4,2,2,2,0,0,0,0,2,0,0,0,1,0,0,0,2,0,1,0,0,0,0,39,130
2025,A,167,2,0000000001,0000005545,劉基鴻,46,非先發,1,1,0,0,0,0,0,0,0,0,0,0,0,0,0,1,0,0,0,0,0,0,0,45,188
2025,A,167,2,0000000001,0000005549,郭天信,2,先發,4,4,1,1,0,0,0,0,1,0,0,0,0,0,0,0,0,0,0,0,0,0,0,52,185
2025,A,167,2,0000000001,0000006216,王順和,24,先發,4,2,0,0,0,0,0,0,0,1,0,0,1,0,0,0,0,0,0,1,0,0,0,25,82
2025,A,167,2,0000000001,0000007079,劉俊緯,23,先發,4,4,1,1,0,0,0,0,1,0,0,1,0,0,0,0,0,0,0,0,0,0,0,31,105
2025,A,168,1,0000000001,0000001606,林岱安,31,先發,4,3,1,1,0,0,0,0,1,0,0,0,1,0,0,1,0,0,0,0,0,0,0,22,90
2025,A,168,1,0000000001,0000001804,陳傑憲,24,非先發,0,0,0,0,0,0,0,0,0,0,0,0,0,0,0,0,0,0,0,0,0,0,0,48,174
2025,A,168,1,0000000001,0000002275,林安可,77,非先發,1,1,0,0,0,0,0,0,0,0,0,0,0,0,0,1,0,0,0,0,0,0,0,37,99
2025,A,168,1,0000000001,0000002289,陳重廷,66,先發,4,4,2,1,1,0,0,0,3,1,0,0,0,0,0,0,0,1,0,0,0,0,0,18,72
2025,A,168,1,0000000001,0000002661,陳鏞基,13,先發,4,4,1,1,0,0,0,0,1,0,0,0,0,0,0,1,0,0,0,0,0,0,0,23,73
2025,A,168,1,0000000001,0000002707,潘傑楷,35,先發,4,4,2,2,0,0,0,0,2,0,0,1,0,0,0,1,0,0,0,0,0,0,0,42,150
2025,A,168,1,0000000001,0000003615,胡金龍,51,先發,4,4,1,1,0,0,0,0,1,0,0,0,0,0,0,0,0,0,0,0,1,0,0,20,55
2025,A,168,1,0000000001,0000005531,邱智呈,14,先發,4,4,1,1,0,0,0,0,1,0,0,0,0,0,0,1,0,0,0,0,0,0,0,51,186
2025,A,168,1,0000000001,0000006847,田子杰,49,先發,2,2,0,0,0,0,0,0,0,0,0,0,0,0,0,0,0,0,0,0,0,0,0,1,9
2025,A,168,1,0000000001,0000007070,林佳緯,20,先發,4,4,0,0,0,0,0,0,0,0,0,0,0,0,0,1,0,0,0,0,0,0,0,51,177
2025,A,168,1,0000000001,0000007268,陳聖平,15,先發,4,3,0,0,0,0,0,0,0,0,0,0,0,0,1,2,0,0,0,0,0,0,0,30,125
2025,A,168,2,0000000001,0000000362,申皓瑋,29,先發,4,4,3,1,1,0,1,0,7,2,0,2,0,0,0,0,0,0,0,0,0,0,1,51,163
2025,A,168,2,0000000001,0000002352,范國宸,46,先發,4,4,0,0,0,0,0,0,0,1,1,0,0,0,0,0,0,0,0,0,0,0,0,33,114
2025,A,168,2,0000000001,0000003211,王勝偉,3,先發,4,4,1,0,1,0,0,0,2,1,0,0,0,0,0,1,0,0,0,0,0,0,0,6,18
2025,A,168,2,0000000001,0000005310,陳真,7,先發,4,2,1,1,0,0,0,0,1,0,0,0,2,0,0,0,0,0,0,0,0,0,0,19,85
2025,A,168,2,0000000001,0000005510,林澤彬,2,先發,4,4,3,2,1,0,0,0,4,0,0,1,0,0,0,0,0,0,0,0,0,0,0,35,98
2025,A,168,2,0000000001,0000006868,周佳樂,77,先發,4,4,0,0,0,0,0,0,0,0,0,0,0,0,0,1,0,0,0,0,0,0,0,23,103
2025,A,168,2,0000000001,0000006872,林岳谷,62,先發,4,4,1,1,0,0,0,0,1,0,0,1,0,0,0,0,0,0,0,0,0,0,0,10,39
2025,A,168,2,0000000001,0000006909,豊暐,43,先發,3,3,1,1,0,0,0,0,1,0,0,0,0,0,0,1,0,0,0,0,0,0,0,12,52
2025,A,168,2,0000000001,0000007091,高捷,4,先發,4,4,0,0,0,0,0,0,0,0,0,0,0,0,0,1,0,0,0,0,0,0,0,15,62
2025,A,169,1,0000000001,0000000362,申皓瑋,29,先發,5,3,1,1,0,0,0,0,1,1,0,0,1,0,0,0,0,0,0,1,0,0,0,52,166
2025,A,169,1,0000000001,0000002352,范國宸,46,先發,5,5,1,0,1,0,0,0,2,0,0,0,0,0,0,2,0,0,0,0,0,0,0,34,119
2025,A,169,1,0000000001,0000003211,王勝偉,3,先發,3,3,1,1,0,0,0,0,1,0,0,0,0,0,0,0,0,0,0,0,0,0,0,7,21
2025,A,169,1,0000000001,0000004645,戴培峰,95,非先發,2,2,0,0,0,0,0,0,0,0,0,0,0,0,0,1,0,0,0,0,0,0,0,36,133
2025,A,169,1,0000000001,0000005310,陳真,7,先發,4,3,1,1,0,0,0,0,1,0,0,0,1,0,0,0,0,0,0,0,0,0,0,20,88
2025,A,169,1,0000000001,0000005496,辛元旭,67,先發,4,3,2,1,1,0,0,0,3,0,0,1,1,0,0,0,0,0,0,0,0,0,0,8,29
2025,A,169,1,0000000001,0000005510,林澤彬,2,先發,5,5,2,2,0,0,0,0,2,1,0,1,0,0,0,1,1,0,0,0,0,0,0,37,103
2025,A,169,1,0000000001,0000006743,劉俊豪,85,非先發,1,1,0,0,0,0,0,0,0,0,0,0,0,0,0,0,0,0,0,0,0,0,0,5,28
2025,A,169,1,0000000001,0000006872,林岳谷,62,先發,5,5,1,1,0,0,0,0,1,0,0,0,0,0,0,1,0,0,0,0,0,0,0,11,44
2025,A,169,1,0000000001,0000006909,豊暐,43,先發,2,2,1,1,0,0,0,0,1,0,0,0,0,0,0,1,0,0,0,0,0,0,0,13,54
2025,A,169,1,0000000001,0000007091,高捷,4,先發,4,3,0,0,0,0,0,0,0,0,0,0,1,0,0,1,0,0,0,0,0,0,0,15,65
2025,A,169,2,0000000001,0000003649,吳念庭,39,先發,4,4,3,2,1,0,0,0,4,3,0,0,0,0,0,0,0,0,0,0,0,0,1,30,93
2025,A,169,2,0000000001,0000005340,王博玄,6,先發,4,3,1,1,0,0,0,0,1,0,0,1,1,0,0,0,0,0,0,0,0,0,0,52,173
2025,A,169,2,0000000001,0000006211,張肇元,29,先發,4,4,1,1,0,0,0,0,1,0,0,0,0,0,0,0,0,0,0,0,0,0,0,41,151
2025,A,169,2,0000000001,0000006927,曾子祐,1,先發,5,5,1,0,1,0,0,0,2,1,0,0,0,0,0,0,0,0,0,0,1,0,0,56,207
2025,A,169,2,0000000001,0000006929,紀慶然,24,先發,4,4,2,2,0,0,0,0,2,0,0,2,0,0,0,0,0,0,0,0,0,0,0,33,130
2025,A,169,2,0000000001,0000006931,黃劼希,42,先發,4,2,1,1,0,0,0,0,1,0,0,1,1,0,0,1,0,0,1,0,0,0,0,5,22
2025,A,169,2,0000000001,0000006936,高聖恩,50,先發,4,4,1,0,1,0,0,0,2,1,1,0,0,0,0,1,0,0,0,0,0,0,0,9,42
2025,A,169,2,0000000001,0000006939,顏郁軒,5,先發,4,4,1,1,0,0,0,0,1,0,0,1,0,0,0,1,0,0,0,0,0,0,0,3,8
2025,A,169,2,0000000001,0000007239,魔鷹,94,先發,4,3,0,0,0,0,0,0,0,0,0,0,1,0,0,0,0,0,0,0,0,0,0,46,151
2025,A,170,1,0000000001,0000006847,田子杰,49,先發,3,3,0,0,0,0,0,0,0,0,0,0,0,0,0,1,0,0,0,0,0,0,0,1,12
2025,A,170,1,0000000001,0000007070,林佳緯,20,先發,4,4,1,1,0,0,0,0,1,0,0,0,0,0,0,1,0,0,0,0,0,0,0,52,181
2025,A,170,1,0000000001,0000007268,陳聖平,15,先發,4,4,1,1,0,0,0,0,1,0,0,0,0,0,0,2,0,0,0,0,0,0,0,31,129
2025,A,170,2,0000000001,0000000159,成晉,35,先發,3,3,1,1,0,0,0,0,1,0,0,0,0,0,0,0,0,0,0,0,0,0,0,30,120
2025,A,170,2,0000000001,0000001618,林子偉,15,先發,4,4,1,1,0,0,0,0,1,0,0,1,0,0,0,1,1,0,0,0,0,0,0,44,166
2025,A,170,2,0000000001,0000002282,張閔勛,28,先發,4,3,0,0,0,0,0,0,0,0,0,0,0,0,0,0,0,0,1,0,0,0,0,42,132
2025,A,170,2,0000000001,0000003345,林智平,79,先發,4,4,2,2,0,0,0,0,2,0,0,1,0,0,0,0,0,0,0,0,0,0,0,53,159
2025,A,170,2,0000000001,0000003467,林泓育,11,先發,4,4,2,2,0,0,0,0,2,1,0,0,0,0,0,1,0,0,0,0,0,0,0,47,158
2025,A,170,2,0000000001,0000003563,余德龍,36,先發,4,3,1,1,0,0,0,0,1,1,1,0,1,0,0,1,0,0,0,0,0,0,1,22,82
2025,A,170,2,0000000001,0000004633,陳晨威,98,先發,4,4,0,0,0,0,0,0,0,0,0,0,0,0,0,0,0,0,0,0,0,0,0,66,201
2025,A,170,2,0000000001,0000006235,林政華,65,先發,3,3,0,0,0,0,0,0,0,0,0,0,0,0,0,1,0,0,0,0,1,0,0,37,131
2025,A,170,2,0000000001,0000007076,李勛傑,95,先發,3,3,1,1,0,0,0,0,1,0,0,0,0,0,0,1,0,0,0,0,0,0,0,18,74
2025,A,170,1,0000000001,0000001606,林岱安,31,先發,3,2,1,1,0,0,0,0,1,0,0,0,0,0,0,1,0,0,1,0,0,0,0,23,92
2025,A,170,1,0000000001,0000001804,陳傑憲,24,非先發,0,0,0,0,0,0,0,0,0,0,0,0,0,0,0,0,0,0,0,0,0,0,0,48,174
2025,A,170,1,0000000001,0000002289,陳重廷,66,先發,4,4,0,0,0,0,0,0,0,0,0,0,0,0,0,0,0,0,0,0,0,0,0,18,76
2025,A,170,1,0000000001,0000002661,陳鏞基,13,先發,4,4,0,0,0,0,0,0,0,0,0,0,0,0,0,2,0,0,0,0,0,0,0,23,77
2025,A,170,1,0000000001,0000002707,潘傑楷,35,先發,4,4,1,1,0,0,0,0,1,0,0,1,0,0,0,1,1,0,0,0,0,0,0,43,154
2025,A,170,1,0000000001,0000005531,邱智呈,14,先發,4,4,1,1,0,0,0,0,1,0,0,0,0,0,0,0,0,0,0,0,0,0,0,52,190
2025,A,170,1,0000000001,0000006223,林子豪,2,先發,4,4,2,1,1,0,0,0,3,1,0,0,0,0,0,1,0,0,0,0,0,0,0,30,129
2025,A,171,1,0000000001,0000000929,王威晨,9,先發,3,3,0,0,0,0,0,0,0,0,0,0,0,0,0,2,0,0,0,0,0,0,0,49,176
2025,A,171,1,0000000001,0000001119,許基宏,74,先發,4,4,2,1,1,0,0,0,3,1,0,0,0,0,0,0,0,0,0,0,0,0,0,55,169
2025,A,171,1,0000000001,0000002285,高宇杰,65,先發,4,4,3,3,0,0,0,0,3,0,0,2,0,0,0,0,0,0,0,0,0,0,1,39,161
2025,A,171,1,0000000001,0000002291,岳東華,98,先發,4,3,0,0,0,0,0,0,0,1,0,0,0,0,0,1,0,0,0,1,0,0,0,42,164
2025,A,171,1,0000000001,0000002297,詹子賢,39,先發,4,4,1,1,0,0,0,0,1,0,0,1,0,0,0,1,0,0,0,0,0,0,0,54,174
2025,A,171,1,0000000001,0000004636,江坤宇,90,先發,4,4,1,1,0,0,0,0,1,1,0,0,0,0,0,1,0,0,0,0,0,0,0,44,179
2025,A,171,1,0000000001,0000005298,黃韋盛,66,先發,4,4,1,1,0,0,0,0,1,0,0,0,0,0,0,0,0,0,0,0,0,0,0,30,104
2025,A,171,1,0000000001,0000005569,曾頌恩,1,非先發,1,1,0,0,0,0,0,0,0,0,0,0,0,0,0,0,0,0,0,0,0,0,0,17,75
2025,A,171,1,0000000001,0000005571,岳政華,92,先發,5,5,1,0,1,0,0,0,2,1,1,0,0,0,0,1,0,0,0,0,0,0,0,25,96
2025,A,171,1,0000000001,0000006225,宋晟睿,88,先發,4,4,1,0,1,0,0,0,2,0,0,1,0,0,0,0,0,0,0,0,0,0,0,57,192
2025,A,171,1,0000000001,0000006730,張仁瑋,28,非先發,1,1,0,0,0,0,0,0,0,0,0,1,0,0,0,0,0,0,0,0,0,0,0,8,27
2025,A,171,2,0000000001,0000000743,陳子豪,1,先發,4,2,0,0,0,0,0,0,0,1,0,0,1,0,0,1,0,0,0,1,0,0,0,38,169
2025,A,171,2,0000000001,0000001318,朱育賢,11,先發,4,3,1,1,0,0,0,0,1,0,0,0,1,0,0,0,0,0,0,0,0,0,0,41,147
2025,A,171,2,0000000001,0000003625,吉力吉撈．鞏冠,4,先發,4,4,2,1,1,0,0,0,3,0,0,0,0,0,0,1,0,0,0,0,0,0,0,56,197
2025,A,171,2,0000000001,0000005291,蔣少宏,63,先發,3,2,0,0,0,0,0,0,0,0,0,0,0,0,0,0,0,0,1,0,0,0,0,27,121
2025,A,171,2,0000000001,0000005542,張政禹,25,先發,4,4,1,0,1,0,0,0,2,0,0,0,0,0,0,1,0,0,0,0,0,0,0,40,134
2025,A,171,2,0000000001,0000005545,劉基鴻,46,先發,4,4,0,0,0,0,0,0,0,0,0,0,0,0,0,1,0,0,0,0,0,0,0,45,192
2025,A,171,2,0000000001,0000005546,拿莫．伊漾,57,非先發,1,1,0,0,0,0,0,0,0,0,0,0,0,0,0,0,0,0,0,0,0,0,0,4,19
2025,A,171,2,0000000001,0000005549,郭天信,2,先發,3,3,1,1,0,0,0,0,1,0,0,0,0,0,0,0,1,0,0,0,0,0,0,53,188
2025,A,171,2,0000000001,0000006216,王順和,24,先發,3,3,0,0,0,0,0,0,0,0,0,0,0,0,0,3,0,0,0,0,0,0,0,25,85
2025,A,171,2,0000000001,0000006217,林辰勳,9,非先發,1,1,0,0,0,0,0,0,0,0,0,0,0,0,0,0,0,0,0,0,0,0,0,4,22
2025,A,171,2,0000000001,0000007079,劉俊緯,23,先發,3,3,0,0,0,0,0,0,0,0,0,0,0,0,0,1,0,0,0,0,0,0,0,31,108
2025,A,171,2,0000000001,0000007304,曾聖安,50,非先發,1,1,1,1,0,0,0,0,1,0,0,1,0,0,0,0,0,0,0,0,0,0,0,12,66
2025,A,172,1,0000000001,0000000362,申皓瑋,29,先發,5,5,2,1,1,0,0,0,3,0,0,1,0,0,0,1,0,0,0,0,0,0,0,54,171
2025,A,172,1,0000000001,0000002352,范國宸,46,先發,5,5,2,1,0,0,1,0,5,3,0,1,0,0,0,0,0,0,0,0,0,0,0,36,124
2025,A,172,1,0000000001,0000003211,王勝偉,3,非先發,1,1,0,0,0,0,0,0,0,0,0,0,0,0,0,0,0,0,0,0,0,0,0,7,22
2025,A,172,1,0000000001,0000005310,陳真,7,先發,4,3,0,0,0,0,0,0,0,0,0,0,1,0,0,1,0,0,0,0,0,0,0,20,91
2025,A,172,1,0000000001,0000005496,辛元旭,67,先發,4,4,1,1,0,0,0,0,1,0,0,0,0,0,0,2,0,0,0,0,0,0,0,9,33
2025,A,172,1,0000000001,0000005510,林澤彬,2,先發,5,5,0,0,0,0,0,0,0,0,0,0,0,0,0,1,0,0,0,0,0,0,0,37,108
2025,A,172,1,0000000001,0000006738,孔念恩,82,非先發,0,0,0,0,0,0,0,0,0,0,0,1,0,0,0,0,0,0,0,0,0,0,0,18,82
2025,A,172,1,0000000001,0000006868,周佳樂,77,先發,3,3,0,0,0,0,0,0,0,0,0,0,0,0,0,1,0,0,0,0,0,0,0,23,106
2025,A,172,1,0000000001,0000006872,林岳谷,62,先發,5,5,2,2,0,0,0,0,2,0,0,1,0,0,0,1,0,0,0,0,0,0,0,13,49
2025,A,172,1,0000000001,0000006909,豊暐,43,先發,4,4,2,1,1,0,0,0,3,1,1,0,0,0,0,1,0,0,0,0,0,0,1,15,58
2025,A,172,1,0000000001,0000007091,高捷,4,先發,4,3,2,2,0,0,0,0,2,0,0,0,0,0,0,1,0,0,1,0,0,0,0,17,68
2025,A,172,2,0000000001,0000000935,王柏融,9,非先發,1,1,1,1,0,0,0,0,1,1,0,0,0,0,0,0,0,0,0,0,0,0,0,48,177
2025,A,172,2,0000000001,0000001291,郭阜林,59,先發,4,4,1,1,0,0,0,0,1,0,0,0,0,0,0,3,0,0,0,0,0,0,0,37,124
2025,A,172,2,0000000001,0000003649,吳念庭,39,先發,4,4,2,2,0,0,0,0,2,0,0,1,0,0,0,1,0,0,0,0,0,1,0,32,97
2025,A,172,2,0000000001,0000005340,王博玄,6,先發,4,3,0,0,0,0,0,0,0,0,0,0,0,0,1,0,0,0,0,0,0,0,0,52,176
2025,A,172,2,0000000001,0000006211,張肇元,29,先發,4,4,0,0,0,0,0,0,0,0,0,0,0,0,0,0,0,0,0,0,0,0,0,41,155
2025,A,172,2,0000000001,0000006927,曾子祐,1,先發,4,4,1,1,0,0,0,0,1,0,0,0,0,0,0,0,0,0,0,0,0,0,0,57,211
2025,A,172,2,0000000001,0000006929,紀慶然,24,先發,4,4,1,0,1,0,0,0,2,0,0,1,0,0,0,1,0,0,0,0,0,0,0,34,134
2025,A,172,2,0000000001,0000006930,黃秉揚,25,非先發,0,0,0,0,0,0,0,0,0,0,0,0,0,0,0,0,0,0,0,0,0,0,0,2,14
2025,A,172,2,0000000001,0000006931,黃劼希,42,先發,3,3,1,1,0,0,0,0,1,0,0,0,0,0,0,0,0,0,0,0,0,0,0,6,25
2025,A,172,2,0000000001,0000006936,高聖恩,50,先發,2,2,0,0,0,0,0,0,0,0,0,0,0,0,0,2,0,0,0,0,0,0,0,9,44
2025,A,172,2,0000000001,0000006940,葉保弟,73,非先發,0,0,0,0,0,0,0,0,0,0,0,0,0,0,0,0,0,0,0,0,0,0,0,3,16
2025,A,172,2,0000000001,0000007239,魔鷹,94,先發,4,4,1,0,0,0,1,0,4,2,0,1,0,0,0,1,0,0,0,0,1,0,0,47,155
2025,A,173,1,0000000001,0000004641,李丞齡,6,非先發,1,1,1,1,0,0,0,0,1,1,0,0,0,0,0,0,0,0,0,0,0,0,0,1,1
2025,A,173,1,0000000001,0000005306,許哲晏,10,非先發,1,1,0,0,0,0,0,0,0,0,0,0,0,0,0,0,0,0,0,0,0,0,0,13,72
2025,A,173,1,0000000001,0000005531,邱智呈,14,先發,6,5,2,1,1,0,0,0,3,0,0,1,0,0,1,0,1,0,0,0,0,0,0,54,195
2025,A,173,1,0000000001,0000006223,林子豪,2,非先發,3,2,2,1,0,0,1,0,5,2,0,1,0,0,0,0,0,0,0,1,0,0,0,32,131
2025,A,173,1,0000000001,0000007070,林佳緯,20,先發,6,6,2,2,0,0,0,0,2,3,0,2,0,0,0,0,0,0,0,0,0,0,0,54,187
2025,A,173,1,0000000001,0000007268,陳聖平,15,先發,5,3,1,0,1,0,0,0,2,1,0,2,2,0,0,0,0,0,0,0,0,0,0,32,132
2025,A,173,2,0000000001,0000000153,林承飛,6,非先發,1,1,0,0,0,0,0,0,0,0,0,0,0,0,0,0,0,0,0,0,1,0,0,2,13
2025,A,173,2,0000000001,0000000159,成晉,35,先發,3,3,0,0,0,0,0,0,0,0,0,0,0,0,0,0,0,0,0,0,0,0,0,30,123
2025,A,173,2,0000000001,0000001286,馮健庭,45,非先發,1,1,0,0,0,0,0,0,0,0,0,0,0,0,0,0,0,0,0,0,0,0,0,6,29
2025,A,173,2,0000000001,0000001618,林子偉,15,先發,4,3,0,0,0,0,0,0,0,0,0,0,1,0,0,1,0,0,0,0,0,2,0,44,169
2025,A,173,2,0000000001,0000002282,張閔勛,28,先發,3,3,1,1,0,0,0,0,1,0,0,0,0,0,0,1,0,0,0,0,0,0,0,43,135
2025,A,173,2,0000000001,0000003345,林智平,79,先發,4,4,1,0,0,1,0,0,3,0,0,1,0,0,0,2,0,0,0,0,1,0,0,54,163
2025,A,173,2,0000000001,0000003467,林泓育,11,先發,4,2,0,0,0,0,0,0,0,1,0,1,2,0,0,1,0,0,0,0,0,0,0,47,160
2025,A,173,2,0000000001,0000003563,余德龍,36,先發,3,2,0,0,0,0,0,0,0,1,0,0,1,0,0,1,0,0,0,0,0,0,0,22,84
2025,A,173,2,0000000001,0000004633,陳晨威,98,先發,4,4,0,0,0,0,0,0,0,0,0,0,0,0,0,1,0,0,0,0,0,0,0,66,205
2025,A,173,2,0000000001,0000006240,馬傑森,94,先發,2,2,0,0,0,0,0,0,0,0,0,0,0,0,0,0,0,0,0,0,0,1,0,19,112
2025,A,173,2,0000000001,0000006854,宋嘉翔,2,非先發,1,1,0,0,0,0,0,0,0,0,0,0,0,0,0,1,0,0,0,0,0,0,0,15,47
2025,A,173,2,0000000001,0000007076,李勛傑,95,先發,3,0,0,0,0,0,0,0,0,0,0,0,2,0,1,0,0,0,0,0,0,1,0,18,74
2025,A,173,1,0000000001,0000001339,林祖傑,39,先發,5,5,2,2,0,0,0,0,2,1,0,1,0,0,0,0,0,0,0,0,0,0,0,3,13
2025,A,173,1,0000000001,0000001804,陳傑憲,24,先發,5,4,1,0,1,0,0,0,2,1,0,0,1,0,0,0,0,1,0,0,0,0,0,49,178
2025,A,173,1,0000000001,0000002298,陳重羽,65,先發,5,4,1,0,1,0,0,0,2,1,0,2,1,0,0,1,0,0,0,0,1,0,0,21,94
2025,A,173,1,0000000001,0000002661,陳鏞基,13,先發,3,2,0,0,0,0,0,0,0,1,1,0,0,0,0,0,0,0,0,1,0,0,0,23,79
2025,A,173,1,0000000001,0000002707,潘傑楷,35,先發,5,5,3,3,0,0,0,0,3,0,0,2,0,0,0,1,0,0,0,0,0,0,0,46,159
2025,A,173,1,0000000001,0000003615,胡金龍,51,先發,5,4,1,0,1,0,0,0,2,0,0,1,1,0,0,0,0,0,0,0,0,0,0,21,59
2025,A,174,1,0000000001,0000000929,王威晨,9,先發,3,3,0,0,0,0,0,0,0,0,0,0,0,0,0,0,0,0,0,0,0,0,0,49,179
2025,A,174,1,0000000001,0000001119,許基宏,74,先發,4,3,0,0,0,0,0,0,0,0,0,0,1,0,0,0,0,1,0,0,0,0,0,55,172
2025,A,174,1,0000000001,0000002285,高宇杰,65,先發,4,4,2,2,0,0,0,0,2,1,0,0,0,0,0,1,0,0,0,0,0,0,0,41,165
2025,A,174,1,0000000001,0000002291,岳東華,98,先發,4,4,1,0,1,0,0,0,2,0,0,1,0,0,0,2,0,0,0,0,0,0,0,43,168
2025,A,174,1,0000000001,0000002297,詹子賢,39,先發,4,4,2,0,1,0,1,0,6,2,0,1,0,0,0,0,0,0,0,0,0,0,0,56,178
2025,A,174,1,0000000001,0000005298,黃韋盛,66,先發,4,4,1,1,0,0,0,0,1,0,0,1,0,0,0,0,1,0,0,0,0,0,0,31,108
2025,A,174,1,0000000001,0000005342,林志綱,47,非先發,1,0,0,0,0,0,0,0,0,0,0,0,0,0,0,0,0,0,1,0,0,0,0,0,0
2025,A,174,1,0000000001,0000005571,岳政華,92,先發,4,4,0,0,0,0,0,0,0,0,0,0,0,0,0,0,0,0,0,0,1,0,0,25,100
2025,A,174,1,0000000001,0000006225,宋晟睿,88,先發,4,3,0,0,0,0,0,0,0,0,0,1,1,0,0,0,0,0,0,0,0,0,0,57,195
2025,A,174,1,0000000001,0000006730,張仁瑋,28,先發,4,3,2,2,0,0,0,0,2,1,1,0,0,0,0,0,1,0,1,0,0,0,1,10,30
2025,A,174,2,0000000001,0000000045,林智勝,31,先發,4,4,1,1,0,0,0,0,1,1,0,0,0,0,0,0,0,0,0,0,0,0,0,2,9
2025,A,174,2,0000000001,0000000743,陳子豪,1,先發,4,4,1,1,0,0,0,0,1,0,0,0,0,0,0,2,0,0,0,0,0,0,0,39,173
2025,A,174,2,0000000001,0000001318,朱育賢,11,先發,3,3,0,0,0,0,0,0,0,0,0,0,0,0,0,1,0,0,0,0,0,0,0,41,150
2025,A,174,2,0000000001,0000003625,吉力吉撈．鞏冠,4,先發,4,4,2,0,1,0,1,0,6,2,0,2,0,0,0,0,0,0,0,0,0,0,0,58,201
2025,A,174,2,0000000001,0000005540,李凱威,21,先發,4,3,2,2,0,0,0,0,2,0,0,1,1,0,0,0,0,0,0,0,0,0,0,54,194
2025,A,174,2,0000000001,0000005542,張政禹,25,先發,4,4,1,0,1,0,0,0,2,0,0,0,0,0,0,0,0,0,0,0,0,0,0,41,138
2025,A,174,2,0000000001,0000005545,劉基鴻,46,非先發,1,1,0,0,0,0,0,0,0,0,0,0,0,0,0,1,0,0,0,0,0,0,0,45,193
2025,A,174,2,0000000001,0000005546,拿莫．伊漾,57,先發,2,2,0,0,0,0,0,0,0,0,0,0,0,0,0,1,0,0,0,0,0,0,0,4,21
2025,A,174,2,0000000001,0000005549,郭天信,2,非先發,1,1,0,0,0,0,0,0,0,0,0,0,0,0,0,0,0,0,0,0,0,0,0,53,189
2025,A,174,2,0000000001,0000007079,劉俊緯,23,先發,4,4,0,0,0,0,0,0,0,0,0,0,0,0,0,0,0,0,0,0,0,1,0,31,112
2025,A,174,2,0000000001,0000007304,曾聖安,50,先發,4,4,2,2,0,0,0,0,2,0,0,0,0,0,0,1,2,0,0,0,0,0,0,14,70
2025,A,175,1,0000000001,0000002352,范國宸,46,先發,5,5,2,2,0,0,0,0,2,0,0,1,0,0,0,2,0,0,0,0,0,0,0,38,129
2025,A,175,1,0000000001,0000003211,王勝偉,3,先發,4,3,2,2,0,0,0,0,2,0,0,1,0,0,1,1,0,0,0,0,0,0,0,9,25
2025,A,175,1,0000000001,0000004645,戴培峰,95,非先發,2,2,1,1,0,0,0,0,1,1,0,0,0,0,0,0,0,0,0,0,0,0,0,37,135
2025,A,175,1,0000000001,0000005310,陳真,7,先發,2,2,0,0,0,0,0,0,0,0,0,0,0,0,0,1,0,0,0,0,0,0,0,20,93
2025,A,175,1,0000000001,0000005496,辛元旭,67,先發,5,5,0,0,0,0,0,0,0,0,0,0,0,0,0,1,0,0,0,0,0,0,0,9,38
2025,A,175,1,0000000001,0000005510,林澤彬,2,非先發,2,2,2,2,0,0,0,0,2,2,0,0,0,0,0,0,0,0,0,0,0,0,0,39,110
2025,A,175,1,0000000001,0000006738,孔念恩,82,非先發,3,3,2,1,1,0,0,0,3,1,0,2,0,0,0,0,0,0,0,0,1,0,0,20,85
2025,A,175,1,0000000001,0000006868,周佳樂,77,非先發,0,0,0,0,0,0,0,0,0,0,0,0,0,0,0,0,0,0,0,0,0,0,0,23,106
2025,A,175,1,0000000001,0000006872,林岳谷,62,先發,5,4,0,0,0,0,0,0,0,0,0,0,1,0,0,2,0,0,0,0,0,0,0,13,53
2025,A,175,1,0000000001,0000006909,豊暐,43,先發,2,2,1,0,1,0,0,0,2,0,0,0,0,0,0,1,0,0,0,0,0,0,0,16,60
2025,A,175,1,0000000001,0000007031,林莛淯,9,先發,4,3,1,1,0,0,0,0,1,0,0,0,1,0,0,1,0,0,0,0,0,0,0,1,3
2025,A,175,1,0000000001,0000007091,高捷,4,先發,5,5,1,1,0,0,0,0,1,0,0,0,0,0,0,1,0,0,0,0,0,0,0,18,73
2025,A,175,1,0000000001,0000007297,楊泯貽,63,先發,2,2,0,0,0,0,0,0,0,0,0,0,0,0,0,0,0,0,0,0,0,0,0,1,11
2025,A,175,2,0000000001,0000000929,王威晨,9,先發,4,4,2,0,2,0,0,0,4,1,0,0,0,0,0,0,0,0,0,0,0,0,0,51,183
2025,A,175,2,0000000001,0000001119,許基宏,74,先發,4,3,0,0,0,0,0,0,0,0,0,0,1,0,0,2,0,0,0,0,0,0,0,55,175
2025,A,175,2,0000000001,0000002285,高宇杰,65,先發,3,3,1,1,0,0,0,0,1,0,0,0,0,0,0,1,0,0,0,0,0,0,0,42,168
2025,A,175,2,0000000001,0000002291,岳東華,98,先發,3,3,1,1,0,0,0,0,1,0,0,1,0,0,0,1,0,0,0,0,0,0,0,44,171
2025,A,175,2,0000000001,0000002297,詹子賢,39,先發,4,4,0,0,0,0,0,0,0,0,0,0,0,0,0,0,0,0,0,0,0,0,0,56,182
2025,A,175,2,0000000001,0000005298,黃韋盛,66,先發,4,4,1,0,0,0,1,0,4,1,1,1,0,0,0,0,0,0,0,0,0,0,0,32,112
2025,A,175,2,0000000001,0000005571,岳政華,92,先發,4,3,1,0,0,1,0,0,3,0,0,1,0,0,1,0,1,0,0,0,0,0,0,26,103
2025,A,175,2,0000000001,0000006225,宋晟睿,88,先發,4,4,1,0,0,0,1,0,4,3,0,1,0,0,0,0,0,0,0,0,0,0,1,58,199
2025,A,175,2,0000000001,0000006730,張仁瑋,28,先發,3,3,0,0,0,0,0,0,0,0,0,1,0,0,0,0,1,0,0,0,0,0,0,10,33
2025,A,176,1,0000000001,0000006931,黃劼希,42,非先發,0,0,0,0,0,0,0,0,0,0,0,1,0,0,0,0,0,0,0,0,0,0,0,6,25
2025,A,176,1,0000000001,0000006936,高聖恩,50,非先發,3,3,1,1,0,0,0,0,1,0,0,0,0,0,0,0,0,0,0,0,0,0,0,10,47
2025,A,176,1,0000000001,0000006939,顏郁軒,5,先發,4,4,1,1,0,0,0,0,1,0,0,1,0,0,0,0,0,0,0,0,0,0,0,4,12
2025,A,176,1,0000000001,0000006940,葉保弟,73,先發,1,1,0,0,0,0,0,0,0,0,0,0,0,0,0,0,0,0,0,0,0,0,0,3,17
2025,A,176,1,0000000001,0000007239,魔鷹,94,先發,6,5,2,0,1,0,1,0,6,2,0,2,0,0,0,1,0,0,0,1,0,0,0,49,160
2025,A,176,2,0000000001,0000000153,林承飛,6,非先發,1,1,0,0,0,0,0,0,0,0,0,0,0,0,0,0,0,0,0,0,0,0,0,2,14
2025,A,176,2,0000000001,0000000159,成晉,35,先發,6,3,0,0,0,0,0,0,0,0,0,1,3,0,0,1,0,0,0,0,0,0,0,30,126
2025,A,176,2,0000000001,0000001618,林子偉,15,先發,6,3,1,0,1,0,0,0,2,0,0,2,3,0,0,0,1,0,0,0,0,1,0,45,172
2025,A,176,2,0000000001,0000002282,張閔勛,28,先發,4,4,3,3,0,0,0,0,3,1,0,1,0,0,0,0,0,0,0,0,0,0,0,46,139
2025,A,176,2,0000000001,0000002286,林立,39,非先發,2,2,1,1,0,0,0,0,1,2,0,2,0,0,0,0,0,0,0,0,0,0,0,43,121
2025,A,176,2,0000000001,0000003345,林智平,79,先發,6,5,2,1,1,0,0,0,3,3,0,1,1,0,0,0,0,0,0,0,0,1,0,56,168
2025,A,176,2,0000000001,0000003467,林泓育,11,先發,6,6,3,2,1,0,0,0,4,2,0,0,0,0,0,0,0,0,0,0,0,0,0,50,166
2025,A,176,2,0000000001,0000003563,余德龍,36,先發,6,5,1,1,0,0,0,0,1,0,0,1,0,0,0,1,0,0,1,0,1,0,0,23,89
2025,A,176,2,0000000001,0000004633,陳晨威,98,先發,6,6,2,0,1,1,0,0,5,2,0,2,0,0,0,0,0,0,0,0,0,0,0,68,211
2025,A,176,2,0000000001,0000006235,林政華,65,先發,3,3,0,0,0,0,0,0,0,0,0,0,0,0,0,0,0,0,0,0,1,0,0,37,134
2025,A,176,2,0000000001,0000006854,宋嘉翔,2,非先發,1,1,0,0,0,0,0,0,0,0,0,0,0,0,0,0,0,0,0,0,0,0,0,15,48
2025,A,176,2,0000000001,0000007076,李勛傑,95,先發,6,5,2,1,0,1,0,0,4,1,0,1,1,0,0,1,0,0,0,0,0,0,0,20,79
2025,A,176,1,0000000001,0000000935,王柏融,9,非先發,2,1,0,0,0,0,0,0,0,1,1,0,0,0,0,0,0,0,0,1,0,0,0,48,178
2025,A,176,1,0000000001,0000001291,郭阜林,59,非先發,2,1,1,1,0,0,0,0,1,0,0,0,0,0,1,0,0,0,0,0,0,0,0,38,125
2025,A,176,1,0000000001,0000003649,吳念庭,39,先發,6,5,3,3,0,0,0,0,3,2,0,1,1,0,0,0,0,0,0,0,0,0,0,35,102
2025,A,176,1,0000000001,0000005340,王博玄,6,先發,6,4,2,2,0,0,0,0,2,2,0,1,2,0,0,1,1,0,0,0,0,0,0,54,180
2025,A,176,1,0000000001,0000006211,張肇元,29,先發,6,6,1,1,0,0,0,0,1,1,0,1,0,0,0,0,0,0,0,0,1,0,0,42,161
2025,A,176,1,0000000001,0000006926,陳致嘉,33,非先發,0,0,0,0,0,0,0,0,0,0,0,0,0,0,0,0,0,0,0,0,0,0,0,3,31
2025,A,176,1,0000000001,0000006927,曾子祐,1,先發,7,6,2,1,1,0,0,0,3,2,0,2,1,0,0,0,0,0,0,0,0,0,0,59,217
2025,A,176,1,0000000001,0000006928,林家鋐,16,非先發,2,1,0,0,0,0,0,0,0,0,0,0,0,0,1,0,0,0,0,0,0,0,0,28,108
2025,A,176,1,0000000001,0000006929,紀慶然,24,先發,6,6,4,4,0,0,0,0,4,1,0,2,0,0,0,0,0,1,0,0,0,0,0,38,140
2025,A,176,1,0000000001,0000006930,黃秉揚,25,先發,4,4,1,1,0,0,0,0,1,1,0,1,0,0,0,0,0,0,0,0,0,0,0,3,18
2025,A,177,1,0000000001,0000001339,林祖傑,39,先發,4,3,1,1,0,0,0,0,1,0,0,0,0,0,0,1,0,0,1,0,0,0,0,4,16
2025,A,177,1,0000000001,0000001804,陳傑憲,24,先發,4,2,2,2,0,0,0,0,2,0,0,2,1,0,0,0,0,1,1,0,0,0,0,51,180
2025,A,177,1,0000000001,0000002298,陳重羽,65,先發,4,4,0,0,0,0,0,0,0,0,0,0,0,0,0,1,0,0,0,0,0,0,0,21,98
2025,A,177,1,0000000001,0000002707,潘傑楷,35,先發,4,4,1,0,0,0,1,0,4,3,1,1,0,0,0,0,0,0,0,0,0,0,1,47,163
2025,A,177,1,0000000001,0000003615,胡金龍,51,先發,4,4,1,0,1,0,0,0,2,1,0,0,0,0,0,0,0,0,0,0,0,0,0,22,63
2025,A,177,1,0000000001,0000005531,邱智呈,14,先發,5,4,0,0,0,0,0,0,0,0,0,0,0,0,1,0,0,0,0,0,0,0,0,54,199
2025,A,177,1,0000000001,0000006223,林子豪,2,先發,4,4,2,1,1,0,0,0,3,0,0,0,0,0,0,2,0,0,0,0,0,0,0,34,135
2025,A,177,1,0000000001,0000007070,林佳緯,20,先發,5,5,1,1,0,0,0,0,1,0,0,1,0,0,0,2,0,0,0,0,0,0,0,55,192
2025,A,177,1,0000000001,0000007268,陳聖平,15,先發,4,2,0,0,0,0,0,0,0,0,0,0,2,0,0,0,0,0,0,0,0,0,0,32,134
2025,A,177,2,0000000001,0000000743,陳子豪,1,非先發,1,0,0,0,0,0,0,0,0,0,0,0,1,0,0,0,1,0,0,0,0,0,0,39,173
2025,A,177,2,0000000001,0000001318,朱育賢,11,先發,4,2,0,0,0,0,0,0,0,0,0,0,2,0,0,1,0,0,0,0,0,0,0,41,152
2025,A,177,2,0000000001,0000003625,吉力吉撈．鞏冠,4,先發,4,4,0,0,0,0,0,0,0,0,0,0,0,0,0,0,0,0,0,0,0,0,0,58,205
2025,A,177,2,0000000001,0000005291,蔣少宏,63,先發,3,2,1,1,0,0,0,0,1,0,0,0,1,0,0,0,1,0,0,0,0,0,0,28,123
2025,A,177,2,0000000001,0000005540,李凱威,21,先發,4,4,1,1,0,0,0,0,1,0,0,1,0,0,0,2,0,0,0,0,0,0,0,55,198
2025,A,177,2,0000000001,0000005542,張政禹,25,先發,5,5,0,0,0,0,0,0,0,0,0,0,0,0,0,2,0,0,0,0,0,0,0,41,143
2025,A,177,2,0000000001,0000005545,劉基鴻,46,先發,4,4,1,0,1,0,0,0,2,0,0,0,0,0,0,0,0,0,0,0,0,0,0,46,197
2025,A,177,2,0000000001,0000005549,郭天信,2,先發,4,3,1,1,0,0,0,0,1,0,0,0,1,0,0,0,1,0,0,0,0,0,0,54,192
2025,A,177,2,0000000001,0000006216,王順和,24,先發,4,3,0,0,0,0,0,0,0,0,0,0,1,0,0,2,1,0,0,0,0,0,0,25,88
2025,A,177,2,0000000001,0000007304,曾聖安,50,先發,4,3,0,0,0,0,0,0,0,1,0,0,0,0,0,0,0,0,1,0,0,0,0,14,73
2025,A,178,1,0000000001,0000002352,范國宸,46,先發,3,3,1,1,0,0,0,0,1,0,0,0,0,0,0,1,0,0,0,0,0,0,0,39,132
2025,A,178,1,0000000001,0000004645,戴培峰,95,先發,4,3,0,0,0,0,0,0,0,0,0,0,1,0,0,1,0,0,0,0,0,0,0,37,138
2025,A,178,1,0000000001,0000005496,辛元旭,67,非先發,1,0,0,0,0,0,0,0,0,0,0,0,0,0,1,0,0,0,0,0,0,0,0,9,38
2025,A,178,1,0000000001,0000005510,林澤彬,2,先發,4,4,1,1,0,0,0,0,1,0,0,0,0,0,0,0,0,0,0,0,0,2,0,40,114
2025,A,178,1,0000000001,0000005533,魏全,59,非先發,0,0,0,0,0,0,0,0,0,0,0,0,0,0,0,0,0,0,0,0,0,0,0,0,5
2025,A,178,1,0000000001,0000006738,孔念恩,82,先發,4,3,0,0,0,0,0,0,0,0,0,0,1,0,0,2,1,0,0,0,0,0,0,20,88
2025,A,178,1,0000000001,0000006743,劉俊豪,85,先發,3,3,0,0,0,0,0,0,0,0,0,0,0,0,0,1,0,0,0,0,0,1,0,5,31
2025,A,178,1,0000000001,0000006868,周佳樂,77,先發,3,3,0,0,0,0,0,0,0,0,0,0,0,0,0,0,0,0,0,0,0,0,0,23,109
2025,A,178,1,0000000001,0000006872,林岳谷,62,先發,4,3,1,0,1,0,0,0,2,0,0,0,0,0,1,0,0,0,0,0,1,0,0,14,56
2025,A,178,1,0000000001,0000007031,林莛淯,9,非先發,2,2,0,0,0,0,0,0,0,0,0,0,0,0,0,1,0,0,0,0,0,0,0,1,5
2025,A,178,1,0000000001,0000007089,王念好,5,先發,2,1,0,0,0,0,0,0,0,0,0,0,0,0,1,1,0,0,0,0,0,0,0,6,43
2025,A,178,1,0000000001,0000007091,高捷,4,先發,4,4,0,0,0,0,0,0,0,0,0,0,0,0,0,0,0,0,0,0,0,0,0,18,77
2025,A,178,2,0000000001,0000000929,王威晨,9,先發,5,5,2,2,0,0,0,0,2,0,0,0,0,0,0,0,0,0,0,0,0,0,0,53,188
2025,A,178,2,0000000001,0000002285,高宇杰,65,先發,5,5,2,2,0,0,0,0,2,2,0,3,0,0,0,1,0,0,0,0,0,0,0,44,173
2025,A,178,2,0000000001,0000002291,岳東華,98,先發,5,5,3,3,0,0,0,0,3,1,0,3,0,0,0,1,0,0,0,0,0,0,0,47,176
2025,A,178,2,0000000001,0000002297,詹子賢,39,先發,5,4,1,1,0,0,0,0,1,0,0,1,1,0,0,0,0,0,0,0,1,0,0,57,186
2025,A,178,2,0000000001,0000003609,陳俊秀,29,先發,5,3,2,1,1,0,0,0,3,0,0,1,2,0,0,0,0,0,0,0,0,0,0,22,99
2025,A,178,2,0000000001,0000005298,黃韋盛,66,先發,5,3,0,0,0,0,0,0,0,0,0,1,1,0,0,2,0,0,1,0,0,0,0,32,115
2025,A,178,2,0000000001,0000005571,岳政華,92,先發,5,5,3,3,0,0,0,0,3,4,0,0,0,0,0,0,0,1,0,0,0,0,1,29,108
2025,A,178,2,0000000001,0000006225,宋晟睿,88,先發,5,5,1,0,1,0,0,0,2,2,1,0,0,0,0,2,0,0,0,0,0,0,0,59,204
2025,A,178,2,0000000001,0000006730,張仁瑋,28,先發,4,2,1,1,0,0,0,0,1,1,0,1,2,0,0,0,0,0,0,0,0,0,0,11,35
2025,A,178,2,0000000001,0000006732,陳統恩,48,非先發,0,0,0,0,0,0,0,0,0,0,0,0,0,0,0,0,0,0,0,0,0,0,0,0,0
2025,A,179,1,0000000001,0000000935,王柏融,9,先發,4,4,2,1,1,0,0,0,3,0,0,0,0,0,0,1,0,0,0,0,0,0,0,50,182
2025,A,179,1,0000000001,0000001291,郭阜林,59,先發,2,2,1,1,0,0,0,0,1,1,0,0,0,0,0,1,0,0,0,0,0,1,0,39,127
2025,A,179,1,0000000001,0000003649,吳念庭,39,先發,4,4,0,0,0,0,0,0,0,0,0,0,0,0,0,1,0,0,0,0,0,0,0,35,106
2025,A,179,1,0000000001,0000005340,王博玄,6,先發,4,4,1,1,0,0,0,0,1,0,0,0,0,0,0,0,0,0,0,0,0,0,0,55,184
2025,A,179,1,0000000001,0000006211,張肇元,29,非先發,1,1,0,0,0,0,0,0,0,0,0,0,0,0,0,0,0,0,0,0,0,0,0,42,162
2025,A,179,1,0000000001,0000006926,陳致嘉,33,先發,3,2,0,0,0,0,0,0,0,0,0,0,1,0,0,0,0,0,0,0,0,0,0,3,33
2025,A,179,1,0000000001,0000006927,曾子祐,1,先發,4,4,0,0,0,0,0,0,0,0,0,0,0,0,0,1,0,0,0,0,0,0,0,59,221
2025,A,179,1,0000000001,0000006929,紀慶然,24,先發,4,4,1,0,1,0,0,0,2,0,0,1,0,0,0,1,0,0,0,0,0,0,0,39,144
2025,A,179,1,0000000001,0000006930,黃秉揚,25,先發,2,2,0,0,0,0,0,0,0,0,0,0,0,0,0,1,0,0,0,0,0,1,0,3,20
2025,A,179,1,0000000001,0000006931,黃劼希,42,非先發,2,2,0,0,0,0,0,0,0,0,0,0,0,0,0,1,0,0,0,0,0,0,0,6,27
2025,A,179,1,0000000001,0000006936,高聖恩,50,非先發,0,0,0,0,0,0,0,0,0,0,0,0,0,0,0,0,0,0,0,0,0,0,0,10,47
2025,A,179,1,0000000001,0000006939,顏郁軒,5,非先發,2,2,1,1,0,0,0,0,1,0,0,0,0,0,0,1,0,0,0,0,0,0,0,5,14
2025,A,179,1,0000000001,0000007239,魔鷹,94,先發,4,2,0,0,0,0,0,0,0,0,0,0,2,1,0,0,0,0,0,0,0,0,0,49,162
2025,A,179,2,0000000001,0000000153,林承飛,6,先發,3,3,0,0,0,0,0,0,0,0,0,0,0,0,0,0,0,0,0,0,0,0,0,2,17
2025,A,179,2,0000000001,0000000159,成晉,35,先發,4,3,0,0,0,0,0,0,0,0,0,1,1,0,0,1,0,0,0,0,0,0,0,30,129
2025,A,179,2,0000000001,0000001286,馮健庭,45,先發,3,3,2,2,0,0,0,0,2,1,1,0,0,0,0,1,0,1,0,0,0,0,0,8,32
2025,A,179,2,0000000001,0000003467,林泓育,11,先發,3,3,0,0,0,0,0,0,0,0,0,0,0,0,0,1,0,0,0,0,0,0,0,50,169
2025,A,179,2,0000000001,0000003563,余德龍,36,先發,3,3,1,1,0,0,0,0,1,0,0,1,0,0,0,0,1,0,0,0,0,0,0,24,92
2025,A,179,2,0000000001,0000004633,陳晨威,98,先發,4,4,1,1,0,0,0,0,1,0,0,0,0,0,0,0,0,0,0,0,0,0,0,69,215
2025,A,179,2,0000000001,0000006235,林政華,65,先發,4,3,0,0,0,0,0,0,0,0,0,0,1,0,0,0,0,0,0,0,0,1,0,37,137
2025,A,179,2,0000000001,0000006854,宋嘉翔,2,先發,3,3,0,0,0,0,0,0,0,0,0,0,0,0,0,3,0,0,0,0,0,0,0,15,51
2025,A,179,2,0000000001,0000007076,李勛傑,95,先發,3,3,0,0,0,0,0,0,0,0,0,0,0,0,0,0,0,0,0,0,0,0,0,20,82
2025,A,180,1,0000000001,0000001339,林祖傑,39,先發,3,3,2,2,0,0,0,0,2,0,0,0,0,0,0,1,0,0,0,0,0,0,0,6,19
2025,A,180,1,0000000001,0000001606,林岱安,31,先發,3,3,0,0,0,0,0,0,0,0,0,0,0,0,0,0,0,0,0,0,0,0,0,23,95
2025,A,180,1,0000000001,0000001804,陳傑憲,24,先發,4,4,0,0,0,0,0,0,0,0,0,0,0,0,0,1,0,0,0,0,0,0,0,51,184
2025,A,180,1,0000000001,0000002298,陳重羽,65,非先發,0,0,0,0,0,0,0,0,0,0,0,0,0,0,0,0,0,0,0,0,0,0,0,21,98
2025,A,180,1,0000000001,0000002661,陳鏞基,13,非先發,1,1,0,0,0,0,0,0,0,0,0,0,0,0,0,0,0,0,0,0,0,0,0,23,80
2025,A,180,1,0000000001,0000002707,潘傑楷,35,先發,4,4,0,0,0,0,0,0,0,0,0,0,0,0,0,1,0,0,0,0,0,0,0,47,167
2025,A,180,1,0000000001,0000003615,胡金龍,51,先發,3,2,0,0,0,0,0,0,0,0,0,0,1,0,0,0,0,0,0,0,0,0,0,22,65
2025,A,180,1,0000000001,0000004641,李丞齡,6,非先發,1,1,0,0,0,0,0,0,0,0,0,0,0,0,0,0,0,0,0,0,0,0,0,1,2
2025,A,180,1,0000000001,0000005531,邱智呈,14,先發,4,4,0,0,0,0,0,0,0,0,0,0,0,0,0,1,0,0,0,0,0,0,0,54,203
2025,A,180,1,0000000001,0000006223,林子豪,2,先發,4,2,0,0,0,0,0,0,0,0,0,1,2,0,0,1,0,0,0,0,0,0,0,34,137
2025,A,180,1,0000000001,0000007070,林佳緯,20,先發,4,4,2,2,0,0,0,0,2,1,0,0,0,0,0,0,0,0,0,0,0,0,0,57,196
2025,A,180,1,0000000001,0000007268,陳聖平,15,先發,4,4,1,1,0,0,0,0,1,0,0,0,0,0,0,1,0,0,0,0,0,0,0,33,138
2025,A,180,2,0000000001,0000000045,林智勝,31,先發,4,4,2,2,0,0,0,0,2,1,1,0,0,0,0,1,0,0,0,0,0,0,1,4,13
2025,A,180,2,0000000001,0000000743,陳子豪,1,先發,5,4,2,2,0,0,0,0,2,1,0,1,1,0,0,0,0,0,0,0,0,0,0,41,177
2025,A,180,2,0000000001,0000003625,吉力吉撈．鞏冠,4,先發,4,3,1,1,0,0,0,0,1,1,0,1,0,0,0,0,0,0,0,1,0,0,0,59,208
2025,A,180,2,0000000001,0000005291,蔣少宏,63,先發,4,4,1,1,0,0,0,0,1,0,0,0,0,0,0,0,0,0,0,0,0,0,0,29,127
2025,A,180,2,0000000001,0000005540,李凱威,21,先發,4,4,1,1,0,0,0,0,1,0,0,1,0,0,0,1,0,0,0,0,0,0,0,56,202
2025,A,180,2,0000000001,0000005542,張政禹,25,先發,4,4,2,2,0,0,0,0,2,0,0,0,0,0,0,0,0,0,0,0,0,0,0,43,147
2025,A,180,2,0000000001,0000005545,劉基鴻,46,先發,5,4,0,0,0,0,0,0,0,0,0,0,0,0,0,1,0,0,1,0,0,0,0,46,201
2025,A,180,2,0000000001,0000005546,拿莫．伊漾,57,非先發,0,0,0,0,0,0,0,0,0,0,0,0,0,0,0,0,0,0,0,0,0,0,0,4,21
2025,A,180,2,0000000001,0000005549,郭天信,2,先發,4,3,1,1,0,0,0,0,1,0,0,1,1,0,0,0,1,0,0,0,0,0,0,55,195
2025,A,180,2,0000000001,0000006216,王順和,24,先發,4,4,3,3,0,0,0,0,3,1,0,0,0,0,0,1,0,0,0,0,0,0,0,28,92
2025,A,180,2,0000000001,0000007304,曾聖安,50,非先發,0,0,0,0,0,0,0,0,0,0,0,0,0,0,0,0,0,0,0,0,0,0,0,14,73
2025,A,181,1,0000000001,0000000362,申皓瑋,29,先發,4,3,0,0,0,0,0,0,0,0,0,1,1,0,0,2,0,0,0,0,0,0,0,54,174
2025,A,181,1,0000000001,0000001473,李宗賢,22,先發,4,4,1,1,0,0,0,0,1,0,0,0,0,0,0,0,0,0,0,0,1,0,0,21,101
2025,A,181,1,0000000001,0000002352,范國宸,46,先發,4,4,2,1,1,0,0,0,3,0,0,0,0,0,0,1,0,0,0,0,0,0,0,46,155
2025,A,181,1,0000000001,0000004645,戴培峰,95,先發,4,4,1,1,0,0,0,0,1,0,0,1,0,0,0,0,1,0,0,0,0,0,0,43,158
2025,A,181,1,0000000001,0000005310,陳真,7,先發,4,4,2,0,1,0,1,0,6,3,0,1,0,0,0,1,0,0,0,0,0,0,0,26,112
2025,A,181,1,0000000001,0000005510,林澤彬,2,先發,5,5,2,2,0,0,0,0,2,0,0,0,0,0,0,0,0,0,0,0,0,1,0,46,135
2025,A,181,1,0000000001,0000006738,孔念恩,82,先發,4,4,2,1,1,0,0,0,3,0,0,0,0,0,0,1,0,0,0,0,0,0,0,27,109
2025,A,181,1,0000000001,0000006743,劉俊豪,85,非先發,0,0,0,0,0,0,0,0,0,0,0,0,0,0,0,0,0,0,0,0,0,0,0,10,42
2025,A,181,1,0000000001,0000006872,林岳谷,62,先發,3,3,0,0,0,0,0,0,0,0,0,0,0,0,0,0,0,0,0,0,0,0,0,17,79
2025,A,181,1,0000000001,0000006888,張育成,99,先發,4,3,0,0,0,0,0,0,0,0,0,1,1,0,0,1,0,0,0,0,0,0,0,10,46
2025,A,181,1,0000000001,0000007089,王念好,5,非先發,1,1,0,0,0,0,0,0,0,0,0,0,0,0,0,1,0,0,0,0,0,0,0,10,57
2025,A,181,1,0000000001,0000007091,高捷,4,非先發,1,1,0,0,0,0,0,0,0,0,0,0,0,0,0,0,0,0,0,0,0,0,0,20,96
2025,A,181,2,0000000001,0000000132,梁家榮,5,先發,4,4,2,2,0,0,0,0,2,0,0,2,0,0,0,0,0,0,0,0,0,0,0,15,64
2025,A,181,2,0000000001,0000000153,林承飛,6,先發,4,4,1,1,0,0,0,0,1,0,0,0,0,0,0,1,0,0,0,0,1,0,0,8,40
2025,A,181,2,0000000001,0000000159,成晉,35,先發,4,4,1,1,0,0,0,0,1,0,0,1,0,0,0,0,0,0,0,0,0,0,0,42,156
2025,A,181,2,0000000001,0000001618,林子偉,15,先發,3,3,0,0,0,0,0,0,0,0,0,0,0,0,0,0,0,0,0,0,0,0,0,45,175
2025,A,181,2,0000000001,0000002282,張閔勛,28,先發,4,4,2,1,0,0,1,1,5,4,1,1,0,0,0,0,0,0,0,0,0,0,1,51,158
2025,A,181,2,0000000001,0000003467,林泓育,11,先發,4,4,2,2,0,0,0,0,2,0,0,1,0,0,0,0,0,0,0,0,0,0,0,56,192
2025,A,181,2,0000000001,0000004633,陳晨威,98,先發,4,4,0,0,0,0,0,0,0,0,0,0,0,0,0,1,0,0,0,0,0,0,0,73,235
2025,A,181,2,0000000001,0000006235,林政華,65,先發,3,3,0,0,0,0,0,0,0,0,0,0,0,0,0,2,0,0,0,0,0,0,0,43,159
2025,A,181,2,0000000001,0000007076,李勛傑,95,先發,3,2,1,1,0,0,0,0,1,0,0,0,1,0,0,1,0,0,0,0,0,0,0,21,97
2025,A,182,1,0000000001,0000000929,王威晨,9,先發,4,3,0,0,0,0,0,0,0,0,0,0,1,0,0,0,0,0,0,0,0,0,0,56,200
2025,A,182,1,0000000001,0000001119,許基宏,74,先發,4,4,1,1,0,0,0,0,1,0,0,0,0,0,0,2,0,0,0,0,0,1,0,59,190
2025,A,182,1,0000000001,0000002285,高宇杰,65,先發,4,4,0,0,0,0,0,0,0,0,0,0,0,0,0,3,0,0,0,0,0,0,0,50,188
2025,A,182,1,0000000001,0000002291,岳東華,98,先發,4,4,0,0,0,0,0,0,0,0,0,0,0,0,0,0,0,0,0,0,1,0,0,49,190
2025,A,182,1,0000000001,0000002297,詹子賢,39,先發,4,3,2,2,0,0,0,0,2,0,0,0,1,0,0,0,0,0,0,0,0,0,0,59,197
2025,A,182,1,0000000001,0000004636,江坤宇,90,先發,3,3,1,1,0,0,0,0,1,0,0,0,0,0,0,2,0,0,0,0,0,0,0,45,182
2025,A,182,1,0000000001,0000005298,黃韋盛,66,先發,4,4,2,2,0,0,0,0,2,0,0,0,0,0,0,1,0,0,0,0,0,0,0,36,126
2025,A,182,1,0000000001,0000005569,曾頌恩,1,先發,4,3,0,0,0,0,0,0,0,0,0,0,1,0,0,2,0,0,0,0,1,0,0,17,82
2025,A,182,1,0000000001,0000006225,宋晟睿,88,先發,4,4,2,2,0,0,0,0,2,0,0,0,0,0,0,0,0,0,0,0,0,0,0,63,219
2025,A,182,2,0000000001,0000000753,杜家明,71,先發,3,3,0,0,0,0,0,0,0,0,0,0,0,0,0,1,0,0,0,0,1,0,0,20,86
2025,A,182,2,0000000001,0000000935,王柏融,9,先發,4,4,1,0,1,0,0,0,2,0,0,0,0,0,0,1,1,0,0,0,0,0,0,54,200
2025,A,182,2,0000000001,0000003174,郭永維,7,先發,4,3,1,1,0,0,0,0,1,0,0,0,0,0,0,1,0,0,1,0,0,0,0,9,28
2025,A,182,2,0000000001,0000003649,吳念庭,39,先發,4,4,2,2,0,0,0,0,2,1,0,0,0,0,0,0,0,0,0,0,0,0,0,45,127
2025,A,182,2,0000000001,0000005340,王博玄,6,先發,4,3,1,1,0,0,0,0,1,0,0,1,1,0,0,0,0,0,0,0,0,0,0,63,203
2025,A,182,2,0000000001,0000006211,張肇元,29,先發,4,4,1,0,0,0,1,0,4,1,1,1,0,0,0,0,0,0,0,0,0,0,0,47,182
2025,A,182,2,0000000001,0000006927,曾子祐,1,先發,4,4,1,1,0,0,0,0,1,0,0,0,0,0,0,0,0,0,0,0,0,0,0,61,230
2025,A,182,2,0000000001,0000006929,紀慶然,24,先發,3,3,2,2,0,0,0,0,2,0,0,0,0,0,0,1,0,0,0,0,0,0,0,43,161
2025,A,182,2,0000000001,0000006939,顏郁軒,5,非先發,0,0,0,0,0,0,0,0,0,0,0,0,0,0,0,0,0,0,0,0,0,0,0,5,19
2025,A,182,2,0000000001,0000007239,魔鷹,94,先發,4,4,1,1,0,0,0,0,1,0,0,0,0,0,0,2,0,0,0,0,0,0,0,57,183
2025,A,183,1,0000000001,0000001339,林祖傑,39,先發,2,2,1,1,0,0,0,0,1,0,0,0,0,0,0,0,0,0,0,0,0,0,0,7,23
2025,A,183,1,0000000001,0000001804,陳傑憲,24,先發,4,4,0,0,0,0,0,0,0,0,0,0,0,0,0,1,0,0,0,0,0,0,0,59,209
2025,A,183,1,0000000001,0000002275,林安可,77,先發,4,4,0,0,0,0,0,0,0,0,0,0,0,0,0,3,0,0,0,0,0,0,0,41,119
2025,A,183,1,0000000001,0000002298,陳重羽,65,先發,3,3,1,1,0,0,0,0,1,0,0,0,0,0,0,0,0,0,0,0,0,0,0,25,113
2025,A,183,1,0000000001,0000002661,陳鏞基,13,非先發,1,1,0,0,0,0,0,0,0,0,0,0,0,0,0,1,0,0,0,0,0,0,0,27,90
2025,A,183,1,0000000001,0000002707,潘傑楷,35,先發,4,4,1,1,0,0,0,0,1,0,0,0,0,0,0,0,0,0,0,0,0,0,0,56,189
2025,A,183,1,0000000001,0000003615,胡金龍,51,非先發,1,1,0,0,0,0,0,0,0,0,0,0,0,0,0,0,0,0,0,0,0,0,0,22,70
2025,A,183,1,0000000001,0000005306,許哲晏,10,非先發,1,1,1,0,0,1,0,0,3,0,0,0,0,0,0,0,0,0,0,0,0,0,0,14,75
2025,A,183,1,0000000001,0000005531,邱智呈,14,先發,4,3,0,0,0,0,0,0,0,0,0,0,1,0,0,1,0,0,0,0,0,0,0,57,224
2025,A,183,1,0000000001,0000006223,林子豪,2,先發,4,4,0,0,0,0,0,0,0,0,0,0,0,0,0,1,0,0,0,0,0,0,0,35,148
2025,A,183,1,0000000001,0000007070,林佳緯,20,先發,4,3,1,0,0,0,1,0,4,1,0,1,1,0,0,1,0,0,0,0,0,0,0,64,220
2025,A,183,1,0000000001,0000007268,陳聖平,15,先發,3,3,0,0,0,0,0,0,0,0,0,0,0,0,0,1,0,0,0,0,0,0,0,37,157
2025,A,183,2,0000000001,0000000743,陳子豪,1,先發,4,3,1,1,0,0,0,0,1,0,0,1,1,0,0,1,1,0,0,0,0,0,0,43,189
2025,A,183,2,0000000001,0000001318,朱育賢,11,先發,4,4,1,1,0,0,0,0,1,0,0,0,0,0,0,1,0,0,0,0,0,0,0,44,168
2025,A,183,2,0000000001,0000003625,吉力吉撈．鞏冠,4,先發,4,3,1,0,1,0,0,0,2,3,1,0,1,0,0,0,0,0,0,0,0,0,0,64,226
2025,A,183,2,0000000001,0000005291,蔣少宏,63,先發,3,3,1,1,0,0,0,0,1,0,0,1,0,0,0,1,0,0,0,0,0,0,0,30,134
2025,A,183,2,0000000001,0000005540,李凱威,21,先發,4,2,0,0,0,0,0,0,0,0,0,1,0,0,2,0,0,0,0,0,0,0,0,62,219
2025,A,183,2,0000000001,0000005542,張政禹,25,先發,4,4,1,1,0,0,0,0,1,1,0,0,0,0,0,0,0,1,0,0,0,1,0,47,167
2025,A,183,2,0000000001,0000005545,劉基鴻,46,先發,4,3,1,1,0,0,0,0,1,0,0,1,1,0,0,0,0,0,0,0,0,0,0,50,215
2025,A,183,2,0000000001,0000005546,拿莫．伊漾,57,非先發,0,0,0,0,0,0,0,0,0,0,0,0,0,0,0,0,0,1,0,0,0,0,0,4,25
2025,A,183,2,0000000001,0000005548,林孝程,7,非先發,0,0,0,0,0,0,0,0,0,0,0,0,0,0,0,0,0,0,0,0,0,0,0,0,1
2025,A,183,2,0000000001,0000005549,郭天信,2,先發,4,3,0,0,0,0,0,0,0,0,0,0,1,0,0,0,0,0,0,0,0,0,0,58,214
2025,A,183,2,0000000001,0000006216,王順和,24,先發,3,3,0,0,0,0,0,0,0,0,0,0,0,0,0,2,0,0,0,0,0,0,0,32,104
2025,A,184,1,0000000001,0000002297,詹子賢,39,非先發,0,0,0,0,0,0,0,0,0,0,0,0,0,0,0,0,0,0,0,0,0,0,0,59,197
2025,A,184,1,0000000001,0000003609,陳俊秀,29,先發,5,5,2,1,1,0,0,0,3,0,0,2,0,0,0,1,0,0,0,0,0,0,0,26,112
2025,A,184,1,0000000001,0000004636,江坤宇,90,先發,4,2,0,0,0,0,0,0,0,1,0,0,0,0,1,1,0,0,0,1,0,0,0,45,184
2025,A,184,1,0000000001,0000005298,黃韋盛,66,先發,4,3,1,1,0,0,0,0,1,0,0,0,0,0,0,1,0,0,1,0,0,1,0,37,129
2025,A,184,1,0000000001,0000005569,曾頌恩,1,先發,5,5,2,2,0,0,0,0,2,1,1,1,0,0,0,0,0,0,0,0,0,0,0,19,87
2025,A,184,1,0000000001,0000005571,岳政華,92,先發,5,4,2,2,0,0,0,0,2,0,0,0,0,0,0,0,0,0,1,0,0,0,0,35,124
2025,A,184,1,0000000001,0000006225,宋晟睿,88,先發,5,5,1,1,0,0,0,0,1,0,0,1,0,0,0,1,0,0,0,0,0,0,0,64,224
2025,A,184,2,0000000001,0000000935,王柏融,9,先發,4,3,0,0,0,0,0,0,0,0,0,0,1,0,0,0,0,0,0,0,0,0,0,54,203
2025,A,184,2,0000000001,0000003174,郭永維,7,先發,3,3,0,0,0,0,0,0,0,0,0,0,0,0,0,1,0,0,0,0,0,0,0,9,31
2025,A,184,2,0000000001,0000003649,吳念庭,39,先發,5,2,1,1,0,0,0,0,1,0,0,1,3,0,0,0,0,0,0,0,0,0,0,46,129
2025,A,184,2,0000000001,0000005333,湯家豪,36,非先發,2,2,0,0,0,0,0,0,0,0,0,0,0,0,0,0,0,0,0,0,0,0,0,2,6
2025,A,184,2,0000000001,0000005340,王博玄,6,先發,5,5,1,1,0,0,0,0,1,0,0,0,0,0,0,1,0,0,0,0,1,1,0,64,208
2025,A,184,2,0000000001,0000006211,張肇元,29,先發,5,5,1,1,0,0,0,0,1,0,0,0,0,0,0,1,0,0,0,0,0,0,0,48,187
2025,A,184,2,0000000001,0000006835,顏清浤,37,非先發,1,0,0,0,0,0,0,0,0,0,0,1,1,0,0,0,0,0,0,0,0,0,0,1,2
2025,A,184,2,0000000001,0000006927,曾子祐,1,先發,4,4,1,1,0,0,0,0,1,0,0,1,0,0,0,0,0,0,0,0,0,0,0,62,234
2025,A,184,2,0000000001,0000006929,紀慶然,24,先發,3,3,0,0,0,0,0,0,0,0,0,0,0,0,0,0,0,0,0,0,0,0,0,43,164
2025,A,184,2,0000000001,0000006936,高聖恩,50,非先發,0,0,0,0,0,0,0,0,0,0,0,0,0,0,0,0,0,0,0,0,0,0,0,10,50
2025,A,184,2,0000000001,0000006939,顏郁軒,5,先發,4,3,1,1,0,0,0,0,1,0,0,0,1,0,0,0,0,0,0,0,0,0,0,6,22
2025,A,184,2,0000000001,0000007239,魔鷹,94,先發,5,4,2,1,1,0,0,0,3,1,0,0,1,0,0,1,0,0,0,0,0,0,0,59,187
2025,A,184,1,0000000001,0000000929,王威晨,9,先發,5,5,2,2,0,0,0,0,2,2,0,0,0,0,0,2,0,0,0,0,0,0,0,58,205
2025,A,184,1,0000000001,0000002285,高宇杰,65,先發,4,3,1,1,0,0,0,0,1,1,0,1,1,0,0,0,0,0,0,0,0,0,0,51,191
2025,A,184,1,0000000001,0000002291,岳東華,98,先發,4,4,1,1,0,0,0,0,1,1,0,1,0,0,0,1,0,0,0,0,0,0,0,50,194
2025,A,185,1,0000000001,0000000362,申皓瑋,29,先發,6,4,1,1,0,0,0,0,1,0,0,1,2,0,0,1,1,0,0,0,0,0,0,55,178
2025,A,185,1,0000000001,0000001473,李宗賢,22,先發,4,4,2,2,0,0,0,0,2,2,0,2,0,0,0,0,0,0,0,0,1,0,0,23,105
2025,A,185,1,0000000001,0000002352,范國宸,46,先發,4,4,2,1,0,0,1,0,5,4,0,2,0,0,0,0,0,0,0,0,0,0,0,48,159
2025,A,185,1,0000000001,0000004645,戴培峰,95,先發,5,4,2,2,0,0,0,0,2,1,0,2,1,0,0,0,0,0,0,0,1,0,0,45,162
2025,A,185,1,0000000001,0000005310,陳真,7,先發,6,5,1,1,0,0,0,0,1,1,0,1,0,0,0,2,0,0,0,1,1,0,0,27,117
2025,A,185,1,0000000001,0000005510,林澤彬,2,先發,7,6,3,1,2,0,0,0,5,2,0,3,1,0,0,1,0,0,0,0,0,0,0,49,141
2025,A,185,1,0000000001,0000006738,孔念恩,82,先發,6,4,3,3,0,0,0,0,3,0,0,2,2,0,0,0,0,0,0,0,0,0,0,30,113
2025,A,185,1,0000000001,0000006743,劉俊豪,85,非先發,1,1,0,0,0,0,0,0,0,0,0,0,0,0,0,0,0,0,0,0,0,0,0,10,43
2025,A,185,1,0000000001,0000006868,周佳樂,77,非先發,0,0,0,0,0,0,0,0,0,0,0,0,0,0,0,0,0,0,0,0,0,0,0,26,122
2025,A,185,1,0000000001,0000006872,林岳谷,62,先發,6,6,5,5,0,0,0,0,5,5,1,3,0,0,0,0,2,0,0,0,0,0,1,22,85
2025,A,185,1,0000000001,0000006888,張育成,99,先發,6,6,5,4,0,0,1,0,8,2,0,2,0,0,0,0,0,0,0,0,1,0,0,15,52
2025,A,185,1,0000000001,0000006909,豊暐,43,非先發,1,1,1,1,0,0,0,0,1,0,0,0,0,0,0,0,0,0,0,0,0,1,0,18,70
2025,A,185,1,0000000001,0000007089,王念好,5,非先發,2,1,0,0,0,0,0,0,0,0,0,0,1,0,0,1,0,0,0,0,0,0,0,10,58
2025,A,185,1,0000000001,0000007091,高捷,4,非先發,2,2,0,0,0,0,0,0,0,0,0,0,0,0,0,0,0,0,0,0,0,0,0,20,98
2025,A,185,2,0000000001,0000000132,梁家榮,5,先發,4,4,1,1,0,0,0,0,1,1,0,0,0,0,0,0,0,0,0,0,0,0,0,16,68
2025,A,185,2,0000000001,0000000153,林承飛,6,先發,4,4,3,0,2,0,1,0,8,1,0,3,0,0,0,1,0,0,0,0,0,0,0,11,44
2025,A,185,2,0000000001,0000000159,成晉,35,先發,3,2,0,0,0,0,0,0,0,0,0,1,1,0,0,0,1,0,0,0,0,0,0,42,158
2025,A,185,2,0000000001,0000001286,馮健庭,45,非先發,1,1,1,1,0,0,0,0,1,1,0,0,0,0,0,0,0,0,0,0,0,0,0,12,43
2025,A,185,2,0000000001,0000001618,林子偉,15,先發,3,3,0,0,0,0,0,0,0,0,0,0,0,0,0,0,0,0,0,0,0,0,0,45,178
2025,A,185,2,0000000001,0000002282,張閔勛,28,先發,2,2,0,0,0,0,0,0,0,0,0,0,0,0,0,0,0,0,0,0,0,0,0,51,160
2025,A,185,2,0000000001,0000003467,林泓育,11,先發,3,3,0,0,0,0,0,0,0,0,0,0,0,0,0,0,0,0,0,0,0,0,0,56,195
2025,A,185,2,0000000001,0000004633,陳晨威,98,先發,2,2,0,0,0,0,0,0,0,0,0,0,0,0,0,1,0,0,0,0,0,0,0,73,237
2025,A,185,2,0000000001,0000006202,蔡鎮宇,24,非先發,2,2,0,0,0,0,0,0,0,0,0,0,0,0,0,0,0,0,0,0,0,0,0,0,2
2025,A,185,2,0000000001,0000006235,林政華,65,先發,4,4,1,0,1,0,0,0,2,0,0,0,0,0,0,0,0,0,0,0,0,0,0,44,163
2025,A,185,2,0000000001,0000006854,宋嘉翔,2,非先發,2,2,0,0,0,0,0,0,0,0,0,0,0,0,0,1,0,0,0,0,0,0,0,17,61
2025,A,185,2,0000000001,0000006858,陳佳樂,8,非先發,1,1,0,0,0,0,0,0,0,0,0,0,0,0,0,0,0,0,0,0,0,0,0,3,20
2025,A,185,2,0000000001,0000007076,李勛傑,95,先發,4,4,1,1,0,0,0,0,1,1,0,0,0,0,0,1,0,0,0,0,0,0,0,22,101
2025,A,185,2,0000000001,0000007313,曾冠傑,55,非先發,1,1,0,0,0,0,0,0,0,0,0,0,0,0,0,1,0,0,0,0,0,0,0,5,33
2025,A,186,1,0000000001,0000001804,陳傑憲,24,先發,5,3,1,0,1,0,0,0,2,2,0,1,2,0,0,1,1,0,0,0,0,0,1,60,212
2025,A,186,1,0000000001,0000002275,林安可,77,先發,5,5,1,1,0,0,0,0,1,0,0,0,0,0,0,2,0,0,0,0,0,0,0,42,124
2025,A,186,1,0000000001,0000002289,陳重廷,66,非先發,0,0,0,0,0,0,0,0,0,0,0,1,0,0,0,0,0,0,0,0,0,0,0,23,90
2025,A,186,1,0000000001,0000002298,陳重羽,65,先發,4,3,0,0,0,0,0,0,0,0,0,0,0,0,0,0,0,0,1,0,0,0,0,25,116
2025,A,186,1,0000000001,0000002661,陳鏞基,13,先發,5,4,0,0,0,0,0,0,0,0,0,0,1,0,0,2,0,0,0,0,0,0,0,27,94
2025,A,186,1,0000000001,0000002707,潘傑楷,35,先發,4,4,2,2,0,0,0,0,2,1,0,0,0,0,0,0,1,0,0,0,0,0,0,58,193
2025,A,186,1,0000000001,0000004641,李丞齡,6,先發,4,4,0,0,0,0,0,0,0,0,0,0,0,0,0,3,0,0,0,0,0,0,0,1,6
2025,A,186,1,0000000001,0000005306,許哲晏,10,先發,3,2,1,1,0,0,0,0,1,0,0,0,0,0,0,0,0,0,1,0,0,0,0,15,77
2025,A,186,1,0000000001,0000005531,邱智呈,14,非先發,1,1,1,1,0,0,0,0,1,0,0,1,0,0,0,0,0,0,0,0,0,0,0,58,225
2025,A,186,1,0000000001,0000007070,林佳緯,20,先發,5,5,1,1,0,0,0,0,1,1,1,1,0,0,0,2,0,0,0,0,0,0,0,65,225
2025,A,186,1,0000000001,0000007268,陳聖平,15,先發,4,4,1,1,0,0,0,0,1,0,0,0,0,0,0,1,0,0,0,0,0,0,0,38,161
2025,A,186,2,0000000001,0000000743,陳子豪,1,先發,4,3,1,0,1,0,0,0,2,0,0,0,1,0,0,1,0,0,0,0,0,0,0,44,192
2025,A,186,2,0000000001,0000001318,朱育賢,11,先發,4,4,1,1,0,0,0,0,1,0,0,0,0,0,0,1,0,0,0,0,0,0,0,45,172
2025,A,186,2,0000000001,0000003625,吉力吉撈．鞏冠,4,先發,5,5,1,1,0,0,0,0,1,0,0,0,0,0,0,3,0,0,0,0,0,0,0,65,231
2025,A,186,2,0000000001,0000005291,蔣少宏,63,先發,4,4,1,1,0,0,0,0,1,0,0,0,0,0,0,1,0,0,0,0,0,0,0,31,138
2025,A,186,2,0000000001,0000005538,黃柏豪,10,非先發,1,1,0,0,0,0,0,0,0,0,0,0,0,0,0,0,0,0,0,0,0,0,0,1,9
2025,A,186,2,0000000001,0000005540,李凱威,21,先發,5,4,2,2,0,0,0,0,2,0,0,1,1,0,0,1,2,0,0,0,0,0,0,64,223
2025,A,186,2,0000000001,0000005542,張政禹,25,先發,4,4,0,0,0,0,0,0,0,0,0,0,0,0,0,0,0,0,0,0,0,0,0,47,171
2025,A,186,2,0000000001,0000005545,劉基鴻,46,先發,5,4,2,1,1,0,0,0,3,1,0,0,0,0,0,0,0,0,0,1,0,0,0,52,219
2025,A,186,2,0000000001,0000005546,拿莫．伊漾,57,非先發,0,0,0,0,0,0,0,0,0,0,0,0,0,0,0,0,0,1,0,0,0,0,0,4,25
2025,A,186,2,0000000001,0000005548,林孝程,7,非先發,0,0,0,0,0,0,0,0,0,0,0,0,0,0,0,0,0,0,0,0,0,0,0,0,1
2025,A,186,2,0000000001,0000005549,郭天信,2,先發,5,4,1,1,0,0,0,0,1,1,0,0,1,0,0,0,0,0,0,0,0,0,0,59,218
2025,A,186,2,0000000001,0000006216,王順和,24,先發,4,3,0,0,0,0,0,0,0,0,0,1,1,0,0,1,0,0,0,0,0,0,0,32,107
2025,A,187,1,0000000002,0000000908,蘇緯達,96,先發,3,3,0,0,0,0,0,0,0,0,0,0,0,0,0,1,0,0,0,0,1,0,0,0,3
2025,A,187,1,0000000002,0000001754,林書逸,43,先發,4,2,1,1,0,0,0,0,1,0,0,0,2,0,0,0,1,0,0,0,0,0,0,6,37
2025,A,187,1,0000000002,0000002307,王政順,61,先發,4,3,1,0,0,0,1,0,4,3,0,1,1,0,0,0,0,0,0,0,0,0,1,38,128
2025,A,187,1,0000000002,0000005342,林志綱,47,非先發,1,0,0,0,0,0,0,0,0,0,0,0,0,0,0,0,0,0,1,0,0,0,0,0,3
2025,A,187,1,0000000002,0000005567,林瑞鈞,75,非先發,0,0,0,0,0,0,0,0,0,0,0,0,0,0,0,0,0,0,0,0,0,0,0,0,1
2025,A,187,1,0000000002,0000005569,曾頌恩,1,先發,4,4,2,2,0,0,0,0,2,0,0,0,0,0,0,0,0,0,0,0,0,0,0,42,187
2025,A,187,1,0000000002,0000006224,林吳晉瑋,0,先發,4,4,0,0,0,0,0,0,0,0,0,1,0,0,0,2,0,0,0,0,0,0,0,5,26
2025,A,187,1,0000000002,0000006225,宋晟睿,88,非先發,1,1,0,0,0,0,0,0,0,0,0,0,0,0,0,0,0,0,0,0,0,0,0,106,410
2025,A,187,1,0000000002,0000006730,張仁瑋,28,先發,4,4,2,2,0,0,0,0,2,0,0,1,0,0,0,1,0,0,0,0,0,1,0,33,122
2025,A,187,1,0000000002,0000006734,黃鈞麟,60,非先發,0,0,0,0,0,0,0,0,0,0,0,0,0,0,0,0,0,0,0,0,0,0,0,0,0
2025,A,187,1,0000000002,0000007085,張士綸,4,非先發,0,0,0,0,0,0,0,0,0,0,0,0,0,0,0,0,0,0,0,0,0,1,0,0,0
2025,A,187,1,0000000002,0000007086,楊祥禾,3,先發,4,4,1,0,1,0,0,0,2,0,0,0,0,0,0,1,0,0,0,0,0,1,0,2,7
2025,A,187,1,0000000002,0000007278,許庭綸,13,先發,3,3,0,0,0,0,0,0,0,0,0,1,0,0,0,0,0,0,0,0,0,0,0,14,72
2025,A,187,1,0000000002,0000007621,蔡琞傑,18,先發,4,3,1,1,0,0,0,0,1,0,0,0,1,0,0,2,0,0,0,0,0,0,0,1,3
2025,A,187,2,0000000002,0000000753,杜家明,71,先發,4,3,0,0,0,0,0,0,0,0,0,0,0,0,1,0,0,0,0,0,0,0,0,37,152
2025,A,187,2,0000000002,0000000935,王柏融,9,先發,4,4,2,2,0,0,0,0,2,0,0,1,0,0,0,1,0,0,0,0,0,0,0,93,389
2025,A,187,2,0000000002,0000001291,郭阜林,59,先發,3,3,0,0,0,0,0,0,0,0,0,0,0,0,0,0,0,0,0,0,0,0,0,59,222
2025,A,187,2,0000000002,0000006926,陳致嘉,33,先發,3,3,0,0,0,0,0,0,0,0,0,0,0,0,0,0,0,0,0,0,0,0,0,7,52
2025,A,187,2,0000000002,0000006927,曾子祐,1,先發,4,4,1,1,0,0,0,0,1,1,0,0,0,0,0,0,0,0,0,0,0,0,0,126,458
2025,A,187,2,0000000002,0000006928,林家鋐,16,先發,4,1,0,0,0,0,0,0,0,0,0,0,2,0,1,0,0,0,0,0,0,0,0,70,261
2025,A,187,2,0000000002,0000006929,紀慶然,24,先發,3,3,0,0,0,0,0,0,0,0,0,0,0,0,0,2,0,0,0,0,0,0,0,56,228
2025,A,187,2,0000000002,0000006936,高聖恩,50,非先發,1,1,0,0,0,0,0,0,0,0,0,0,0,0,0,0,0,0,0,0,0,0,0,14,79
2025,A,187,2,0000000002,0000006939,顏郁軒,5,先發,4,4,0,0,0,0,0,0,0,0,0,0,0,0,0,1,0,0,0,0,1,0,0,44,153
2025,A,187,2,0000000002,0000006940,葉保弟,73,先發,4,4,0,0,0,0,0,0,0,0,0,0,0,0,0,1,0,0,0,0,1,0,0,4,26
2025,A,187,2,0000000002,0000007301,曾昱磬,44,非先發,1,1,0,0,0,0,0,0,0,0,0,0,0,0,0,0,0,0,0,0,0,0,0,44,185
2025,A,190,1,0000000001,0000001339,林祖傑,39,先發,4,4,1,1,0,0,0,0,1,0,0,0,0,0,0,0,0,0,0,0,0,0,0,10,29
2025,A,190,1,0000000001,0000001606,林岱安,31,先發,4,3,0,0,0,0,0,0,0,1,0,0,1,0,0,0,0,0,0,0,0,0,0,27,108
2025,A,190,1,0000000001,0000001804,陳傑憲,24,先發,5,5,2,1,1,0,0,0,3,1,1,1,0,0,0,0,0,0,0,0,2,0,0,63,222
2025,A,190,1,0000000001,0000002275,林安可,77,先發,5,4,2,1,0,0,1,0,5,3,0,3,1,0,0,0,0,0,0,0,0,0,0,47,133
2025,A,190,1,0000000001,0000002707,潘傑楷,35,先發,5,5,0,0,0,0,0,0,0,0,0,0,0,0,0,0,0,0,0,0,0,0,0,60,203
2025,A,190,1,0000000001,0000005531,邱智呈,14,先發,5,4,2,1,1,0,0,0,3,0,0,2,1,0,0,0,0,0,0,0,0,0,0,61,233
2025,A,190,1,0000000001,0000006223,林子豪,2,先發,5,3,1,1,0,0,0,0,1,1,0,0,1,0,0,1,0,0,0,1,0,0,0,36,155
2025,A,190,1,0000000001,0000007070,林佳緯,20,先發,5,3,0,0,0,0,0,0,0,0,0,1,2,0,0,1,1,0,0,0,0,0,0,66,233
2025,A,190,1,0000000001,0000007268,陳聖平,15,先發,4,3,2,1,0,0,1,0,5,2,0,1,0,0,1,1,0,0,0,0,0,0,0,40,164
2025,A,190,2,0000000001,0000000929,王威晨,9,先發,4,4,1,1,0,0,0,0,1,0,0,0,0,0,0,2,0,0,0,0,0,0,0,59,209
2025,A,190,2,0000000001,0000001119,許基宏,74,先發,4,4,0,0,0,0,0,0,0,0,0,0,0,0,0,1,0,0,0,0,0,0,0,59,194
2025,A,190,2,0000000001,0000002285,高宇杰,65,先發,3,3,0,0,0,0,0,0,0,0,0,0,0,0,0,1,0,0,0,0,0,0,0,51,194
2025,A,190,2,0000000001,0000002291,岳東華,98,先發,4,4,1,1,0,0,0,0,1,0,0,1,0,0,0,1,0,0,0,0,0,0,0,51,198
2025,A,190,2,0000000001,0000002297,詹子賢,39,先發,4,4,0,0,0,0,0,0,0,0,0,0,0,0,0,2,0,0,0,0,0,0,0,59,201
2025,A,190,2,0000000001,0000004636,江坤宇,90,先發,4,4,2,2,0,0,0,0,2,0,0,1,0,0,0,0,0,0,0,0,0,0,0,47,188
2025,A,190,2,0000000001,0000005298,黃韋盛,66,先發,4,4,2,2,0,0,0,0,2,0,0,0,0,0,0,1,0,0,0,0,0,0,0,39,133
2025,A,190,2,0000000001,0000005569,曾頌恩,1,非先發,1,1,0,0,0,0,0,0,0,0,0,0,0,0,0,0,0,0,0,0,0,0,0,19,88
2025,A,190,2,0000000001,0000005571,岳政華,92,先發,4,2,1,0,1,0,0,0,2,2,0,0,2,0,0,0,0,0,0,0,0,0,0,36,126
2025,A,190,2,0000000001,0000006225,宋晟睿,88,先發,4,4,0,0,0,0,0,0,0,0,0,0,0,0,0,0,0,0,0,0,0,0,0,64,228
2025,A,191,1,0000000001,0000005542,張政禹,25,先發,4,4,0,0,0,0,0,0,0,0,0,0,0,0,0,1,0,0,0,0,0,0,0,48,176
2025,A,191,1,0000000001,0000005545,劉基鴻,46,先發,4,3,0,0,0,0,0,0,0,0,0,0,0,0,0,1,0,0,1,0,0,0,0,54,226
2025,A,191,1,0000000001,0000005548,林孝程,7,先發,4,4,2,1,1,0,0,0,3,0,0,1,0,0,0,1,0,0,0,0,0,0,0,2,8
2025,A,191,1,0000000001,0000005549,郭天信,2,先發,4,4,1,0,1,0,0,0,2,1,0,0,0,0,0,0,0,0,0,0,0,0,0,61,225
2025,A,191,1,0000000001,0000006216,王順和,24,非先發,1,1,0,0,0,0,0,0,0,0,0,0,0,0,0,1,0,0,0,0,0,0,0,32,109
2025,A,191,2,0000000001,0000000362,申皓瑋,29,先發,4,4,2,2,0,0,0,0,2,0,0,0,0,0,0,1,0,1,0,0,0,0,0,58,186
2025,A,191,2,0000000001,0000001473,李宗賢,22,非先發,1,1,0,0,0,0,0,0,0,0,0,0,0,0,0,0,0,0,0,0,0,0,0,23,107
2025,A,191,2,0000000001,0000002352,范國宸,46,先發,3,2,0,0,0,0,0,0,0,0,0,0,0,0,1,1,0,0,0,0,0,0,0,48,163
2025,A,191,2,0000000001,0000004645,戴培峰,95,先發,4,3,0,0,0,0,0,0,0,0,0,0,1,0,0,1,0,0,0,0,0,0,0,45,167
2025,A,191,2,0000000001,0000005310,陳真,7,先發,4,3,1,1,0,0,0,0,1,0,0,1,1,0,0,1,0,0,0,0,1,0,0,30,124
2025,A,191,2,0000000001,0000005510,林澤彬,2,先發,4,4,0,0,0,0,0,0,0,0,0,0,0,0,0,1,0,0,0,0,0,0,0,50,150
2025,A,191,2,0000000001,0000006738,孔念恩,82,先發,4,4,1,0,1,0,0,0,2,1,0,0,0,0,0,2,0,0,0,0,0,0,0,32,121
2025,A,191,2,0000000001,0000006872,林岳谷,62,先發,4,4,2,2,0,0,0,0,2,0,0,0,0,0,0,0,1,0,0,0,0,0,0,25,93
2025,A,191,2,0000000001,0000006888,張育成,99,先發,4,3,0,0,0,0,0,0,0,0,0,0,1,0,0,2,0,0,0,0,0,0,0,15,59
2025,A,191,2,0000000001,0000007091,高捷,4,先發,3,3,0,0,0,0,0,0,0,0,0,0,0,0,0,0,0,0,0,0,0,1,0,21,104
2025,A,191,1,0000000001,0000000743,陳子豪,1,先發,4,2,0,0,0,0,0,0,0,0,0,1,2,0,0,0,0,0,0,0,0,0,0,45,198
2025,A,191,1,0000000001,0000001318,朱育賢,11,先發,4,4,2,1,1,0,0,0,3,1,0,1,0,0,0,0,0,0,0,0,0,0,0,47,176
2025,A,191,1,0000000001,0000003625,吉力吉撈．鞏冠,4,先發,4,4,2,2,0,0,0,0,2,2,1,0,0,0,0,1,0,0,0,0,0,0,1,72,240
2025,A,191,1,0000000001,0000005291,蔣少宏,63,先發,4,4,0,0,0,0,0,0,0,0,0,0,0,0,0,2,0,0,0,0,0,0,0,33,146
2025,A,191,1,0000000001,0000005540,李凱威,21,先發,4,3,0,0,0,0,0,0,0,0,0,1,1,0,0,0,0,0,0,0,0,0,0,65,231
2025,A,192,1,0000000002,0000001474,蘇智傑,32,非先發,2,1,0,0,0,0,0,0,0,0,0,1,1,0,0,0,0,0,0,0,0,0,0,51,201
2025,A,192,1,0000000002,0000001804,陳傑憲,24,先發,5,5,2,1,1,0,0,0,3,1,0,0,0,0,0,0,0,0,0,0,0,0,0,85,301
2025,A,192,1,0000000002,0000002275,林安可,77,先發,5,5,2,1,0,0,1,0,5,2,0,1,0,0,0,0,0,0,0,0,1,1,0,102,315
2025,A,192,1,0000000002,0000002289,陳重廷,66,先發,3,3,0,0,0,0,0,0,0,0,0,0,0,0,0,1,0,0,0,0,0,0,0,32,150
2025,A,192,1,0000000002,0000002298,陳重羽,65,先發,4,4,1,1,0,0,0,0,1,0,0,1,0,0,0,0,0,0,0,0,0,0,0,38,188
2025,A,192,1,0000000002,0000002707,潘傑楷,35,非先發,1,1,1,1,0,0,0,0,1,0,0,0,0,0,0,0,0,0,0,0,0,0,0,93,345
2025,A,192,1,0000000002,0000003615,胡金龍,51,先發,3,3,1,0,1,0,0,0,2,0,0,0,0,0,0,0,0,0,0,0,0,0,0,41,128
2025,A,192,1,0000000002,0000005306,許哲晏,10,非先發,1,1,0,0,0,0,0,0,0,0,0,0,0,0,0,1,0,0,0,0,0,0,0,21,99
2025,A,192,1,0000000002,0000006223,林子豪,2,先發,4,3,1,0,0,0,1,0,4,2,1,1,0,0,1,2,0,0,0,0,0,1,1,60,245
2025,A,192,1,0000000002,0000007070,林佳緯,20,先發,5,4,0,0,0,0,0,0,0,1,0,1,1,0,0,0,0,0,0,0,0,0,0,125,449
2025,A,192,1,0000000002,0000007071,林泓弦,67,先發,4,4,1,1,0,0,0,0,1,0,0,0,0,0,0,1,0,0,0,0,0,0,0,19,100
2025,A,192,1,0000000002,0000007268,陳聖平,15,先發,4,4,2,2,0,0,0,0,2,0,0,1,0,0,0,0,1,0,0,0,1,0,0,86,317
2025,A,192,2,0000000002,0000000929,王威晨,9,先發,5,5,2,2,0,0,0,0,2,0,0,2,0,0,0,0,0,0,0,0,0,0,0,98,329
2025,A,192,2,0000000002,0000001119,許基宏,74,先發,5,5,3,2,1,0,0,0,4,0,0,0,0,0,0,1,0,0,0,0,0,0,0,98,335
2025,A,192,2,0000000002,0000002291,岳東華,98,先發,4,4,2,2,0,0,0,0,2,0,0,0,0,0,0,1,1,0,0,0,0,1,0,84,345
2025,A,192,2,0000000002,0000002297,詹子賢,39,先發,5,5,1,1,0,0,0,0,1,0,0,0,0,0,0,2,0,0,0,0,0,0,0,75,263
2025,A,192,2,0000000002,0000002307,王政順,61,非先發,1,1,1,1,0,0,0,0,1,1,0,0,0,0,0,0,0,0,0,0,0,0,0,37,125
2025,A,192,2,0000000002,0000003609,陳俊秀,29,非先發,1,0,0,0,0,0,0,0,0,0,0,0,1,0,0,0,0,0,0,0,0,0,0,46,192
2025,A,192,2,0000000002,0000004636,江坤宇,90,先發,5,5,2,2,0,0,0,0,2,1,0,0,0,0,0,0,0,0,0,0,0,0,0,99,371
2025,A,192,2,0000000002,0000005298,黃韋盛,66,先發,5,4,1,1,0,0,0,0,1,1,0,0,0,0,1,0,0,0,0,0,0,0,0,85,303
2025,A,192,2,0000000002,0000005571,岳政華,92,先發,4,3,1,1,0,0,0,0,1,0,0,1,0,0,1,1,0,0,0,0,0,0,0,72,294
2025,A,192,2,0000000002,0000006224,林吳晉瑋,0,非先發,1,1,0,0,0,0,0,0,0,0,0,0,0,0,0,0,0,0,0,0,0,0,0,5,22
2025,A,192,2,0000000002,0000006225,宋晟睿,88,先發,5,5,2,2,0,0,0,0,2,0,0,0,0,0,0,2,0,0,0,0,0,0,0,105,398
2025,A,192,2,0000000002,0000006730,張仁瑋,28,非先發,0,0,0,0,0,0,0,0,0,0,0,0,0,0,0,0,0,0,0,0,0,0,0,30,115
2025,A,192,2,0000000002,0000006732,陳統恩,48,先發,3,2,0,0,0,0,0,0,0,0,0,1,1,0,0,0,0,0,0,0,0,0,0,11,58
2025,A,193,1,0000000002,0000003625,吉力吉撈．鞏冠,4,先發,5,4,1,0,0,0,1,0,4,1,0,2,1,0,0,2,0,0,0,0,0,0,0,123,442
2025,A,193,1,0000000002,0000005291,蔣少宏,63,非先發,0,0,0,0,0,0,0,0,0,0,0,0,0,0,0,0,0,0,0,0,0,0,0,53,253
2025,A,193,1,0000000002,0000005536,瑪仕革斯．俄霸律尼,3,非先發,1,1,0,0,0,0,0,0,0,0,0,0,0,0,0,0,0,0,0,0,0,0,0,1,8
2025,A,193,1,0000000002,0000005540,李凱威,21,先發,5,5,2,2,0,0,0,0,2,0,0,1,0,0,0,2,0,0,0,0,0,0,0,130,435
2025,A,193,1,0000000002,0000005542,張政禹,25,先發,4,4,1,1,0,0,0,0,1,2,0,0,0,0,0,1,0,0,0,0,0,0,0,90,333
2025,A,193,1,0000000002,0000005553,張祐銘,34,先發,4,3,1,1,0,0,0,0,1,1,0,1,1,0,0,0,0,0,0,0,0,0,0,9,37
2025,A,193,1,0000000002,0000006216,王順和,24,先發,4,4,1,1,0,0,0,0,1,0,0,0,0,0,0,1,0,0,0,0,0,0,0,44,166
2025,A,193,1,0000000002,0000006217,林辰勳,9,先發,3,3,2,2,0,0,0,0,2,1,0,0,0,0,0,0,0,0,0,0,0,0,0,14,53
2025,A,193,1,0000000002,0000006725,張祐嘉,81,先發,5,5,0,0,0,0,0,0,0,0,0,1,0,0,0,1,0,0,0,0,2,0,0,7,26
2025,A,193,1,0000000002,0000006728,陳思仲,44,先發,3,2,0,0,0,0,0,0,0,1,0,1,1,0,0,0,0,0,0,0,0,0,0,3,21
2025,A,193,1,0000000002,0000006731,周委宏,88,非先發,1,1,1,1,0,0,0,0,1,0,0,0,0,0,0,0,0,0,0,0,0,0,0,3,9
2025,A,193,1,0000000002,0000007079,劉俊緯,23,先發,5,4,1,1,0,0,0,0,1,0,0,1,0,0,0,0,0,0,1,0,0,0,0,43,167
2025,A,193,2,0000000002,0000004645,戴培峰,95,先發,2,2,1,1,0,0,0,0,1,0,0,0,0,0,0,0,0,0,0,0,0,0,0,68,292
2025,A,193,2,0000000002,0000005310,陳真,7,先發,5,5,3,3,0,0,0,0,3,1,0,3,0,0,0,1,0,0,0,0,0,0,0,53,222
2025,A,193,2,0000000002,0000006229,葉子霆,6,先發,5,5,3,2,1,0,0,0,4,3,1,1,0,0,0,0,1,0,0,0,0,1,1,18,71
2025,A,193,2,0000000002,0000006737,董子恩,78,先發,5,5,2,1,0,0,1,0,5,1,0,2,0,0,0,0,0,0,0,0,0,0,0,62,230
2025,A,193,2,0000000002,0000006806,池恩齊,97,先發,5,5,3,2,1,0,0,0,4,2,0,0,0,0,0,0,1,0,0,0,0,1,0,18,60
2025,A,193,2,0000000002,0000006810,潘瑋祥,0,先發,4,4,2,1,1,0,0,0,3,2,0,0,0,0,0,0,0,0,0,0,0,0,0,2,8
2025,A,193,2,0000000002,0000006868,周佳樂,77,先發,4,4,2,2,0,0,0,0,2,1,0,2,0,0,0,2,0,0,0,0,0,0,0,43,185
2025,A,193,2,0000000002,0000006872,林岳谷,62,非先發,0,0,0,0,0,0,0,0,0,0,0,0,0,0,0,0,0,0,0,0,0,0,0,60,241
2025,A,193,2,0000000002,0000006909,豊暐,43,非先發,3,3,0,0,0,0,0,0,0,0,0,1,0,0,0,0,0,0,0,0,0,0,0,24,127
2025,A,193,2,0000000002,0000007089,王念好,5,先發,5,5,2,1,1,0,0,0,3,0,0,1,0,0,0,1,0,0,0,0,0,0,0,20,114
2025,A,193,2,0000000002,0000007091,高捷,4,先發,5,4,0,0,0,0,0,0,0,0,0,0,1,0,0,3,0,0,0,0,0,0,0,37,171
2025,A,194,1,0000000002,0000000132,梁家榮,5,先發,4,4,2,2,0,0,0,0,2,1,0,0,0,0,0,0,0,1,0,0,0,0,0,32,141
2025,A,194,1,0000000002,0000000153,林承飛,6,先發,1,1,0,0,0,0,0,0,0,0,0,0,0,0,0,1,0,0,0,0,0,0,0,54,228
2025,A,194,1,0000000002,0000000159,成晉,35,先發,4,4,0,0,0,0,0,0,0,0,0,0,0,0,0,1,0,0,0,0,0,0,0,89,328
2025,A,194,1,0000000002,0000001618,林子偉,15,先發,4,4,0,0,0,0,0,0,0,0,0,0,0,0,0,0,0,0,0,0,0,0,0,75,316
2025,A,194,1,0000000002,0000003467,林泓育,11,先發,4,4,3,2,0,0,1,0,6,1,1,2,0,0,0,1,0,0,0,0,0,0,0,119,388
2025,A,194,1,0000000002,0000003563,余德龍,36,先發,4,4,1,1,0,0,0,0,1,0,0,0,0,0,0,1,0,0,0,0,0,0,0,61,224
2025,A,194,1,0000000002,0000004633,陳晨威,98,先發,4,4,0,0,0,0,0,0,0,0,0,0,0,0,0,0,0,0,0,0,0,0,0,129,419
2025,A,194,1,0000000002,0000006235,林政華,65,先發,3,3,1,1,0,0,0,0,1,0,0,0,0,0,0,0,0,0,0,0,0,0,0,78,296
2025,A,194,1,0000000002,0000006240,馬傑森,94,非先發,3,2,0,0,0,0,0,0,0,0,0,0,0,0,0,1,0,0,1,0,1,0,0,28,167
2025,A,194,1,0000000002,0000006854,宋嘉翔,2,先發,4,4,2,1,1,0,0,0,3,0,0,1,0,0,0,1,0,0,0,0,0,0,0,36,123
2025,A,194,2,0000000002,0000000753,杜家明,71,非先發,1,1,0,0,0,0,0,0,0,0,0,0,0,0,0,0,0,0,0,0,0,0,0,37,148
2025,A,194,2,0000000002,0000000935,王柏融,9,先發,4,4,0,0,0,0,0,0,0,0,0,0,0,0,0,1,0,0,0,0,0,0,0,91,385
2025,A,194,2,0000000002,0000001291,郭阜林,59,非先發,1,1,0,0,0,0,0,0,0,0,0,0,0,0,0,0,0,0,0,0,0,0,0,59,219
2025,A,194,2,0000000002,0000003174,郭永維,7,先發,2,2,1,1,0,0,0,0,1,0,0,0,0,0,0,1,1,0,0,0,0,0,0,17,57
2025,A,194,2,0000000002,0000003649,吳念庭,39,先發,4,3,0,0,0,0,0,0,0,0,0,1,1,0,0,0,0,0,0,0,0,0,0,108,329
2025,A,194,2,0000000002,0000005340,王博玄,6,先發,4,2,0,0,0,0,0,0,0,0,0,0,2,0,0,0,1,0,0,0,0,0,0,123,429
2025,A,194,2,0000000002,0000006926,陳致嘉,33,先發,2,2,0,0,0,0,0,0,0,0,0,0,0,0,0,0,0,0,0,0,0,0,0,5,46
2025,A,194,2,0000000002,0000006927,曾子祐,1,先發,4,4,1,0,1,0,0,0,2,0,0,1,0,0,0,0,0,0,0,0,0,0,0,125,450
2025,A,194,2,0000000002,0000006928,林家鋐,16,非先發,1,1,0,0,0,0,0,0,0,0,0,0,0,0,0,0,0,0,0,0,0,0,0,70,257
2025,A,194,2,0000000002,0000006929,紀慶然,24,先發,2,2,0,0,0,0,0,0,0,0,0,0,0,0,0,1,0,0,0,0,0,0,0,56,225
2025,A,194,2,0000000002,0000006936,高聖恩,50,非先發,0,0,0,0,0,0,0,0,0,0,0,0,0,0,0,0,0,0,0,0,0,0,0,14,75
2025,A,194,2,0000000002,0000006939,顏郁軒,5,先發,4,4,1,1,0,0,0,0,1,1,0,0,0,0,0,2,0,0,0,0,0,1,0,42,146
2025,A,194,2,0000000002,0000007064,陳世嘉,78,非先發,0,0,0,0,0,0,0,0,0,0,0,0,0,0,0,0,0,0,0,0,0,0,0,2,16
2025,A,194,2,0000000002,0000007239,魔鷹,94,先發,4,4,0,0,0,0,0,0,0,0,0,0,0,0,0,2,0,0,0,0,0,0,0,101,324
2025,A,194,2,0000000002,0000007301,曾昱磬,44,非先發,0,0,0,0,0,0,0,0,0,0,0,0,0,0,0,0,0,0,0,0,0,0,0,44,182
2025,A,195,2,0000000002,0000006927,曾子祐,1,先發,4,4,0,0,0,0,0,0,0,0,0,0,0,0,0,1,0,0,0,0,0,0,0,124,446
2025,A,195,2,0000000002,0000006939,顏郁軒,5,先發,3,3,1,0,1,0,0,0,2,1,0,0,0,0,0,0,0,0,0,0,0,0,0,41,142
2025,A,195,2,0000000002,0000007239,魔鷹,94,先發,4,4,2,2,0,0,0,0,2,0,0,2,0,0,0,0,0,0,0,0,0,0,0,101,320
2025,A,195,2,0000000002,0000007301,曾昱磬,44,先發,3,2,0,0,0,0,0,0,0,0,0,0,1,0,0,0,0,0,0,0,0,0,0,44,182
2025,A,195,1,0000000002,0000000159,成晉,35,先發,4,4,0,0,0,0,0,0,0,0,0,0,0,0,0,0,0,0,0,0,0,0,0,89,324
2025,A,195,1,0000000002,0000001618,林子偉,15,先發,3,3,0,0,0,0,0,0,0,0,0,0,0,0,0,0,0,0,0,0,0,0,0,75,312
2025,A,195,1,0000000002,0000002282,張閔勛,28,先發,3,3,2,2,0,0,0,0,2,0,0,0,0,0,0,0,0,0,0,0,0,0,0,87,294
2025,A,195,1,0000000002,0000002286,林立,39,先發,3,3,2,2,0,0,0,0,2,0,0,0,0,0,0,1,0,0,0,0,0,0,0,94,273
2025,A,195,1,0000000002,0000003345,林智平,79,先發,4,4,0,0,0,0,0,0,0,0,0,0,0,0,0,1,0,0,0,0,1,0,0,106,357
2025,A,195,1,0000000002,0000003467,林泓育,11,先發,4,3,0,0,0,0,0,0,0,0,0,0,1,0,0,1,0,0,0,0,0,0,0,116,384
2025,A,195,1,0000000002,0000003563,余德龍,36,先發,4,4,1,1,0,0,0,0,1,0,0,0,0,0,0,1,0,0,0,0,0,1,0,60,220
2025,A,195,1,0000000002,0000004633,陳晨威,98,先發,4,4,1,1,0,0,0,0,1,0,0,0,0,0,0,2,0,0,0,0,0,0,0,129,415
2025,A,195,1,0000000002,0000006235,林政華,65,非先發,1,1,0,0,0,0,0,0,0,0,0,0,0,0,0,0,0,0,0,0,0,0,0,77,293
2025,A,195,1,0000000002,0000006240,馬傑森,94,先發,3,3,0,0,0,0,0,0,0,0,0,0,0,0,0,1,0,0,0,0,0,0,0,28,165
2025,A,195,2,0000000002,0000000935,王柏融,9,先發,3,3,1,1,0,0,0,0,1,1,1,0,0,0,0,0,0,0,0,0,0,0,0,91,381
2025,A,195,2,0000000002,0000003174,郭永維,7,先發,3,1,0,0,0,0,0,0,0,1,0,0,0,0,0,0,0,0,1,1,0,0,0,16,55
2025,A,195,2,0000000002,0000003649,吳念庭,39,先發,4,4,2,2,0,0,0,0,2,0,0,1,0,0,0,1,0,0,0,0,0,0,0,108,326
2025,A,195,2,0000000002,0000005340,王博玄,6,先發,4,4,1,1,0,0,0,0,1,0,0,0,0,0,0,0,1,0,0,0,0,0,0,123,427
2025,A,195,2,0000000002,0000006926,陳致嘉,33,先發,3,3,0,0,0,0,0,0,0,0,0,0,0,0,0,0,0,0,0,0,0,0,0,5,44
2025,A,196,1,0000000002,0000006731,周委宏,88,先發,3,3,0,0,0,0,0,0,0,0,0,0,0,0,0,0,0,0,0,0,0,0,0,3,12
2025,A,196,1,0000000002,0000007079,劉俊緯,23,先發,3,3,1,1,0,0,0,0,1,0,0,0,0,0,0,1,0,1,0,0,0,0,0,44,170
2025,A,196,2,0000000002,0000000929,王威晨,9,先發,4,4,1,1,0,0,0,0,1,0,0,1,0,0,0,0,0,0,0,0,0,0,0,99,337
2025,A,196,2,0000000002,0000001119,許基宏,74,先發,4,1,0,0,0,0,0,0,0,0,0,1,2,0,1,0,0,0,0,0,0,0,0,100,340
2025,A,196,2,0000000002,0000002291,岳東華,98,先發,4,4,1,1,0,0,0,0,1,1,0,0,0,0,0,0,0,0,0,0,0,0,0,85,352
2025,A,196,2,0000000002,0000002297,詹子賢,39,先發,4,2,0,0,0,0,0,0,0,1,0,1,1,0,0,0,0,0,0,1,0,0,0,75,267
2025,A,196,2,0000000002,0000004636,江坤宇,90,先發,5,4,2,2,0,0,0,0,2,1,0,2,0,0,0,0,0,0,0,1,0,0,0,103,379
2025,A,196,2,0000000002,0000005298,黃韋盛,66,先發,5,4,0,0,0,0,0,0,0,0,0,0,1,0,0,1,0,0,0,0,0,1,0,85,307
2025,A,196,2,0000000002,0000005571,岳政華,92,先發,4,2,0,0,0,0,0,0,0,0,0,0,1,0,0,0,1,0,1,0,0,0,0,72,300
2025,A,196,2,0000000002,0000006225,宋晟睿,88,先發,4,4,1,1,0,0,0,0,1,1,1,0,0,0,0,1,0,0,0,0,0,0,0,106,406
2025,A,196,2,0000000002,0000006732,陳統恩,48,先發,4,1,0,0,0,0,0,0,0,1,0,1,2,0,0,0,1,0,0,1,0,0,0,13,63
2025,A,196,1,0000000002,0000001318,朱育賢,11,非先發,1,1,1,1,0,0,0,0,1,0,0,0,0,0,0,0,0,0,0,0,0,0,0,99,334
2025,A,196,1,0000000002,0000003625,吉力吉撈．鞏冠,4,先發,4,4,0,0,0,0,0,0,0,0,0,0,0,0,0,1,0,0,0,0,0,1,0,123,446
2025,A,196,1,0000000002,0000005291,蔣少宏,63,非先發,1,1,1,0,1,0,0,0,2,1,0,0,0,0,0,0,0,0,0,0,0,0,0,54,254
2025,A,196,1,0000000002,0000005536,瑪仕革斯．俄霸律尼,3,非先發,1,1,0,0,0,0,0,0,0,0,0,0,0,0,0,0,0,0,0,0,0,0,0,1,9
2025,A,196,1,0000000002,0000005540,李凱威,21,先發,4,4,1,0,1,0,0,0,2,0,0,0,0,0,0,0,0,0,0,0,0,0,0,131,439
2025,A,196,1,0000000002,0000005542,張政禹,25,先發,4,4,1,1,0,0,0,0,1,0,0,1,0,0,0,0,0,0,0,0,0,0,0,91,337
2025,A,196,1,0000000002,0000005545,劉基鴻,46,非先發,1,1,1,1,0,0,0,0,1,0,0,0,0,0,0,0,0,0,0,0,0,0,0,106,411
2025,A,196,1,0000000002,0000005549,郭天信,2,先發,4,4,1,1,0,0,0,0,1,0,0,0,0,0,0,1,0,0,0,0,0,0,0,120,432
2025,A,196,1,0000000002,0000005553,張祐銘,34,先發,4,4,1,0,0,0,1,0,4,1,0,1,0,0,0,1,0,0,0,0,0,1,0,10,41
2025,A,196,1,0000000002,0000006217,林辰勳,9,先發,2,2,0,0,0,0,0,0,0,0,0,0,0,0,0,0,0,0,0,0,0,0,0,14,55
2025,A,196,1,0000000002,0000006725,張祐嘉,81,先發,4,4,1,1,0,0,0,0,1,0,0,0,0,0,0,0,0,0,0,0,0,0,0,8,30
2025,A,197,1,0000000002,0000003345,林智平,79,先發,5,4,0,0,0,0,0,0,0,0,0,0,1,0,0,2,0,0,0,0,0,0,0,106,361
2025,A,197,1,0000000002,0000003563,余德龍,36,先發,5,5,1,1,0,0,0,0,1,1,0,0,0,0,0,1,0,1,0,0,0,0,0,62,229
2025,A,197,1,0000000002,0000004633,陳晨威,98,先發,5,4,2,2,0,0,0,0,2,0,0,1,1,0,0,0,1,0,0,0,0,0,0,131,423
2025,A,197,1,0000000002,0000006235,林政華,65,先發,4,4,2,1,0,0,1,0,5,1,0,2,0,0,0,1,0,0,0,0,0,0,0,80,300
2025,A,197,1,0000000002,0000007076,李勛傑,95,先發,4,4,1,1,0,0,0,0,1,0,0,0,0,0,0,2,0,0,0,0,0,1,0,38,164
2025,A,197,2,0000000002,0000001474,蘇智傑,32,先發,4,4,2,1,0,0,1,0,5,1,0,1,0,0,0,1,0,0,0,0,0,0,0,54,208
2025,A,197,2,0000000002,0000001606,林岱安,31,先發,1,1,0,0,0,0,0,0,0,0,0,0,0,0,0,0,0,0,0,0,0,0,0,43,205
2025,A,197,2,0000000002,0000002275,林安可,77,先發,4,4,0,0,0,0,0,0,0,0,0,0,0,0,0,0,0,0,0,0,0,0,0,102,323
2025,A,197,2,0000000002,0000002289,陳重廷,66,非先發,1,1,0,0,0,0,0,0,0,0,0,1,0,0,0,0,0,0,0,0,0,0,0,32,151
2025,A,197,2,0000000002,0000002298,陳重羽,65,非先發,1,1,0,0,0,0,0,0,0,0,0,0,0,0,0,0,0,0,0,0,0,0,0,38,190
2025,A,197,2,0000000002,0000002661,陳鏞基,13,先發,3,2,1,1,0,0,0,0,1,0,0,0,1,0,0,0,0,0,0,0,0,0,0,49,167
2025,A,197,2,0000000002,0000002707,潘傑楷,35,非先發,1,1,1,1,0,0,0,0,1,0,0,0,0,0,0,0,0,0,0,0,0,0,0,94,349
2025,A,197,2,0000000002,0000003645,柯育民,36,非先發,2,2,0,0,0,0,0,0,0,0,0,0,0,0,0,1,0,0,0,0,0,0,0,0,6
2025,A,197,2,0000000002,0000005306,許哲晏,10,非先發,2,2,0,0,0,0,0,0,0,0,0,0,0,0,0,0,0,0,0,0,0,0,0,22,102
2025,A,197,2,0000000002,0000005531,邱智呈,14,先發,4,4,1,1,0,0,0,0,1,0,0,1,0,0,0,0,0,0,0,0,0,0,0,85,338
2025,A,197,2,0000000002,0000006223,林子豪,2,先發,3,3,1,1,0,0,0,0,1,2,0,0,0,0,0,0,0,0,0,0,0,0,0,61,252
2025,A,197,2,0000000002,0000007070,林佳緯,20,先發,5,4,0,0,0,0,0,0,0,0,0,0,1,0,0,1,0,0,0,0,0,0,0,126,457
2025,A,197,2,0000000002,0000007071,林泓弦,67,先發,4,3,1,1,0,0,0,0,1,0,0,0,1,0,0,1,0,0,0,0,1,0,0,21,105
2025,A,197,2,0000000002,0000007268,陳聖平,15,先發,2,2,0,0,0,0,0,0,0,0,0,0,0,0,0,0,0,0,0,0,0,0,0,88,322
2025,A,197,1,0000000002,0000000132,梁家榮,5,先發,5,5,3,2,1,0,0,0,4,3,0,1,0,0,0,0,0,0,0,0,0,0,1,35,146
2025,A,197,1,0000000002,0000000159,成晉,35,先發,5,4,1,1,0,0,0,0,1,0,0,1,1,0,0,0,0,0,0,0,0,0,0,90,332
2025,A,197,1,0000000002,0000001618,林子偉,15,先發,5,5,2,1,1,0,0,0,3,2,1,2,0,0,0,0,0,0,0,0,0,0,0,77,321
2025,A,197,1,0000000002,0000002282,張閔勛,28,先發,4,4,2,2,0,0,0,0,2,0,0,0,0,0,0,0,0,0,0,0,0,0,0,89,298
2025,A,199,1,0000000001,0000000132,梁家榮,5,先發,5,5,2,1,1,0,0,0,3,1,0,1,0,0,0,1,0,0,0,0,0,0,0,18,76
2025,A,199,1,0000000001,0000000153,林承飛,6,先發,5,5,1,1,0,0,0,0,1,0,0,0,0,0,0,0,0,0,0,0,0,0,0,13,53
2025,A,199,1,0000000001,0000000159,成晉,35,先發,4,4,0,0,0,0,0,0,0,0,0,0,0,0,0,0,0,0,0,0,0,0,0,44,166
2025,A,199,1,0000000001,0000001618,林子偉,15,先發,4,3,1,1,0,0,0,0,1,0,0,1,0,0,1,1,0,1,0,0,0,0,0,48,185
2025,A,199,1,0000000001,0000002282,張閔勛,28,先發,3,2,0,0,0,0,0,0,0,0,0,0,1,0,0,0,0,0,0,0,0,0,0,53,165
2025,A,199,1,0000000001,0000003345,林智平,79,非先發,2,2,1,1,0,0,0,0,1,1,0,0,0,0,0,0,0,0,0,0,0,0,0,60,188
2025,A,199,1,0000000001,0000003467,林泓育,11,先發,5,4,3,3,0,0,0,0,3,0,0,0,1,0,0,1,0,0,0,0,0,0,0,61,203
2025,A,199,1,0000000001,0000004633,陳晨威,98,先發,5,3,1,1,0,0,0,0,1,0,0,1,2,0,0,2,3,0,0,0,0,0,0,74,240
2025,A,199,1,0000000001,0000006202,蔡鎮宇,24,非先發,1,1,0,0,0,0,0,0,0,0,0,0,0,0,0,1,0,0,0,0,0,0,0,1,8
2025,A,199,1,0000000001,0000006235,林政華,65,先發,4,4,1,0,1,0,0,0,2,1,0,1,0,0,0,1,0,0,0,0,0,0,0,48,171
2025,A,199,1,0000000001,0000006854,宋嘉翔,2,非先發,1,1,0,0,0,0,0,0,0,0,0,0,0,0,0,0,0,0,0,0,0,1,0,17,62
2025,A,199,1,0000000001,0000007076,李勛傑,95,先發,3,3,1,1,0,0,0,0,1,0,0,0,0,0,0,2,0,0,0,0,0,0,0,23,104
2025,A,199,1,0000000001,0000007313,曾冠傑,55,非先發,1,1,0,0,0,0,0,0,0,0,0,0,0,0,0,0,0,0,0,0,0,0,0,5,34
2025,A,199,2,0000000001,0000001339,林祖傑,39,先發,4,4,0,0,0,0,0,0,0,0,0,0,0,0,0,0,0,0,0,0,1,0,0,10,33
2025,A,199,2,0000000001,0000001606,林岱安,31,先發,4,4,1,1,0,0,0,0,1,0,0,0,0,0,0,0,0,0,0,0,0,0,0,28,112
2025,A,199,2,0000000001,0000001804,陳傑憲,24,先發,5,4,1,1,0,0,0,0,1,1,0,3,1,0,0,0,0,0,0,0,0,0,0,64,226
2025,A,199,2,0000000001,0000002275,林安可,77,先發,5,4,3,0,1,0,2,0,10,7,0,4,1,0,0,0,1,0,0,0,0,0,1,50,137
2025,A,199,2,0000000001,0000002661,陳鏞基,13,先發,4,4,1,1,0,0,0,0,1,2,0,0,0,0,0,0,0,0,0,0,0,0,0,28,98
2025,A,199,2,0000000001,0000002707,潘傑楷,35,先發,4,3,1,0,1,0,0,0,2,1,1,0,1,0,0,0,0,0,0,0,0,0,0,61,206
2025,A,199,2,0000000001,0000004641,李丞齡,6,非先發,0,0,0,0,0,0,0,0,0,0,0,0,0,0,0,0,0,0,0,0,0,0,0,1,6
2025,A,199,2,0000000001,0000005306,許哲晏,10,非先發,0,0,0,0,0,0,0,0,0,0,0,0,0,0,0,0,0,0,0,0,0,0,0,15,79
2025,A,199,2,0000000001,0000005531,邱智呈,14,先發,5,4,2,2,0,0,0,0,2,0,0,2,1,0,0,0,1,0,0,0,0,0,0,63,237
2025,A,199,2,0000000001,0000007070,林佳緯,20,先發,5,5,3,3,0,0,0,0,3,0,0,2,0,0,0,0,1,0,0,0,0,0,0,69,238
2025,A,199,2,0000000001,0000007268,陳聖平,15,先發,4,4,1,1,0,0,0,0,1,0,0,0,0,0,0,0,0,0,0,0,0,1,0,41,168
2025,A,200,1,0000000001,0000000045,林智勝,31,先發,4,4,0,0,0,0,0,0,0,0,0,0,0,0,0,1,0,0,0,0,1,0,0,8,28
2025,A,200,1,0000000001,0000000743,陳子豪,1,先發,5,5,0,0,0,0,0,0,0,0,0,0,0,0,0,1,0,0,0,0,0,0,0,45,203
2025,A,200,1,0000000001,0000001318,朱育賢,11,先發,5,5,2,2,0,0,0,0,2,0,0,1,0,0,0,0,0,0,0,0,0,0,0,49,181
2025,A,200,1,0000000001,0000003625,吉力吉撈．鞏冠,4,先發,5,4,2,1,1,0,0,0,3,1,0,0,1,0,0,0,0,0,0,0,1,0,0,74,244
2025,A,200,1,0000000001,0000005540,李凱威,21,先發,5,4,3,3,0,0,0,0,3,0,0,1,1,0,0,0,1,0,0,0,0,0,0,68,235
2025,A,200,1,0000000001,0000005542,張政禹,25,先發,4,4,2,2,0,0,0,0,2,0,0,1,0,0,0,1,0,1,0,0,0,0,0,50,180
2025,A,200,1,0000000001,0000005545,劉基鴻,46,先發,5,5,1,1,0,0,0,0,1,0,0,0,0,0,0,0,0,0,0,0,0,0,0,55,231
2025,A,200,1,0000000001,0000005548,林孝程,7,先發,4,4,2,2,0,0,0,0,2,0,0,0,0,0,0,1,0,0,0,0,0,0,0,4,12
2025,A,200,1,0000000001,0000005549,郭天信,2,先發,4,4,2,2,0,0,0,0,2,1,0,0,0,0,0,1,0,0,0,0,0,0,0,63,229
2025,A,200,2,0000000001,0000001119,許基宏,74,非先發,1,1,0,0,0,0,0,0,0,0,0,0,0,0,0,1,0,0,0,0,0,0,0,59,195
2025,A,200,2,0000000001,0000002285,高宇杰,65,先發,4,4,2,1,1,0,0,0,3,2,1,0,0,0,0,0,0,0,0,0,0,0,1,53,198
2025,A,200,2,0000000001,0000002291,岳東華,98,先發,4,2,0,0,0,0,0,0,0,0,0,1,2,0,0,0,0,0,0,0,0,0,0,51,200
2025,A,200,2,0000000001,0000002297,詹子賢,39,先發,4,4,1,0,0,0,1,0,4,2,0,1,0,0,0,1,0,0,0,0,0,0,0,60,205
2025,A,200,2,0000000001,0000003609,陳俊秀,29,先發,4,4,1,0,1,0,0,0,2,1,0,1,0,0,0,0,0,0,0,0,0,0,0,27,116
2025,A,200,2,0000000001,0000004636,江坤宇,90,先發,4,3,1,1,0,0,0,0,1,0,0,1,0,0,1,1,0,0,0,0,0,0,0,48,191
2025,A,200,2,0000000001,0000005298,黃韋盛,66,非先發,0,0,0,0,0,0,0,0,0,0,0,0,0,0,0,0,0,0,0,0,0,0,0,39,133
2025,A,200,2,0000000001,0000005569,曾頌恩,1,先發,3,3,1,1,0,0,0,0,1,0,0,0,0,0,0,0,0,0,0,0,0,0,0,20,91
2025,A,200,2,0000000001,0000005571,岳政華,92,先發,4,3,2,1,1,0,0,0,3,0,0,2,1,0,0,0,0,1,0,0,0,0,0,38,129
2025,A,200,2,0000000001,0000006225,宋晟睿,88,先發,4,4,0,0,0,0,0,0,0,0,0,0,0,0,0,2,0,0,0,0,0,0,0,64,232
2025,A,200,2,0000000001,0000006730,張仁瑋,28,先發,4,3,1,1,0,0,0,0,1,1,0,0,0,0,0,0,0,0,1,0,0,0,0,15,49
2025,A,201,1,0000000001,0000000935,王柏融,9,先發,4,4,1,1,0,0,0,0,1,0,0,0,0,0,0,1,0,0,0,0,0,0,0,56,210
2025,A,201,1,0000000001,0000001291,郭阜林,59,先發,4,3,1,1,0,0,0,0,1,1,1,0,1,0,0,1,0,0,0,0,0,0,0,40,136
2025,A,201,1,0000000001,0000003649,吳念庭,39,先發,4,4,0,0,0,0,0,0,0,0,0,0,0,0,0,3,0,0,0,0,0,0,0,46,137
2025,A,201,1,0000000001,0000005340,王博玄,6,先發,4,3,0,0,0,0,0,0,0,0,0,0,1,0,0,0,0,0,0,0,0,0,0,66,215
2025,A,201,1,0000000001,0000006211,張肇元,29,先發,4,4,1,1,0,0,0,0,1,0,0,0,0,0,0,0,0,0,0,0,0,0,0,49,195
2025,A,201,1,0000000001,0000006835,顏清浤,37,非先發,1,1,0,0,0,0,0,0,0,0,0,0,0,0,0,0,0,0,0,0,0,0,0,1,3
2025,A,201,1,0000000001,0000006927,曾子祐,1,先發,4,4,2,2,0,0,0,0,2,0,0,1,0,0,0,0,1,0,0,0,0,1,0,65,242
2025,A,201,1,0000000001,0000006928,林家鋐,16,非先發,1,1,0,0,0,0,0,0,0,0,0,0,0,0,0,1,0,0,0,0,0,0,0,30,120
2025,A,201,1,0000000001,0000006929,紀慶然,24,先發,2,2,0,0,0,0,0,0,0,0,0,0,0,0,0,0,0,0,0,0,0,0,0,43,168
2025,A,201,1,0000000001,0000006939,顏郁軒,5,非先發,0,0,0,0,0,0,0,0,0,0,0,0,0,0,0,0,0,0,0,0,0,0,0,7,24
2025,A,201,1,0000000001,0000007013,陳飛霖,79,先發,3,2,0,0,0,0,0,0,0,0,0,0,0,0,0,1,0,0,1,0,0,1,0,0,3
2025,A,201,1,0000000001,0000007239,魔鷹,94,先發,4,3,0,0,0,0,0,0,0,0,0,0,1,1,0,0,0,0,0,0,0,0,0,59,194
2025,A,201,2,0000000001,0000000362,申皓瑋,29,先發,4,4,0,0,0,0,0,0,0,0,0,0,0,0,0,1,0,0,0,0,0,0,0,59,194
2025,A,201,2,0000000001,0000001473,李宗賢,22,先發,3,2,0,0,0,0,0,0,0,0,0,0,0,0,0,0,0,0,1,0,1,0,0,24,112
2025,A,201,2,0000000001,0000002352,范國宸,46,先發,4,4,0,0,0,0,0,0,0,0,0,0,0,0,0,0,0,0,0,0,1,0,0,49,171
2025,A,201,2,0000000001,0000004645,戴培峰,95,先發,4,3,0,0,0,0,0,0,0,0,0,0,1,0,0,2,0,0,0,0,0,0,0,45,170
2025,A,201,2,0000000001,0000005310,陳真,7,先發,2,2,2,2,0,0,0,0,2,0,0,0,0,0,0,0,0,0,0,0,0,0,0,32,127
2025,A,201,2,0000000001,0000005510,林澤彬,2,先發,4,4,1,1,0,0,0,0,1,0,0,0,0,0,0,0,0,0,0,0,0,0,0,51,157
2025,A,201,2,0000000001,0000006738,孔念恩,82,非先發,0,0,0,0,0,0,0,0,0,0,0,0,0,0,0,0,0,0,0,0,0,0,0,34,124
2025,A,201,2,0000000001,0000006743,劉俊豪,85,非先發,0,0,0,0,0,0,0,0,0,0,0,0,0,0,0,0,0,0,0,0,0,0,0,10,43
2025,A,201,2,0000000001,0000006861,蔡佳諺,65,先發,3,3,0,0,0,0,0,0,0,0,0,0,0,0,0,2,0,0,0,0,0,0,0,2,13
2025,A,201,2,0000000001,0000006868,周佳樂,77,非先發,1,1,0,0,0,0,0,0,0,0,0,0,0,0,0,0,0,0,0,0,0,0,0,26,123
2025,A,201,2,0000000001,0000006872,林岳谷,62,先發,4,4,0,0,0,0,0,0,0,0,0,0,0,0,0,1,0,0,0,0,0,0,0,26,101
2025,A,201,2,0000000001,0000006888,張育成,99,先發,4,2,1,0,1,0,0,0,2,0,0,0,2,0,0,1,0,0,0,0,0,0,0,18,65
2025,A,201,2,0000000001,0000007089,王念好,5,非先發,0,0,0,0,0,0,0,0,0,0,0,0,0,0,0,0,0,0,0,0,0,0,0,10,59
2025,A,201,2,0000000001,0000007091,高捷,4,非先發,1,1,0,0,0,0,0,0,0,0,0,0,0,0,0,0,0,0,0,0,0,0,0,21,107
2025,A,202,1,0000000001,0000000132,梁家榮,5,先發,4,4,3,1,1,0,1,0,7,3,1,1,0,0,0,0,0,0,0,0,0,0,0,21,80
2025,A,202,1,0000000001,0000000153,林承飛,6,先發,4,4,2,1,1,0,0,0,3,0,0,0,0,0,0,2,0,0,0,0,0,0,0,15,57
2025,A,202,1,0000000001,0000000159,成晉,35,先發,5,5,1,1,0,0,0,0,1,0,0,1,0,0,0,0,0,0,0,0,0,0,0,45,171
2025,A,202,1,0000000001,0000001618,林子偉,15,先發,4,4,2,1,0,0,1,0,5,1,0,1,0,0,0,0,0,0,0,0,0,0,0,50,189
2025,A,202,1,0000000001,0000002282,張閔勛,28,先發,4,4,1,1,0,0,0,0,1,0,0,0,0,0,0,1,0,0,0,0,0,0,0,54,169
2025,A,202,1,0000000001,0000003345,林智平,79,先發,5,5,1,1,0,0,0,0,1,0,0,0,0,0,0,2,0,1,0,0,0,0,0,61,193
2025,A,202,1,0000000001,0000003467,林泓育,11,先發,4,4,1,0,1,0,0,0,2,0,0,1,0,0,0,1,0,0,0,0,0,0,0,62,207
2025,A,202,1,0000000001,0000004633,陳晨威,98,先發,5,5,2,2,0,0,0,0,2,0,0,0,0,0,0,0,0,0,0,0,0,0,0,76,245
2025,A,202,1,0000000001,0000006235,林政華,65,先發,4,3,0,0,0,0,0,0,0,0,0,0,0,0,0,2,0,0,1,0,0,0,0,48,174
2025,A,202,2,0000000001,0000001804,陳傑憲,24,先發,4,4,1,1,0,0,0,0,1,0,0,0,0,0,0,2,1,0,0,0,0,0,0,65,230
2025,A,202,2,0000000001,0000002275,林安可,77,先發,4,4,0,0,0,0,0,0,0,0,0,0,0,0,0,3,0,0,0,0,0,0,0,50,141
2025,A,202,2,0000000001,0000002289,陳重廷,66,先發,3,3,1,1,0,0,0,0,1,0,0,0,0,0,0,1,0,0,0,0,0,0,0,27,98
2025,A,202,2,0000000001,0000002298,陳重羽,65,先發,3,3,0,0,0,0,0,0,0,0,0,0,0,0,0,1,0,0,0,0,0,0,0,25,119
2025,A,202,2,0000000001,0000002661,陳鏞基,13,先發,3,2,0,0,0,0,0,0,0,0,0,0,1,0,0,1,1,0,0,0,0,0,0,28,100
2025,A,202,2,0000000001,0000004641,李丞齡,6,非先發,1,1,0,0,0,0,0,0,0,0,0,0,0,0,0,0,0,0,0,0,0,0,0,1,7
2025,A,202,2,0000000001,0000005531,邱智呈,14,先發,4,4,0,0,0,0,0,0,0,0,0,0,0,0,0,1,0,0,0,0,0,0,0,63,241
2025,A,202,2,0000000001,0000006223,林子豪,2,先發,3,3,0,0,0,0,0,0,0,0,0,0,0,0,0,3,0,0,0,0,0,0,0,36,158
2025,A,202,2,0000000001,0000007070,林佳緯,20,先發,4,3,1,0,1,0,0,0,2,0,0,0,1,0,0,2,0,0,0,0,0,0,0,70,241
2025,A,202,2,0000000001,0000007268,陳聖平,15,先發,3,3,0,0,0,0,0,0,0,0,0,0,0,0,0,2,0,0,0,0,0,1,0,41,171
2025,A,203,1,0000000001,0000001318,朱育賢,11,先發,4,4,3,2,0,0,1,0,6,2,0,2,0,0,0,0,1,0,0,0,0,0,0,52,185
2025,A,203,1,0000000001,0000003625,吉力吉撈．鞏冠,4,先發,5,5,3,2,1,0,0,0,4,1,0,3,0,0,0,0,1,0,0,0,0,0,0,77,249
2025,A,203,1,0000000001,0000005532,全浩瑋,22,非先發,1,1,0,0,0,0,0,0,0,0,0,0,0,0,0,0,0,0,0,0,0,0,0,0,1
2025,A,203,1,0000000001,0000005538,黃柏豪,10,先發,4,3,1,0,1,0,0,0,2,1,0,0,0,0,1,1,0,0,0,0,0,0,0,2,13
2025,A,203,1,0000000001,0000005540,李凱威,21,先發,5,4,1,0,1,0,0,0,2,0,0,1,1,0,0,1,0,0,0,0,0,0,0,69,239
2025,A,203,1,0000000001,0000005545,劉基鴻,46,先發,5,5,2,1,0,0,1,0,5,4,1,1,0,0,0,0,0,0,0,0,0,1,1,57,236
2025,A,203,1,0000000001,0000005546,拿莫．伊漾,57,非先發,1,1,0,0,0,0,0,0,0,0,0,0,0,0,0,0,0,0,0,0,0,0,0,4,26
2025,A,203,1,0000000001,0000005548,林孝程,7,先發,4,3,0,0,0,0,0,0,0,0,0,0,1,0,0,0,0,0,0,0,0,0,0,4,15
2025,A,203,1,0000000001,0000005549,郭天信,2,先發,5,4,2,2,0,0,0,0,2,0,0,1,1,0,0,1,1,0,0,0,0,0,0,65,233
2025,A,203,1,0000000001,0000006216,王順和,24,先發,5,5,0,0,0,0,0,0,0,0,0,0,0,0,0,1,0,0,0,0,1,0,0,32,114
2025,A,203,1,0000000001,0000007079,劉俊緯,23,先發,4,4,2,2,0,0,0,0,2,0,0,0,0,0,0,0,0,1,0,0,0,0,0,34,120
2025,A,203,2,0000000001,0000000929,王威晨,9,非先發,1,1,0,0,0,0,0,0,0,0,0,0,0,0,0,0,0,0,0,0,0,0,0,59,210
2025,A,203,2,0000000001,0000001119,許基宏,74,先發,3,3,0,0,0,0,0,0,0,0,0,0,0,0,0,1,0,0,0,0,1,2,0,59,198
2025,A,203,2,0000000001,0000002285,高宇杰,65,先發,3,3,0,0,0,0,0,0,0,0,0,0,0,0,0,1,0,0,0,0,0,0,0,53,201
2025,A,203,2,0000000001,0000002291,岳東華,98,先發,3,3,0,0,0,0,0,0,0,1,0,0,0,0,0,0,0,0,0,0,0,0,0,51,203
2025,A,203,2,0000000001,0000002297,詹子賢,39,先發,3,3,1,1,0,0,0,0,1,0,0,0,0,0,0,0,0,0,0,0,0,0,0,61,208
2025,A,203,2,0000000001,0000002307,王政順,61,非先發,1,1,1,0,1,0,0,0,2,0,0,0,0,0,0,0,0,0,0,0,0,0,0,16,56
2025,A,203,2,0000000001,0000003609,陳俊秀,29,先發,4,4,1,1,0,0,0,0,1,0,0,0,0,0,0,1,0,0,0,0,1,0,0,28,120
2025,A,203,2,0000000001,0000004636,江坤宇,90,先發,2,2,0,0,0,0,0,0,0,0,0,0,0,0,0,0,0,0,0,0,0,0,0,48,193
2025,A,203,2,0000000001,0000005298,黃韋盛,66,先發,3,2,0,0,0,0,0,0,0,0,0,0,1,0,0,1,0,0,0,0,0,0,0,39,135
2025,A,203,2,0000000001,0000005342,林志綱,47,非先發,0,0,0,0,0,0,0,0,0,0,0,0,0,0,0,0,0,0,0,0,0,0,0,0,0
2025,A,203,2,0000000001,0000005569,曾頌恩,1,非先發,2,1,0,0,0,0,0,0,0,0,0,0,1,0,0,0,0,0,0,0,0,0,0,20,92
2025,A,203,2,0000000001,0000005571,岳政華,92,先發,3,2,0,0,0,0,0,0,0,0,0,0,1,0,0,0,0,0,0,0,0,0,0,38,131
2025,A,203,2,0000000001,0000006225,宋晟睿,88,非先發,1,1,0,0,0,0,0,0,0,0,0,0,0,0,0,1,0,0,0,0,0,0,0,64,233
2025,A,203,2,0000000001,0000006730,張仁瑋,28,先發,4,4,2,1,1,0,0,0,3,0,0,0,0,0,0,0,1,0,0,0,0,0,0,17,53
2025,A,203,2,0000000001,0000007278,許庭綸,13,非先發,1,1,0,0,0,0,0,0,0,0,0,1,0,0,0,1,1,0,0,0,0,0,0,4,24
2025,A,204,1,0000000001,0000000753,杜家明,71,非先發,0,0,0,0,0,0,0,0,0,0,0,0,0,0,0,0,0,0,0,0,0,0,0,20,86
2025,A,204,1,0000000001,0000000935,王柏融,9,先發,4,3,0,0,0,0,0,0,0,0,0,0,1,0,0,0,0,0,0,0,0,0,0,56,213
2025,A,204,1,0000000001,0000001291,郭阜林,59,先發,4,3,2,2,0,0,0,0,2,2,0,0,1,0,0,1,0,0,0,0,0,0,0,42,139
2025,A,204,1,0000000001,0000003649,吳念庭,39,先發,5,5,2,2,0,0,0,0,2,1,0,1,0,0,0,0,0,0,0,0,0,0,0,48,142
2025,A,204,1,0000000001,0000005340,王博玄,6,先發,5,5,0,0,0,0,0,0,0,0,0,0,0,0,0,0,0,0,0,0,0,0,0,66,220
2025,A,204,1,0000000001,0000006211,張肇元,29,非先發,1,1,0,0,0,0,0,0,0,0,0,0,0,0,0,0,0,0,0,0,0,0,0,49,196
2025,A,204,1,0000000001,0000006835,顏清浤,37,先發,3,3,1,1,0,0,0,0,1,0,0,1,0,0,0,2,0,0,0,0,0,0,0,2,6
2025,A,204,1,0000000001,0000006926,陳致嘉,33,先發,3,2,0,0,0,0,0,0,0,0,0,0,0,0,0,2,0,0,1,0,0,0,0,3,36
2025,A,204,1,0000000001,0000006927,曾子祐,1,先發,5,4,1,1,0,0,0,0,1,0,0,1,1,0,0,0,1,0,0,0,0,0,0,66,246
2025,A,204,1,0000000001,0000006928,林家鋐,16,先發,4,3,2,2,0,0,0,0,2,0,0,0,0,0,1,0,1,0,0,0,0,0,0,32,123
2025,A,204,1,0000000001,0000006933,林威漢,8,非先發,0,0,0,0,0,0,0,0,0,0,0,0,0,0,0,0,0,0,0,0,0,0,0,0,1
2025,A,204,1,0000000001,0000006939,顏郁軒,5,非先發,1,1,0,0,0,0,0,0,0,0,0,0,0,0,0,0,0,0,0,0,0,0,0,7,25
2025,A,204,1,0000000001,0000007013,陳飛霖,79,非先發,0,0,0,0,0,0,0,0,0,0,0,0,0,0,0,0,0,0,0,0,0,0,0,0,3
2025,A,204,1,0000000001,0000007239,魔鷹,94,先發,5,4,0,0,0,0,0,0,0,0,0,0,1,0,0,1,0,0,0,0,0,0,0,59,198
2025,A,204,2,0000000001,0000000362,申皓瑋,29,先發,4,4,1,0,1,0,0,0,2,0,0,1,0,0,0,2,0,0,0,0,0,0,0,60,198
2025,A,204,2,0000000001,0000001473,李宗賢,22,非先發,1,1,1,1,0,0,0,0,1,1,1,0,0,0,0,0,0,0,0,0,0,0,1,25,113
2025,A,204,2,0000000001,0000002352,范國宸,46,先發,4,4,1,1,0,0,0,0,1,0,0,0,0,0,0,0,0,0,0,0,0,0,0,50,175
2025,A,204,2,0000000001,0000004645,戴培峰,95,非先發,2,2,0,0,0,0,0,0,0,0,0,0,0,0,0,1,0,0,0,0,0,0,0,45,172
2025,A,204,2,0000000001,0000005310,陳真,7,非先發,1,1,0,0,0,0,0,0,0,0,0,0,0,0,0,0,0,0,0,0,0,0,0,32,128
2025,A,204,2,0000000001,0000006738,孔念恩,82,先發,3,3,1,1,0,0,0,0,1,0,0,0,0,0,0,2,0,1,0,0,0,0,0,35,127
2025,A,204,2,0000000001,0000006743,劉俊豪,85,先發,3,3,1,1,0,0,0,0,1,0,0,0,0,0,0,1,0,0,0,0,0,0,0,11,46
2025,A,204,2,0000000001,0000006861,蔡佳諺,65,非先發,1,0,0,0,0,0,0,0,0,0,0,0,1,0,0,0,0,0,0,0,0,0,0,2,13
2025,A,204,2,0000000001,0000006868,周佳樂,77,先發,3,3,1,0,1,0,0,0,2,2,0,0,0,0,0,1,0,0,0,0,0,0,0,27,126
2025,A,204,2,0000000001,0000006872,林岳谷,62,先發,4,4,1,0,1,0,0,0,2,0,0,1,0,0,0,0,0,0,0,0,0,0,0,27,105
2025,A,204,2,0000000001,0000006888,張育成,99,先發,4,4,1,1,0,0,0,0,1,1,0,1,0,0,0,0,0,0,0,0,0,0,0,19,69
2025,A,204,2,0000000001,0000006909,豊暐,43,先發,2,2,0,0,0,0,0,0,0,0,0,0,0,0,0,0,0,0,0,0,0,0,0,18,74
2025,A,204,2,0000000001,0000007089,王念好,5,先發,3,3,1,0,1,0,0,0,2,0,0,1,0,0,0,0,0,0,0,0,0,0,0,11,62
2025,A,205,1,0000000001,0000000753,杜家明,71,先發,3,3,2,2,0,0,0,0,2,1,0,0,0,0,0,1,0,0,0,0,0,0,0,22,89
2025,A,205,1,0000000001,0000000935,王柏融,9,先發,4,4,2,1,1,0,0,0,3,1,0,1,0,0,0,0,1,0,0,0,0,0,0,58,217
2025,A,205,1,0000000001,0000001291,郭阜林,59,先發,2,2,1,1,0,0,0,0,1,0,0,0,0,0,0,0,0,0,0,0,0,0,0,43,141
2025,A,205,1,0000000001,0000002304,吳明鴻,31,非先發,0,0,0,0,0,0,0,0,0,0,0,0,0,0,0,0,0,0,0,0,0,0,0,0,0
2025,A,205,1,0000000001,0000003649,吳念庭,39,先發,4,2,1,1,0,0,0,0,1,0,0,0,2,0,0,0,0,0,0,0,0,0,0,49,144
2025,A,205,1,0000000001,0000005340,王博玄,6,先發,5,4,1,1,0,0,0,0,1,0,0,1,1,0,0,0,1,0,0,0,0,0,0,67,224
2025,A,205,1,0000000001,0000006211,張肇元,29,先發,4,4,0,0,0,0,0,0,0,0,0,0,0,0,0,1,0,0,0,0,1,0,0,49,200
2025,A,205,1,0000000001,0000006927,曾子祐,1,先發,4,3,2,2,0,0,0,0,2,0,0,1,1,0,0,0,1,0,0,0,0,0,0,68,249
2025,A,205,1,0000000001,0000006928,林家鋐,16,非先發,1,1,0,0,0,0,0,0,0,0,0,0,0,0,0,1,0,0,0,0,0,0,0,32,124
2025,A,205,1,0000000001,0000006930,黃秉揚,25,非先發,1,1,0,0,0,0,0,0,0,0,0,0,0,0,0,0,0,0,0,0,0,0,0,3,21
2025,A,205,1,0000000001,0000006933,林威漢,8,先發,3,3,0,0,0,0,0,0,0,0,0,0,0,0,0,1,0,0,0,0,1,0,0,0,4
2025,A,205,1,0000000001,0000006939,顏郁軒,5,非先發,2,1,0,0,0,0,0,0,0,0,0,0,0,0,1,0,0,0,0,0,0,0,0,7,26
2025,A,205,1,0000000001,0000006940,葉保弟,73,非先發,1,1,0,0,0,0,0,0,0,0,0,0,0,0,0,0,0,0,0,0,0,0,0,3,18
2025,A,205,1,0000000001,0000007013,陳飛霖,79,非先發,1,1,0,0,0,0,0,0,0,0,0,0,0,0,0,1,0,0,0,0,0,0,0,0,4
2025,A,205,1,0000000001,0000007239,魔鷹,94,先發,5,4,0,0,0,0,0,0,0,1,0,1,1,0,0,0,0,0,0,0,0,0,0,59,202
2025,A,205,2,0000000001,0000000743,陳子豪,1,先發,5,4,0,0,0,0,0,0,0,0,0,1,1,0,0,1,0,0,0,0,0,0,0,45,207
2025,A,205,2,0000000001,0000001318,朱育賢,11,先發,5,4,1,0,0,0,1,0,4,2,0,1,1,0,0,1,0,0,0,0,0,0,0,53,189
2025,A,205,2,0000000001,0000003625,吉力吉撈．鞏冠,4,先發,5,5,2,0,2,0,0,0,4,2,1,1,0,0,0,2,0,0,0,0,0,0,0,79,254
2025,A,205,2,0000000001,0000005291,蔣少宏,63,非先發,0,0,0,0,0,0,0,0,0,0,0,0,0,0,0,0,0,0,0,0,0,0,0,33,146
2025,A,205,2,0000000001,0000005540,李凱威,21,先發,5,5,3,2,1,0,0,0,4,1,0,2,0,0,0,0,0,0,0,0,0,0,0,72,244
2025,A,205,2,0000000001,0000005545,劉基鴻,46,先發,5,4,2,2,0,0,0,0,2,1,0,1,0,0,0,0,0,0,0,1,0,0,0,59,240
2025,A,205,2,0000000001,0000005546,拿莫．伊漾,57,非先發,0,0,0,0,0,0,0,0,0,0,0,0,0,0,0,0,0,0,0,0,0,0,0,4,26
2025,A,205,2,0000000001,0000005548,林孝程,7,先發,4,3,0,0,0,0,0,0,0,0,0,1,1,0,0,1,1,0,0,0,0,0,0,4,18
2025,A,205,2,0000000001,0000005549,郭天信,2,先發,4,4,3,0,2,1,0,0,7,5,0,1,0,0,0,0,0,0,0,0,1,0,1,68,237
2025,A,205,2,0000000001,0000006216,王順和,24,先發,2,1,1,0,1,0,0,0,2,0,0,1,1,0,0,0,0,0,0,0,0,0,0,33,115
2025,A,205,2,0000000001,0000007079,劉俊緯,23,先發,4,3,0,0,0,0,0,0,0,0,0,1,1,0,0,1,0,0,0,0,1,0,0,34,123
2025,A,205,2,0000000001,0000007308,許博閎,58,非先發,2,1,1,1,0,0,0,0,1,1,0,2,1,0,0,0,1,0,0,0,0,0,0,1,1
2025,A,206,2,0000000001,0000000132,梁家榮,5,先發,4,4,1,0,1,0,0,0,2,0,0,0,0,0,0,1,0,0,0,0,0,0,0,22,84
2025,A,206,2,0000000001,0000000153,林承飛,6,先發,4,4,1,1,0,0,0,0,1,1,0,1,0,0,0,0,0,0,0,0,0,0,0,16,61
2025,A,206,2,0000000001,0000000159,成晉,35,先發,5,5,3,2,1,0,0,0,4,1,1,1,0,0,0,0,0,0,0,0,0,0,1,48,176
2025,A,206,2,0000000001,0000001618,林子偉,15,先發,4,4,1,1,0,0,0,0,1,0,0,0,0,0,0,0,0,0,0,0,0,0,0,51,193
2025,A,206,2,0000000001,0000003345,林智平,79,先發,4,4,1,1,0,0,0,0,1,1,0,1,0,0,0,0,0,0,0,0,1,0,0,62,197
2025,A,206,2,0000000001,0000004633,陳晨威,98,先發,5,5,2,2,0,0,0,0,2,0,0,1,0,0,0,0,0,0,0,0,0,0,0,78,250
2025,A,206,2,0000000001,0000006235,林政華,65,先發,4,4,1,1,0,0,0,0,1,0,0,1,0,0,0,1,0,0,0,0,0,0,0,49,178
2025,A,206,2,0000000001,0000006854,宋嘉翔,2,先發,4,4,3,3,0,0,0,0,3,2,0,0,0,0,0,1,0,0,0,0,0,0,0,20,66
2025,A,206,2,0000000001,0000007076,李勛傑,95,先發,2,2,0,0,0,0,0,0,0,0,0,0,0,0,0,2,0,0,0,0,0,0,0,23,106
2025,A,206,2,0000000001,0000007313,曾冠傑,55,非先發,2,2,1,1,0,0,0,0,1,0,0,1,0,0,0,1,0,0,0,0,0,1,0,6,36
2025,A,206,1,0000000001,0000000929,王威晨,9,先發,5,5,2,2,0,0,0,0,2,0,0,1,0,0,0,1,0,0,0,0,0,0,0,61,215
2025,A,206,1,0000000001,0000002285,高宇杰,65,先發,4,4,2,2,0,0,0,0,2,1,0,0,0,0,0,0,0,0,0,0,0,0,0,55,205
2025,A,206,1,0000000001,0000002291,岳東華,98,先發,4,4,0,0,0,0,0,0,0,0,0,1,0,0,0,2,0,0,0,0,0,0,0,51,207
2025,A,206,1,0000000001,0000002297,詹子賢,39,先發,5,4,0,0,0,0,0,0,0,0,0,0,1,0,0,2,0,0,0,0,1,0,0,61,212
2025,A,206,1,0000000001,0000004636,江坤宇,90,先發,5,5,2,2,0,0,0,0,2,0,0,1,0,0,0,1,0,0,0,0,0,0,0,50,198
2025,A,206,1,0000000001,0000005298,黃韋盛,66,先發,4,3,1,0,0,0,1,0,4,3,0,1,0,0,0,0,0,0,1,0,0,0,0,40,138
2025,A,206,1,0000000001,0000005569,曾頌恩,1,先發,4,4,2,2,0,0,0,0,2,0,0,1,0,0,0,1,0,0,0,0,0,0,0,22,96
2025,A,206,1,0000000001,0000005571,岳政華,92,先發,5,5,1,1,0,0,0,0,1,0,0,0,0,0,0,1,0,1,0,0,0,1,0,39,136
2025,A,206,1,0000000001,0000006225,宋晟睿,88,先發,4,3,2,2,0,0,0,0,2,1,0,0,1,0,0,0,0,0,0,0,0,0,0,66,236
2025,A,207,1,0000000001,0000006211,張肇元,29,先發,5,5,2,2,0,0,0,0,2,0,0,1,0,0,0,1,0,0,0,0,0,0,0,51,205
2025,A,207,1,0000000001,0000006927,曾子祐,1,先發,5,5,4,4,0,0,0,0,4,1,0,0,0,0,0,0,0,0,0,0,0,0,0,72,254
2025,A,207,1,0000000001,0000006928,林家鋐,16,先發,2,2,1,1,0,0,0,0,1,0,0,1,0,0,0,0,0,0,0,0,0,0,0,33,126
2025,A,207,1,0000000001,0000006930,黃秉揚,25,非先發,2,1,1,1,0,0,0,0,1,0,0,1,1,0,0,0,0,0,0,0,0,1,0,4,22
2025,A,207,1,0000000001,0000006936,高聖恩,50,非先發,2,2,1,0,1,0,0,0,2,1,1,1,0,0,0,1,0,0,0,0,0,0,1,11,52
2025,A,207,1,0000000001,0000006939,顏郁軒,5,非先發,1,1,1,0,0,0,1,0,4,3,0,1,0,0,0,0,0,0,0,0,0,0,0,8,27
2025,A,207,1,0000000001,0000006940,葉保弟,73,先發,3,3,0,0,0,0,0,0,0,0,0,0,0,0,0,2,0,0,0,0,0,0,0,3,21
2025,A,207,1,0000000001,0000007013,陳飛霖,79,非先發,0,0,0,0,0,0,0,0,0,0,0,1,0,0,0,0,0,0,0,0,0,0,0,0,4
2025,A,207,1,0000000001,0000007239,魔鷹,94,先發,5,5,1,1,0,0,0,0,1,0,0,0,0,0,0,1,0,0,0,0,0,0,0,60,207
2025,A,207,2,0000000001,0000000045,林智勝,31,非先發,1,1,0,0,0,0,0,0,0,0,0,0,0,0,0,0,0,0,0,0,0,0,0,8,29
2025,A,207,2,0000000001,0000000743,陳子豪,1,先發,5,5,2,2,0,0,0,0,2,1,0,0,0,0,0,1,0,0,0,0,0,0,0,47,212
2025,A,207,2,0000000001,0000001318,朱育賢,11,先發,4,4,0,0,0,0,0,0,0,0,0,0,0,0,0,2,0,0,0,0,0,0,0,53,193
2025,A,207,2,0000000001,0000003625,吉力吉撈．鞏冠,4,先發,4,4,1,0,1,0,0,0,2,0,0,0,0,0,0,1,0,0,0,0,0,0,0,80,258
2025,A,207,2,0000000001,0000005291,蔣少宏,63,先發,3,3,1,1,0,0,0,0,1,0,0,0,0,0,0,1,0,0,0,0,0,0,0,34,149
2025,A,207,2,0000000001,0000005540,李凱威,21,先發,4,3,0,0,0,0,0,0,0,0,0,0,1,0,0,1,0,0,0,0,0,0,0,72,247
2025,A,207,2,0000000001,0000005545,劉基鴻,46,先發,4,4,1,1,0,0,0,0,1,0,0,1,0,0,0,2,0,0,0,0,0,0,0,60,244
2025,A,207,2,0000000001,0000005548,林孝程,7,先發,4,2,0,0,0,0,0,0,0,1,0,1,1,0,1,0,0,0,0,0,0,0,0,4,20
2025,A,207,2,0000000001,0000005549,郭天信,2,先發,4,4,2,2,0,0,0,0,2,0,0,1,0,0,0,0,1,0,0,0,0,0,0,70,241
2025,A,207,2,0000000001,0000007079,劉俊緯,23,先發,4,4,0,0,0,0,0,0,0,0,0,0,0,0,0,3,0,0,0,0,0,0,0,34,127
2025,A,207,1,0000000001,0000000753,杜家明,71,非先發,1,1,0,0,0,0,0,0,0,0,0,0,0,0,0,0,0,0,0,0,0,0,0,22,90
2025,A,207,1,0000000001,0000000935,王柏融,9,先發,5,4,1,1,0,0,0,0,1,0,0,1,1,0,0,1,0,0,0,0,0,0,0,59,221
2025,A,207,1,0000000001,0000001291,郭阜林,59,先發,4,3,0,0,0,0,0,0,0,0,0,0,1,0,0,1,0,0,0,0,0,0,0,43,144
2025,A,207,1,0000000001,0000003649,吳念庭,39,先發,5,5,2,2,0,0,0,0,2,2,0,0,0,0,0,0,0,0,0,0,1,0,0,51,149
2025,A,207,1,0000000001,0000005340,王博玄,6,先發,5,3,1,1,0,0,0,0,1,2,0,2,2,0,0,0,0,1,0,0,0,0,0,68,227
2025,A,208,1,0000000001,0000000929,王威晨,9,先發,3,2,0,0,0,0,0,0,0,0,0,1,1,0,0,1,0,0,0,0,0,0,0,61,217
2025,A,208,1,0000000001,0000001119,許基宏,74,先發,5,5,3,3,0,0,0,0,3,2,0,0,0,0,0,0,0,0,0,0,0,0,0,62,203
2025,A,208,1,0000000001,0000002285,高宇杰,65,先發,4,4,3,3,0,0,0,0,3,0,0,0,0,0,0,1,0,0,0,0,0,0,0,58,209
2025,A,208,1,0000000001,0000002291,岳東華,98,先發,5,4,1,1,0,0,0,0,1,1,0,0,1,0,0,0,0,0,0,0,0,0,0,52,211
2025,A,208,1,0000000001,0000002297,詹子賢,39,非先發,1,1,0,0,0,0,0,0,0,0,0,0,0,0,0,0,0,0,0,0,0,0,0,61,213
2025,A,208,1,0000000001,0000003609,陳俊秀,29,先發,5,5,3,1,2,0,0,0,5,3,0,1,0,0,0,1,0,0,0,0,0,0,1,31,125
2025,A,208,1,0000000001,0000004636,江坤宇,90,先發,5,3,1,1,0,0,0,0,1,0,0,3,2,0,0,0,0,1,0,0,0,0,0,51,201
2025,A,208,1,0000000001,0000005298,黃韋盛,66,非先發,1,1,0,0,0,0,0,0,0,0,0,0,0,0,0,1,0,0,0,0,0,0,0,40,139
2025,A,208,1,0000000001,0000005342,林志綱,47,非先發,1,0,0,0,0,0,0,0,0,0,0,0,0,0,0,0,0,0,1,0,0,0,0,0,0
2025,A,208,1,0000000001,0000005569,曾頌恩,1,先發,4,4,0,0,0,0,0,0,0,1,1,0,0,0,0,1,0,0,0,0,0,0,0,22,100
2025,A,208,1,0000000001,0000005571,岳政華,92,先發,5,4,1,1,0,0,0,0,1,0,0,2,1,0,0,0,0,0,0,0,0,0,0,40,140
2025,A,208,1,0000000001,0000006225,宋晟睿,88,先發,4,4,0,0,0,0,0,0,0,0,0,0,0,0,0,3,0,0,0,0,1,0,0,66,240
2025,A,208,1,0000000001,0000007278,許庭綸,13,非先發,0,0,0,0,0,0,0,0,0,0,0,0,0,0,0,0,0,0,0,0,0,0,0,4,24
2025,A,208,2,0000000001,0000000132,梁家榮,5,先發,5,5,3,3,0,0,0,0,3,0,0,0,0,0,0,0,0,0,0,0,0,0,0,25,89
2025,A,208,2,0000000001,0000000153,林承飛,6,先發,5,5,2,2,0,0,0,0,2,0,0,0,0,0,0,0,0,0,0,0,0,1,0,18,66
2025,A,208,2,0000000001,0000000159,成晉,35,先發,5,5,1,1,0,0,0,0,1,1,0,0,0,0,0,0,0,0,0,0,2,0,0,49,181
2025,A,208,2,0000000001,0000001286,馮健庭,45,非先發,2,2,0,0,0,0,0,0,0,0,0,0,0,0,0,1,0,0,0,0,0,0,0,12,45
2025,A,208,2,0000000001,0000001618,林子偉,15,先發,4,4,0,0,0,0,0,0,0,0,0,0,0,0,0,1,0,0,0,0,0,0,0,51,197
2025,A,208,2,0000000001,0000003345,林智平,79,先發,5,5,2,1,1,0,0,0,3,2,0,0,0,0,0,1,0,0,0,0,1,0,0,64,202
2025,A,208,2,0000000001,0000004633,陳晨威,98,先發,5,5,4,4,0,0,0,0,4,1,0,1,0,0,0,0,0,0,0,0,0,0,0,82,255
2025,A,208,2,0000000001,0000006235,林政華,65,先發,4,2,2,1,1,0,0,0,3,0,0,2,1,0,1,0,0,0,0,0,0,0,0,51,180
2025,A,208,2,0000000001,0000006854,宋嘉翔,2,先發,4,4,1,1,0,0,0,0,1,0,0,1,0,0,0,0,0,0,0,0,0,0,0,21,70
2025,A,208,2,0000000001,0000007313,曾冠傑,55,先發,2,2,0,0,0,0,0,0,0,0,0,0,0,0,0,1,0,0,0,0,0,0,0,6,38
2025,A,209,1,0000000001,0000000362,申皓瑋,29,先發,4,4,0,0,0,0,0,0,0,0,0,0,0,0,0,2,0,0,0,0,0,0,0,60,202
2025,A,209,1,0000000001,0000002352,范國宸,46,先發,4,3,1,1,0,0,0,0,1,0,0,1,1,0,0,1,0,0,0,0,0,0,0,51,178
2025,A,209,1,0000000001,0000004645,戴培峰,95,非先發,1,1,0,0,0,0,0,0,0,0,0,0,0,0,0,1,0,0,0,0,0,0,0,45,173
2025,A,209,1,0000000001,0000006738,孔念恩,82,先發,4,4,1,0,1,0,0,0,2,1,0,1,0,0,0,1,0,0,0,0,1,0,0,36,131
2025,A,209,1,0000000001,0000006743,劉俊豪,85,先發,4,4,1,1,0,0,0,0,1,0,0,0,0,0,0,2,1,0,0,0,0,0,0,12,50
2025,A,209,1,0000000001,0000006868,周佳樂,77,先發,4,3,0,0,0,0,0,0,0,0,0,0,1,0,0,1,0,0,0,0,0,0,0,27,129
2025,A,209,1,0000000001,0000006872,林岳谷,62,先發,4,4,1,1,0,0,0,0,1,0,0,0,0,0,0,2,1,0,0,0,0,2,0,28,109
2025,A,209,1,0000000001,0000006888,張育成,99,先發,4,4,3,3,0,0,0,0,3,0,0,1,0,0,0,1,0,0,0,0,0,0,0,22,73
2025,A,209,1,0000000001,0000006909,豊暐,43,先發,3,3,0,0,0,0,0,0,0,0,0,0,0,0,0,1,0,0,0,0,0,0,0,18,77
2025,A,209,1,0000000001,0000007089,王念好,5,先發,4,4,1,1,0,0,0,0,1,2,0,0,0,0,0,0,0,0,0,0,0,0,0,12,66
2025,A,209,2,0000000001,0000001474,蘇智傑,32,先發,4,3,3,3,0,0,0,0,3,0,0,2,0,0,1,0,0,0,0,0,0,0,1,19,71
2025,A,209,2,0000000001,0000001606,林岱安,31,先發,4,3,0,0,0,0,0,0,0,1,0,0,0,0,0,1,0,0,0,1,0,0,0,28,115
2025,A,209,2,0000000001,0000001804,陳傑憲,24,非先發,0,0,0,0,0,0,0,0,0,0,0,0,0,0,0,0,0,0,0,0,0,0,0,65,230
2025,A,209,2,0000000001,0000002275,林安可,77,先發,4,0,0,0,0,0,0,0,0,0,0,1,4,0,0,0,0,0,0,0,0,0,0,50,141
2025,A,209,2,0000000001,0000002289,陳重廷,66,先發,4,4,1,1,0,0,0,0,1,0,0,0,0,0,0,1,0,0,0,0,0,0,0,28,102
2025,A,209,2,0000000001,0000002661,陳鏞基,13,先發,3,3,1,1,0,0,0,0,1,1,0,0,0,0,0,0,0,0,0,0,0,0,0,29,103
2025,A,209,2,0000000001,0000002707,潘傑楷,35,先發,4,4,0,0,0,0,0,0,0,0,0,0,0,0,0,0,0,0,0,0,0,0,0,61,210
2025,A,209,2,0000000001,0000005531,邱智呈,14,先發,5,4,0,0,0,0,0,0,0,0,0,2,1,0,0,1,0,0,0,0,0,0,0,63,245
2025,A,209,2,0000000001,0000006223,林子豪,2,非先發,1,1,1,1,0,0,0,0,1,1,0,1,0,0,0,0,0,0,0,0,0,0,0,37,159
2025,A,209,2,0000000001,0000007070,林佳緯,20,先發,5,5,0,0,0,0,0,0,0,0,0,0,0,0,0,0,0,0,0,0,0,0,0,70,246
2025,A,209,2,0000000001,0000007268,陳聖平,15,先發,4,4,0,0,0,0,0,0,0,0,0,0,0,0,0,1,0,0,0,0,0,0,0,41,175
2025,A,210,1,0000000001,0000000362,申皓瑋,29,先發,4,4,1,1,0,0,0,0,1,0,0,0,0,0,0,0,0,0,0,0,0,0,0,61,206
2025,A,210,1,0000000001,0000002352,范國宸,46,先發,4,4,2,2,0,0,0,0,2,0,0,2,0,0,0,0,0,0,0,0,0,0,0,53,182
2025,A,210,1,0000000001,0000004645,戴培峰,95,先發,4,4,1,1,0,0,0,0,1,0,0,0,0,0,0,1,0,0,0,0,0,0,0,46,177
2025,A,210,1,0000000001,0000006738,孔念恩,82,先發,4,4,0,0,0,0,0,0,0,0,0,0,0,0,0,1,0,0,0,0,0,0,0,36,135
2025,A,210,1,0000000001,0000006743,劉俊豪,85,先發,4,3,1,1,0,0,0,0,1,0,0,0,1,0,0,0,0,0,0,0,0,0,0,13,53
2025,A,210,1,0000000001,0000006861,蔡佳諺,65,先發,5,5,1,0,1,0,0,0,2,0,0,0,0,0,0,2,0,0,0,0,1,0,0,3,18
2025,A,210,1,0000000001,0000006872,林岳谷,62,先發,5,5,1,1,0,0,0,0,1,0,0,0,0,0,0,2,0,0,0,0,0,0,0,29,114
2025,A,210,1,0000000001,0000006888,張育成,99,先發,4,4,2,0,0,0,2,0,8,4,1,2,0,0,0,0,0,0,0,0,0,0,1,24,77
2025,A,210,1,0000000001,0000007089,王念好,5,先發,4,4,1,1,0,0,0,0,1,0,0,0,0,0,0,2,0,0,0,0,0,0,0,13,70
2025,A,210,2,0000000001,0000001474,蘇智傑,32,先發,4,4,0,0,0,0,0,0,0,1,0,0,0,0,0,1,0,0,0,0,0,0,0,19,75
2025,A,210,2,0000000001,0000002275,林安可,77,先發,4,4,1,1,0,0,0,0,1,0,0,0,0,0,0,1,0,0,0,0,0,0,0,51,145
2025,A,210,2,0000000001,0000002289,陳重廷,66,先發,4,4,0,0,0,0,0,0,0,0,0,0,0,0,0,0,0,0,0,0,0,0,0,28,106
2025,A,210,2,0000000001,0000002298,陳重羽,65,非先發,0,0,0,0,0,0,0,0,0,0,0,0,0,0,0,0,0,0,0,0,0,0,0,25,119
2025,A,210,2,0000000001,0000002707,潘傑楷,35,先發,4,4,1,1,0,0,0,0,1,0,0,0,0,0,0,0,0,0,0,0,0,1,0,62,214
2025,A,210,2,0000000001,0000003615,胡金龍,51,先發,4,4,1,0,1,0,0,0,2,0,0,0,0,0,0,2,0,0,0,0,0,0,0,24,75
2025,A,210,2,0000000001,0000005531,邱智呈,14,非先發,2,2,0,0,0,0,0,0,0,0,0,0,0,0,0,0,0,0,0,0,0,0,0,63,247
2025,A,210,2,0000000001,0000006223,林子豪,2,先發,4,3,0,0,0,0,0,0,0,0,0,0,1,0,0,1,0,0,0,0,1,0,0,37,162
2025,A,210,2,0000000001,0000006716,張翔,4,先發,2,1,0,0,0,0,0,0,0,0,0,0,1,0,0,0,0,0,0,0,0,0,0,0,1
2025,A,210,2,0000000001,0000007070,林佳緯,20,先發,4,4,1,1,0,0,0,0,1,0,0,0,0,0,0,0,0,0,0,0,0,0,0,71,250
2025,A,210,2,0000000001,0000007268,陳聖平,15,先發,4,4,3,2,1,0,0,0,4,0,0,1,0,0,0,0,1,0,0,0,0,0,0,44,179
2025,A,211,1,0000000001,0000000132,梁家榮,5,先發,5,5,0,0,0,0,0,0,0,0,0,0,0,0,0,0,0,0,0,0,0,0,0,25,94
2025,A,211,1,0000000001,0000000153,林承飛,6,先發,5,5,2,0,1,0,1,0,6,1,0,1,0,0,0,2,0,0,0,0,0,0,0,20,71
2025,A,211,1,0000000001,0000000159,成晉,35,先發,5,5,1,0,1,0,0,0,2,0,0,1,0,0,0,0,0,0,0,0,0,0,0,50,186
2025,A,211,1,0000000001,0000001618,林子偉,15,先發,5,5,0,0,0,0,0,0,0,0,0,0,0,0,0,0,0,0,0,0,0,0,0,51,202
2025,A,211,1,0000000001,0000002282,張閔勛,28,先發,4,3,0,0,0,0,0,0,0,0,0,0,1,0,0,1,0,0,0,0,0,0,0,54,172
2025,A,211,1,0000000001,0000003345,林智平,79,先發,5,2,1,0,1,0,0,0,2,2,1,1,2,0,0,0,0,0,0,1,0,0,1,65,204
2025,A,211,1,0000000001,0000003467,林泓育,11,先發,5,5,1,1,0,0,0,0,1,0,0,0,0,0,0,1,0,0,0,0,0,0,0,63,212
2025,A,211,1,0000000001,0000004633,陳晨威,98,先發,5,5,1,0,1,0,0,0,2,0,0,1,0,0,0,0,0,0,0,0,0,0,0,83,260
2025,A,211,1,0000000001,0000006202,蔡鎮宇,24,非先發,0,0,0,0,0,0,0,0,0,0,0,0,0,0,0,0,0,0,0,0,0,0,0,1,8
2025,A,211,1,0000000001,0000006235,林政華,65,先發,4,4,1,0,1,0,0,0,2,0,0,0,0,0,0,0,0,0,0,0,0,0,0,52,184
2025,A,211,1,0000000001,0000006854,宋嘉翔,2,非先發,0,0,0,0,0,0,0,0,0,0,0,0,0,0,0,0,0,0,0,0,0,0,0,21,70
2025,A,211,2,0000000001,0000000743,陳子豪,1,先發,5,4,0,0,0,0,0,0,0,0,0,1,1,0,0,1,0,0,0,0,0,0,0,47,216
2025,A,211,2,0000000001,0000001318,朱育賢,11,先發,5,5,1,1,0,0,0,0,1,1,0,0,0,0,0,2,0,0,0,0,0,0,0,54,198
2025,A,211,2,0000000001,0000003625,吉力吉撈．鞏冠,4,先發,5,4,2,2,0,0,0,0,2,2,0,0,0,0,1,1,0,0,0,0,0,0,0,82,262
2025,A,211,2,0000000001,0000005291,蔣少宏,63,先發,4,4,0,0,0,0,0,0,0,0,0,0,0,0,0,2,0,0,0,0,0,0,0,34,153
2025,A,211,2,0000000001,0000005540,李凱威,21,先發,5,4,1,1,0,0,0,0,1,0,0,1,1,0,0,0,0,0,0,0,0,0,0,73,251
2025,A,211,2,0000000001,0000005542,張政禹,25,先發,4,3,0,0,0,0,0,0,0,0,0,0,1,0,0,1,0,0,0,0,0,0,0,50,183
2025,A,211,2,0000000001,0000005545,劉基鴻,46,先發,5,5,0,0,0,0,0,0,0,0,0,0,0,0,0,0,0,0,0,0,0,0,0,60,249
2025,A,211,2,0000000001,0000005546,拿莫．伊漾,57,非先發,0,0,0,0,0,0,0,0,0,0,0,0,0,0,0,0,0,0,0,0,0,0,0,4,26
2025,A,211,2,0000000001,0000005549,郭天信,2,先發,5,5,1,1,0,0,0,0,1,0,0,0,0,0,0,1,0,0,0,0,1,0,0,71,246
2025,A,211,2,0000000001,0000006216,王順和,24,先發,4,4,1,0,1,0,0,0,2,0,0,1,0,0,0,1,0,0,0,0,0,0,0,34,119
2025,A,211,2,0000000001,0000006879,冉承霖,82,非先發,0,0,0,0,0,0,0,0,0,0,0,0,0,0,0,0,0,0,0,0,0,0,0,1,11
2025,A,212,1,0000000001,0000001339,林祖傑,39,先發,2,2,0,0,0,0,0,0,0,0,0,0,0,0,0,1,0,0,0,0,0,0,0,10,35
2025,A,212,1,0000000001,0000001474,蘇智傑,32,先發,4,4,1,0,0,0,1,0,4,1,0,1,0,0,0,1,0,0,0,0,1,0,0,20,79
2025,A,212,1,0000000001,0000001606,林岱安,31,先發,2,2,1,1,0,0,0,0,1,0,0,0,0,0,0,0,0,0,0,0,0,0,0,29,117
2025,A,212,1,0000000001,0000002275,林安可,77,先發,4,4,0,0,0,0,0,0,0,0,0,0,0,0,0,2,0,0,0,0,0,0,0,51,149
2025,A,212,1,0000000001,0000002289,陳重廷,66,先發,4,4,0,0,0,0,0,0,0,0,0,0,0,0,0,1,0,0,0,0,0,0,0,28,110
2025,A,212,1,0000000001,0000002298,陳重羽,65,非先發,1,1,1,1,0,0,0,0,1,0,0,0,0,0,0,0,0,0,0,0,0,0,0,26,120
2025,A,212,1,0000000001,0000002707,潘傑楷,35,先發,4,4,1,1,0,0,0,0,1,0,0,0,0,0,0,1,0,0,0,0,0,0,0,63,218
2025,A,212,1,0000000001,0000003615,胡金龍,51,非先發,1,0,0,0,0,0,0,0,0,0,0,0,1,0,0,0,0,0,0,0,0,0,0,24,75
2025,A,212,1,0000000001,0000005306,許哲晏,10,非先發,0,0,0,0,0,0,0,0,0,0,0,0,0,0,0,0,0,0,0,0,0,0,0,15,79
2025,A,212,1,0000000001,0000005531,邱智呈,14,先發,4,4,1,1,0,0,0,0,1,0,0,0,0,0,0,0,0,0,0,0,0,0,0,64,251
2025,A,212,1,0000000001,0000007070,林佳緯,20,先發,4,4,1,1,0,0,0,0,1,0,0,0,0,0,0,1,0,0,0,0,0,0,0,72,254
2025,A,212,1,0000000001,0000007071,林泓弦,67,非先發,0,0,0,0,0,0,0,0,0,0,0,0,0,0,0,0,0,0,0,0,0,0,0,0,3
2025,A,212,1,0000000001,0000007268,陳聖平,15,先發,3,3,1,1,0,0,0,0,1,0,0,0,0,0,0,1,0,1,0,0,0,0,0,45,182
2025,A,212,2,0000000001,0000000935,王柏融,9,先發,4,4,2,2,0,0,0,0,2,3,0,0,0,0,0,1,1,0,0,0,0,0,0,61,225
2025,A,212,2,0000000001,0000001291,郭阜林,59,先發,4,4,0,0,0,0,0,0,0,0,0,0,0,0,0,2,0,0,0,0,0,0,0,43,148
2025,A,212,2,0000000001,0000003649,吳念庭,39,先發,5,4,3,3,0,0,0,0,3,1,0,1,1,0,0,0,0,0,0,0,0,0,0,54,153
2025,A,212,2,0000000001,0000005296,董秉軒,0,非先發,1,1,0,0,0,0,0,0,0,0,0,0,0,0,0,0,0,0,0,0,0,0,0,0,1
2025,A,212,2,0000000001,0000005340,王博玄,6,先發,5,5,2,2,0,0,0,0,2,0,0,2,0,0,0,1,1,0,0,0,0,0,0,70,232
2025,A,212,2,0000000001,0000006211,張肇元,29,先發,4,4,2,1,1,0,0,0,3,1,0,0,0,0,0,1,0,0,0,0,0,0,0,53,209
2025,A,212,2,0000000001,0000006927,曾子祐,1,先發,5,4,3,3,0,0,0,0,3,0,0,2,0,0,0,0,0,0,1,0,0,0,0,75,258
2025,A,212,2,0000000001,0000006928,林家鋐,16,先發,3,3,2,2,0,0,0,0,2,0,0,2,0,0,0,1,0,0,0,0,0,0,0,35,129
2025,A,212,2,0000000001,0000006930,黃秉揚,25,非先發,1,1,0,0,0,0,0,0,0,0,0,0,0,0,0,0,0,0,0,0,0,0,0,4,23
2025,A,212,2,0000000001,0000006936,高聖恩,50,先發,4,3,0,0,0,0,0,0,0,1,0,0,0,0,0,1,0,0,0,1,0,0,0,11,55
2025,A,212,2,0000000001,0000006939,顏郁軒,5,非先發,0,0,0,0,0,0,0,0,0,0,0,0,0,0,0,0,0,0,0,0,0,0,0,8,27
2025,A,212,2,0000000001,0000007239,魔鷹,94,先發,4,2,0,0,0,0,0,0,0,1,1,0,1,0,0,0,0,0,0,1,0,0,0,60,209
2025,A,213,1,0000000001,0000000132,梁家榮,5,先發,4,4,0,0,0,0,0,0,0,0,0,0,0,0,0,2,0,0,0,0,0,0,0,25,98
2025,A,213,1,0000000001,0000000153,林承飛,6,先發,4,4,1,0,1,0,0,0,2,0,0,0,0,0,0,1,0,0,0,0,0,0,0,21,75
2025,A,213,1,0000000001,0000000159,成晉,35,先發,4,3,1,1,0,0,0,0,1,0,0,0,1,0,0,1,0,0,0,0,0,0,0,51,189
2025,A,213,1,0000000001,0000001618,林子偉,15,先發,3,3,0,0,0,0,0,0,0,0,0,0,0,0,0,0,0,0,0,0,0,0,0,51,205
2025,A,213,1,0000000001,0000002282,張閔勛,28,先發,3,3,1,0,1,0,0,0,2,0,0,0,0,0,0,1,0,0,0,0,0,0,0,55,175
2025,A,213,1,0000000001,0000003345,林智平,79,先發,4,3,1,0,1,0,0,0,2,0,0,0,1,0,0,0,0,0,0,0,0,0,0,66,207
2025,A,213,1,0000000001,0000003467,林泓育,11,先發,4,4,0,0,0,0,0,0,0,0,0,0,0,0,0,0,0,0,0,0,1,0,0,63,216
2025,A,213,1,0000000001,0000004633,陳晨威,98,先發,4,4,0,0,0,0,0,0,0,0,0,0,0,0,0,0,0,0,0,0,0,0,0,83,264
2025,A,213,1,0000000001,0000006235,林政華,65,先發,3,3,1,1,0,0,0,0,1,0,0,0,0,0,0,0,0,0,0,0,0,0,0,53,187
2025,A,213,2,0000000001,0000000743,陳子豪,1,先發,5,3,2,2,0,0,0,0,2,0,0,0,2,0,0,1,0,0,0,0,0,0,0,49,219
2025,A,213,2,0000000001,0000001318,朱育賢,11,先發,4,3,3,2,0,0,1,0,6,1,1,1,1,0,0,0,0,0,0,0,0,0,0,57,201
2025,A,213,2,0000000001,0000003625,吉力吉撈．鞏冠,4,先發,5,5,0,0,0,0,0,0,0,0,0,0,0,0,0,3,0,0,0,0,0,0,0,82,267
2025,A,213,2,0000000001,0000005291,蔣少宏,63,先發,4,4,1,1,0,0,0,0,1,0,0,0,0,0,0,0,0,0,0,0,0,0,0,35,157
2025,A,213,2,0000000001,0000005540,李凱威,21,先發,5,5,2,2,0,0,0,0,2,0,0,1,0,0,0,0,0,0,0,0,0,0,0,75,256
2025,A,213,2,0000000001,0000005542,張政禹,25,非先發,0,0,0,0,0,0,0,0,0,0,0,0,0,0,0,0,0,0,0,0,0,0,0,50,183
2025,A,213,2,0000000001,0000005545,劉基鴻,46,先發,4,4,0,0,0,0,0,0,0,0,0,0,0,0,0,2,0,0,0,0,0,0,0,60,253
2025,A,213,2,0000000001,0000005546,拿莫．伊漾,57,非先發,0,0,0,0,0,0,0,0,0,0,0,0,0,0,0,0,0,0,0,0,0,0,0,4,26
2025,A,213,2,0000000001,0000005548,林孝程,7,先發,4,2,0,0,0,0,0,0,0,0,0,0,1,0,1,2,0,0,0,0,0,0,0,4,22
2025,A,213,2,0000000001,0000005549,郭天信,2,先發,4,4,2,2,0,0,0,0,2,1,0,0,0,0,0,0,1,0,0,0,0,0,0,73,250
2025,A,213,2,0000000001,0000006216,王順和,24,非先發,0,0,0,0,0,0,0,0,0,0,0,0,0,0,0,0,0,1,0,0,0,0,0,34,119
2025,A,213,2,0000000001,0000007079,劉俊緯,23,先發,4,3,0,0,0,0,0,0,0,0,0,0,1,0,0,1,0,0,0,0,0,0,0,34,130
2025,A,214,1,0000000001,0000001474,蘇智傑,32,先發,5,5,2,1,1,0,0,0,3,0,0,1,0,0,0,1,0,0,0,0,1,0,0,22,84
2025,A,214,1,0000000001,0000001804,陳傑憲,24,非先發,0,0,0,0,0,0,0,0,0,0,0,0,0,0,0,0,0,0,0,0,0,0,0,65,230
2025,A,214,1,0000000001,0000002275,林安可,77,先發,5,3,2,1,0,0,1,0,5,2,0,2,2,0,0,1,0,0,0,0,0,0,1,53,152
2025,A,214,1,0000000001,0000002289,陳重廷,66,非先發,0,0,0,0,0,0,0,0,0,0,0,1,0,0,0,0,0,0,0,0,0,0,0,28,110
2025,A,214,1,0000000001,0000002298,陳重羽,65,非先發,1,1,0,0,0,0,0,0,0,0,0,0,0,0,0,0,0,0,0,0,0,1,0,26,121
2025,A,214,1,0000000001,0000002707,潘傑楷,35,先發,5,3,1,1,0,0,0,0,1,1,1,0,2,0,0,0,2,0,0,0,0,0,0,64,221
2025,A,214,1,0000000001,0000003615,胡金龍,51,非先發,1,1,1,1,0,0,0,0,1,1,0,0,0,0,0,0,0,0,0,0,0,0,0,25,76
2025,A,214,1,0000000001,0000005531,邱智呈,14,先發,5,5,1,1,0,0,0,0,1,1,0,0,0,0,0,0,0,0,0,0,0,0,0,65,256
2025,A,214,1,0000000001,0000006223,林子豪,2,先發,5,5,0,0,0,0,0,0,0,0,0,0,0,0,0,0,0,0,0,0,0,0,0,37,167
2025,A,214,1,0000000001,0000006716,張翔,4,先發,3,2,0,0,0,0,0,0,0,0,0,0,0,0,0,2,0,0,1,0,0,0,0,0,3
2025,A,214,1,0000000001,0000007070,林佳緯,20,先發,5,5,2,1,1,0,0,0,3,0,0,1,0,0,0,0,0,0,0,0,0,0,0,74,259
2025,A,214,1,0000000001,0000007071,林泓弦,67,先發,3,2,0,0,0,0,0,0,0,0,0,0,1,0,0,1,0,0,0,0,0,0,0,0,5
2025,A,214,1,0000000001,0000007268,陳聖平,15,先發,5,5,2,2,0,0,0,0,2,0,0,1,0,0,0,0,0,0,0,0,0,0,0,47,187
2025,A,214,2,0000000001,0000000753,杜家明,71,先發,3,3,1,1,0,0,0,0,1,0,0,0,0,0,0,0,0,0,0,0,0,0,0,23,93
2025,A,214,2,0000000001,0000000935,王柏融,9,先發,5,5,1,1,0,0,0,0,1,0,0,0,0,0,0,0,0,0,0,0,0,0,0,62,230
2025,A,214,2,0000000001,0000003649,吳念庭,39,先發,5,4,2,2,0,0,0,0,2,0,0,1,1,0,0,0,0,1,0,0,1,0,0,56,157
2025,A,214,2,0000000001,0000005296,董秉軒,0,非先發,2,2,2,2,0,0,0,0,2,1,0,0,0,0,0,0,0,0,0,0,0,0,0,2,3
2025,A,214,2,0000000001,0000005340,王博玄,6,先發,5,5,2,1,1,0,0,0,3,0,0,0,0,0,0,1,0,0,0,0,0,0,0,72,237
2025,A,214,2,0000000001,0000006211,張肇元,29,先發,4,4,1,1,0,0,0,0,1,0,0,0,0,0,0,0,0,0,0,0,0,1,0,54,213
2025,A,214,2,0000000001,0000006927,曾子祐,1,先發,5,4,1,1,0,0,0,0,1,1,0,0,1,0,0,0,0,0,0,0,0,1,0,76,262
2025,A,214,2,0000000001,0000006928,林家鋐,16,非先發,2,1,1,1,0,0,0,0,1,0,0,1,1,0,0,0,0,0,0,0,0,0,0,36,130
2025,A,214,2,0000000001,0000006930,黃秉揚,25,先發,2,2,0,0,0,0,0,0,0,0,0,0,0,0,0,0,0,0,0,0,0,0,0,4,25
2025,A,214,2,0000000001,0000006936,高聖恩,50,先發,2,2,0,0,0,0,0,0,0,0,0,0,0,0,0,1,0,0,0,0,0,0,0,11,57
2025,A,214,2,0000000001,0000006939,顏郁軒,5,非先發,1,1,1,1,0,0,0,0,1,0,0,1,0,0,0,0,0,0,0,0,0,0,0,9,28
2025,A,214,2,0000000001,0000007239,魔鷹,94,先發,5,5,1,0,0,0,1,0,4,2,0,1,0,0,0,2,0,0,0,0,0,0,0,61,214
2025,A,215,1,0000000001,0000001119,許基宏,74,先發,4,3,1,1,0,0,0,0,1,0,0,0,1,0,0,1,0,0,0,0,0,0,0,63,206
2025,A,215,1,0000000001,0000002285,高宇杰,65,先發,3,3,0,0,0,0,0,0,0,0,0,0,0,0,0,0,0,0,0,0,0,0,0,58,212
2025,A,215,1,0000000001,0000002291,岳東華,98,先發,3,3,1,0,1,0,0,0,2,0,0,0,0,0,0,2,0,0,0,0,0,1,0,53,214
2025,A,215,1,0000000001,0000003609,陳俊秀,29,先發,4,4,0,0,0,0,0,0,0,0,0,0,0,0,0,2,0,0,0,0,0,0,0,31,129
2025,A,215,1,0000000001,0000004636,江坤宇,90,先發,4,3,0,0,0,0,0,0,0,0,0,0,0,0,1,0,0,0,0,0,0,0,0,51,204
2025,A,215,1,0000000001,0000005298,黃韋盛,66,先發,3,3,1,1,0,0,0,0,1,0,0,0,0,0,0,1,0,0,0,0,0,0,0,41,142
2025,A,215,1,0000000001,0000005569,曾頌恩,1,先發,4,4,0,0,0,0,0,0,0,0,0,0,0,0,0,0,0,0,0,0,0,0,0,22,104
2025,A,215,1,0000000001,0000005571,岳政華,92,先發,4,4,0,0,0,0,0,0,0,0,0,0,0,0,0,1,0,0,0,0,0,0,0,40,144
2025,A,215,1,0000000001,0000006225,宋晟睿,88,先發,3,3,0,0,0,0,0,0,0,0,0,0,0,0,0,2,0,0,0,0,0,0,0,66,243
2025,A,215,2,0000000001,0000000362,申皓瑋,29,先發,4,4,2,2,0,0,0,0,2,0,0,0,0,0,0,0,0,0,0,0,0,0,0,63,210
2025,A,215,2,0000000001,0000001473,李宗賢,22,先發,3,3,0,0,0,0,0,0,0,0,0,0,0,0,0,0,0,0,0,0,1,0,0,25,116
2025,A,215,2,0000000001,0000002352,范國宸,46,先發,4,4,2,0,1,0,1,0,6,2,1,1,0,0,0,1,0,0,0,0,0,0,0,55,186
2025,A,215,2,0000000001,0000005310,陳真,7,先發,4,4,1,1,0,0,0,0,1,0,0,0,0,0,0,2,0,0,0,0,0,0,0,33,132
2025,A,215,2,0000000001,0000006738,孔念恩,82,先發,3,3,1,1,0,0,0,0,1,0,0,0,0,0,0,1,0,0,0,0,0,0,0,37,138
2025,A,215,2,0000000001,0000006743,劉俊豪,85,先發,4,4,0,0,0,0,0,0,0,0,0,0,0,0,0,1,0,0,0,0,1,0,0,13,57
2025,A,215,2,0000000001,0000006868,周佳樂,77,非先發,0,0,0,0,0,0,0,0,0,0,0,0,0,0,0,0,0,0,0,0,0,0,0,27,129
2025,A,215,2,0000000001,0000006872,林岳谷,62,先發,4,3,2,2,0,0,0,0,2,0,0,1,1,0,0,0,1,0,0,0,0,0,0,31,117
2025,A,215,2,0000000001,0000006888,張育成,99,先發,4,4,0,0,0,0,0,0,0,0,0,0,0,0,0,1,0,0,0,0,0,0,0,24,81
2025,A,215,2,0000000001,0000006909,豊暐,43,先發,3,3,1,1,0,0,0,0,1,0,0,0,0,0,0,0,0,0,0,0,0,0,0,19,80
2025,A,216,1,0000000001,0000000929,王威晨,9,先發,5,4,0,0,0,0,0,0,0,0,0,0,1,0,0,0,0,0,0,0,0,0,0,98,333
2025,A,216,1,0000000001,0000001119,許基宏,74,先發,5,4,2,0,1,0,1,0,6,1,0,2,1,0,0,0,0,0,0,0,0,0,0,100,339
2025,A,216,1,0000000001,0000002285,高宇杰,65,先發,0,0,0,0,0,0,0,0,0,0,0,0,0,0,0,0,0,0,0,0,0,0,0,78,312
2025,A,216,1,0000000001,0000002291,岳東華,98,先發,5,3,0,0,0,0,0,0,0,0,0,1,1,0,0,0,0,0,1,0,0,0,0,84,348
2025,A,216,1,0000000001,0000002297,詹子賢,39,非先發,2,2,0,0,0,0,0,0,0,0,0,0,0,0,0,0,0,0,0,0,0,0,0,75,265
2025,A,216,1,0000000001,0000002307,王政順,61,非先發,1,0,0,0,0,0,0,0,0,1,0,0,0,0,0,0,0,0,0,1,0,0,0,37,125
2025,A,216,1,0000000001,0000003609,陳俊秀,29,先發,4,4,1,1,0,0,0,0,1,0,0,0,0,0,0,1,0,0,0,0,0,0,0,47,196
2025,A,216,1,0000000001,0000004636,江坤宇,90,先發,5,4,2,1,1,0,0,0,3,0,0,1,1,0,0,1,0,0,0,0,0,0,0,101,375
2025,A,216,1,0000000001,0000005571,岳政華,92,先發,5,4,0,0,0,0,0,0,0,0,0,1,1,0,0,1,0,1,0,0,0,0,0,72,298
2025,A,216,1,0000000001,0000006225,宋晟睿,88,先發,4,4,0,0,0,0,0,0,0,1,0,0,0,0,0,0,1,0,0,0,0,0,0,105,402
2025,A,216,1,0000000001,0000006730,張仁瑋,28,先發,3,3,1,1,0,0,0,0,1,0,0,0,0,0,0,0,0,0,0,0,0,0,0,31,118
2025,A,216,1,0000000001,0000006732,陳統恩,48,非先發,4,4,2,2,0,0,0,0,2,2,0,0,0,0,0,1,0,0,0,0,0,0,0,13,62
2025,A,216,2,0000000001,0000000362,申皓瑋,29,先發,0,0,0,0,0,0,0,0,0,0,0,0,0,0,0,0,0,0,0,0,0,0,0,80,277
2025,A,216,2,0000000001,0000002352,范國宸,46,先發,1,1,0,0,0,0,0,0,0,0,0,0,0,0,0,0,0,0,0,0,0,0,0,91,331
2025,A,216,2,0000000001,0000004645,戴培峰,95,先發,0,0,0,0,0,0,0,0,0,0,0,0,0,0,0,0,0,0,0,0,0,0,0,68,292
2025,A,216,2,0000000001,0000005310,陳真,7,非先發,5,4,0,0,0,0,0,0,0,0,0,1,1,0,0,1,0,0,0,0,0,0,0,53,226
2025,A,216,2,0000000001,0000005510,林澤彬,2,先發,5,4,1,1,0,0,0,0,1,0,0,0,1,1,0,0,0,0,0,0,0,0,0,83,275
2025,A,216,2,0000000001,0000005533,魏全,59,非先發,1,1,1,0,1,0,0,0,2,2,0,0,0,0,0,0,0,0,0,0,0,0,1,1,10
2025,A,216,2,0000000001,0000006229,葉子霆,6,非先發,2,2,0,0,0,0,0,0,0,0,0,0,0,0,0,1,0,0,0,0,0,0,0,18,73
2025,A,216,2,0000000001,0000006233,黃兆維,31,非先發,1,1,0,0,0,0,0,0,0,0,0,0,0,0,0,1,0,0,0,0,0,0,0,0,1
2025,A,216,2,0000000001,0000006737,董子恩,78,非先發,4,4,3,3,0,0,0,0,3,1,0,0,0,0,0,0,0,0,0,0,0,0,0,65,234
2025,A,216,2,0000000001,0000006738,孔念恩,82,先發,1,1,0,0,0,0,0,0,0,0,0,0,0,0,0,1,0,0,0,0,0,0,0,58,249
2025,A,216,2,0000000001,0000006806,池恩齊,97,非先發,0,0,0,0,0,0,0,0,0,0,0,0,0,0,0,0,0,0,0,0,0,0,0,18,60
2025,A,216,2,0000000001,0000006810,潘瑋祥,0,非先發,3,3,1,1,0,0,0,0,1,0,0,0,0,0,0,0,0,0,0,0,0,0,0,3,11
2025,A,216,2,0000000001,0000006861,蔡佳諺,65,非先發,4,3,1,1,0,0,0,0,1,1,1,0,1,0,0,2,0,0,0,0,0,0,0,20,107
2025,A,216,2,0000000001,0000006868,周佳樂,77,先發,4,3,1,1,0,0,0,0,1,0,0,0,1,0,0,1,0,0,0,0,0,0,0,44,188
2025,A,216,2,0000000001,0000006872,林岳谷,62,先發,5,5,2,1,1,0,0,0,3,0,0,3,0,0,0,0,0,0,0,0,0,0,0,62,246
2025,A,216,2,0000000001,0000006888,張育成,99,先發,0,0,0,0,0,0,0,0,0,0,0,0,0,0,0,0,0,0,0,0,0,0,0,68,233
2025,A,216,2,0000000001,0000006909,豊暐,43,非先發,3,3,0,0,0,0,0,0,0,0,0,0,0,0,0,1,0,0,0,0,0,0,0,24,130
2025,A,216,2,0000000001,0000007089,王念好,5,非先發,4,3,2,1,1,0,0,0,3,2,0,2,0,0,0,0,0,0,0,1,0,0,0,22,117
2025,A,216,2,0000000001,0000007091,高捷,4,先發,1,1,0,0,0,0,0,0,0,0,0,0,0,0,0,1,0,0,0,0,0,0,0,37,172
2025,A,217,1,0000000002,0000005310,陳真,7,先發,4,3,2,1,1,0,0,0,3,2,0,0,1,0,0,0,0,0,0,0,0,0,1,55,233
2025,A,217,1,0000000002,0000006229,葉子霆,6,先發,5,3,1,1,0,0,0,0,1,1,0,1,0,0,1,1,1,0,0,1,0,0,0,20,80
2025,A,217,1,0000000002,0000006233,黃兆維,31,先發,4,4,1,1,0,0,0,0,1,0,0,1,0,0,0,1,0,0,0,0,0,0,0,1,5
2025,A,217,1,0000000002,0000006737,董子恩,78,先發,5,4,0,0,0,0,0,0,0,0,0,1,0,0,1,1,0,0,0,0,0,0,0,67,241
2025,A,217,1,0000000002,0000006810,潘瑋祥,0,先發,4,4,1,0,1,0,0,0,2,1,0,0,0,0,0,1,0,0,0,0,0,0,0,5,18
2025,A,217,1,0000000002,0000006861,蔡佳諺,65,先發,4,4,1,0,1,0,0,0,2,0,0,1,0,0,0,1,0,0,0,0,0,0,0,22,115
2025,A,217,1,0000000002,0000006868,周佳樂,77,非先發,0,0,0,0,0,0,0,0,0,0,0,0,0,0,0,0,0,0,0,0,0,0,0,44,188
2025,A,217,1,0000000002,0000006872,林岳谷,62,先發,5,5,0,0,0,0,0,0,0,0,0,1,0,0,0,2,0,0,0,0,0,0,0,64,255
2025,A,217,1,0000000002,0000006909,豊暐,43,先發,4,3,2,2,0,0,0,0,2,1,0,1,1,0,0,1,1,0,0,0,0,0,0,26,133
2025,A,217,1,0000000002,0000007089,王念好,5,先發,5,4,0,0,0,0,0,0,0,1,1,0,0,0,0,2,0,0,0,1,0,0,0,23,125
2025,A,217,2,0000000002,0000001318,朱育賢,11,非先發,1,1,0,0,0,0,0,0,0,0,0,0,0,0,0,0,0,0,0,0,0,0,0,99,335
2025,A,217,2,0000000002,0000003625,吉力吉撈．鞏冠,4,先發,4,4,0,0,0,0,0,0,0,0,0,0,0,0,0,1,0,0,0,0,0,0,0,123,450
2025,A,217,2,0000000002,0000005540,李凱威,21,先發,4,4,1,1,0,0,0,0,1,0,0,1,0,0,0,0,2,0,0,0,0,0,0,132,443
2025,A,217,2,0000000002,0000005542,張政禹,25,先發,4,4,0,0,0,0,0,0,0,0,0,0,0,0,0,2,0,0,0,0,0,0,0,91,341
2025,A,217,2,0000000002,0000005545,劉基鴻,46,先發,4,3,1,1,0,0,0,0,1,0,0,1,0,0,1,0,0,0,0,0,0,1,0,107,414
2025,A,217,2,0000000002,0000005549,郭天信,2,先發,4,4,2,2,0,0,0,0,2,1,0,0,0,0,0,0,0,0,0,0,0,0,0,122,436
2025,A,217,2,0000000002,0000005553,張祐銘,34,先發,4,4,1,1,0,0,0,0,1,0,0,0,0,0,0,0,0,0,0,0,1,0,0,11,45
2025,A,217,2,0000000002,0000006217,林辰勳,9,先發,3,3,1,1,0,0,0,0,1,0,0,1,0,0,0,1,0,0,0,0,0,0,0,15,58
2025,A,217,2,0000000002,0000006725,張祐嘉,81,先發,4,4,2,2,0,0,0,0,2,1,0,0,0,0,0,0,0,0,0,0,0,0,0,10,34
2025,A,217,2,0000000002,0000006728,陳思仲,44,非先發,0,0,0,0,0,0,0,0,0,0,0,0,0,0,0,0,0,0,0,0,0,0,0,3,21
2025,A,217,2,0000000002,0000007079,劉俊緯,23,先發,3,2,0,0,0,0,0,0,0,0,0,0,0,0,1,1,0,0,0,0,1,0,0,44,172
2025,A,218,1,0000000002,0000000935,王柏融,9,先發,5,5,1,0,1,0,0,0,2,2,0,0,0,0,0,1,0,0,0,0,0,0,0,90,378
2025,A,218,1,0000000002,0000003174,郭永維,7,先發,4,4,0,0,0,0,0,0,0,0,0,1,0,0,0,0,0,0,0,0,0,0,0,16,54
2025,A,218,1,0000000002,0000003649,吳念庭,39,先發,5,4,3,2,1,0,0,0,4,0,0,0,1,0,0,0,0,0,0,0,0,0,0,106,322
2025,A,218,1,0000000002,0000005340,王博玄,6,先發,5,4,1,1,0,0,0,0,1,0,0,2,1,0,0,1,1,0,0,0,0,0,0,122,423
2025,A,218,1,0000000002,0000006926,陳致嘉,33,先發,4,4,2,2,0,0,0,0,2,1,0,1,0,0,0,1,0,0,0,0,0,0,0,5,41
2025,A,218,1,0000000002,0000006927,曾子祐,1,先發,5,5,2,1,1,0,0,0,3,2,1,0,0,0,0,0,0,0,0,0,0,0,1,124,442
2025,A,218,1,0000000002,0000006928,林家鋐,16,非先發,1,1,0,0,0,0,0,0,0,0,0,0,0,0,0,1,0,0,0,0,0,0,0,70,256
2025,A,218,1,0000000002,0000006939,顏郁軒,5,先發,5,5,2,2,0,0,0,0,2,1,0,1,0,0,0,2,0,0,0,0,0,1,0,40,139
2025,A,218,1,0000000002,0000007239,魔鷹,94,先發,5,4,1,0,1,0,0,0,2,1,0,1,1,0,0,1,0,0,0,0,0,0,0,99,316
2025,A,218,1,0000000002,0000007301,曾昱磬,44,先發,5,5,1,1,0,0,0,0,1,0,0,1,0,0,0,1,0,0,0,0,0,0,0,44,180
2025,A,218,2,0000000002,0000000153,林承飛,6,先發,3,2,0,0,0,0,0,0,0,0,0,0,1,0,0,0,0,0,0,0,0,0,0,54,227
2025,A,218,2,0000000002,0000000158,廖健富,58,先發,1,1,0,0,0,0,0,0,0,0,0,0,0,0,0,1,0,0,0,0,0,0,0,17,77
2025,A,218,2,0000000002,0000000159,成晉,35,先發,5,5,1,0,1,0,0,0,2,2,0,0,0,0,0,0,0,0,0,0,0,0,0,89,320
2025,A,218,2,0000000002,0000001618,林子偉,15,先發,4,3,1,0,1,0,0,0,2,0,0,0,1,0,0,1,1,0,0,0,0,0,0,75,309
2025,A,218,2,0000000002,0000002282,張閔勛,28,先發,4,4,0,0,0,0,0,0,0,0,0,0,0,0,0,0,0,0,0,0,0,0,0,85,291
2025,A,218,2,0000000002,0000003345,林智平,79,先發,4,4,1,1,0,0,0,0,1,0,0,0,0,0,0,0,0,0,0,0,0,0,0,106,353
2025,A,218,2,0000000002,0000003467,林泓育,11,先發,4,4,1,1,0,0,0,0,1,1,0,0,0,0,0,0,0,0,0,0,1,0,0,116,381
2025,A,218,2,0000000002,0000003563,余德龍,36,非先發,1,1,0,0,0,0,0,0,0,0,0,0,0,0,0,0,0,0,0,0,0,0,0,59,216
2025,A,218,2,0000000002,0000004633,陳晨威,98,先發,5,3,2,1,0,1,0,0,4,0,0,2,2,0,0,1,1,0,0,0,0,1,0,128,411
2025,A,218,2,0000000002,0000006235,林政華,65,先發,4,4,1,1,0,0,0,0,1,0,0,1,0,0,0,0,0,0,0,0,0,0,0,77,292
2025,A,218,2,0000000002,0000006240,馬傑森,94,非先發,0,0,0,0,0,0,0,0,0,0,0,0,0,0,0,0,0,0,0,0,0,0,0,28,162
2025,A,218,2,0000000002,0000007076,李勛傑,95,非先發,3,3,0,0,0,0,0,0,0,0,0,0,0,0,0,0,0,0,0,0,0,0,0,37,160
2025,A,220,1,0000000001,0000000929,王威晨,9,先發,4,3,1,1,0,0,0,0,1,0,0,0,1,0,0,0,0,0,0,0,0,0,0,63,221
2025,A,220,1,0000000001,0000001119,許基宏,74,非先發,1,1,1,1,0,0,0,0,1,1,1,1,0,0,0,0,0,0,0,0,0,0,1,64,211
2025,A,220,1,0000000001,0000002285,高宇杰,65,先發,4,4,1,1,0,0,0,0,1,0,0,1,0,0,0,0,0,0,0,0,0,0,0,60,219
2025,A,220,1,0000000001,0000002291,岳東華,98,先發,5,4,0,0,0,0,0,0,0,0,0,0,1,0,0,0,0,0,0,0,0,0,0,53,219
2025,A,220,1,0000000001,0000002297,詹子賢,39,先發,4,4,0,0,0,0,0,0,0,0,0,0,0,0,0,0,0,0,0,0,0,0,0,64,222
2025,A,220,1,0000000001,0000002307,王政順,61,先發,5,4,1,1,0,0,0,0,1,2,0,0,1,0,0,0,0,0,0,0,0,0,0,17,61
2025,A,220,1,0000000001,0000004636,江坤宇,90,先發,5,5,2,1,1,0,0,0,3,1,0,0,0,0,0,2,0,0,0,0,0,0,0,54,213
2025,A,220,1,0000000001,0000005298,黃韋盛,66,先發,5,5,2,2,0,0,0,0,2,1,0,0,0,0,0,0,0,0,0,0,0,0,0,43,151
2025,A,220,1,0000000001,0000005342,林志綱,47,非先發,0,0,0,0,0,0,0,0,0,0,0,0,0,0,0,0,0,0,0,0,0,0,0,0,1
2025,A,220,1,0000000001,0000005569,曾頌恩,1,非先發,1,0,0,0,0,0,0,0,0,0,0,1,1,0,0,0,0,0,0,0,0,0,0,23,106
2025,A,220,1,0000000001,0000005571,岳政華,92,非先發,1,0,0,0,0,0,0,0,0,0,0,1,1,0,0,0,0,0,0,0,0,0,0,40,144
2025,A,220,1,0000000001,0000006225,宋晟睿,88,先發,4,4,1,1,0,0,0,0,1,0,0,0,0,0,0,0,0,1,0,0,0,0,0,67,250
2025,A,220,1,0000000001,0000006730,張仁瑋,28,先發,4,4,1,1,0,0,0,0,1,0,0,1,0,0,0,1,0,0,0,0,0,0,0,19,61
2025,A,220,1,0000000001,0000007278,許庭綸,13,非先發,0,0,0,0,0,0,0,0,0,0,0,0,0,0,0,0,0,0,0,0,0,0,0,4,24
2025,A,220,2,0000000001,0000001339,林祖傑,39,先發,1,1,0,0,0,0,0,0,0,0,0,0,0,0,0,0,0,0,0,0,1,0,0,11,38
2025,A,220,2,0000000001,0000001474,蘇智傑,32,先發,3,3,0,0,0,0,0,0,0,0,0,0,0,0,0,0,0,0,0,0,0,0,0,22,88
2025,A,220,2,0000000001,0000001804,陳傑憲,24,先發,3,2,0,0,0,0,0,0,0,0,0,0,1,0,0,0,0,0,0,0,0,0,0,66,233
2025,A,220,2,0000000001,0000002275,林安可,77,先發,5,4,1,0,0,0,1,0,4,2,0,1,1,0,0,1,0,0,0,0,0,0,0,55,160
2025,A,220,2,0000000001,0000002298,陳重羽,65,先發,4,4,0,0,0,0,0,0,0,0,0,1,0,0,0,1,0,0,0,0,1,0,0,26,128
2025,A,220,2,0000000001,0000002707,潘傑楷,35,先發,5,5,1,1,0,0,0,0,1,0,0,0,0,0,0,0,0,0,0,0,0,0,0,66,229
2025,A,220,2,0000000001,0000003615,胡金龍,51,非先發,1,1,0,0,0,0,0,0,0,0,0,0,0,0,0,1,0,0,0,0,0,0,0,25,79
2025,A,220,2,0000000001,0000004641,李丞齡,6,非先發,1,1,0,0,0,0,0,0,0,0,0,0,0,0,0,1,0,0,0,0,0,0,0,1,8
2025,A,220,2,0000000001,0000005531,邱智呈,14,非先發,2,1,0,0,0,0,0,0,0,1,0,0,1,0,0,1,0,0,0,0,0,1,0,65,260
2025,A,220,2,0000000001,0000006223,林子豪,2,先發,4,4,2,2,0,0,0,0,2,0,0,0,0,0,0,0,0,0,0,0,0,0,0,39,175
2025,A,220,2,0000000001,0000007070,林佳緯,20,先發,5,4,1,1,0,0,0,0,1,0,0,0,0,0,0,1,0,0,1,0,0,0,0,76,267
2025,A,220,2,0000000001,0000007071,林泓弦,67,非先發,3,0,0,0,0,0,0,0,0,0,0,0,3,0,0,0,0,0,0,0,0,0,0,0,5
2025,A,220,2,0000000001,0000007268,陳聖平,15,先發,4,3,1,1,0,0,0,0,1,0,0,1,1,0,0,1,0,0,0,0,0,0,0,48,193
2025,A,221,1,0000000001,0000000362,申皓瑋,29,先發,4,3,2,1,0,0,1,0,5,2,0,2,1,0,0,0,0,0,0,0,0,0,0,65,213
2025,A,221,1,0000000001,0000002352,范國宸,46,先發,4,4,0,0,0,0,0,0,0,0,0,0,0,0,0,0,0,0,0,0,0,0,0,55,190
2025,A,221,1,0000000001,0000004645,戴培峰,95,先發,4,4,1,1,0,0,0,0,1,2,1,0,0,0,0,1,0,0,0,0,0,0,1,47,181
2025,A,221,1,0000000001,0000005310,陳真,7,先發,2,2,0,0,0,0,0,0,0,0,0,0,0,0,0,0,0,0,0,0,0,0,0,33,134
2025,A,221,1,0000000001,0000005510,林澤彬,2,先發,4,4,1,0,1,0,0,0,2,0,0,0,0,0,0,1,0,0,0,0,0,0,0,52,161
2025,A,221,1,0000000001,0000006738,孔念恩,82,先發,4,4,1,1,0,0,0,0,1,0,0,1,0,0,0,0,0,0,0,0,0,0,0,38,142
2025,A,221,1,0000000001,0000006868,周佳樂,77,非先發,2,0,0,0,0,0,0,0,0,0,0,0,0,0,0,0,0,0,2,0,0,0,0,27,129
2025,A,221,1,0000000001,0000006872,林岳谷,62,先發,4,4,0,0,0,0,0,0,0,0,0,0,0,0,0,0,0,0,0,0,0,1,0,31,121
2025,A,221,1,0000000001,0000006888,張育成,99,先發,4,3,1,0,1,0,0,0,2,0,0,1,1,0,0,0,0,1,0,0,0,0,0,25,84
2025,A,221,1,0000000001,0000007089,王念好,5,先發,3,3,1,1,0,0,0,0,1,0,0,0,0,0,0,1,0,0,0,0,0,0,0,14,73
2025,A,221,2,0000000001,0000000045,林智勝,31,先發,5,5,2,2,0,0,0,0,2,0,0,1,0,0,0,2,0,0,0,0,0,0,0,10,34
2025,A,221,2,0000000001,0000000743,陳子豪,1,先發,3,3,0,0,0,0,0,0,0,0,0,0,0,0,0,2,0,0,0,0,0,0,0,49,222
2025,A,221,2,0000000001,0000001318,朱育賢,11,先發,4,3,1,0,1,0,0,0,2,0,0,1,0,0,1,1,0,0,0,0,0,0,0,58,204
2025,A,221,2,0000000001,0000003625,吉力吉撈．鞏冠,4,非先發,2,1,0,0,0,0,0,0,0,0,0,0,1,1,0,1,0,0,0,0,0,0,0,82,268
2025,A,221,2,0000000001,0000005291,蔣少宏,63,先發,4,3,0,0,0,0,0,0,0,0,0,0,1,0,0,1,0,0,0,0,0,0,0,35,160
2025,A,221,2,0000000001,0000005540,李凱威,21,先發,5,4,1,1,0,0,0,0,1,0,0,0,1,0,0,0,0,0,0,0,0,0,0,76,260
2025,A,221,2,0000000001,0000005542,張政禹,25,先發,4,4,2,1,1,0,0,0,3,0,0,0,0,0,0,0,0,0,0,0,0,0,0,52,187
2025,A,221,2,0000000001,0000005545,劉基鴻,46,非先發,2,2,0,0,0,0,0,0,0,0,0,0,0,0,0,0,0,0,0,0,0,0,0,60,255
2025,A,221,2,0000000001,0000005548,林孝程,7,先發,2,1,0,0,0,0,0,0,0,0,0,0,0,0,0,0,0,0,1,0,0,0,0,4,23
2025,A,221,2,0000000001,0000005549,郭天信,2,先發,4,3,0,0,0,0,0,0,0,0,0,0,0,0,1,0,0,0,0,0,0,0,0,73,253
2025,A,221,2,0000000001,0000006216,王順和,24,非先發,1,1,0,0,0,0,0,0,0,0,0,0,0,0,0,1,0,0,0,0,0,0,0,34,120
2025,A,221,2,0000000001,0000007079,劉俊緯,23,先發,3,3,1,0,1,0,0,0,2,2,0,0,0,0,0,1,0,0,0,0,0,0,0,35,133
2025,A,222,1,0000000001,0000000935,王柏融,9,先發,5,5,0,0,0,0,0,0,0,0,0,0,0,0,0,2,0,0,0,0,0,0,0,62,235
2025,A,222,1,0000000001,0000001291,郭阜林,59,非先發,1,1,0,0,0,0,0,0,0,0,0,0,0,0,0,1,0,0,0,0,0,0,0,43,149
2025,A,222,1,0000000001,0000003649,吳念庭,39,先發,5,5,1,0,1,0,0,0,2,1,1,0,0,0,0,0,0,0,0,0,0,0,1,57,162
2025,A,222,1,0000000001,0000005296,董秉軒,0,非先發,1,1,0,0,0,0,0,0,0,0,0,0,0,0,0,1,0,0,0,0,0,0,0,2,4
2025,A,222,1,0000000001,0000005340,王博玄,6,先發,5,5,1,1,0,0,0,0,1,1,0,0,0,0,0,1,0,0,0,0,0,0,0,73,242
2025,A,222,1,0000000001,0000006211,張肇元,29,先發,5,5,2,1,0,0,1,0,5,2,0,1,0,0,0,0,0,0,0,0,0,0,0,56,218
2025,A,222,1,0000000001,0000006927,曾子祐,1,先發,5,5,2,2,0,0,0,0,2,0,0,2,0,0,0,0,1,0,0,0,0,0,0,78,267
2025,A,222,1,0000000001,0000006928,林家鋐,16,先發,4,3,0,0,0,0,0,0,0,0,0,1,1,0,0,0,1,0,0,0,0,0,0,36,133
2025,A,222,1,0000000001,0000006936,高聖恩,50,非先發,0,0,0,0,0,0,0,0,0,0,0,1,0,0,0,0,1,0,0,0,0,0,0,11,57
2025,A,222,1,0000000001,0000006939,顏郁軒,5,先發,3,3,0,0,0,0,0,0,0,0,0,0,0,0,0,2,0,0,0,0,0,0,0,9,31
2025,A,222,1,0000000001,0000007239,魔鷹,94,先發,4,3,2,2,0,0,0,0,2,1,0,0,1,0,0,0,0,0,0,0,0,0,0,63,217
2025,A,222,1,0000000001,0000007301,曾昱磬,44,先發,4,4,3,3,0,0,0,0,3,0,0,0,0,0,0,0,0,0,0,0,0,0,0,18,76
2025,A,222,2,0000000001,0000000132,梁家榮,5,非先發,1,1,0,0,0,0,0,0,0,0,0,0,0,0,0,0,0,0,0,0,1,0,0,25,99
2025,A,222,2,0000000001,0000000153,林承飛,6,先發,4,4,1,0,0,0,1,0,4,1,0,1,0,0,0,1,0,0,0,0,0,0,0,22,79
2025,A,222,2,0000000001,0000000159,成晉,35,先發,5,5,3,3,0,0,0,0,3,0,0,0,0,0,0,1,0,0,0,0,0,0,0,54,194
2025,A,222,2,0000000001,0000001618,林子偉,15,先發,4,4,2,1,0,0,1,0,5,3,0,1,0,0,0,0,0,0,0,0,0,0,0,53,209
2025,A,222,2,0000000001,0000002282,張閔勛,28,先發,4,4,2,1,1,0,0,0,3,0,0,1,0,0,0,0,0,0,0,0,0,0,0,57,179
2025,A,222,2,0000000001,0000003345,林智平,79,先發,4,4,0,0,0,0,0,0,0,0,0,0,0,0,0,2,0,0,0,0,1,0,0,66,211
2025,A,222,2,0000000001,0000003467,林泓育,11,先發,4,3,1,1,0,0,0,0,1,0,0,1,0,0,1,1,0,0,0,0,0,0,0,64,219
2025,A,222,2,0000000001,0000004633,陳晨威,98,先發,4,4,0,0,0,0,0,0,0,0,0,0,0,0,0,0,0,0,0,0,0,0,0,83,268
2025,A,222,2,0000000001,0000006202,蔡鎮宇,24,非先發,1,1,0,0,0,0,0,0,0,0,0,0,0,0,0,0,0,0,0,0,0,0,0,1,9
2025,A,222,2,0000000001,0000006235,林政華,65,先發,4,4,0,0,0,0,0,0,0,0,0,0,0,0,0,1,0,0,0,0,0,0,0,53,191
2025,A,222,2,0000000001,0000007312,張趙紘,33,先發,3,3,0,0,0,0,0,0,0,0,0,0,0,0,0,3,0,0,0,0,0,0,0,1,16
2025,A,223,1,0000000001,0000000929,王威晨,9,先發,4,4,1,1,0,0,0,0,1,2,1,0,0,0,0,1,0,0,0,0,0,0,0,64,225
2025,A,223,1,0000000001,0000001119,許基宏,74,先發,4,3,0,0,0,0,0,0,0,1,0,0,1,0,0,2,0,0,0,0,1,0,0,64,214
2025,A,223,1,0000000001,0000002285,高宇杰,65,先發,4,4,0,0,0,0,0,0,0,0,0,0,0,0,0,1,0,0,0,0,0,0,0,60,223
2025,A,223,1,0000000001,0000002291,岳東華,98,先發,4,4,0,0,0,0,0,0,0,0,0,0,0,0,0,1,0,0,0,0,0,0,0,53,223
2025,A,223,1,0000000001,0000003609,陳俊秀,29,先發,4,3,2,2,0,0,0,0,2,0,0,1,1,0,0,1,0,0,0,0,0,0,0,33,134
2025,A,223,1,0000000001,0000004636,江坤宇,90,先發,4,3,1,1,0,0,0,0,1,0,0,0,1,0,0,0,0,0,0,0,0,0,0,55,216
2025,A,223,1,0000000001,0000005298,黃韋盛,66,非先發,0,0,0,0,0,0,0,0,0,0,0,0,0,0,0,0,0,0,0,0,0,0,0,43,151
2025,A,223,1,0000000001,0000005571,岳政華,92,先發,4,4,1,1,0,0,0,0,1,0,0,1,0,0,0,1,0,0,0,0,0,0,0,41,148
2025,A,223,1,0000000001,0000006225,宋晟睿,88,先發,5,5,1,0,0,0,1,0,4,2,0,1,0,0,0,3,0,0,0,0,0,0,0,68,255
2025,A,223,1,0000000001,0000006730,張仁瑋,28,先發,5,5,3,3,0,0,0,0,3,0,0,2,0,0,0,0,0,0,0,0,0,0,0,22,66
2025,A,223,1,0000000001,0000007278,許庭綸,13,非先發,0,0,0,0,0,0,0,0,0,0,0,0,0,0,0,0,0,0,0,0,0,0,0,4,24
2025,A,223,2,0000000001,0000001339,林祖傑,39,先發,3,3,0,0,0,0,0,0,0,0,0,0,0,0,0,1,0,0,0,0,1,0,0,11,41
2025,A,223,2,0000000001,0000001474,蘇智傑,32,先發,4,3,0,0,0,0,0,0,0,0,0,1,1,0,0,0,0,0,0,0,0,0,0,22,91
2025,A,223,2,0000000001,0000001606,林岱安,31,先發,4,4,0,0,0,0,0,0,0,0,0,0,0,0,0,0,0,0,0,0,0,0,0,29,121
2025,A,223,2,0000000001,0000002275,林安可,77,先發,4,4,2,2,0,0,0,0,2,2,0,0,0,0,0,1,0,0,0,0,0,0,0,57,164
2025,A,223,2,0000000001,0000002289,陳重廷,66,先發,4,4,2,2,0,0,0,0,2,1,0,0,0,0,0,1,0,0,0,0,0,0,0,30,114
2025,A,223,2,0000000001,0000003615,胡金龍,51,非先發,1,1,0,0,0,0,0,0,0,0,0,0,0,0,0,0,0,0,0,0,0,0,0,25,80
2025,A,223,2,0000000001,0000005531,邱智呈,14,先發,4,3,0,0,0,0,0,0,0,0,0,1,1,0,0,1,1,0,0,0,0,0,0,65,263
2025,A,223,2,0000000001,0000006223,林子豪,2,先發,3,3,0,0,0,0,0,0,0,0,0,0,0,0,0,1,0,0,0,0,1,0,0,39,178
2025,A,223,2,0000000001,0000007070,林佳緯,20,先發,4,4,3,0,2,1,0,0,7,0,0,1,0,0,0,0,0,0,0,0,0,0,0,79,271
2025,A,223,2,0000000001,0000007268,陳聖平,15,先發,4,3,1,1,0,0,0,0,1,0,0,0,0,0,0,0,0,0,1,0,0,0,0,49,196
2025,A,224,1,0000000001,0000000362,申皓瑋,29,先發,4,4,2,1,0,0,1,0,5,1,0,1,0,0,0,0,0,0,0,0,1,0,0,67,217
2025,A,224,1,0000000001,0000001473,李宗賢,22,先發,3,3,0,0,0,0,0,0,0,0,0,0,0,0,0,0,0,0,0,0,0,0,0,25,119
2025,A,224,1,0000000001,0000002352,范國宸,46,先發,4,4,1,1,0,0,0,0,1,0,0,0,0,0,0,1,0,0,0,0,1,0,0,56,194
2025,A,224,1,0000000001,0000004645,戴培峰,95,先發,4,4,2,2,0,0,0,0,2,0,0,0,0,0,0,0,0,0,0,0,0,1,0,49,185
2025,A,224,1,0000000001,0000005510,林澤彬,2,先發,4,3,1,1,0,0,0,0,1,0,0,0,1,0,0,0,0,0,0,0,0,1,0,53,164
2025,A,224,1,0000000001,0000006738,孔念恩,82,先發,4,4,1,1,0,0,0,0,1,0,0,0,0,0,0,0,0,0,0,0,0,0,0,39,146
2025,A,224,1,0000000001,0000006743,劉俊豪,85,先發,3,3,1,1,0,0,0,0,1,0,0,0,0,0,0,0,0,0,0,0,0,0,0,14,60
2025,A,224,1,0000000001,0000006861,蔡佳諺,65,非先發,0,0,0,0,0,0,0,0,0,0,0,0,0,0,0,0,1,0,0,0,0,0,0,3,18
2025,A,224,1,0000000001,0000006868,周佳樂,77,先發,4,3,0,0,0,0,0,0,0,0,0,0,1,0,0,0,0,0,0,0,0,0,0,27,132
2025,A,224,1,0000000001,0000006888,張育成,99,先發,4,3,0,0,0,0,0,0,0,0,0,0,1,0,0,0,0,0,0,0,1,0,0,25,87
2025,A,224,1,0000000001,0000007091,高捷,4,非先發,1,1,0,0,0,0,0,0,0,0,0,0,0,0,0,1,0,0,0,0,0,0,0,21,108
2025,A,224,2,0000000001,0000000743,陳子豪,1,先發,5,4,0,0,0,0,0,0,0,1,1,0,0,0,0,1,0,0,0,1,0,0,0,49,226
2025,A,224,2,0000000001,0000001318,朱育賢,11,先發,4,3,2,2,0,0,0,0,2,0,0,1,1,0,0,1,0,0,0,0,0,0,0,60,207
2025,A,224,2,0000000001,0000003625,吉力吉撈．鞏冠,4,先發,4,4,1,1,0,0,0,0,1,0,0,0,0,0,0,0,0,0,0,0,1,0,0,83,272
2025,A,224,2,0000000001,0000005291,蔣少宏,63,先發,4,3,2,2,0,0,0,0,2,1,0,1,0,0,0,0,0,0,1,0,0,0,0,37,163
2025,A,224,2,0000000001,0000005540,李凱威,21,先發,5,5,3,2,1,0,0,0,4,1,0,0,0,0,0,1,0,0,0,0,0,0,0,79,265
2025,A,224,2,0000000001,0000005542,張政禹,25,先發,4,3,1,0,1,0,0,0,2,2,0,0,0,0,0,1,0,0,0,1,0,0,0,53,190
2025,A,224,2,0000000001,0000005545,劉基鴻,46,先發,4,3,1,1,0,0,0,0,1,0,0,1,0,0,0,0,0,0,1,0,1,0,0,61,258
2025,A,224,2,0000000001,0000005549,郭天信,2,先發,4,3,0,0,0,0,0,0,0,0,0,1,0,0,0,2,0,0,1,0,0,0,0,73,256
2025,A,224,2,0000000001,0000006216,王順和,24,先發,4,2,1,1,0,0,0,0,1,0,0,1,2,0,0,0,1,0,0,0,0,0,0,35,122
2025,A,224,2,0000000001,0000006879,冉承霖,82,非先發,0,0,0,0,0,0,0,0,0,0,0,0,0,0,0,0,0,0,0,0,0,0,0,1,11
2025,A,225,1,0000000001,0000000753,杜家明,71,非先發,1,1,0,0,0,0,0,0,0,0,0,0,0,0,0,0,0,0,0,0,0,0,0,23,94
2025,A,225,1,0000000001,0000000935,王柏融,9,先發,5,5,2,2,0,0,0,0,2,1,0,1,0,0,0,0,0,0,0,0,0,0,0,64,240
2025,A,225,1,0000000001,0000001291,郭阜林,59,先發,5,5,2,2,0,0,0,0,2,0,0,0,0,0,0,1,0,0,0,0,1,0,0,45,154
2025,A,225,1,0000000001,0000003649,吳念庭,39,先發,5,5,1,1,0,0,0,0,1,0,0,1,0,0,0,2,1,0,0,0,0,0,0,58,167
2025,A,225,1,0000000001,0000005340,王博玄,6,先發,5,5,3,3,0,0,0,0,3,0,0,0,0,0,0,0,1,0,0,0,0,0,0,76,247
2025,A,225,1,0000000001,0000006211,張肇元,29,先發,5,5,3,1,0,0,2,0,9,4,0,2,0,0,0,0,0,0,0,0,0,1,1,59,223
2025,A,225,1,0000000001,0000006927,曾子祐,1,先發,5,4,2,2,0,0,0,0,2,0,0,1,1,0,0,0,0,0,0,0,1,0,0,80,271
2025,A,225,1,0000000001,0000006928,林家鋐,16,先發,3,3,0,0,0,0,0,0,0,0,0,0,0,0,0,0,0,0,0,0,0,0,0,36,136
2025,A,225,1,0000000001,0000006930,黃秉揚,25,非先發,0,0,0,0,0,0,0,0,0,0,0,0,0,0,0,0,0,0,0,0,0,0,0,4,25
2025,A,225,1,0000000001,0000007239,魔鷹,94,先發,5,4,2,2,0,0,0,0,2,1,0,2,1,0,0,0,0,0,0,0,0,0,0,65,221
2025,A,225,1,0000000001,0000007301,曾昱磬,44,先發,5,5,3,3,0,0,0,0,3,1,0,0,0,0,0,0,0,0,0,0,0,0,0,21,81
2025,A,225,2,0000000001,0000000132,梁家榮,5,先發,5,3,1,1,0,0,0,0,1,2,0,0,1,0,0,0,0,0,0,1,0,0,0,26,102
2025,A,225,2,0000000001,0000000153,林承飛,6,先發,5,4,1,1,0,0,0,0,1,0,0,0,1,0,0,2,0,0,0,0,0,0,0,23,83
2025,A,225,2,0000000001,0000000159,成晉,35,先發,5,5,0,0,0,0,0,0,0,0,0,0,0,0,0,2,0,0,0,0,0,0,0,54,199
2025,A,225,2,0000000001,0000001618,林子偉,15,先發,5,3,3,3,0,0,0,0,3,1,0,2,1,0,0,0,0,0,1,0,0,0,0,56,212
2025,A,225,2,0000000001,0000003345,林智平,79,先發,5,4,2,2,0,0,0,0,2,3,0,0,0,0,0,0,0,0,0,1,0,0,0,68,215
2025,A,225,2,0000000001,0000003467,林泓育,11,先發,5,5,2,2,0,0,0,0,2,1,0,0,0,0,0,2,0,0,0,0,0,0,0,66,224
2025,A,225,2,0000000001,0000004633,陳晨威,98,先發,5,4,2,1,1,0,0,0,3,0,0,3,1,0,0,1,0,1,0,0,0,0,0,85,272
2025,A,225,2,0000000001,0000006235,林政華,65,先發,4,4,1,1,0,0,0,0,1,0,0,1,0,0,0,1,0,0,0,0,0,0,0,54,195
2025,A,225,2,0000000001,0000006854,宋嘉翔,2,先發,4,3,2,2,0,0,0,0,2,0,0,1,1,0,0,1,0,0,0,0,0,0,0,23,73
2025,A,226,1,0000000001,0000000753,杜家明,71,先發,6,5,2,2,0,0,0,0,2,2,0,2,0,0,1,0,0,0,0,0,0,0,0,25,99
2025,A,226,1,0000000001,0000000935,王柏融,9,先發,6,5,0,0,0,0,0,0,0,0,0,1,1,0,0,1,0,0,0,0,0,0,0,64,245
2025,A,226,1,0000000001,0000001291,郭阜林,59,非先發,2,2,0,0,0,0,0,0,0,0,0,0,0,0,0,0,0,0,0,0,0,0,0,45,156
2025,A,226,1,0000000001,0000005340,王博玄,6,先發,6,5,3,2,1,0,0,0,4,3,0,2,1,0,0,0,1,0,0,0,0,0,0,79,252
2025,A,226,1,0000000001,0000006211,張肇元,29,先發,6,6,3,1,1,0,1,1,7,5,1,2,0,0,0,1,0,0,0,0,0,0,1,62,229
2025,A,226,1,0000000001,0000006927,曾子祐,1,先發,6,4,1,0,1,0,0,0,2,2,0,1,1,0,0,0,0,0,0,1,1,0,0,81,275
2025,A,226,1,0000000001,0000006928,林家鋐,16,先發,5,4,3,2,1,0,0,0,4,1,0,2,1,0,0,0,0,0,0,0,0,0,0,39,140
2025,A,226,1,0000000001,0000006939,顏郁軒,5,先發,4,3,2,2,0,0,0,0,2,0,0,2,1,0,0,1,0,0,0,0,0,0,0,11,34
2025,A,226,1,0000000001,0000007239,魔鷹,94,先發,6,3,1,0,1,0,0,0,2,0,0,3,3,0,0,1,0,0,0,0,0,0,0,66,224
2025,A,226,1,0000000001,0000007301,曾昱磬,44,先發,6,5,0,0,0,0,0,0,0,1,0,0,0,0,0,2,0,0,0,1,0,0,0,21,86
2025,A,226,2,0000000001,0000001119,許基宏,74,先發,5,4,3,1,0,0,2,0,9,5,0,3,1,0,0,0,0,0,0,0,0,0,0,67,218
2025,A,226,2,0000000001,0000002285,高宇杰,65,先發,2,2,0,0,0,0,0,0,0,0,0,0,0,0,0,1,0,0,0,0,0,0,0,60,225
2025,A,226,2,0000000001,0000002291,岳東華,98,先發,5,3,0,0,0,0,0,0,0,1,0,0,1,1,0,1,0,0,0,1,0,0,0,53,226
2025,A,226,2,0000000001,0000002307,王政順,61,非先發,3,3,1,0,1,0,0,0,2,0,0,1,0,0,0,1,0,0,0,0,1,0,0,18,64
2025,A,226,2,0000000001,0000003609,陳俊秀,29,先發,6,5,2,1,1,0,0,0,3,0,0,3,0,0,1,0,0,0,0,0,0,0,0,35,139
2025,A,226,2,0000000001,0000004636,江坤宇,90,先發,3,3,0,0,0,0,0,0,0,0,0,0,0,0,0,1,0,0,0,0,0,0,0,55,219
2025,A,226,2,0000000001,0000005298,黃韋盛,66,先發,2,2,0,0,0,0,0,0,0,0,0,0,0,0,0,0,0,0,0,0,0,0,0,43,153
2025,A,226,2,0000000001,0000005569,曾頌恩,1,先發,5,2,0,0,0,0,0,0,0,0,0,1,3,0,0,0,0,0,0,0,0,1,0,23,108
2025,A,226,2,0000000001,0000005571,岳政華,92,非先發,0,0,0,0,0,0,0,0,0,0,0,0,0,0,0,0,0,0,0,0,0,0,0,41,148
2025,A,226,2,0000000001,0000006225,宋晟睿,88,先發,6,5,1,0,0,0,1,0,4,3,0,1,1,0,0,1,0,0,0,0,0,0,0,69,260
2025,A,226,2,0000000001,0000006730,張仁瑋,28,先發,4,4,1,1,0,0,0,0,1,0,0,0,0,0,0,2,0,0,0,0,0,0,0,23,70
2025,A,226,2,0000000001,0000006732,陳統恩,48,非先發,3,3,1,1,0,0,0,0,1,0,0,1,0,0,0,0,0,0,0,0,0,0,0,1,3
2025,A,226,2,0000000001,0000007086,楊祥禾,3,非先發,2,1,0,0,0,0,0,0,0,1,0,0,0,0,0,0,0,0,0,1,0,0,0,1,2
2025,A,226,2,0000000001,0000007278,許庭綸,13,非先發,2,0,0,0,0,0,0,0,0,1,0,1,1,0,1,0,0,0,0,0,0,0,0,4,24
2025,A,227,1,0000000001,0000000132,梁家榮,5,先發,4,4,0,0,0,0,0,0,0,0,0,0,0,0,0,2,0,0,0,0,0,0,0,26,106
2025,A,227,1,0000000001,0000000153,林承飛,6,先發,4,4,1,1,0,0,0,0,1,0,0,0,0,0,0,2,0,1,0,0,0,1,0,24,87
2025,A,227,1,0000000001,0000000159,成晉,35,先發,3,2,0,0,0,0,0,0,0,0,0,0,0,0,1,0,0,0,0,0,0,0,0,54,201
2025,A,227,1,0000000001,0000001618,林子偉,15,先發,4,3,0,0,0,0,0,0,0,0,0,0,1,0,0,0,0,1,0,0,0,0,0,56,215
2025,A,227,1,0000000001,0000002282,張閔勛,28,先發,4,4,1,1,0,0,0,0,1,0,0,0,0,0,0,0,0,0,0,0,0,0,0,58,183
2025,A,227,1,0000000001,0000003345,林智平,79,先發,4,4,0,0,0,0,0,0,0,0,0,0,0,0,0,1,0,0,0,0,0,0,0,68,219
2025,A,227,1,0000000001,0000003467,林泓育,11,先發,4,4,2,2,0,0,0,0,2,0,0,0,0,0,0,0,0,0,0,0,0,0,0,68,228
2025,A,227,1,0000000001,0000004633,陳晨威,98,先發,4,3,0,0,0,0,0,0,0,0,0,0,1,0,0,0,0,0,0,0,0,0,0,85,275
2025,A,227,1,0000000001,0000006202,蔡鎮宇,24,非先發,0,0,0,0,0,0,0,0,0,0,0,0,0,0,0,0,0,0,0,0,0,0,0,1,9
2025,A,227,1,0000000001,0000006235,林政華,65,先發,3,3,1,1,0,0,0,0,1,0,0,0,0,0,0,0,0,0,0,0,0,0,0,55,198
2025,A,227,2,0000000001,0000000362,申皓瑋,29,先發,3,3,0,0,0,0,0,0,0,0,0,0,0,0,0,2,0,0,0,0,1,0,0,67,220
2025,A,227,2,0000000001,0000001473,李宗賢,22,非先發,1,1,0,0,0,0,0,0,0,0,0,0,0,0,0,1,0,0,0,0,0,0,0,25,120
2025,A,227,2,0000000001,0000002352,范國宸,46,先發,4,3,1,1,0,0,0,0,1,0,0,0,1,0,0,0,0,0,0,0,0,0,0,57,197
2025,A,227,2,0000000001,0000004645,戴培峰,95,先發,2,2,0,0,0,0,0,0,0,0,0,0,0,0,0,2,0,0,0,0,0,0,0,49,187
2025,A,227,2,0000000001,0000005310,陳真,7,先發,3,3,0,0,0,0,0,0,0,0,0,0,0,0,0,0,0,0,0,0,0,0,0,33,137
2025,A,227,2,0000000001,0000005510,林澤彬,2,先發,4,4,1,1,0,0,0,0,1,0,0,0,0,0,0,1,0,0,0,0,0,0,0,54,168
2025,A,227,2,0000000001,0000006738,孔念恩,82,非先發,0,0,0,0,0,0,0,0,0,0,0,0,0,0,0,0,0,0,0,0,0,0,0,39,146
2025,A,227,2,0000000001,0000006861,蔡佳諺,65,先發,3,3,0,0,0,0,0,0,0,0,0,0,0,0,0,1,0,0,0,0,0,1,0,3,21
2025,A,227,2,0000000001,0000006868,周佳樂,77,非先發,0,0,0,0,0,0,0,0,0,0,0,1,0,0,0,0,0,0,0,0,0,0,0,27,132
2025,A,227,2,0000000001,0000006872,林岳谷,62,先發,4,4,0,0,0,0,0,0,0,0,0,0,0,0,0,1,0,0,0,0,0,0,0,31,125
2025,A,227,2,0000000001,0000006888,張育成,99,先發,4,3,1,0,0,0,1,0,4,2,1,1,1,0,0,1,1,0,0,0,0,0,1,26,90
2025,A,227,2,0000000001,0000006909,豊暐,43,非先發,0,0,0,0,0,0,0,0,0,0,0,0,0,0,0,0,0,0,0,0,0,0,0,19,80
2025,A,227,2,0000000001,0000007089,王念好,5,先發,3,3,0,0,0,0,0,0,0,0,0,0,0,0,0,1,0,0,0,0,0,1,0,14,76
2025,A,228,1,0000000001,0000000753,杜家明,71,先發,3,3,0,0,0,0,0,0,0,0,0,0,0,0,0,1,0,0,0,0,0,0,0,25,102
2025,A,228,1,0000000001,0000001291,郭阜林,59,非先發,1,1,0,0,0,0,0,0,0,0,0,0,0,0,0,0,0,0,0,0,0,0,0,45,157
2025,A,228,1,0000000001,0000002304,吳明鴻,31,非先發,1,1,0,0,0,0,0,0,0,0,0,0,0,0,0,1,0,0,0,0,0,0,0,0,1
2025,A,228,1,0000000001,0000005296,董秉軒,0,先發,2,2,0,0,0,0,0,0,0,0,0,0,0,0,0,2,0,0,0,0,0,0,0,2,6
2025,A,228,1,0000000001,0000005340,王博玄,6,先發,4,3,2,0,0,2,0,0,6,0,0,2,1,0,0,0,0,0,0,0,0,0,0,81,255
2025,A,228,1,0000000001,0000006211,張肇元,29,先發,3,3,2,2,0,0,0,0,2,0,0,0,0,0,0,0,0,0,0,0,0,0,0,64,232
2025,A,228,1,0000000001,0000006927,曾子祐,1,先發,4,3,1,1,0,0,0,0,1,2,0,0,0,0,0,2,0,0,0,1,0,0,0,82,278
2025,A,228,1,0000000001,0000006928,林家鋐,16,先發,2,2,0,0,0,0,0,0,0,0,0,0,0,0,0,0,0,0,0,0,0,0,0,39,142
2025,A,228,1,0000000001,0000006931,黃劼希,42,非先發,1,1,0,0,0,0,0,0,0,0,0,0,0,0,0,0,0,0,0,0,0,0,0,6,28
2025,A,228,1,0000000001,0000006936,高聖恩,50,非先發,1,1,0,0,0,0,0,0,0,0,0,0,0,0,0,0,0,0,0,0,0,0,0,11,58
2025,A,228,1,0000000001,0000006939,顏郁軒,5,先發,3,3,0,0,0,0,0,0,0,0,0,0,0,0,0,0,0,0,0,0,0,0,0,11,37
2025,A,228,1,0000000001,0000007239,魔鷹,94,先發,4,4,0,0,0,0,0,0,0,0,0,0,0,0,0,0,0,0,0,0,0,0,0,66,228
2025,A,228,1,0000000001,0000007301,曾昱磬,44,先發,4,4,0,0,0,0,0,0,0,0,0,0,0,0,0,2,0,0,0,0,0,1,0,21,90
2025,A,228,2,0000000001,0000000929,王威晨,9,先發,4,4,2,2,0,0,0,0,2,0,0,1,0,0,0,1,1,0,0,0,0,0,0,66,229
2025,A,228,2,0000000001,0000001119,許基宏,74,先發,4,4,2,1,0,0,1,1,5,5,1,1,0,0,0,2,0,0,0,0,0,0,1,69,222
2025,A,228,2,0000000001,0000002285,高宇杰,65,先發,4,4,1,1,0,0,0,0,1,0,0,1,0,0,0,2,0,0,0,0,0,0,0,61,229
2025,A,228,2,0000000001,0000002291,岳東華,98,先發,4,4,1,1,0,0,0,0,1,0,0,0,0,0,0,2,0,1,0,0,0,0,0,54,230
2025,A,228,2,0000000001,0000002307,王政順,61,非先發,0,0,0,0,0,0,0,0,0,0,0,0,0,0,0,0,0,0,0,0,0,0,0,18,64
2025,A,228,2,0000000001,0000003609,陳俊秀,29,先發,5,4,2,1,0,0,1,0,5,1,0,3,1,0,0,1,0,0,0,0,0,0,0,37,143
2025,A,228,2,0000000001,0000004636,江坤宇,90,先發,4,3,0,0,0,0,0,0,0,0,0,0,0,0,1,2,0,0,0,0,0,0,0,55,222
2025,A,228,2,0000000001,0000005569,曾頌恩,1,先發,4,4,1,0,0,0,1,0,4,2,0,1,0,0,0,0,0,0,0,0,0,0,0,24,112
2025,A,228,2,0000000001,0000005571,岳政華,92,先發,5,5,3,2,1,0,0,0,4,0,0,3,0,0,0,1,0,0,0,0,0,0,0,44,153
2025,A,228,2,0000000001,0000006225,宋晟睿,88,先發,5,5,2,1,0,0,1,0,5,2,0,1,0,0,0,2,0,0,0,0,0,0,0,71,265
2025,A,228,2,0000000001,0000007278,許庭綸,13,非先發,0,0,0,0,0,0,0,0,0,0,0,0,0,0,0,0,0,0,0,0,0,0,0,4,24
2025,A,229,1,0000000001,0000000153,林承飛,6,先發,5,5,1,0,1,0,0,0,2,0,0,1,0,0,0,2,0,0,0,0,0,0,0,25,92
2025,A,229,1,0000000001,0000000159,成晉,35,先發,5,5,1,1,0,0,0,0,1,0,0,0,0,0,0,1,0,0,0,0,0,0,0,55,206
2025,A,229,1,0000000001,0000001618,林子偉,15,先發,6,6,2,2,0,0,0,0,2,2,1,1,0,0,0,1,0,0,0,0,0,0,1,58,221
2025,A,229,1,0000000001,0000002282,張閔勛,28,先發,5,4,2,2,0,0,0,0,2,2,0,0,0,0,0,0,0,0,0,1,0,0,0,60,187
2025,A,229,1,0000000001,0000003345,林智平,79,先發,5,5,2,1,1,0,0,0,3,1,0,0,0,0,0,1,0,0,0,0,0,0,0,70,224
2025,A,229,1,0000000001,0000003467,林泓育,11,先發,5,4,2,1,1,0,0,0,3,1,0,1,1,0,0,0,0,0,0,0,0,0,0,70,232
2025,A,229,1,0000000001,0000003563,余德龍,36,先發,5,5,2,2,0,0,0,0,2,0,0,2,0,0,0,0,0,0,0,0,1,0,0,33,114
2025,A,229,1,0000000001,0000004633,陳晨威,98,先發,6,6,2,2,0,0,0,0,2,0,0,2,0,0,0,0,1,0,0,0,0,0,0,87,281
2025,A,229,1,0000000001,0000006235,林政華,65,先發,5,4,3,1,1,0,1,0,7,3,0,2,0,0,1,0,0,0,0,0,0,0,0,58,202
2025,A,229,2,0000000001,0000000362,申皓瑋,29,先發,3,3,1,1,0,0,0,0,1,0,0,1,0,0,0,1,0,0,0,0,0,0,0,68,223
2025,A,229,2,0000000001,0000002352,范國宸,46,先發,4,4,0,0,0,0,0,0,0,0,0,0,0,0,0,0,0,0,0,0,0,0,0,57,201
2025,A,229,2,0000000001,0000004645,戴培峰,95,先發,4,3,1,1,0,0,0,0,1,0,0,0,1,0,0,1,0,0,0,0,0,0,0,50,190
2025,A,229,2,0000000001,0000005310,陳真,7,先發,4,3,1,1,0,0,0,0,1,0,0,0,1,0,0,1,0,0,0,0,0,0,0,34,140
2025,A,229,2,0000000001,0000005510,林澤彬,2,先發,4,4,0,0,0,0,0,0,0,0,0,0,0,0,0,1,0,0,0,0,0,1,0,54,172
2025,A,229,2,0000000001,0000006738,孔念恩,82,先發,4,4,1,1,0,0,0,0,1,1,0,0,0,0,0,1,0,0,0,0,0,0,0,40,150
2025,A,229,2,0000000001,0000006743,劉俊豪,85,非先發,1,1,0,0,0,0,0,0,0,0,0,0,0,0,0,0,0,0,0,0,0,0,0,14,61
2025,A,229,2,0000000001,0000006868,周佳樂,77,非先發,1,0,0,0,0,0,0,0,0,0,0,0,1,0,0,0,0,0,0,0,0,0,0,27,132
2025,A,229,2,0000000001,0000006872,林岳谷,62,先發,3,3,1,1,0,0,0,0,1,0,0,0,0,0,0,2,0,0,0,0,0,1,0,32,128
2025,A,229,2,0000000001,0000006888,張育成,99,先發,4,3,0,0,0,0,0,0,0,0,0,0,1,0,0,0,0,0,0,0,0,0,0,26,93
2025,A,229,2,0000000001,0000006909,豊暐,43,非先發,0,0,0,0,0,0,0,0,0,0,0,0,0,0,0,0,0,0,0,0,0,0,0,19,80
2025,A,229,2,0000000001,0000007089,王念好,5,先發,4,4,0,0,0,0,0,0,0,0,0,0,0,0,0,1,0,0,0,0,0,0,0,14,80
2025,A,229,2,0000000001,0000007091,高捷,4,非先發,1,1,1,0,1,0,0,0,2,0,0,0,0,0,0,0,0,0,0,0,0,0,0,22,109
2025,A,230,2,0000000001,0000005531,邱智呈,14,先發,4,4,1,1,0,0,0,0,1,0,0,1,0,0,0,1,0,0,0,0,0,0,0,66,267
2025,A,230,2,0000000001,0000007070,林佳緯,20,先發,4,4,0,0,0,0,0,0,0,0,0,0,0,0,0,2,0,0,0,0,0,0,0,79,275
2025,A,230,2,0000000001,0000007071,林泓弦,67,先發,3,3,0,0,0,0,0,0,0,0,0,0,0,0,0,2,0,0,0,0,0,0,0,0,8
2025,A,230,2,0000000001,0000007268,陳聖平,15,先發,4,4,2,1,0,0,1,0,5,2,0,2,0,0,0,0,0,1,0,0,0,0,0,51,200
2025,A,230,1,0000000001,0000000045,林智勝,31,先發,4,4,0,0,0,0,0,0,0,0,0,0,0,0,0,0,0,0,0,0,0,0,0,10,38
2025,A,230,1,0000000001,0000000743,陳子豪,1,非先發,2,2,0,0,0,0,0,0,0,0,0,0,0,0,0,1,0,0,0,0,0,0,0,49,228
2025,A,230,1,0000000001,0000001318,朱育賢,11,先發,4,4,0,0,0,0,0,0,0,0,0,0,0,0,0,3,0,0,0,0,0,0,0,60,211
2025,A,230,1,0000000001,0000003625,吉力吉撈．鞏冠,4,先發,4,3,1,0,1,0,0,0,2,1,0,0,1,0,0,0,0,0,0,0,0,0,0,84,275
2025,A,230,1,0000000001,0000005291,蔣少宏,63,先發,3,3,0,0,0,0,0,0,0,0,0,0,0,0,0,1,0,0,0,0,1,0,0,37,166
2025,A,230,1,0000000001,0000005540,李凱威,21,先發,4,2,2,2,0,0,0,0,2,0,0,0,0,0,0,0,0,0,2,0,0,0,0,81,267
2025,A,230,1,0000000001,0000005542,張政禹,25,先發,3,3,1,1,0,0,0,0,1,0,0,0,0,0,0,0,0,0,0,0,0,2,0,54,193
2025,A,230,1,0000000001,0000005545,劉基鴻,46,先發,4,4,2,1,1,0,0,0,3,0,0,1,0,0,0,0,0,0,0,0,0,0,0,63,262
2025,A,230,1,0000000001,0000005549,郭天信,2,先發,3,2,0,0,0,0,0,0,0,0,0,0,1,0,0,0,0,0,0,0,0,0,0,73,258
2025,A,230,1,0000000001,0000006216,王順和,24,先發,2,2,1,1,0,0,0,0,1,0,0,0,0,0,0,0,0,0,0,0,0,1,0,36,124
2025,A,230,1,0000000001,0000007079,劉俊緯,23,非先發,1,1,0,0,0,0,0,0,0,0,0,0,0,0,0,0,0,0,0,0,0,0,0,35,134
2025,A,230,1,0000000001,0000007304,曾聖安,50,非先發,1,1,0,0,0,0,0,0,0,0,0,0,0,0,0,0,0,0,0,0,0,0,0,15,84
2025,A,230,2,0000000001,0000001474,蘇智傑,32,先發,4,4,1,1,0,0,0,0,1,0,0,1,0,0,0,1,0,0,0,0,0,0,0,23,95
2025,A,230,2,0000000001,0000001606,林岱安,31,先發,4,4,1,1,0,0,0,0,1,0,0,0,0,0,0,0,0,0,0,0,0,0,0,30,125
2025,A,230,2,0000000001,0000001804,陳傑憲,24,非先發,0,0,0,0,0,0,0,0,0,0,0,0,0,0,0,0,0,0,0,0,0,0,0,66,233
2025,A,230,2,0000000001,0000002275,林安可,77,先發,4,4,2,0,1,0,1,0,6,3,1,1,0,0,0,2,0,0,0,0,0,0,1,59,168
2025,A,230,2,0000000001,0000002289,陳重廷,66,先發,4,4,1,1,0,0,0,0,1,0,0,1,0,0,0,1,0,0,0,0,0,0,0,31,118
2025,A,230,2,0000000001,0000002707,潘傑楷,35,先發,4,4,2,2,0,0,0,0,2,0,0,1,0,0,0,0,0,0,0,0,0,0,0,68,233
2025,A,231,1,0000000001,0000000045,林智勝,31,先發,2,2,0,0,0,0,0,0,0,0,0,0,0,0,0,2,0,0,0,0,0,0,0,10,40
2025,A,231,1,0000000001,0000000743,陳子豪,1,先發,5,3,3,3,0,0,0,0,3,1,0,0,0,0,1,0,0,0,0,1,0,0,0,52,231
2025,A,231,1,0000000001,0000001318,朱育賢,11,非先發,3,2,0,0,0,0,0,0,0,0,0,0,0,0,1,1,0,0,0,0,1,0,0,60,213
2025,A,231,1,0000000001,0000003625,吉力吉撈．鞏冠,4,先發,5,4,2,2,0,0,0,0,2,0,0,0,1,0,0,2,0,0,0,0,0,0,0,86,279
2025,A,231,1,0000000001,0000005291,蔣少宏,63,先發,4,4,0,0,0,0,0,0,0,0,0,0,0,0,0,3,0,0,0,0,0,0,0,37,170
2025,A,231,1,0000000001,0000005532,全浩瑋,22,非先發,0,0,0,0,0,0,0,0,0,0,0,0,0,0,0,0,0,0,0,0,0,0,0,0,1
2025,A,231,1,0000000001,0000005540,李凱威,21,先發,5,3,0,0,0,0,0,0,0,0,0,0,2,0,0,0,0,0,0,0,0,0,0,81,270
2025,A,231,1,0000000001,0000005542,張政禹,25,先發,5,5,2,2,0,0,0,0,2,0,0,0,0,0,0,0,0,0,0,0,0,0,0,56,198
2025,A,231,1,0000000001,0000005545,劉基鴻,46,先發,5,5,2,2,0,0,0,0,2,0,0,1,0,0,0,0,0,0,0,0,0,0,0,65,267
2025,A,231,1,0000000001,0000005548,林孝程,7,非先發,0,0,0,0,0,0,0,0,0,0,0,0,0,0,0,0,0,0,0,0,0,0,0,4,23
2025,A,231,1,0000000001,0000005549,郭天信,2,先發,4,3,0,0,0,0,0,0,0,0,0,0,0,0,1,1,0,0,0,0,0,0,0,73,261
2025,A,231,1,0000000001,0000007079,劉俊緯,23,非先發,0,0,0,0,0,0,0,0,0,0,0,0,0,0,0,0,0,0,0,0,0,0,0,35,134
2025,A,231,1,0000000001,0000007304,曾聖安,50,先發,4,3,0,0,0,0,0,0,0,0,0,0,0,0,1,1,0,0,0,0,0,0,0,15,87
2025,A,231,2,0000000001,0000001474,蘇智傑,32,先發,3,2,1,1,0,0,0,0,1,1,0,0,1,0,0,0,0,0,0,0,0,0,0,24,97
2025,A,231,2,0000000001,0000001804,陳傑憲,24,非先發,1,1,0,0,0,0,0,0,0,0,0,0,0,0,0,0,0,0,0,0,0,0,0,66,234
2025,A,231,2,0000000001,0000002275,林安可,77,先發,3,3,0,0,0,0,0,0,0,0,0,0,0,0,0,1,0,0,0,0,0,0,0,59,171
2025,A,231,2,0000000001,0000002289,陳重廷,66,先發,3,3,0,0,0,0,0,0,0,0,0,0,0,0,0,1,0,0,0,0,0,0,0,31,121
2025,A,231,2,0000000001,0000002298,陳重羽,65,先發,3,3,0,0,0,0,0,0,0,1,1,0,0,0,0,2,1,0,0,0,0,0,0,26,131
2025,A,231,2,0000000001,0000002707,潘傑楷,35,先發,3,3,1,0,1,0,0,0,2,0,0,1,0,0,0,0,0,0,0,0,0,0,0,69,236
2025,A,231,2,0000000001,0000005531,邱智呈,14,先發,4,4,1,0,1,0,0,0,2,0,0,0,0,0,0,0,0,0,0,0,0,0,0,67,271
2025,A,231,2,0000000001,0000006223,林子豪,2,先發,3,3,1,1,0,0,0,0,1,0,0,0,0,0,0,0,0,0,0,0,0,0,0,40,181
2025,A,231,2,0000000001,0000007070,林佳緯,20,先發,4,4,1,0,1,0,0,0,2,0,0,1,0,0,0,0,0,0,0,0,0,0,0,80,279
2025,A,231,2,0000000001,0000007268,陳聖平,15,先發,3,3,1,1,0,0,0,0,1,0,0,0,0,0,0,1,0,0,0,0,0,0,0,52,203
2025,A,232,1,0000000001,0000000132,梁家榮,5,非先發,1,1,1,1,0,0,0,0,1,0,0,1,0,0,0,0,0,0,0,0,0,0,0,27,107
2025,A,232,1,0000000001,0000000153,林承飛,6,先發,4,3,1,1,0,0,0,0,1,0,0,0,0,0,1,0,0,1,0,0,0,0,0,26,95
2025,A,232,1,0000000001,0000001618,林子偉,15,先發,5,5,1,1,0,0,0,0,1,0,0,1,0,0,0,0,0,0,0,0,0,0,0,59,226
2025,A,232,1,0000000001,0000002282,張閔勛,28,先發,3,3,0,0,0,0,0,0,0,0,0,0,0,0,0,1,0,0,0,0,0,0,0,60,190
2025,A,232,1,0000000001,0000002286,林立,39,先發,4,4,3,1,2,0,0,0,5,2,0,1,0,0,0,0,0,0,0,0,0,1,0,46,125
2025,A,232,1,0000000001,0000003345,林智平,79,先發,4,4,0,0,0,0,0,0,0,0,0,0,0,0,0,0,0,0,0,0,0,0,0,70,228
2025,A,232,1,0000000001,0000003467,林泓育,11,先發,4,4,2,2,0,0,0,0,2,1,0,1,0,0,0,0,0,0,0,0,0,0,0,72,236
2025,A,232,1,0000000001,0000003563,余德龍,36,先發,3,3,0,0,0,0,0,0,0,0,0,0,0,0,0,0,0,0,0,0,0,0,0,33,117
2025,A,232,1,0000000001,0000004633,陳晨威,98,先發,5,5,3,2,1,0,0,0,4,1,0,1,0,0,0,1,0,0,0,0,0,1,0,90,286
2025,A,232,1,0000000001,0000006235,林政華,65,先發,4,4,0,0,0,0,0,0,0,0,0,0,0,0,0,1,0,0,0,0,0,0,0,58,206
2025,A,232,1,0000000001,0000006854,宋嘉翔,2,非先發,1,0,0,0,0,0,0,0,0,1,0,0,0,0,0,0,0,0,0,1,0,0,0,23,73
2025,A,232,2,0000000001,0000000929,王威晨,9,先發,4,3,0,0,0,0,0,0,0,1,0,0,0,0,0,1,0,0,0,1,0,0,0,66,232
2025,A,232,2,0000000001,0000001119,許基宏,74,先發,5,4,0,0,0,0,0,0,0,0,0,1,1,0,0,4,0,0,0,0,0,0,0,69,226
2025,A,232,2,0000000001,0000002285,高宇杰,65,先發,4,3,0,0,0,0,0,0,0,0,0,0,0,0,0,1,0,0,1,0,0,0,0,61,232
2025,A,232,2,0000000001,0000002291,岳東華,98,非先發,0,0,0,0,0,0,0,0,0,0,0,1,0,0,0,0,0,0,0,0,0,0,0,54,230
2025,A,232,2,0000000001,0000003609,陳俊秀,29,先發,5,5,1,1,0,0,0,0,1,0,0,0,0,0,0,1,1,0,0,0,0,0,0,38,148
2025,A,232,2,0000000001,0000004636,江坤宇,90,先發,4,3,3,3,0,0,0,0,3,4,1,0,0,0,0,0,0,0,0,1,0,1,0,58,225
2025,A,232,2,0000000001,0000005298,黃韋盛,66,先發,4,4,4,3,1,0,0,0,5,2,0,2,0,0,0,0,0,0,0,0,0,0,1,47,157
2025,A,232,2,0000000001,0000005569,曾頌恩,1,先發,4,3,3,2,1,0,0,0,4,0,0,1,1,0,0,0,0,0,0,0,0,0,0,27,115
2025,A,232,2,0000000001,0000005571,岳政華,92,先發,5,5,0,0,0,0,0,0,0,0,0,0,0,0,0,0,0,0,0,0,0,0,0,44,158
2025,A,232,2,0000000001,0000006225,宋晟睿,88,先發,5,3,2,2,0,0,0,0,2,0,0,1,2,0,0,0,2,1,0,0,0,0,0,73,268
2025,A,232,2,0000000001,0000006730,張仁瑋,28,非先發,0,0,0,0,0,0,0,0,0,0,0,0,0,0,0,0,0,0,0,0,0,0,0,23,70
2025,A,232,2,0000000001,0000007278,許庭綸,13,非先發,1,1,0,0,0,0,0,0,0,0,0,1,0,0,0,0,0,0,0,0,0,0,0,4,25
2025,A,233,1,0000000001,0000000743,陳子豪,1,先發,2,2,0,0,0,0,0,0,0,0,0,0,0,0,0,0,0,0,0,0,0,0,0,52,233
2025,A,233,1,0000000001,0000001318,朱育賢,11,先發,2,2,0,0,0,0,0,0,0,0,0,0,0,0,0,1,0,0,0,0,0,0,0,60,215
2025,A,233,1,0000000001,0000003625,吉力吉撈．鞏冠,4,先發,3,3,1,1,0,0,0,0,1,0,0,0,0,0,0,0,0,0,0,0,0,0,0,87,282
2025,A,233,1,0000000001,0000005291,蔣少宏,63,先發,2,2,0,0,0,0,0,0,0,0,0,0,0,0,0,0,0,0,0,0,0,0,0,37,172
2025,A,233,1,0000000001,0000005540,李凱威,21,先發,3,3,0,0,0,0,0,0,0,0,0,0,0,0,0,0,0,0,0,0,0,0,0,81,273
2025,A,233,1,0000000001,0000005542,張政禹,25,先發,2,2,0,0,0,0,0,0,0,0,0,0,0,0,0,0,0,0,0,0,0,0,0,56,200
2025,A,233,1,0000000001,0000005545,劉基鴻,46,先發,3,3,0,0,0,0,0,0,0,0,0,0,0,0,0,1,0,0,0,0,0,0,0,65,270
2025,A,233,1,0000000001,0000005548,林孝程,7,先發,2,2,1,1,0,0,0,0,1,0,0,0,0,0,0,1,0,0,0,0,0,0,0,5,25
2025,A,233,1,0000000001,0000005549,郭天信,2,先發,2,2,1,1,0,0,0,0,1,0,0,0,0,0,0,0,0,0,0,0,0,0,0,74,263
2025,A,233,2,0000000001,0000000753,杜家明,71,先發,2,2,0,0,0,0,0,0,0,0,0,0,0,0,0,1,0,0,0,0,0,0,0,25,104
2025,A,233,2,0000000001,0000000935,王柏融,9,先發,2,2,0,0,0,0,0,0,0,0,0,0,0,0,0,0,0,0,0,0,0,0,0,64,247
2025,A,233,2,0000000001,0000003649,吳念庭,39,先發,2,2,0,0,0,0,0,0,0,0,0,0,0,0,0,0,0,0,0,0,0,0,0,58,169
2025,A,233,2,0000000001,0000005340,王博玄,6,先發,2,2,0,0,0,0,0,0,0,0,0,0,0,0,0,1,0,0,0,0,0,0,0,81,257
2025,A,233,2,0000000001,0000006211,張肇元,29,先發,2,2,0,0,0,0,0,0,0,0,0,0,0,0,0,0,0,0,0,0,0,0,0,64,234
2025,A,233,2,0000000001,0000006927,曾子祐,1,先發,2,2,0,0,0,0,0,0,0,0,0,0,0,0,0,0,0,0,0,0,0,0,0,82,280
2025,A,233,2,0000000001,0000006928,林家鋐,16,先發,2,2,0,0,0,0,0,0,0,0,0,0,0,0,0,2,0,0,0,0,0,0,0,39,144
2025,A,233,2,0000000001,0000006939,顏郁軒,5,非先發,0,0,0,0,0,0,0,0,0,0,0,0,0,0,0,0,0,0,0,0,0,0,0,11,37
2025,A,233,2,0000000001,0000007239,魔鷹,94,先發,2,2,2,2,0,0,0,0,2,0,0,0,0,0,0,0,0,0,0,0,0,0,0,68,230
2025,A,233,2,0000000001,0000007301,曾昱磬,44,先發,2,2,0,0,0,0,0,0,0,0,0,0,0,0,0,0,0,0,0,0,0,0,0,21,92
2025,A,234,1,0000000002,0000001339,林祖傑,39,非先發,0,0,0,0,0,0,0,0,0,0,0,0,0,0,0,0,0,0,0,0,0,0,0,24,90
2025,A,234,1,0000000002,0000001474,蘇智傑,32,先發,4,3,0,0,0,0,0,0,0,1,0,0,0,0,0,1,0,0,0,1,0,0,0,48,189
2025,A,234,1,0000000002,0000001606,林岱安,31,先發,4,4,0,0,0,0,0,0,0,0,0,0,0,0,0,1,0,0,0,0,0,0,0,42,190
2025,A,234,1,0000000002,0000001804,陳傑憲,24,非先發,0,0,0,0,0,0,0,0,0,0,0,0,0,0,0,0,0,0,0,0,0,0,0,80,280
2025,A,234,1,0000000002,0000002275,林安可,77,先發,5,5,3,2,0,0,1,0,6,3,0,2,0,0,0,0,0,0,0,0,0,0,0,93,287
2025,A,234,1,0000000002,0000002661,陳鏞基,13,先發,4,3,1,1,0,0,0,0,1,0,0,0,1,0,0,1,0,0,0,0,0,0,0,46,158
2025,A,234,1,0000000002,0000002707,潘傑楷,35,先發,4,4,1,1,0,0,0,0,1,1,0,0,0,0,0,0,0,0,0,0,0,0,0,86,319
2025,A,234,1,0000000002,0000003615,胡金龍,51,非先發,1,1,0,0,0,0,0,0,0,0,0,0,0,0,0,0,0,0,0,0,0,0,0,38,118
2025,A,234,1,0000000002,0000005306,許哲晏,10,先發,4,3,1,0,1,0,0,0,2,0,0,1,1,0,0,0,0,0,0,0,0,0,0,16,83
2025,A,234,1,0000000002,0000005531,邱智呈,14,先發,5,4,2,1,0,0,1,0,5,1,1,2,1,0,0,0,0,1,0,0,0,0,0,80,312
2025,A,234,1,0000000002,0000006223,林子豪,2,非先發,0,0,0,0,0,0,0,0,0,0,0,0,0,0,0,0,0,0,0,0,0,0,0,56,233
2025,A,234,1,0000000002,0000007070,林佳緯,20,先發,5,5,3,1,1,0,1,0,7,2,0,3,0,0,0,0,0,0,0,0,0,0,0,121,416
2025,A,234,1,0000000002,0000007268,陳聖平,15,先發,4,4,0,0,0,0,0,0,0,0,0,0,0,0,0,0,0,0,0,0,0,0,0,79,295
2025,A,234,2,0000000002,0000002352,范國宸,46,先發,3,3,1,1,0,0,0,0,1,0,0,0,0,0,0,1,0,0,0,0,0,0,0,86,309
2025,A,234,2,0000000002,0000004645,戴培峰,95,先發,3,3,1,1,0,0,0,0,1,0,0,1,0,0,0,1,0,0,0,0,1,0,0,65,271
2025,A,234,2,0000000002,0000005310,陳真,7,先發,3,3,1,0,1,0,0,0,2,0,0,1,0,0,0,1,0,0,0,0,0,0,0,45,193
2025,A,234,2,0000000002,0000005510,林澤彬,2,先發,3,3,0,0,0,0,0,0,0,0,0,0,0,0,0,2,0,0,0,0,0,0,0,79,258
2025,A,234,2,0000000002,0000006737,董子恩,78,非先發,1,1,1,1,0,0,0,0,1,0,0,0,0,0,0,0,0,0,0,0,0,0,0,55,203
2025,A,234,2,0000000002,0000006738,孔念恩,82,先發,3,3,0,0,0,0,0,0,0,1,0,0,0,0,0,0,0,0,0,0,0,0,0,56,231
2025,A,234,2,0000000002,0000006861,蔡佳諺,65,先發,3,3,1,1,0,0,0,0,1,0,0,0,0,0,0,1,0,0,0,0,0,0,0,17,96
2025,A,234,2,0000000002,0000006872,林岳谷,62,先發,4,4,0,0,0,0,0,0,0,0,0,0,0,0,0,0,0,0,0,0,0,0,0,55,219
2025,A,234,2,0000000002,0000006888,張育成,99,先發,3,3,0,0,0,0,0,0,0,0,0,0,0,0,0,0,0,0,0,0,0,0,0,61,209
2025,A,234,2,0000000002,0000006909,豊暐,43,非先發,0,0,0,0,0,0,0,0,0,0,0,0,0,0,0,0,0,0,0,0,0,0,0,23,116
2025,A,234,2,0000000002,0000007089,王念好,5,先發,3,3,0,0,0,0,0,0,0,1,0,0,0,0,0,1,0,0,0,0,0,0,0,15,92
2025,A,234,2,0000000002,0000007091,高捷,4,非先發,1,1,0,0,0,0,0,0,0,0,0,0,0,0,0,1,0,0,0,0,0,0,0,34,155
2025,A,234,2,0000000002,0000007094,陳愷佑,56,非先發,1,1,0,0,0,0,0,0,0,0,0,0,0,0,0,1,0,0,0,0,0,0,0,6,46
2025,A,235,1,0000000001,0000000743,陳子豪,1,先發,2,2,0,0,0,0,0,0,0,0,0,0,0,0,0,0,0,0,0,0,0,0,0,52,235
2025,A,235,1,0000000001,0000003625,吉力吉撈．鞏冠,4,先發,2,2,1,1,0,0,0,0,1,0,0,0,0,0,0,1,0,0,0,0,0,0,0,88,284
2025,A,235,1,0000000001,0000005291,蔣少宏,63,先發,2,2,2,2,0,0,0,0,2,0,0,0,0,0,0,0,0,0,0,0,0,0,0,39,174
2025,A,235,1,0000000001,0000005540,李凱威,21,先發,2,2,0,0,0,0,0,0,0,0,0,0,0,0,0,0,0,0,0,0,0,0,0,81,275
2025,A,235,1,0000000001,0000005542,張政禹,25,先發,3,2,1,1,0,0,0,0,1,0,0,0,1,0,0,0,0,0,0,0,0,0,0,57,202
2025,A,235,1,0000000001,0000005545,劉基鴻,46,先發,2,2,0,0,0,0,0,0,0,0,0,0,0,0,0,0,0,0,0,0,1,0,0,65,272
2025,A,235,1,0000000001,0000005548,林孝程,7,先發,2,2,0,0,0,0,0,0,0,1,0,0,0,0,0,1,0,0,0,0,0,0,0,5,27
2025,A,235,1,0000000001,0000005549,郭天信,2,先發,3,3,0,0,0,0,0,0,0,0,0,0,0,0,0,0,0,0,0,0,0,0,0,74,266
2025,A,235,1,0000000001,0000007304,曾聖安,50,先發,2,2,1,0,0,1,0,0,3,0,0,1,0,0,0,0,0,0,0,0,0,0,0,16,89
2025,A,235,2,0000000001,0000000935,王柏融,9,先發,3,1,1,0,0,0,1,0,4,2,1,1,2,0,0,0,0,0,0,0,0,0,0,65,248
2025,A,235,2,0000000001,0000001291,郭阜林,59,先發,3,2,2,2,0,0,0,0,2,1,0,0,0,0,1,0,0,0,0,0,0,0,0,47,159
2025,A,235,2,0000000001,0000003649,吳念庭,39,先發,3,3,1,0,1,0,0,0,2,0,0,1,0,0,0,2,0,0,0,0,0,0,0,59,172
2025,A,235,2,0000000001,0000005340,王博玄,6,先發,3,3,2,2,0,0,0,0,2,0,0,0,0,0,0,0,0,0,0,0,0,0,0,83,260
2025,A,235,2,0000000001,0000006211,張肇元,29,先發,3,2,0,0,0,0,0,0,0,0,0,1,1,0,0,1,0,0,0,0,0,0,0,64,236
2025,A,235,2,0000000001,0000006927,曾子祐,1,先發,3,3,0,0,0,0,0,0,0,0,0,1,0,0,0,0,0,0,0,0,0,0,0,82,283
2025,A,235,2,0000000001,0000006928,林家鋐,16,非先發,1,1,0,0,0,0,0,0,0,0,0,0,0,0,0,0,0,0,0,0,0,0,0,39,145
2025,A,235,2,0000000001,0000006931,黃劼希,42,先發,2,2,0,0,0,0,0,0,0,0,0,0,0,0,0,2,0,0,0,0,0,0,0,6,30
2025,A,235,2,0000000001,0000006939,顏郁軒,5,非先發,1,1,1,1,0,0,0,0,1,1,0,0,0,0,0,0,0,0,0,0,0,0,0,12,38
2025,A,235,2,0000000001,0000007239,魔鷹,94,先發,2,1,1,1,0,0,0,0,1,0,0,1,1,0,0,0,0,0,0,0,0,0,0,69,231
2025,A,235,2,0000000001,0000007301,曾昱磬,44,先發,3,2,0,0,0,0,0,0,0,1,0,0,1,0,0,0,0,0,0,0,0,0,0,21,94
2025,A,236,1,0000000001,0000000132,梁家榮,5,先發,4,4,1,0,1,0,0,0,2,0,0,0,0,0,0,2,0,0,0,0,0,0,0,28,111
2025,A,236,1,0000000001,0000000159,成晉,35,先發,4,4,1,1,0,0,0,0,1,0,0,0,0,0,0,0,0,0,0,0,0,0,0,56,210
2025,A,236,1,0000000001,0000001618,林子偉,15,先發,5,5,0,0,0,0,0,0,0,0,0,0,0,0,0,1,0,0,0,0,0,0,0,59,231
2025,A,236,1,0000000001,0000002286,林立,39,先發,4,3,1,1,0,0,0,0,1,0,0,1,1,0,0,1,1,0,0,0,0,0,0,47,128
2025,A,236,1,0000000001,0000003345,林智平,79,先發,4,4,1,1,0,0,0,0,1,2,0,1,0,0,0,1,0,0,0,0,0,0,0,71,232
2025,A,236,1,0000000001,0000003467,林泓育,11,先發,4,4,1,1,0,0,0,0,1,0,0,0,0,0,0,0,0,0,0,0,0,0,0,73,240
2025,A,236,1,0000000001,0000004633,陳晨威,98,先發,5,4,1,0,1,0,0,0,2,0,0,1,1,0,0,0,1,0,0,0,0,0,0,91,290
2025,A,236,1,0000000001,0000006240,馬傑森,94,先發,4,4,0,0,0,0,0,0,0,0,0,0,0,0,0,0,0,0,0,0,0,0,0,19,117
2025,A,236,1,0000000001,0000006854,宋嘉翔,2,先發,4,4,1,1,0,0,0,0,1,1,0,0,0,0,0,2,0,0,0,0,0,0,0,24,77
2025,A,236,2,0000000001,0000000929,王威晨,9,先發,4,4,1,1,0,0,0,0,1,1,0,1,0,0,0,0,0,0,0,0,0,0,0,67,236
2025,A,236,2,0000000001,0000001119,許基宏,74,先發,4,4,1,0,1,0,0,0,2,1,0,0,0,0,0,2,0,0,0,0,0,0,0,70,230
2025,A,236,2,0000000001,0000002285,高宇杰,65,先發,4,3,0,0,0,0,0,0,0,0,0,0,1,1,0,1,0,0,0,0,0,0,0,61,235
2025,A,236,2,0000000001,0000002291,岳東華,98,先發,4,3,0,0,0,0,0,0,0,0,0,0,1,1,0,2,0,0,0,0,0,0,0,54,233
2025,A,236,2,0000000001,0000003609,陳俊秀,29,非先發,0,0,0,0,0,0,0,0,0,0,0,0,0,0,0,0,0,0,0,0,0,0,0,38,148
2025,A,236,2,0000000001,0000004636,江坤宇,90,先發,4,2,0,0,0,0,0,0,0,0,0,0,1,0,0,2,0,0,1,0,0,0,0,58,227
2025,A,236,2,0000000001,0000005298,黃韋盛,66,先發,4,4,0,0,0,0,0,0,0,0,0,1,0,0,0,3,0,0,0,0,0,0,0,47,161
2025,A,236,2,0000000001,0000005569,曾頌恩,1,先發,4,3,0,0,0,0,0,0,0,1,0,0,0,0,0,2,0,0,0,1,0,0,0,27,118
2025,A,236,2,0000000001,0000005571,岳政華,92,非先發,2,2,2,2,0,0,0,0,2,1,1,1,0,0,0,0,0,0,0,0,0,0,1,46,160
2025,A,236,2,0000000001,0000006225,宋晟睿,88,先發,3,3,0,0,0,0,0,0,0,0,0,0,0,0,0,2,0,0,0,0,0,0,0,73,271
2025,A,236,2,0000000001,0000006730,張仁瑋,28,先發,5,5,1,1,0,0,0,0,1,0,0,1,0,0,0,1,0,0,0,0,0,0,0,24,75
2025,A,236,2,0000000001,0000007086,楊祥禾,3,非先發,0,0,0,0,0,0,0,0,0,0,0,0,0,0,0,0,0,0,0,0,0,0,0,1,2
2025,A,237,1,0000000001,0000001339,林祖傑,39,先發,4,4,1,1,0,0,0,0,1,0,0,1,0,0,0,1,0,0,0,0,0,0,0,12,45
2025,A,237,1,0000000001,0000001474,蘇智傑,32,非先發,1,0,0,0,0,0,0,0,0,1,0,0,0,0,0,0,0,0,0,1,0,0,0,24,97
2025,A,237,1,0000000001,0000001804,陳傑憲,24,非先發,2,2,2,2,0,0,0,0,2,0,0,1,0,0,0,0,0,0,0,0,0,0,0,68,236
2025,A,237,1,0000000001,0000002275,林安可,77,先發,5,5,1,1,0,0,0,0,1,0,0,0,0,0,0,1,0,0,0,0,0,0,0,60,176
2025,A,237,1,0000000001,0000002289,陳重廷,66,先發,3,3,1,1,0,0,0,0,1,0,0,1,0,0,0,2,0,0,0,0,0,0,0,32,124
2025,A,237,1,0000000001,0000002298,陳重羽,65,先發,4,4,2,1,0,0,1,0,5,2,1,1,0,0,0,1,0,1,0,0,0,0,1,28,135
2025,A,237,1,0000000001,0000002707,潘傑楷,35,先發,4,3,1,1,0,0,0,0,1,0,0,0,1,0,0,0,0,0,0,0,0,0,0,70,239
2025,A,237,1,0000000001,0000003615,胡金龍,51,先發,3,3,1,1,0,0,0,0,1,0,0,0,0,0,0,0,0,0,0,0,0,0,0,26,83
2025,A,237,1,0000000001,0000004641,李丞齡,6,先發,3,3,0,0,0,0,0,0,0,0,0,0,0,0,0,2,0,0,0,0,0,0,0,1,11
2025,A,237,1,0000000001,0000006223,林子豪,2,非先發,1,1,0,0,0,0,0,0,0,0,0,0,0,0,0,0,0,0,0,0,0,0,0,40,182
2025,A,237,1,0000000001,0000007070,林佳緯,20,先發,5,5,0,0,0,0,0,0,0,0,0,0,0,0,0,2,0,0,0,0,0,0,0,80,284
2025,A,237,1,0000000001,0000007071,林泓弦,67,非先發,0,0,0,0,0,0,0,0,0,0,0,0,0,0,0,0,0,0,0,0,0,0,0,0,8
2025,A,237,1,0000000001,0000007268,陳聖平,15,先發,4,2,2,1,0,0,1,0,5,2,0,1,1,0,0,0,0,0,0,1,0,0,0,54,205
2025,A,237,2,0000000001,0000000362,申皓瑋,29,非先發,1,1,0,0,0,0,0,0,0,0,0,0,0,0,0,1,0,0,0,0,0,0,0,68,224
2025,A,237,2,0000000001,0000001473,李宗賢,22,非先發,2,2,1,0,0,1,0,0,3,0,0,1,0,0,0,1,0,0,0,0,0,0,0,26,122
2025,A,237,2,0000000001,0000002352,范國宸,46,先發,4,4,1,1,0,0,0,0,1,0,0,0,0,0,0,1,0,0,0,0,0,0,0,58,205
2025,A,237,2,0000000001,0000004645,戴培峰,95,先發,4,4,2,1,0,0,1,0,5,2,0,1,0,0,0,0,0,0,0,0,0,0,0,52,194
2025,A,237,2,0000000001,0000005310,陳真,7,先發,4,4,1,0,1,0,0,0,2,0,0,0,0,0,0,0,0,0,0,0,0,0,0,35,144
2025,A,237,2,0000000001,0000005510,林澤彬,2,先發,4,3,1,1,0,0,0,0,1,1,0,0,1,0,0,0,0,0,0,0,0,0,0,55,175
2025,A,237,2,0000000001,0000006738,孔念恩,82,先發,4,4,1,1,0,0,0,0,1,0,0,0,0,0,0,1,0,0,0,0,0,0,0,41,154
2025,A,237,2,0000000001,0000006861,蔡佳諺,65,非先發,1,1,0,0,0,0,0,0,0,0,0,0,0,0,0,0,0,0,0,0,0,0,0,3,22
2025,A,237,2,0000000001,0000006868,周佳樂,77,先發,2,2,0,0,0,0,0,0,0,0,0,0,0,0,0,1,0,0,0,0,0,0,0,27,134
2025,A,237,2,0000000001,0000006872,林岳谷,62,先發,4,4,2,2,0,0,0,0,2,0,0,1,0,0,0,1,0,1,0,0,0,0,0,34,132
2025,A,237,2,0000000001,0000006888,張育成,99,先發,4,4,1,1,0,0,0,0,1,0,0,0,0,0,0,0,0,0,0,0,1,0,0,27,97
2025,A,237,2,0000000001,0000007089,王念好,5,先發,2,2,0,0,0,0,0,0,0,0,0,0,0,0,0,0,0,0,0,0,0,0,0,14,82
2025,A,238,1,0000000001,0000000132,梁家榮,5,先發,3,3,0,0,0,0,0,0,0,0,0,0,0,0,0,2,0,0,0,0,0,1,0,28,114
2025,A,238,1,0000000001,0000000153,林承飛,6,先發,4,4,2,2,0,0,0,0,2,1,0,1,0,0,0,0,0,0,0,0,0,1,0,28,99
2025,A,238,1,0000000001,0000000159,成晉,35,先發,4,4,1,0,1,0,0,0,2,1,0,0,0,0,0,1,0,0,0,0,0,0,0,57,214
2025,A,238,1,0000000001,0000001286,馮健庭,45,非先發,1,1,0,0,0,0,0,0,0,0,0,0,0,0,0,0,0,0,0,0,0,0,0,12,46
2025,A,238,1,0000000001,0000001618,林子偉,15,先發,4,3,0,0,0,0,0,0,0,0,0,0,1,0,0,2,0,0,0,0,0,0,0,59,234
2025,A,238,1,0000000001,0000002286,林立,39,先發,5,5,4,4,0,0,0,0,4,0,0,1,0,0,0,0,0,0,0,0,0,0,0,51,133
2025,A,238,1,0000000001,0000003467,林泓育,11,先發,4,3,0,0,0,0,0,0,0,0,0,0,1,0,0,1,0,0,0,0,0,0,0,73,243
2025,A,238,1,0000000001,0000003563,余德龍,36,先發,4,4,0,0,0,0,0,0,0,0,0,0,0,0,0,0,0,0,0,0,0,0,0,33,121
2025,A,238,1,0000000001,0000004633,陳晨威,98,先發,5,4,1,1,0,0,0,0,1,0,0,1,1,0,0,0,1,0,0,0,0,0,0,92,294
2025,A,238,1,0000000001,0000006235,林政華,65,非先發,1,1,0,0,0,0,0,0,0,0,0,0,0,0,0,1,0,0,0,0,0,0,0,58,207
2025,A,238,1,0000000001,0000006854,宋嘉翔,2,先發,4,4,1,1,0,0,0,0,1,1,0,0,0,0,0,1,0,0,0,0,0,0,0,25,81
2025,A,238,2,0000000001,0000000929,王威晨,9,先發,2,2,0,0,0,0,0,0,0,0,0,0,0,0,0,0,0,0,0,0,0,0,0,67,238
2025,A,238,2,0000000001,0000001119,許基宏,74,先發,4,4,2,1,1,0,0,0,3,1,1,0,0,0,0,0,0,0,0,0,0,0,0,72,234
2025,A,238,2,0000000001,0000002285,高宇杰,65,先發,4,4,0,0,0,0,0,0,0,0,0,0,0,0,0,2,0,0,0,0,1,0,0,61,239
2025,A,238,2,0000000001,0000002291,岳東華,98,非先發,1,0,0,0,0,0,0,0,0,0,0,0,1,0,0,0,0,0,0,0,0,0,0,54,233
2025,A,238,2,0000000001,0000002307,王政順,61,先發,3,3,2,1,0,0,1,0,5,2,0,1,0,0,0,0,0,0,0,0,0,0,1,20,67
2025,A,238,2,0000000001,0000003609,陳俊秀,29,先發,4,4,2,1,1,0,0,0,3,1,0,1,0,0,0,0,0,0,0,0,0,0,0,40,152
2025,A,238,2,0000000001,0000004636,江坤宇,90,先發,4,3,1,1,0,0,0,0,1,0,0,1,1,0,0,0,0,0,0,0,0,0,0,59,230
2025,A,238,2,0000000001,0000005298,黃韋盛,66,非先發,2,1,0,0,0,0,0,0,0,0,0,0,0,0,0,1,0,0,1,0,0,0,0,47,162
2025,A,238,2,0000000001,0000005571,岳政華,92,先發,4,4,0,0,0,0,0,0,0,0,0,0,0,0,0,0,0,0,0,0,0,0,0,46,164
2025,A,238,2,0000000001,0000006225,宋晟睿,88,非先發,1,1,1,0,0,0,1,0,4,1,0,1,0,0,0,0,0,0,0,0,0,0,0,74,272
2025,A,238,2,0000000001,0000006730,張仁瑋,28,先發,3,2,0,0,0,0,0,0,0,0,0,0,0,0,0,1,0,0,1,0,0,0,0,24,77
2025,A,238,2,0000000001,0000007278,許庭綸,13,先發,3,3,0,0,0,0,0,0,0,0,0,1,0,0,0,1,0,0,0,0,0,0,0,4,28
2025,A,239,1,0000000002,0000005545,劉基鴻,46,非先發,0,0,0,0,0,0,0,0,0,0,0,0,0,0,0,0,0,0,0,0,0,0,0,107,414
2025,A,239,1,0000000002,0000005553,張祐銘,34,先發,4,4,0,0,0,0,0,0,0,0,0,0,0,0,0,1,0,0,0,0,0,0,0,11,49
2025,A,239,1,0000000002,0000006216,王順和,24,先發,3,1,0,0,0,0,0,0,0,1,0,0,1,0,0,0,0,0,0,1,0,0,0,44,167
2025,A,239,1,0000000002,0000006217,林辰勳,9,先發,3,3,1,1,0,0,0,0,1,0,0,0,0,0,0,2,0,0,0,0,0,0,0,16,61
2025,A,239,1,0000000002,0000006725,張祐嘉,81,先發,4,4,0,0,0,0,0,0,0,0,0,0,0,0,0,1,0,0,0,0,0,0,0,10,38
2025,A,239,1,0000000002,0000006728,陳思仲,44,先發,3,3,1,1,0,0,0,0,1,0,0,1,0,0,0,0,0,0,0,0,0,0,0,4,24
2025,A,239,1,0000000002,0000006731,周委宏,88,非先發,1,1,0,0,0,0,0,0,0,0,0,0,0,0,0,1,0,0,0,0,0,0,0,3,13
2025,A,239,2,0000000002,0000000753,杜家明,71,先發,4,4,0,0,0,0,0,0,0,0,0,0,0,0,0,1,0,0,0,0,0,0,0,37,156
2025,A,239,2,0000000002,0000003174,郭永維,7,非先發,1,0,0,0,0,0,0,0,0,0,0,0,0,0,0,0,0,0,1,0,0,0,0,17,57
2025,A,239,2,0000000002,0000005340,王博玄,6,先發,4,3,1,1,0,0,0,0,1,0,0,1,1,0,0,0,0,0,0,0,1,0,0,124,436
2025,A,239,2,0000000002,0000006926,陳致嘉,33,非先發,1,1,0,0,0,0,0,0,0,0,0,0,0,0,0,0,0,0,0,0,0,0,0,7,53
2025,A,239,2,0000000002,0000006927,曾子祐,1,先發,4,3,0,0,0,0,0,0,0,0,0,0,1,0,0,0,0,0,0,0,0,0,0,126,461
2025,A,239,2,0000000002,0000006928,林家鋐,16,先發,4,2,0,0,0,0,0,0,0,0,0,0,2,0,0,1,1,0,0,0,0,1,0,70,263
2025,A,239,2,0000000002,0000006939,顏郁軒,5,先發,4,4,2,1,0,0,1,0,5,1,0,1,0,0,0,0,0,0,0,0,0,0,0,46,157
2025,A,239,2,0000000002,0000006940,葉保弟,73,先發,4,4,2,1,0,0,1,0,5,3,1,1,0,0,0,0,0,0,0,0,0,0,1,6,30
2025,A,239,2,0000000002,0000007064,陳世嘉,78,先發,2,2,0,0,0,0,0,0,0,0,0,0,0,0,0,0,0,0,0,0,0,0,0,2,18
2025,A,239,2,0000000002,0000007239,魔鷹,94,先發,4,3,0,0,0,0,0,0,0,0,0,0,1,0,0,0,0,0,0,0,0,0,0,101,331
2025,A,239,2,0000000002,0000007301,曾昱磬,44,先發,4,3,1,1,0,0,0,0,1,0,0,1,1,0,0,0,0,0,0,0,0,0,0,45,188
2025,A,239,1,0000000002,0000001318,朱育賢,11,先發,4,3,0,0,0,0,0,0,0,0,0,1,1,0,0,0,0,0,0,0,0,0,0,99,338
2025,A,239,1,0000000002,0000003625,吉力吉撈．鞏冠,4,先發,4,3,1,0,0,0,1,0,4,2,0,1,1,0,0,1,0,0,0,0,0,0,0,124,453
2025,A,239,1,0000000002,0000005536,瑪仕革斯．俄霸律尼,3,非先發,1,1,0,0,0,0,0,0,0,0,0,0,0,0,0,1,0,0,0,0,0,0,0,1,10
2025,A,239,1,0000000002,0000005540,李凱威,21,先發,4,4,2,2,0,0,0,0,2,0,0,0,0,0,0,2,0,1,0,0,0,0,0,134,447
2025,A,239,1,0000000002,0000005542,張政禹,25,先發,4,4,2,2,0,0,0,0,2,0,0,0,0,0,0,1,0,1,0,0,0,0,0,93,345
2025,A,240,1,0000000001,0000001474,蘇智傑,32,先發,3,2,1,0,1,0,0,0,2,1,0,0,1,0,0,1,0,0,0,0,0,0,0,25,99
2025,A,240,1,0000000001,0000001606,林岱安,31,先發,3,3,1,1,0,0,0,0,1,0,0,0,0,0,0,0,0,0,0,0,0,0,0,31,128
2025,A,240,1,0000000001,0000001804,陳傑憲,24,先發,4,3,0,0,0,0,0,0,0,0,0,0,0,0,1,0,0,0,0,0,0,0,0,68,239
2025,A,240,1,0000000001,0000002275,林安可,77,先發,4,4,1,1,0,0,0,0,1,0,0,0,0,0,0,0,0,0,0,0,1,0,0,61,180
2025,A,240,1,0000000001,0000002289,陳重廷,66,先發,4,3,0,0,0,0,0,0,0,0,0,0,0,0,0,0,0,0,1,0,0,0,0,32,127
2025,A,240,1,0000000001,0000002298,陳重羽,65,非先發,0,0,0,0,0,0,0,0,0,0,0,0,0,0,0,0,0,0,0,0,0,0,0,28,135
2025,A,240,1,0000000001,0000002707,潘傑楷,35,先發,4,4,1,1,0,0,0,0,1,0,0,0,0,0,0,2,0,0,0,0,0,0,0,71,243
2025,A,240,1,0000000001,0000003615,胡金龍,51,非先發,1,0,0,0,0,0,0,0,0,0,0,0,1,1,0,0,0,0,0,0,0,0,0,26,83
2025,A,240,1,0000000001,0000005531,邱智呈,14,先發,4,4,1,1,0,0,0,0,1,0,0,0,0,0,0,1,0,0,0,0,0,0,0,68,275
2025,A,240,1,0000000001,0000006223,林子豪,2,先發,4,4,1,1,0,0,0,0,1,0,0,0,0,0,0,0,0,0,0,0,0,0,0,41,186
2025,A,240,1,0000000001,0000007070,林佳緯,20,非先發,1,1,0,0,0,0,0,0,0,0,0,0,0,0,0,0,0,0,0,0,0,1,0,80,285
2025,A,240,1,0000000001,0000007268,陳聖平,15,先發,4,3,0,0,0,0,0,0,0,0,0,1,1,0,0,1,0,0,0,0,0,0,0,54,208
2025,A,240,2,0000000001,0000000362,申皓瑋,29,非先發,1,1,0,0,0,0,0,0,0,0,0,0,0,0,0,1,0,0,0,0,0,0,0,68,225
2025,A,240,2,0000000001,0000001473,李宗賢,22,先發,3,3,0,0,0,0,0,0,0,0,0,0,0,0,0,0,0,0,0,0,0,0,0,26,125
2025,A,240,2,0000000001,0000002352,范國宸,46,先發,4,2,0,0,0,0,0,0,0,0,0,0,2,0,0,0,0,0,0,0,0,0,0,58,207
2025,A,240,2,0000000001,0000004645,戴培峰,95,先發,4,4,1,1,0,0,0,0,1,0,0,0,0,0,0,0,0,0,0,0,0,0,0,53,198
2025,A,240,2,0000000001,0000005310,陳真,7,先發,4,3,0,0,0,0,0,0,0,0,0,0,1,0,0,0,0,0,0,0,0,0,0,35,147
2025,A,240,2,0000000001,0000005510,林澤彬,2,非先發,0,0,0,0,0,0,0,0,0,0,0,0,0,0,0,0,0,0,0,0,0,0,0,55,175
2025,A,240,2,0000000001,0000006737,董子恩,78,非先發,1,1,0,0,0,0,0,0,0,0,0,0,0,0,0,1,0,0,0,0,0,0,0,40,148
2025,A,240,2,0000000001,0000006738,孔念恩,82,先發,4,4,0,0,0,0,0,0,0,0,0,0,0,0,0,0,0,0,0,0,0,0,0,41,158
2025,A,240,2,0000000001,0000006743,劉俊豪,85,先發,2,2,1,1,0,0,0,0,1,0,0,0,0,0,0,1,0,0,0,0,0,0,0,15,63
2025,A,240,2,0000000001,0000006861,蔡佳諺,65,非先發,0,0,0,0,0,0,0,0,0,0,0,1,0,0,0,0,0,0,0,0,0,0,0,3,22
2025,A,240,2,0000000001,0000006868,周佳樂,77,先發,2,2,0,0,0,0,0,0,0,0,0,0,0,0,0,1,0,0,0,0,0,0,0,27,136
2025,A,240,2,0000000001,0000006872,林岳谷,62,先發,4,4,1,1,0,0,0,0,1,0,0,0,0,0,0,1,0,0,0,0,0,0,0,35,136
2025,A,240,2,0000000001,0000006888,張育成,99,先發,4,3,1,1,0,0,0,0,1,0,0,1,1,0,0,1,0,0,0,0,0,0,1,28,100
2025,A,241,1,0000000001,0000001339,林祖傑,39,先發,3,2,2,2,0,0,0,0,2,0,0,1,1,0,0,0,0,0,0,0,0,0,0,14,47
2025,A,241,1,0000000001,0000001474,蘇智傑,32,先發,4,4,0,0,0,0,0,0,0,0,0,0,0,0,0,1,0,0,0,0,0,0,0,25,103
2025,A,241,1,0000000001,0000001606,林岱安,31,先發,3,3,0,0,0,0,0,0,0,0,0,0,0,0,0,0,0,0,0,0,0,0,0,31,131
2025,A,241,1,0000000001,0000002275,林安可,77,先發,4,3,1,1,0,0,0,0,1,0,0,0,1,0,0,0,0,0,0,0,0,0,0,62,183
2025,A,241,1,0000000001,0000002289,陳重廷,66,先發,4,4,0,0,0,0,0,0,0,0,0,0,0,0,0,0,0,0,0,0,0,0,0,32,131
2025,A,241,1,0000000001,0000002298,陳重羽,65,非先發,1,1,1,1,0,0,0,0,1,0,0,0,0,0,0,0,0,0,0,0,0,0,0,29,136
2025,A,241,1,0000000001,0000002707,潘傑楷,35,先發,4,4,1,1,0,0,0,0,1,0,0,0,0,0,0,1,1,0,0,0,1,0,0,72,247
2025,A,241,1,0000000001,0000003615,胡金龍,51,非先發,1,1,1,1,0,0,0,0,1,2,0,0,0,0,0,0,0,0,0,0,0,0,0,27,84
2025,A,241,1,0000000001,0000004641,李丞齡,6,先發,3,2,0,0,0,0,0,0,0,0,0,1,1,0,0,1,0,0,0,0,0,1,0,1,13
2025,A,241,1,0000000001,0000005531,邱智呈,14,先發,4,4,1,1,0,0,0,0,1,0,0,0,0,0,0,0,1,0,0,0,0,0,0,69,279
2025,A,241,1,0000000001,0000006223,林子豪,2,非先發,1,1,0,0,0,0,0,0,0,0,0,0,0,0,0,1,0,0,0,0,0,0,0,41,187
2025,A,241,1,0000000001,0000007070,林佳緯,20,非先發,1,1,0,0,0,0,0,0,0,0,0,0,0,0,0,1,0,0,0,0,0,0,0,80,286
2025,A,241,1,0000000001,0000007071,林泓弦,67,非先發,0,0,0,0,0,0,0,0,0,0,0,0,0,0,0,0,0,0,0,0,0,0,0,0,8
2025,A,241,1,0000000001,0000007268,陳聖平,15,先發,2,2,0,0,0,0,0,0,0,0,0,0,0,0,0,0,0,1,0,0,0,0,0,54,210
2025,A,241,2,0000000001,0000000132,梁家榮,5,先發,4,3,2,2,0,0,0,0,2,0,0,1,1,0,0,0,0,0,0,0,0,0,0,30,117
2025,A,241,2,0000000001,0000000159,成晉,35,先發,4,4,0,0,0,0,0,0,0,0,0,0,0,0,0,1,0,0,0,0,0,0,0,57,218
2025,A,241,2,0000000001,0000001286,馮健庭,45,先發,4,3,0,0,0,0,0,0,0,0,0,0,0,0,0,1,0,0,1,0,0,1,0,12,49
2025,A,241,2,0000000001,0000001618,林子偉,15,先發,3,3,1,1,0,0,0,0,1,1,0,0,0,0,0,0,0,0,0,0,0,0,0,60,237
2025,A,241,2,0000000001,0000002282,張閔勛,28,先發,4,4,0,0,0,0,0,0,0,0,0,0,0,0,0,2,0,0,0,0,0,0,0,60,194
2025,A,241,2,0000000001,0000002286,林立,39,先發,4,4,1,1,0,0,0,0,1,0,0,1,0,0,0,0,1,0,0,0,0,0,0,52,137
2025,A,241,2,0000000001,0000003467,林泓育,11,先發,4,4,2,1,1,0,0,0,3,1,1,0,0,0,0,0,0,0,0,0,0,0,0,75,247
2025,A,241,2,0000000001,0000003563,余德龍,36,先發,4,4,3,3,0,0,0,0,3,0,0,1,0,0,0,0,1,0,0,0,0,1,0,36,125
2025,A,241,2,0000000001,0000004633,陳晨威,98,先發,4,4,2,2,0,0,0,0,2,1,0,0,0,0,0,1,1,0,0,0,0,0,0,94,298
2025,A,242,1,0000000001,0000000929,王威晨,9,非先發,1,1,0,0,0,0,0,0,0,0,0,0,0,0,0,0,0,0,0,0,0,0,0,67,239
2025,A,242,1,0000000001,0000001119,許基宏,74,先發,4,3,0,0,0,0,0,0,0,0,0,0,1,0,0,1,0,0,0,0,0,0,0,72,237
2025,A,242,1,0000000001,0000002285,高宇杰,65,先發,4,4,1,1,0,0,0,0,1,0,0,0,0,0,0,1,0,0,0,0,0,0,0,62,243
2025,A,242,1,0000000001,0000002307,王政順,61,先發,3,3,0,0,0,0,0,0,0,0,0,0,0,0,0,1,0,0,0,0,0,0,0,20,70
2025,A,242,1,0000000001,0000003609,陳俊秀,29,先發,4,3,0,0,0,0,0,0,0,0,0,1,1,0,0,0,0,1,0,0,0,0,0,40,155
2025,A,242,1,0000000001,0000004636,江坤宇,90,先發,4,3,0,0,0,0,0,0,0,0,0,1,1,0,0,1,0,0,0,0,0,0,0,59,233
2025,A,242,1,0000000001,0000005298,黃韋盛,66,先發,4,4,1,0,1,0,0,0,2,1,0,0,0,0,0,0,0,0,0,0,0,0,0,48,166
2025,A,242,1,0000000001,0000005569,曾頌恩,1,先發,4,3,2,2,0,0,0,0,2,1,0,0,1,0,0,1,0,0,0,0,0,0,0,29,121
2025,A,242,1,0000000001,0000005571,岳政華,92,先發,5,5,0,0,0,0,0,0,0,0,0,0,0,0,0,1,0,0,0,0,0,0,0,46,169
2025,A,242,1,0000000001,0000006225,宋晟睿,88,先發,4,2,0,0,0,0,0,0,0,0,0,0,2,0,0,0,2,0,0,0,0,0,0,74,274
2025,A,242,1,0000000001,0000007278,許庭綸,13,非先發,0,0,0,0,0,0,0,0,0,0,0,1,0,0,0,0,0,0,0,0,0,0,0,4,28
2025,A,242,2,0000000001,0000000743,陳子豪,1,先發,4,3,0,0,0,0,0,0,0,0,0,0,1,0,0,0,0,0,0,0,0,0,0,52,238
2025,A,242,2,0000000001,0000001318,朱育賢,11,先發,4,4,3,1,1,0,1,0,7,3,1,1,0,0,0,1,0,0,0,0,0,0,1,63,219
2025,A,242,2,0000000001,0000003625,吉力吉撈．鞏冠,4,先發,4,4,1,1,0,0,0,0,1,0,0,1,0,0,0,1,0,0,0,0,0,0,0,89,288
2025,A,242,2,0000000001,0000005291,蔣少宏,63,先發,4,4,1,1,0,0,0,0,1,0,0,0,0,0,0,0,0,0,0,0,0,0,0,40,178
2025,A,242,2,0000000001,0000005540,李凱威,21,先發,4,4,1,1,0,0,0,0,1,0,0,1,0,0,0,1,0,0,0,0,0,0,0,82,279
2025,A,242,2,0000000001,0000005542,張政禹,25,先發,4,4,0,0,0,0,0,0,0,0,0,0,0,0,0,0,0,0,0,0,0,1,0,57,206
2025,A,242,2,0000000001,0000005545,劉基鴻,46,先發,4,4,3,3,0,0,0,0,3,1,0,0,0,0,0,0,0,0,0,0,0,0,0,68,276
2025,A,242,2,0000000001,0000005549,郭天信,2,先發,4,3,0,0,0,0,0,0,0,0,0,1,0,0,0,1,0,0,1,0,0,1,0,74,269
2025,A,242,2,0000000001,0000006216,王順和,24,非先發,0,0,0,0,0,0,0,0,0,0,0,0,0,0,0,0,0,0,0,0,0,0,0,36,124
2025,A,242,2,0000000001,0000007304,曾聖安,50,先發,4,3,1,1,0,0,0,0,1,0,0,0,1,0,0,0,0,0,0,0,0,0,0,17,92
2025,A,243,1,0000000001,0000000362,申皓瑋,29,非先發,1,0,0,0,0,0,0,0,0,0,0,0,1,0,0,0,0,0,0,0,0,0,0,68,225
2025,A,243,1,0000000001,0000001473,李宗賢,22,先發,4,4,1,1,0,0,0,0,1,0,0,0,0,0,0,1,0,0,0,0,0,0,0,27,129
2025,A,243,1,0000000001,0000002352,范國宸,46,先發,4,4,1,1,0,0,0,0,1,0,0,0,0,0,0,1,0,0,0,0,1,0,0,59,211
2025,A,243,1,0000000001,0000004645,戴培峰,95,先發,4,3,0,0,0,0,0,0,0,0,0,1,1,0,0,3,0,0,0,0,0,0,0,53,201
2025,A,243,1,0000000001,0000005310,陳真,7,先發,4,4,1,0,1,0,0,0,2,0,0,1,0,0,0,2,0,0,0,0,0,0,0,36,151
2025,A,243,1,0000000001,0000005510,林澤彬,2,非先發,1,1,1,1,0,0,0,0,1,1,0,0,0,0,0,0,0,0,0,0,0,0,0,56,176
2025,A,243,1,0000000001,0000006738,孔念恩,82,先發,3,3,1,1,0,0,0,0,1,1,0,0,0,0,0,2,1,0,0,0,0,0,0,42,161
2025,A,243,1,0000000001,0000006743,劉俊豪,85,先發,3,3,1,0,1,0,0,0,2,0,0,0,0,0,0,0,0,0,0,0,0,0,0,16,66
2025,A,243,1,0000000001,0000006861,蔡佳諺,65,先發,3,3,1,0,0,1,0,0,3,1,0,0,0,0,0,1,0,0,0,0,0,0,0,4,25
2025,A,243,1,0000000001,0000006868,周佳樂,77,非先發,0,0,0,0,0,0,0,0,0,0,0,0,0,0,0,0,0,0,0,0,0,0,0,27,136
2025,A,243,1,0000000001,0000006872,林岳谷,62,先發,5,5,1,1,0,0,0,0,1,0,0,0,0,0,0,0,0,0,0,0,0,0,0,36,141
2025,A,243,1,0000000001,0000006888,張育成,99,先發,4,4,1,1,0,0,0,0,1,0,0,1,0,0,0,0,1,0,0,0,0,0,0,29,104
2025,A,243,1,0000000001,0000007091,高捷,4,非先發,1,1,0,0,0,0,0,0,0,0,0,0,0,0,0,1,0,0,0,0,0,0,0,22,110
2025,A,243,2,0000000001,0000000935,王柏融,9,先發,4,3,1,1,0,0,0,0,1,0,0,1,1,0,0,0,0,0,0,0,0,0,0,66,251
2025,A,243,2,0000000001,0000001291,郭阜林,59,先發,3,3,2,2,0,0,0,0,2,2,1,0,0,0,0,0,0,0,0,0,1,0,1,49,162
2025,A,243,2,0000000001,0000003649,吳念庭,39,先發,4,3,2,1,1,0,0,0,3,1,0,1,1,0,0,1,0,0,0,0,0,0,0,61,175
2025,A,243,2,0000000001,0000005340,王博玄,6,先發,4,4,0,0,0,0,0,0,0,0,0,0,0,0,0,0,0,0,0,0,0,0,0,83,264
2025,A,243,2,0000000001,0000006211,張肇元,29,先發,4,4,0,0,0,0,0,0,0,0,0,0,0,0,0,0,0,0,0,0,0,1,0,64,240
2025,A,243,2,0000000001,0000006927,曾子祐,1,先發,4,4,1,0,0,1,0,0,3,0,0,1,0,0,0,1,0,0,0,0,0,0,0,83,287
2025,A,243,2,0000000001,0000006928,林家鋐,16,先發,3,3,1,0,1,0,0,0,2,0,0,0,0,0,0,0,0,0,0,0,0,0,0,40,148
2025,A,243,2,0000000001,0000006929,紀慶然,24,先發,3,2,0,0,0,0,0,0,0,0,0,0,0,0,0,1,0,0,1,0,0,0,0,43,170
2025,A,243,2,0000000001,0000006936,高聖恩,50,非先發,0,0,0,0,0,0,0,0,0,0,0,0,0,0,0,0,0,0,0,0,0,0,0,11,58
2025,A,243,2,0000000001,0000006939,顏郁軒,5,非先發,0,0,0,0,0,0,0,0,0,0,0,0,0,0,0,0,0,0,0,0,0,0,0,12,38
2025,A,243,2,0000000001,0000007239,魔鷹,94,先發,4,4,1,1,0,0,0,0,1,0,0,1,0,0,0,1,0,0,0,0,0,0,0,70,235
2025,A,244,1,0000000001,0000001339,林祖傑,39,非先發,0,0,0,0,0,0,0,0,0,0,0,0,0,0,0,0,0,0,0,0,0,0,0,14,47
2025,A,244,1,0000000001,0000001474,蘇智傑,32,非先發,2,1,0,0,0,0,0,0,0,0,0,0,1,0,0,1,0,0,0,0,0,0,0,25,104
2025,A,244,1,0000000001,0000001804,陳傑憲,24,非先發,0,0,0,0,0,0,0,0,0,0,0,0,0,0,0,0,0,0,0,0,0,0,0,68,239
2025,A,244,1,0000000001,0000002275,林安可,77,先發,5,5,4,4,0,0,0,0,4,2,0,0,0,0,0,1,0,0,0,0,0,0,0,66,188
2025,A,244,1,0000000001,0000002289,陳重廷,66,先發,3,3,0,0,0,0,0,0,0,0,0,0,0,0,0,0,0,0,0,0,0,0,0,32,134
2025,A,244,1,0000000001,0000002298,陳重羽,65,先發,4,4,0,0,0,0,0,0,0,0,0,0,0,0,0,2,0,0,0,0,0,0,0,29,140
2025,A,244,1,0000000001,0000002707,潘傑楷,35,先發,4,3,0,0,0,0,0,0,0,0,0,0,1,0,0,0,0,0,0,0,0,0,0,72,250
2025,A,244,1,0000000001,0000003615,胡金龍,51,先發,3,3,1,0,1,0,0,0,2,0,0,0,0,0,0,0,0,0,0,0,0,0,0,28,87
2025,A,244,1,0000000001,0000005531,邱智呈,14,先發,5,5,2,2,0,0,0,0,2,0,0,0,0,0,0,0,0,0,0,0,0,0,0,71,284
2025,A,244,1,0000000001,0000006851,林培緯,25,先發,4,4,0,0,0,0,0,0,0,0,0,0,0,0,0,2,0,0,0,0,0,0,0,8,31
2025,A,244,1,0000000001,0000007070,林佳緯,20,先發,5,5,1,1,0,0,0,0,1,0,0,0,0,0,0,1,0,0,0,0,0,0,0,81,291
2025,A,244,1,0000000001,0000007071,林泓弦,67,非先發,1,1,0,0,0,0,0,0,0,0,0,0,0,0,0,0,0,0,0,0,0,0,0,0,9
2025,A,244,1,0000000001,0000007268,陳聖平,15,先發,4,4,3,3,0,0,0,0,3,0,0,2,0,0,0,1,0,0,0,0,0,0,0,57,214
2025,A,244,2,0000000001,0000000132,梁家榮,5,先發,4,3,0,0,0,0,0,0,0,1,0,0,0,0,0,0,0,0,0,1,0,0,0,30,120
2025,A,244,2,0000000001,0000001618,林子偉,15,先發,4,4,2,2,0,0,0,0,2,0,0,0,0,0,0,0,0,0,0,0,0,0,0,62,241
2025,A,244,2,0000000001,0000002286,林立,39,先發,4,4,2,2,0,0,0,0,2,0,0,0,0,0,0,0,0,0,0,0,0,0,0,54,141
2025,A,244,2,0000000001,0000003467,林泓育,11,先發,4,3,0,0,0,0,0,0,0,0,0,0,1,0,0,2,0,0,0,0,0,0,0,75,250
2025,A,244,2,0000000001,0000003563,余德龍,36,先發,4,4,1,1,0,0,0,0,1,0,0,0,0,0,0,0,1,0,0,0,0,0,0,37,129
2025,A,244,2,0000000001,0000004633,陳晨威,98,先發,5,4,1,1,0,0,0,0,1,0,0,1,1,0,0,0,0,0,0,0,0,0,0,95,302
2025,A,244,2,0000000001,0000006235,林政華,65,先發,4,4,2,1,0,0,1,0,5,3,1,1,0,0,0,0,0,0,0,0,0,0,1,60,211
2025,A,244,2,0000000001,0000006854,宋嘉翔,2,先發,4,4,1,1,0,0,0,0,1,0,0,1,0,0,0,2,0,0,0,0,0,0,0,26,85
2025,A,244,2,0000000001,0000007076,李勛傑,95,先發,4,2,0,0,0,0,0,0,0,0,0,1,2,0,0,1,0,0,0,0,0,0,0,23,108
2025,A,245,1,0000000001,0000000929,王威晨,9,先發,4,3,1,1,0,0,0,0,1,0,0,0,1,0,0,0,0,0,0,0,0,0,0,68,242
2025,A,245,1,0000000001,0000002285,高宇杰,65,先發,3,3,1,1,0,0,0,0,1,0,0,0,0,0,0,0,0,0,0,0,0,0,0,63,246
2025,A,245,1,0000000001,0000002291,岳東華,98,先發,3,3,0,0,0,0,0,0,0,0,0,0,0,0,0,3,0,0,0,0,0,0,0,54,236
2025,A,245,1,0000000001,0000002307,王政順,61,非先發,1,1,0,0,0,0,0,0,0,0,0,0,0,0,0,0,0,0,0,0,0,0,0,20,71
2025,A,245,1,0000000001,0000003609,陳俊秀,29,先發,4,4,2,2,0,0,0,0,2,0,0,0,0,0,0,1,0,0,0,0,1,0,0,42,159
2025,A,245,1,0000000001,0000004636,江坤宇,90,先發,4,4,3,3,0,0,0,0,3,0,0,0,0,0,0,0,0,0,0,0,0,0,0,62,237
2025,A,245,1,0000000001,0000005298,黃韋盛,66,先發,4,4,0,0,0,0,0,0,0,0,0,0,0,0,0,1,0,0,0,0,0,0,0,48,170
2025,A,245,1,0000000001,0000005569,曾頌恩,1,先發,4,4,0,0,0,0,0,0,0,0,0,0,0,0,0,0,0,0,0,0,0,0,0,29,125
2025,A,245,1,0000000001,0000005571,岳政華,92,先發,4,4,1,1,0,0,0,0,1,0,0,0,0,0,0,0,0,0,0,0,0,0,0,47,173
2025,A,245,1,0000000001,0000006225,宋晟睿,88,先發,4,4,2,2,0,0,0,0,2,0,0,1,0,0,0,1,0,0,0,0,0,0,0,76,278
2025,A,245,1,0000000001,0000006730,張仁瑋,28,非先發,1,1,0,0,0,0,0,0,0,0,0,0,0,0,0,0,0,0,0,0,0,0,0,24,78
2025,A,245,2,0000000001,0000000743,陳子豪,1,先發,4,3,1,1,0,0,0,0,1,0,0,2,1,0,0,0,0,0,0,0,0,0,0,53,241
2025,A,245,2,0000000001,0000001318,朱育賢,11,先發,4,3,0,0,0,0,0,0,0,0,0,0,1,0,0,0,0,0,0,0,0,0,0,63,222
2025,A,245,2,0000000001,0000003625,吉力吉撈．鞏冠,4,先發,4,4,1,0,0,0,1,0,4,1,0,1,0,0,0,0,0,0,0,0,0,0,0,90,292
2025,A,245,2,0000000001,0000005291,蔣少宏,63,先發,3,3,1,1,0,0,0,0,1,1,0,0,0,0,0,0,0,0,0,0,0,0,0,41,181
2025,A,245,2,0000000001,0000005540,李凱威,21,先發,4,2,0,0,0,0,0,0,0,0,0,0,2,0,0,0,1,0,0,0,0,0,0,82,281
2025,A,245,2,0000000001,0000005542,張政禹,25,先發,3,3,2,1,1,0,0,0,3,2,1,1,0,0,0,1,0,0,0,0,0,1,0,59,209
2025,A,245,2,0000000001,0000005545,劉基鴻,46,先發,3,3,0,0,0,0,0,0,0,0,0,0,0,0,0,0,0,0,0,0,0,0,0,68,279
2025,A,245,2,0000000001,0000005549,郭天信,2,先發,4,4,0,0,0,0,0,0,0,0,0,0,0,0,0,2,0,0,0,0,0,0,0,74,273
2025,A,245,2,0000000001,0000006216,王順和,24,非先發,0,0,0,0,0,0,0,0,0,0,0,0,0,0,0,0,0,0,0,0,0,0,0,36,124
2025,A,245,2,0000000001,0000007304,曾聖安,50,先發,3,3,0,0,0,0,0,0,0,0,0,0,0,0,0,0,0,0,0,0,0,0,0,17,95
2025,A,246,1,0000000001,0000001473,李宗賢,22,先發,4,4,0,0,0,0,0,0,0,0,0,0,0,0,0,1,0,0,0,0,0,0,0,27,133
2025,A,246,1,0000000001,0000002352,范國宸,46,先發,4,4,0,0,0,0,0,0,0,1,0,0,0,0,0,1,0,0,0,0,0,0,0,59,215
2025,A,246,1,0000000001,0000005310,陳真,7,先發,3,2,0,0,0,0,0,0,0,0,0,0,1,0,0,1,0,0,0,0,0,0,0,36,153
2025,A,246,1,0000000001,0000005510,林澤彬,2,先發,4,2,0,0,0,0,0,0,0,0,0,1,0,0,1,0,0,0,1,0,0,0,0,56,178
2025,A,246,1,0000000001,0000006738,孔念恩,82,先發,3,3,2,2,0,0,0,0,2,0,0,0,0,0,0,0,0,1,0,0,0,0,0,44,164
2025,A,246,1,0000000001,0000006743,劉俊豪,85,非先發,0,0,0,0,0,0,0,0,0,0,0,1,0,0,0,0,0,0,0,0,0,0,0,16,66
2025,A,246,1,0000000001,0000006861,蔡佳諺,65,先發,4,4,1,0,0,0,1,0,4,2,0,1,0,0,0,1,0,0,0,0,0,0,1,5,29
2025,A,246,1,0000000001,0000006868,周佳樂,77,非先發,1,1,0,0,0,0,0,0,0,0,0,1,0,0,0,0,0,0,0,0,0,0,0,27,137
2025,A,246,1,0000000001,0000006872,林岳谷,62,先發,4,4,2,2,0,0,0,0,2,0,0,1,0,0,0,1,1,0,0,0,0,0,0,38,145
2025,A,246,1,0000000001,0000006888,張育成,99,先發,4,3,1,0,1,0,0,0,2,2,1,0,0,0,0,0,0,0,0,1,0,1,0,30,107
2025,A,246,1,0000000001,0000006909,豊暐,43,先發,3,3,0,0,0,0,0,0,0,0,0,0,0,0,0,1,0,0,0,0,0,0,0,19,83
2025,A,246,2,0000000001,0000000935,王柏融,9,先發,4,3,1,1,0,0,0,0,1,0,0,0,1,0,0,0,1,0,0,0,0,0,0,67,254
2025,A,246,2,0000000001,0000001291,郭阜林,59,先發,3,3,1,1,0,0,0,0,1,1,0,0,0,0,0,1,0,0,0,0,0,0,0,50,165
2025,A,246,2,0000000001,0000003649,吳念庭,39,先發,4,4,1,0,1,0,0,0,2,0,0,1,0,0,0,0,0,0,0,0,0,0,0,62,179
2025,A,246,2,0000000001,0000005340,王博玄,6,先發,5,5,1,0,1,0,0,0,2,0,0,0,0,0,0,1,0,0,0,0,0,0,0,84,269
2025,A,246,2,0000000001,0000006211,張肇元,29,先發,4,4,1,1,0,0,0,0,1,0,0,0,0,0,0,2,0,0,0,0,1,0,0,65,244
2025,A,246,2,0000000001,0000006927,曾子祐,1,先發,5,5,1,0,1,0,0,0,2,0,0,0,0,0,0,0,0,0,0,0,0,0,0,84,292
2025,A,246,2,0000000001,0000006928,林家鋐,16,先發,2,2,0,0,0,0,0,0,0,0,0,0,0,0,0,0,0,0,0,0,0,0,0,40,150
2025,A,246,2,0000000001,0000006931,黃劼希,42,非先發,2,2,1,1,0,0,0,0,1,0,0,0,0,0,0,0,0,0,0,0,0,0,0,7,32
2025,A,246,2,0000000001,0000006936,高聖恩,50,先發,2,2,0,0,0,0,0,0,0,0,0,0,0,0,0,2,0,0,0,0,0,0,0,11,60
2025,A,246,2,0000000001,0000006939,顏郁軒,5,非先發,1,1,0,0,0,0,0,0,0,0,0,0,0,0,0,0,0,0,0,0,0,0,0,12,39
2025,A,246,2,0000000001,0000007239,魔鷹,94,先發,4,4,2,2,0,0,0,0,2,0,0,0,0,0,0,0,0,0,0,0,0,0,0,72,239
2025,A,246,2,0000000001,0000007301,曾昱磬,44,非先發,2,1,0,0,0,0,0,0,0,0,0,0,1,0,0,0,0,0,0,0,0,0,0,21,95
2025,A,247,1,0000000001,0000000045,林智勝,31,非先發,1,1,0,0,0,0,0,0,0,0,0,0,0,0,0,1,0,0,0,0,0,0,0,10,41
2025,A,247,1,0000000001,0000000743,陳子豪,1,先發,4,4,3,1,2,0,0,0,5,1,0,2,0,0,0,0,0,0,0,0,0,0,0,56,245
2025,A,247,1,0000000001,0000001318,朱育賢,11,先發,4,4,3,3,0,0,0,0,3,0,0,1,0,0,0,0,1,0,0,0,0,0,0,66,226
2025,A,247,1,0000000001,0000003625,吉力吉撈．鞏冠,4,先發,4,4,0,0,0,0,0,0,0,0,0,0,0,0,0,1,0,0,0,0,2,0,0,90,296
2025,A,247,1,0000000001,0000005291,蔣少宏,63,先發,3,3,0,0,0,0,0,0,0,0,0,0,0,0,0,1,0,0,0,0,0,0,0,41,184
2025,A,247,1,0000000001,0000005540,李凱威,21,先發,4,4,1,1,0,0,0,0,1,0,0,0,0,0,0,0,0,0,0,0,0,0,0,83,285
2025,A,247,1,0000000001,0000005542,張政禹,25,先發,4,4,0,0,0,0,0,0,0,0,0,0,0,0,0,0,0,0,0,0,0,0,0,59,213
2025,A,247,1,0000000001,0000005545,劉基鴻,46,先發,4,4,2,2,0,0,0,0,2,2,0,0,0,0,0,1,0,0,0,0,0,0,0,70,283
2025,A,247,1,0000000001,0000005548,林孝程,7,非先發,0,0,0,0,0,0,0,0,0,0,0,0,0,0,0,0,0,0,0,0,0,0,0,5,27
2025,A,247,1,0000000001,0000005549,郭天信,2,先發,4,3,0,0,0,0,0,0,0,0,0,0,1,0,0,0,0,0,0,0,0,0,0,74,276
2025,A,247,1,0000000001,0000007304,曾聖安,50,先發,3,3,1,1,0,0,0,0,1,0,0,0,0,0,0,0,0,0,0,0,0,0,0,18,98
2025,A,247,2,0000000001,0000000132,梁家榮,5,先發,4,3,0,0,0,0,0,0,0,0,0,1,1,0,0,2,0,0,0,0,0,0,0,30,123
2025,A,247,2,0000000001,0000000153,林承飛,6,先發,4,4,0,0,0,0,0,0,0,0,0,0,0,0,0,1,0,0,0,0,0,0,0,28,103
2025,A,247,2,0000000001,0000001618,林子偉,15,非先發,0,0,0,0,0,0,0,0,0,0,0,0,0,0,0,0,0,0,0,0,0,0,0,62,241
2025,A,247,2,0000000001,0000002282,張閔勛,28,非先發,0,0,0,0,0,0,0,0,0,0,0,0,0,0,0,0,0,0,0,0,0,0,0,60,194
2025,A,247,2,0000000001,0000002286,林立,39,先發,4,4,1,1,0,0,0,0,1,0,0,0,0,0,0,0,0,0,0,0,0,0,0,55,145
2025,A,247,2,0000000001,0000003345,林智平,79,非先發,1,1,1,0,0,0,1,0,4,3,0,1,0,0,0,0,0,0,0,0,0,0,1,72,233
2025,A,247,2,0000000001,0000003467,林泓育,11,先發,4,4,2,2,0,0,0,0,2,0,0,1,0,0,0,1,0,0,0,0,0,0,0,77,254
2025,A,247,2,0000000001,0000003563,余德龍,36,先發,3,3,0,0,0,0,0,0,0,0,0,0,0,0,0,2,0,0,0,0,0,0,0,37,132
2025,A,247,2,0000000001,0000004633,陳晨威,98,先發,4,4,0,0,0,0,0,0,0,0,0,0,0,0,0,1,0,0,0,0,0,0,0,95,306
2025,A,247,2,0000000001,0000006235,林政華,65,先發,3,2,2,1,0,0,1,0,5,1,1,1,0,0,1,0,0,0,0,0,0,0,0,62,213
2025,A,247,2,0000000001,0000006240,馬傑森,94,先發,3,3,0,0,0,0,0,0,0,0,0,0,0,0,0,0,0,0,0,0,1,0,0,19,120
2025,A,247,2,0000000001,0000006854,宋嘉翔,2,先發,2,2,1,1,0,0,0,0,1,0,0,0,0,0,0,0,0,0,0,0,0,0,0,27,87
2025,A,248,1,0000000001,0000000935,王柏融,9,先發,4,4,1,0,1,0,0,0,2,0,0,1,0,0,0,1,0,0,0,0,0,1,0,68,258
2025,A,248,1,0000000001,0000001291,郭阜林,59,先發,2,2,0,0,0,0,0,0,0,0,0,0,0,0,0,1,0,0,0,0,0,0,0,50,167
2025,A,248,1,0000000001,0000003649,吳念庭,39,先發,5,5,2,2,0,0,0,0,2,2,1,0,0,0,0,0,0,0,0,0,0,0,0,64,184
2025,A,248,1,0000000001,0000005340,王博玄,6,先發,5,4,3,3,0,0,0,0,3,0,0,1,1,0,0,0,2,0,0,0,0,0,1,87,273
2025,A,248,1,0000000001,0000006211,張肇元,29,先發,4,3,0,0,0,0,0,0,0,0,0,1,1,0,0,1,0,0,0,0,0,0,0,65,247
2025,A,248,1,0000000001,0000006927,曾子祐,1,先發,5,3,1,1,0,0,0,0,1,1,0,0,2,0,0,0,0,0,0,0,0,0,0,85,295
2025,A,248,1,0000000001,0000006928,林家鋐,16,先發,4,4,0,0,0,0,0,0,0,0,0,0,0,0,0,1,0,0,0,0,0,0,0,40,154
2025,A,248,1,0000000001,0000006929,紀慶然,24,非先發,2,1,0,0,0,0,0,0,0,0,0,0,1,0,0,0,0,0,0,0,0,0,0,43,171
2025,A,248,1,0000000001,0000006939,顏郁軒,5,非先發,3,3,0,0,0,0,0,0,0,0,0,0,0,0,0,2,0,0,0,0,0,0,0,12,42
2025,A,248,1,0000000001,0000007239,魔鷹,94,先發,3,2,0,0,0,0,0,0,0,0,0,0,0,0,1,0,0,0,0,0,0,0,0,72,241
2025,A,248,1,0000000001,0000007301,曾昱磬,44,先發,4,4,1,0,1,0,0,0,2,1,0,1,0,0,0,1,0,0,0,0,0,0,0,22,99
2025,A,248,2,0000000001,0000001474,蘇智傑,32,先發,4,4,1,1,0,0,0,0,1,0,0,0,0,0,0,2,0,0,0,0,0,0,0,26,108
2025,A,248,2,0000000001,0000001606,林岱安,31,非先發,1,1,0,0,0,0,0,0,0,0,0,0,0,0,0,0,0,0,0,0,0,0,0,31,132
2025,A,248,2,0000000001,0000001804,陳傑憲,24,非先發,1,1,0,0,0,0,0,0,0,0,0,0,0,0,0,0,0,0,0,0,0,0,0,68,240
2025,A,248,2,0000000001,0000002275,林安可,77,先發,3,3,0,0,0,0,0,0,0,0,0,0,0,0,0,1,0,0,0,0,0,0,0,66,191
2025,A,248,2,0000000001,0000002298,陳重羽,65,先發,3,3,1,1,0,0,0,0,1,0,0,1,0,0,0,1,0,0,0,0,0,1,0,30,143
2025,A,248,2,0000000001,0000002707,潘傑楷,35,先發,4,4,1,1,0,0,0,0,1,0,0,0,0,0,0,0,1,0,0,0,0,0,0,73,254
2025,A,248,2,0000000001,0000003615,胡金龍,51,非先發,1,1,0,0,0,0,0,0,0,0,0,0,0,0,0,0,0,0,0,0,0,0,0,28,88
2025,A,248,2,0000000001,0000005531,邱智呈,14,先發,3,3,1,0,1,0,0,0,2,1,0,0,0,0,0,1,0,0,0,0,0,0,0,72,287
2025,A,248,2,0000000001,0000006847,田子杰,49,非先發,1,1,0,0,0,0,0,0,0,0,0,0,0,0,0,0,0,0,0,0,0,0,0,1,13
2025,A,248,2,0000000001,0000006851,林培緯,25,先發,4,4,0,0,0,0,0,0,0,0,0,0,0,0,0,3,0,0,0,0,0,0,0,8,35
2025,A,248,2,0000000001,0000007070,林佳緯,20,先發,5,5,1,1,0,0,0,0,1,1,0,0,0,0,0,0,0,0,0,0,0,0,0,82,296
2025,A,248,2,0000000001,0000007071,林泓弦,67,先發,3,3,2,2,0,0,0,0,2,0,0,1,0,0,0,0,0,0,0,0,0,0,0,2,12
2025,A,248,2,0000000001,0000007268,陳聖平,15,先發,4,4,1,1,0,0,0,0,1,0,0,1,0,0,0,0,0,0,0,0,0,0,0,58,218
2025,A,249,1,0000000001,0000000362,申皓瑋,29,先發,4,3,1,0,0,1,0,0,3,0,0,1,1,0,0,1,0,0,0,0,0,0,0,69,228
2025,A,249,1,0000000001,0000002352,范國宸,46,先發,4,3,0,0,0,0,0,0,0,0,0,0,1,0,0,1,0,1,0,0,0,0,0,59,218
2025,A,249,1,0000000001,0000005510,林澤彬,2,先發,4,4,2,2,0,0,0,0,2,0,0,1,0,0,0,0,0,0,0,0,0,0,0,58,182
2025,A,249,1,0000000001,0000006737,董子恩,78,先發,4,4,0,0,0,0,0,0,0,0,0,0,0,0,0,0,0,0,0,0,1,0,0,40,152
2025,A,249,1,0000000001,0000006738,孔念恩,82,先發,3,3,1,1,0,0,0,0,1,0,0,0,0,0,0,1,0,0,0,0,0,0,0,45,167
2025,A,249,1,0000000001,0000006861,蔡佳諺,65,先發,4,4,1,0,1,0,0,0,2,1,0,0,0,0,0,0,0,0,0,0,0,0,0,6,33
2025,A,249,1,0000000001,0000006868,周佳樂,77,非先發,0,0,0,0,0,0,0,0,0,0,0,0,0,0,0,0,0,0,0,0,0,0,0,27,137
2025,A,249,1,0000000001,0000006872,林岳谷,62,先發,4,4,1,1,0,0,0,0,1,0,0,0,0,0,0,2,0,0,0,0,0,0,0,39,149
2025,A,249,1,0000000001,0000006888,張育成,99,先發,4,4,1,0,1,0,0,0,2,1,0,0,0,0,0,0,0,0,0,0,0,0,0,31,111
2025,A,249,1,0000000001,0000006909,豊暐,43,先發,3,3,0,0,0,0,0,0,0,0,0,0,0,0,0,0,0,0,0,0,0,1,0,19,86
2025,A,249,2,0000000001,0000000929,王威晨,9,非先發,1,1,1,1,0,0,0,0,1,1,1,0,0,0,0,0,0,0,0,0,0,0,0,69,243
2025,A,249,2,0000000001,0000001119,許基宏,74,先發,4,4,0,0,0,0,0,0,0,0,0,0,0,0,0,2,0,0,0,0,0,0,0,72,241
2025,A,249,2,0000000001,0000002285,高宇杰,65,先發,3,3,0,0,0,0,0,0,0,0,0,0,0,0,0,2,0,0,0,0,0,0,0,63,249
2025,A,249,2,0000000001,0000002291,岳東華,98,先發,3,3,1,1,0,0,0,0,1,0,0,0,0,0,0,0,1,0,0,0,0,0,0,55,239
2025,A,249,2,0000000001,0000003609,陳俊秀,29,先發,4,2,0,0,0,0,0,0,0,0,0,0,2,0,0,0,0,0,0,0,1,0,0,42,161
2025,A,249,2,0000000001,0000004636,江坤宇,90,先發,4,3,1,0,1,0,0,0,2,1,0,1,1,0,0,0,0,0,0,0,0,0,1,63,240
2025,A,249,2,0000000001,0000005298,黃韋盛,66,先發,3,3,0,0,0,0,0,0,0,0,0,1,0,0,0,0,1,0,0,0,0,0,0,48,173
2025,A,249,2,0000000001,0000005569,曾頌恩,1,先發,4,4,0,0,0,0,0,0,0,0,0,0,0,0,0,0,0,0,0,0,0,0,0,29,129
2025,A,249,2,0000000001,0000006225,宋晟睿,88,先發,4,4,1,1,0,0,0,0,1,0,0,0,0,0,0,1,0,0,0,0,0,0,0,77,282
2025,A,249,2,0000000001,0000006730,張仁瑋,28,先發,4,4,1,0,1,0,0,0,2,0,0,0,0,0,0,0,0,0,0,0,0,0,0,25,82
2025,A,249,2,0000000001,0000007086,楊祥禾,3,非先發,0,0,0,0,0,0,0,0,0,0,0,1,0,0,0,0,0,0,0,0,0,0,0,1,2
2025,A,250,2,0000000001,0000007071,林泓弦,67,先發,3,3,0,0,0,0,0,0,0,0,0,0,0,0,0,0,0,0,0,0,0,0,0,2,15
2025,A,250,2,0000000001,0000007268,陳聖平,15,先發,3,3,0,0,0,0,0,0,0,0,0,0,0,0,0,3,0,0,0,0,0,0,0,58,221
2025,A,250,1,0000000001,0000000935,王柏融,9,先發,4,3,1,1,0,0,0,0,1,0,0,2,0,0,1,0,0,0,0,0,0,0,0,69,261
2025,A,250,1,0000000001,0000001291,郭阜林,59,先發,4,3,1,0,1,0,0,0,2,1,0,1,1,0,0,0,0,0,0,0,0,0,0,51,170
2025,A,250,1,0000000001,0000002304,吳明鴻,31,非先發,0,0,0,0,0,0,0,0,0,0,0,0,0,0,0,0,0,0,0,0,0,0,0,0,1
2025,A,250,1,0000000001,0000003649,吳念庭,39,先發,5,5,1,0,1,0,0,0,2,0,0,0,0,0,0,1,0,0,0,0,0,0,0,65,189
2025,A,250,1,0000000001,0000005340,王博玄,6,先發,5,5,0,0,0,0,0,0,0,0,0,0,0,0,0,1,0,0,0,0,1,0,0,87,278
2025,A,250,1,0000000001,0000006211,張肇元,29,先發,4,4,0,0,0,0,0,0,0,0,0,0,0,0,0,0,0,0,0,0,0,0,0,65,251
2025,A,250,1,0000000001,0000006927,曾子祐,1,先發,5,5,2,2,0,0,0,0,2,2,0,1,0,0,0,1,0,0,0,0,0,0,0,87,300
2025,A,250,1,0000000001,0000006928,林家鋐,16,先發,3,3,3,3,0,0,0,0,3,1,0,1,0,0,0,0,1,0,0,0,0,0,0,43,157
2025,A,250,1,0000000001,0000006929,紀慶然,24,先發,4,4,1,0,1,0,0,0,2,1,1,1,0,0,0,0,0,0,0,0,0,0,0,44,175
2025,A,250,1,0000000001,0000006931,黃劼希,42,非先發,1,1,1,1,0,0,0,0,1,0,0,0,0,0,0,0,0,0,0,0,0,0,0,8,33
2025,A,250,1,0000000001,0000006936,高聖恩,50,非先發,0,0,0,0,0,0,0,0,0,0,0,0,0,0,0,0,0,0,0,0,0,0,0,11,60
2025,A,250,1,0000000001,0000007239,魔鷹,94,先發,5,5,2,0,0,0,2,0,8,3,0,2,0,0,0,0,0,0,0,0,0,0,0,74,246
2025,A,250,2,0000000001,0000001339,林祖傑,39,非先發,1,1,0,0,0,0,0,0,0,0,0,0,0,0,0,0,0,0,0,0,0,0,0,14,48
2025,A,250,2,0000000001,0000001474,蘇智傑,32,先發,3,3,0,0,0,0,0,0,0,0,0,0,0,0,0,2,0,0,0,0,0,0,0,26,111
2025,A,250,2,0000000001,0000001606,林岱安,31,先發,3,2,0,0,0,0,0,0,0,0,0,0,1,0,0,1,0,0,0,0,0,0,0,31,134
2025,A,250,2,0000000001,0000001804,陳傑憲,24,先發,2,2,1,1,0,0,0,0,1,0,0,0,0,0,0,0,0,0,0,0,0,0,0,69,242
2025,A,250,2,0000000001,0000002275,林安可,77,非先發,1,1,0,0,0,0,0,0,0,0,0,0,0,0,0,0,0,0,0,0,0,0,0,66,192
2025,A,250,2,0000000001,0000002289,陳重廷,66,非先發,2,2,0,0,0,0,0,0,0,0,0,0,0,0,0,0,0,0,0,0,0,0,0,32,136
2025,A,250,2,0000000001,0000002707,潘傑楷,35,先發,3,3,0,0,0,0,0,0,0,0,0,0,0,0,0,0,0,0,0,0,0,0,0,73,257
2025,A,250,2,0000000001,0000003615,胡金龍,51,先發,3,3,0,0,0,0,0,0,0,0,0,0,0,0,0,0,0,0,0,0,0,0,0,28,91
2025,A,250,2,0000000001,0000006847,田子杰,49,非先發,2,2,1,0,1,0,0,0,2,0,0,0,0,0,0,0,0,0,0,0,0,0,0,2,15
2025,A,250,2,0000000001,0000006851,林培緯,25,先發,3,3,1,1,0,0,0,0,1,0,0,0,0,0,0,0,0,0,0,0,0,0,0,9,38
2025,A,250,2,0000000001,0000007070,林佳緯,20,先發,2,2,0,0,0,0,0,0,0,0,0,0,0,0,0,1,0,0,0,0,0,0,0,82,298
2025,A,251,1,0000000001,0000000045,林智勝,31,非先發,1,1,0,0,0,0,0,0,0,0,0,0,0,0,0,0,0,0,0,0,0,0,0,10,42
2025,A,251,1,0000000001,0000000743,陳子豪,1,先發,4,4,0,0,0,0,0,0,0,1,0,0,0,0,0,2,0,0,0,0,0,0,0,56,249
2025,A,251,1,0000000001,0000001318,朱育賢,11,先發,4,4,2,2,0,0,0,0,2,3,1,0,0,0,0,1,0,0,0,0,0,0,1,68,230
2025,A,251,1,0000000001,0000003625,吉力吉撈．鞏冠,4,先發,4,4,0,0,0,0,0,0,0,0,0,0,0,0,0,2,0,0,0,0,0,0,0,90,300
2025,A,251,1,0000000001,0000005291,蔣少宏,63,先發,2,2,0,0,0,0,0,0,0,0,0,0,0,0,0,1,0,0,0,0,0,0,0,41,186
2025,A,251,1,0000000001,0000005532,全浩瑋,22,非先發,1,1,1,1,0,0,0,0,1,0,0,0,0,0,0,0,0,0,0,0,0,0,0,1,2
2025,A,251,1,0000000001,0000005540,李凱威,21,先發,5,4,1,1,0,0,0,0,1,0,0,0,1,0,0,0,0,0,0,0,0,0,0,84,289
2025,A,251,1,0000000001,0000005542,張政禹,25,先發,4,4,3,1,2,0,0,0,5,0,0,2,0,0,0,0,0,0,0,0,0,0,0,62,217
2025,A,251,1,0000000001,0000005545,劉基鴻,46,先發,4,4,0,0,0,0,0,0,0,0,0,0,0,0,0,0,0,0,0,0,0,0,0,70,287
2025,A,251,1,0000000001,0000005549,郭天信,2,先發,5,3,0,0,0,0,0,0,0,1,0,1,1,0,0,1,0,0,0,1,0,0,0,74,279
2025,A,251,1,0000000001,0000006216,王順和,24,非先發,0,0,0,0,0,0,0,0,0,0,0,0,0,0,0,0,0,0,0,0,0,0,0,36,124
2025,A,251,1,0000000001,0000007304,曾聖安,50,先發,4,1,0,0,0,0,0,0,0,0,0,2,2,0,0,1,1,0,1,0,0,0,0,18,99
2025,A,251,2,0000000001,0000000132,梁家榮,5,先發,3,3,0,0,0,0,0,0,0,0,0,0,0,0,0,0,0,0,0,0,0,0,0,30,126
2025,A,251,2,0000000001,0000000153,林承飛,6,先發,5,5,1,1,0,0,0,0,1,0,0,0,0,0,0,1,0,0,0,0,1,0,0,29,108
2025,A,251,2,0000000001,0000001618,林子偉,15,非先發,0,0,0,0,0,0,0,0,0,0,0,0,0,0,0,0,0,0,0,0,0,0,0,62,241
2025,A,251,2,0000000001,0000002286,林立,39,先發,5,5,2,2,0,0,0,0,2,0,0,0,0,0,0,1,1,0,0,0,0,0,0,57,150
2025,A,251,2,0000000001,0000003345,林智平,79,非先發,1,1,0,0,0,0,0,0,0,0,0,0,0,0,0,0,0,0,0,0,0,0,0,72,234
2025,A,251,2,0000000001,0000003467,林泓育,11,先發,5,4,1,1,0,0,0,0,1,0,0,0,0,0,1,0,0,0,0,0,0,0,0,78,258
2025,A,251,2,0000000001,0000003563,余德龍,36,先發,4,4,3,2,1,0,0,0,4,0,0,2,0,0,0,1,1,0,0,0,0,0,0,40,136
2025,A,251,2,0000000001,0000004633,陳晨威,98,先發,5,4,1,1,0,0,0,0,1,0,0,0,1,0,0,0,0,0,0,0,0,0,0,96,310
2025,A,251,2,0000000001,0000006235,林政華,65,先發,4,4,1,1,0,0,0,0,1,1,0,0,0,0,0,1,0,0,0,0,1,0,0,63,217
2025,A,251,2,0000000001,0000006240,馬傑森,94,先發,4,4,1,1,0,0,0,0,1,0,0,0,0,0,0,1,0,0,0,0,0,0,0,20,124
2025,A,251,2,0000000001,0000006854,宋嘉翔,2,先發,4,4,1,0,1,0,0,0,2,1,0,0,0,0,0,1,0,0,0,0,0,0,0,28,91
2025,A,252,1,0000000001,0000000362,申皓瑋,29,先發,3,2,1,0,1,0,0,0,2,0,0,0,0,0,1,0,0,0,0,0,0,0,0,70,230
2025,A,252,1,0000000001,0000001473,李宗賢,22,非先發,1,1,1,1,0,0,0,0,1,0,0,0,0,0,0,0,0,0,0,0,0,0,0,28,134
2025,A,252,1,0000000001,0000002352,范國宸,46,先發,3,3,0,0,0,0,0,0,0,0,0,0,0,0,0,1,0,0,0,0,0,0,0,59,221
2025,A,252,1,0000000001,0000004645,戴培峰,95,先發,4,4,0,0,0,0,0,0,0,0,0,0,0,0,0,0,0,0,0,0,0,0,0,53,205
2025,A,252,1,0000000001,0000005310,陳真,7,非先發,1,1,1,1,0,0,0,0,1,0,0,0,0,0,0,0,0,0,0,0,0,0,0,37,154
2025,A,252,1,0000000001,0000005510,林澤彬,2,先發,2,2,0,0,0,0,0,0,0,0,0,0,0,0,0,0,0,0,0,0,1,1,0,58,184
2025,A,252,1,0000000001,0000006737,董子恩,78,先發,2,1,0,0,0,0,0,0,0,0,0,0,0,0,1,0,0,0,0,0,0,0,0,40,153
2025,A,252,1,0000000001,0000006738,孔念恩,82,先發,3,2,0,0,0,0,0,0,0,0,0,0,0,0,1,0,0,0,0,0,0,0,0,45,169
2025,A,252,1,0000000001,0000006743,劉俊豪,85,非先發,2,2,1,1,0,0,0,0,1,0,0,0,0,0,0,0,0,0,0,0,0,0,0,17,68
2025,A,252,1,0000000001,0000006861,蔡佳諺,65,先發,3,3,0,0,0,0,0,0,0,0,0,0,0,0,0,1,0,0,0,0,0,0,0,6,36
2025,A,252,1,0000000001,0000006872,林岳谷,62,先發,4,3,0,0,0,0,0,0,0,0,0,0,1,0,0,1,0,0,0,0,0,1,0,39,152
2025,A,252,1,0000000001,0000006888,張育成,99,先發,4,4,0,0,0,0,0,0,0,0,0,0,0,0,0,1,0,0,0,0,1,0,0,31,115
2025,A,252,1,0000000001,0000007091,高捷,4,非先發,1,1,0,0,0,0,0,0,0,0,0,0,0,0,0,0,0,0,0,0,0,0,0,22,111
2025,A,252,2,0000000001,0000000929,王威晨,9,先發,3,3,0,0,0,0,0,0,0,0,0,0,0,0,0,0,0,0,0,0,0,0,0,69,246
2025,A,252,2,0000000001,0000001119,許基宏,74,先發,4,2,0,0,0,0,0,0,0,1,0,0,1,0,0,1,0,0,0,1,0,0,0,72,243
2025,A,252,2,0000000001,0000002285,高宇杰,65,先發,4,3,2,2,0,0,0,0,2,3,0,1,0,0,1,0,0,0,0,0,0,0,1,65,252
2025,A,252,2,0000000001,0000002291,岳東華,98,先發,5,3,0,0,0,0,0,0,0,0,0,1,2,0,0,0,0,0,0,0,0,0,0,55,242
2025,A,252,2,0000000001,0000002307,王政順,61,先發,5,4,2,2,0,0,0,0,2,1,1,1,1,0,0,1,0,0,0,0,0,0,0,22,75
2025,A,252,2,0000000001,0000004636,江坤宇,90,先發,5,4,3,2,1,0,0,0,4,1,0,2,1,0,0,0,0,0,0,0,0,0,0,66,244
2025,A,252,2,0000000001,0000005298,黃韋盛,66,非先發,2,2,0,0,0,0,0,0,0,1,0,0,0,0,0,0,0,0,0,0,0,0,0,48,175
2025,A,252,2,0000000001,0000005569,曾頌恩,1,先發,5,4,0,0,0,0,0,0,0,0,0,1,0,0,1,0,0,0,0,0,1,0,0,29,133
2025,A,252,2,0000000001,0000005571,岳政華,92,先發,5,3,2,1,1,0,0,0,3,0,0,1,1,0,1,0,0,0,0,0,0,0,0,49,176
2025,A,252,2,0000000001,0000006225,宋晟睿,88,非先發,0,0,0,0,0,0,0,0,0,0,0,0,0,0,0,0,0,0,0,0,0,0,0,77,282
2025,A,252,2,0000000001,0000006730,張仁瑋,28,先發,4,4,1,1,0,0,0,0,1,1,0,0,0,0,0,1,0,0,0,0,0,0,0,26,86
2025,A,252,2,0000000001,0000007086,楊祥禾,3,非先發,1,1,0,0,0,0,0,0,0,0,0,0,0,0,0,1,0,0,0,0,0,0,0,1,3
2025,A,252,2,0000000001,0000007278,許庭綸,13,非先發,1,1,0,0,0,0,0,0,0,0,0,1,0,0,0,0,0,0,0,0,0,0,0,4,29
2025,A,253,1,0000000001,0000000935,王柏融,9,先發,5,4,1,1,0,0,0,0,1,1,0,1,0,0,1,0,0,0,0,0,0,0,0,70,265
2025,A,253,1,0000000001,0000001291,郭阜林,59,先發,5,5,1,1,0,0,0,0,1,0,0,1,0,0,0,1,0,0,0,0,1,0,0,52,175
2025,A,253,1,0000000001,0000002304,吳明鴻,31,先發,3,3,1,1,0,0,0,0,1,1,0,0,0,0,0,1,0,0,0,0,1,0,0,1,4
2025,A,253,1,0000000001,0000003649,吳念庭,39,先發,5,5,2,2,0,0,0,0,2,1,0,1,0,0,0,1,0,0,0,0,0,0,0,67,194
2025,A,253,1,0000000001,0000005340,王博玄,6,先發,5,5,1,1,0,0,0,0,1,0,0,0,0,0,0,2,0,1,0,0,0,0,0,88,283
2025,A,253,1,0000000001,0000006211,張肇元,29,非先發,1,1,1,1,0,0,0,0,1,2,0,0,0,0,0,0,0,0,0,0,0,0,0,66,252
2025,A,253,1,0000000001,0000006926,陳致嘉,33,非先發,0,0,0,0,0,0,0,0,0,0,0,0,0,0,0,0,0,0,0,0,0,0,0,3,36
2025,A,253,1,0000000001,0000006927,曾子祐,1,先發,5,5,2,1,0,1,0,0,4,0,0,2,0,0,0,1,0,0,0,0,0,0,0,89,305
2025,A,253,1,0000000001,0000006928,林家鋐,16,先發,3,3,1,1,0,0,0,0,1,1,0,0,0,0,0,1,1,0,0,0,0,0,0,44,160
2025,A,253,1,0000000001,0000006929,紀慶然,24,先發,3,2,0,0,0,0,0,0,0,0,0,0,1,0,0,1,0,0,0,0,0,0,0,44,177
2025,A,253,1,0000000001,0000006931,黃劼希,42,非先發,1,1,0,0,0,0,0,0,0,0,0,0,0,0,0,0,0,0,0,0,0,0,0,8,34
2025,A,253,1,0000000001,0000007239,魔鷹,94,先發,5,3,2,2,0,0,0,0,2,0,0,2,2,0,0,1,0,0,0,0,0,0,0,76,249
2025,A,253,1,0000000001,0000007301,曾昱磬,44,非先發,1,0,0,0,0,0,0,0,0,0,0,0,1,0,0,0,0,0,0,0,0,0,0,22,99
2025,A,253,2,0000000001,0000001474,蘇智傑,32,先發,5,4,1,1,0,0,0,0,1,0,0,2,1,0,0,0,0,0,0,0,0,0,0,27,115
2025,A,253,2,0000000001,0000002275,林安可,77,先發,5,4,2,0,1,1,0,0,5,2,0,2,1,0,0,0,0,0,0,0,0,0,0,68,196
2025,A,253,2,0000000001,0000002289,陳重廷,66,先發,3,3,0,0,0,0,0,0,0,1,0,0,0,0,0,1,0,0,0,0,0,1,0,32,139
2025,A,253,2,0000000001,0000002298,陳重羽,65,先發,4,3,1,1,0,0,0,0,1,1,0,1,0,0,1,0,1,0,0,0,1,0,0,31,146
2025,A,253,2,0000000001,0000002661,陳鏞基,13,先發,5,4,0,0,0,0,0,0,0,1,0,0,0,0,0,1,0,0,0,1,0,0,0,29,107
2025,A,253,2,0000000001,0000002707,潘傑楷,35,先發,4,4,1,0,1,0,0,0,2,0,0,1,0,0,0,1,0,0,0,0,0,0,0,74,261
2025,A,253,2,0000000001,0000005522,朱迦恩,8,先發,4,2,2,0,1,0,1,0,6,1,0,2,2,0,0,0,1,0,0,0,0,0,1,7,33
2025,A,253,2,0000000001,0000007070,林佳緯,20,先發,5,5,3,2,1,0,0,0,4,2,0,1,0,0,0,1,0,0,0,0,0,0,0,85,303
2025,A,253,2,0000000001,0000007071,林泓弦,67,非先發,1,1,0,0,0,0,0,0,0,0,0,0,0,0,0,1,0,0,0,0,0,0,0,2,16
2025,A,253,2,0000000001,0000007268,陳聖平,15,先發,4,3,1,1,0,0,0,0,1,1,1,1,0,0,1,0,1,0,0,0,0,0,0,59,224
2025,A,254,1,0000000001,0000000743,陳子豪,1,先發,4,4,2,1,0,0,1,0,5,1,1,2,0,0,0,0,0,0,0,0,0,0,0,58,253
2025,A,254,1,0000000001,0000001318,朱育賢,11,先發,5,4,2,1,0,0,1,0,5,1,0,2,1,0,0,0,0,0,0,0,0,0,0,70,234
2025,A,254,1,0000000001,0000003625,吉力吉撈．鞏冠,4,先發,5,5,1,0,1,0,0,0,2,2,0,0,0,0,0,2,0,0,0,0,0,0,0,91,305
2025,A,254,1,0000000001,0000005291,蔣少宏,63,先發,4,3,1,0,1,0,0,0,2,0,0,0,0,0,1,0,0,0,0,0,0,0,0,42,189
2025,A,254,1,0000000001,0000005540,李凱威,21,先發,5,4,1,1,0,0,0,0,1,1,0,1,1,0,0,1,0,0,0,0,0,0,0,85,293
2025,A,254,1,0000000001,0000005542,張政禹,25,先發,4,4,1,0,1,0,0,0,2,0,0,0,0,0,0,0,0,0,0,0,0,0,0,63,221
2025,A,254,1,0000000001,0000005545,劉基鴻,46,先發,5,5,1,0,1,0,0,0,2,0,0,0,0,0,0,1,0,0,0,0,0,0,0,71,292
2025,A,254,1,0000000001,0000005548,林孝程,7,非先發,0,0,0,0,0,0,0,0,0,0,0,0,0,0,0,0,0,0,0,0,0,0,0,5,27
2025,A,254,1,0000000001,0000005549,郭天信,2,先發,5,4,0,0,0,0,0,0,0,0,0,0,1,0,0,0,0,0,0,0,0,0,0,74,283
2025,A,254,1,0000000001,0000006216,王順和,24,非先發,1,1,1,1,0,0,0,0,1,0,0,0,0,0,0,0,0,0,0,0,0,0,0,37,125
2025,A,254,1,0000000001,0000007304,曾聖安,50,先發,4,4,0,0,0,0,0,0,0,0,0,1,0,0,0,1,1,0,0,0,0,0,0,18,103
2025,A,254,2,0000000001,0000000132,梁家榮,5,先發,3,3,0,0,0,0,0,0,0,0,0,0,0,0,0,0,0,0,0,0,0,0,0,30,129
2025,A,254,2,0000000001,0000000153,林承飛,6,先發,4,4,1,1,0,0,0,0,1,0,0,0,0,0,0,0,0,0,0,0,0,0,0,30,112
2025,A,254,2,0000000001,0000000159,成晉,35,非先發,3,3,0,0,0,0,0,0,0,0,0,0,0,0,0,0,0,0,0,0,0,0,0,57,221
2025,A,254,2,0000000001,0000001286,馮健庭,45,先發,3,3,0,0,0,0,0,0,0,0,0,0,0,0,0,2,0,0,0,0,0,0,0,12,52
2025,A,254,2,0000000001,0000002282,張閔勛,28,非先發,2,2,0,0,0,0,0,0,0,0,0,0,0,0,0,1,0,0,0,0,0,0,0,60,196
2025,A,254,2,0000000001,0000002286,林立,39,先發,4,4,2,1,1,0,0,0,3,0,0,1,0,0,0,0,0,0,0,0,0,1,0,59,154
2025,A,254,2,0000000001,0000003467,林泓育,11,先發,4,4,1,1,0,0,0,0,1,1,0,0,0,0,0,1,0,0,0,0,0,0,0,79,262
2025,A,254,2,0000000001,0000003563,余德龍,36,先發,4,4,2,2,0,0,0,0,2,1,0,0,0,0,0,1,0,0,0,0,0,1,0,42,140
2025,A,254,2,0000000001,0000004633,陳晨威,98,先發,4,3,0,0,0,0,0,0,0,0,0,1,1,0,0,1,0,0,0,0,0,0,0,96,313
2025,A,254,2,0000000001,0000006235,林政華,65,先發,1,1,0,0,0,0,0,0,0,0,0,0,0,0,0,1,0,0,0,0,0,0,0,63,218
2025,A,254,2,0000000001,0000006854,宋嘉翔,2,先發,2,2,0,0,0,0,0,0,0,0,0,0,0,0,0,0,0,0,0,0,0,0,0,28,93
2025,A,255,1,0000000001,0000000362,申皓瑋,29,先發,4,4,2,1,1,0,0,0,3,1,0,1,0,0,0,0,0,0,0,0,0,0,0,72,234
2025,A,255,1,0000000001,0000001473,李宗賢,22,先發,5,4,1,1,0,0,0,0,1,0,0,1,0,0,1,1,0,0,0,0,0,0,0,29,138
2025,A,255,1,0000000001,0000002352,范國宸,46,先發,4,3,0,0,0,0,0,0,0,1,0,0,0,0,0,0,0,0,0,1,0,0,0,59,224
2025,A,255,1,0000000001,0000004645,戴培峰,95,非先發,1,1,0,0,0,0,0,0,0,0,0,0,0,0,0,0,0,0,0,0,0,0,0,53,206
2025,A,255,1,0000000001,0000005310,陳真,7,先發,3,3,0,0,0,0,0,0,0,0,0,0,0,0,0,0,0,0,0,0,0,0,0,37,157
2025,A,255,1,0000000001,0000005510,林澤彬,2,非先發,1,0,0,0,0,0,0,0,0,0,0,0,1,0,0,0,0,0,0,0,0,0,0,58,184
2025,A,255,1,0000000001,0000006738,孔念恩,82,非先發,1,1,0,0,0,0,0,0,0,0,0,0,0,0,0,0,0,0,0,0,0,0,0,45,170
2025,A,255,1,0000000001,0000006743,劉俊豪,85,先發,4,3,1,1,0,0,0,0,1,0,0,1,0,0,1,1,0,0,0,0,0,0,0,18,71
2025,A,255,1,0000000001,0000006861,蔡佳諺,65,先發,4,4,0,0,0,0,0,0,0,0,0,0,0,0,0,2,0,0,0,0,0,0,0,6,40
2025,A,255,1,0000000001,0000006872,林岳谷,62,先發,4,4,1,1,0,0,0,0,1,0,0,0,0,0,0,0,0,0,0,0,0,0,0,40,156
2025,A,255,1,0000000001,0000006888,張育成,99,先發,4,4,0,0,0,0,0,0,0,0,0,0,0,0,0,1,0,0,0,0,0,0,0,31,119
2025,A,255,1,0000000001,0000006909,豊暐,43,先發,3,2,1,1,0,0,0,0,1,0,0,0,1,0,0,0,0,0,0,0,0,1,0,20,88
2025,A,255,2,0000000001,0000000929,王威晨,9,先發,3,3,1,1,0,0,0,0,1,0,0,1,0,0,0,0,1,0,0,0,0,0,0,70,249
2025,A,255,2,0000000001,0000002285,高宇杰,65,先發,4,3,1,1,0,0,0,0,1,0,0,1,1,0,0,0,0,0,0,0,0,0,0,66,255
2025,A,255,2,0000000001,0000002291,岳東華,98,先發,4,4,1,0,1,0,0,0,2,0,0,0,0,0,0,0,0,0,0,0,2,0,0,56,246
2025,A,255,2,0000000001,0000002307,王政順,61,先發,5,4,2,0,2,0,0,0,4,1,0,1,1,0,0,0,0,0,0,0,0,0,0,24,79
2025,A,255,2,0000000001,0000003609,陳俊秀,29,非先發,1,0,0,0,0,0,0,0,0,0,0,0,1,0,0,0,0,0,0,0,0,0,0,42,161
2025,A,255,2,0000000001,0000004636,江坤宇,90,先發,4,4,2,2,0,0,0,0,2,2,0,0,0,0,0,1,0,0,0,0,0,0,0,68,248
2025,A,255,2,0000000001,0000005298,黃韋盛,66,先發,4,3,1,1,0,0,0,0,1,0,0,0,1,0,0,1,0,0,0,0,0,1,0,49,178
2025,A,255,2,0000000001,0000005569,曾頌恩,1,先發,5,3,0,0,0,0,0,0,0,0,0,0,2,0,0,0,0,0,0,0,0,0,0,29,136
2025,A,255,2,0000000001,0000005571,岳政華,92,先發,5,5,1,0,0,1,0,0,3,2,1,1,0,0,0,2,0,0,0,0,0,0,1,50,181
2025,A,255,2,0000000001,0000006225,宋晟睿,88,非先發,2,2,1,1,0,0,0,0,1,0,0,1,0,0,0,1,0,0,0,0,0,0,0,78,284
2025,A,255,2,0000000001,0000006730,張仁瑋,28,先發,3,3,1,1,0,0,0,0,1,0,0,0,0,0,0,0,1,0,0,0,0,0,0,27,89
2025,A,255,2,0000000001,0000007278,許庭綸,13,非先發,0,0,0,0,0,0,0,0,0,0,0,0,0,0,0,0,0,0,0,0,0,0,0,4,29
2025,A,256,1,0000000001,0000001339,林祖傑,39,先發,4,4,1,0,0,0,1,0,4,3,0,1,0,0,0,1,0,0,0,0,1,0,0,15,52
2025,A,256,1,0000000001,0000001474,蘇智傑,32,先發,5,5,2,0,0,1,1,0,7,4,1,2,0,0,0,1,0,0,0,0,0,0,1,29,120
2025,A,256,1,0000000001,0000002275,林安可,77,先發,5,3,0,0,0,0,0,0,0,1,0,1,0,0,1,0,0,0,0,1,0,0,0,68,199
2025,A,256,1,0000000001,0000002289,陳重廷,66,非先發,0,0,0,0,0,0,0,0,0,0,0,0,0,0,0,0,0,0,0,0,0,0,0,32,139
2025,A,256,1,0000000001,0000002298,陳重羽,65,先發,5,5,1,1,0,0,0,0,1,0,0,1,0,0,0,0,0,0,0,0,0,0,0,32,151
2025,A,256,1,0000000001,0000002661,陳鏞基,13,先發,3,3,2,2,0,0,0,0,2,0,0,1,0,0,0,0,0,0,0,0,0,0,0,31,110
2025,A,256,1,0000000001,0000002707,潘傑楷,35,先發,5,4,2,2,0,0,0,0,2,0,0,1,0,0,1,0,1,0,0,0,0,0,0,76,265
2025,A,256,1,0000000001,0000005522,朱迦恩,8,先發,5,4,0,0,0,0,0,0,0,0,0,1,1,0,0,1,0,0,0,0,0,0,0,7,37
2025,A,256,1,0000000001,0000006847,田子杰,49,非先發,1,1,1,0,1,0,0,0,2,0,0,1,0,0,0,0,0,0,0,0,0,0,0,3,16
2025,A,256,1,0000000001,0000007070,林佳緯,20,先發,6,5,2,1,0,1,0,0,4,2,0,2,1,0,0,1,0,0,0,0,0,0,0,87,308
2025,A,256,1,0000000001,0000007071,林泓弦,67,非先發,2,2,2,1,1,0,0,0,3,0,0,0,0,0,0,0,0,0,0,0,0,0,0,4,18
2025,A,256,1,0000000001,0000007268,陳聖平,15,先發,5,4,1,0,1,0,0,0,2,1,0,1,0,0,1,0,0,0,0,0,0,0,0,60,228
2025,A,256,2,0000000001,0000000362,申皓瑋,29,先發,5,4,1,1,0,0,0,0,1,0,0,0,1,0,0,2,0,0,0,0,0,0,0,73,238
2025,A,256,2,0000000001,0000000910,張進德,47,非先發,1,1,0,0,0,0,0,0,0,0,0,0,0,0,0,0,0,0,0,0,0,0,0,3,10
2025,A,256,2,0000000001,0000002352,范國宸,46,先發,4,3,1,0,1,0,0,0,2,1,0,0,1,0,0,0,0,0,0,0,0,0,0,60,227
2025,A,256,2,0000000001,0000004645,戴培峰,95,先發,5,5,1,0,1,0,0,0,2,2,0,1,0,0,0,1,0,0,0,0,0,0,0,54,211
2025,A,256,2,0000000001,0000005310,陳真,7,先發,4,3,0,0,0,0,0,0,0,0,0,0,1,0,0,1,0,0,0,0,0,0,0,37,160
2025,A,256,2,0000000001,0000005510,林澤彬,2,先發,5,4,1,1,0,0,0,0,1,0,0,0,1,0,0,0,0,0,0,0,0,1,0,59,188
2025,A,256,2,0000000001,0000006737,董子恩,78,非先發,0,0,0,0,0,0,0,0,0,0,0,0,0,0,0,0,0,0,0,0,0,0,0,40,153
2025,A,256,2,0000000001,0000006738,孔念恩,82,先發,4,4,1,1,0,0,0,0,1,0,0,0,0,0,0,1,0,0,0,0,0,0,0,46,174
2025,A,256,2,0000000001,0000006861,蔡佳諺,65,先發,3,2,0,0,0,0,0,0,0,0,0,1,1,0,0,1,0,0,0,0,0,0,0,6,42
2025,A,256,2,0000000001,0000006868,周佳樂,77,非先發,0,0,0,0,0,0,0,0,0,0,0,0,0,0,0,0,0,0,0,0,0,0,0,27,137
2025,A,256,2,0000000001,0000006872,林岳谷,62,先發,5,4,0,0,0,0,0,0,0,0,0,1,1,0,0,0,0,0,0,0,0,0,0,40,160
2025,A,256,2,0000000001,0000006888,張育成,99,先發,5,3,2,2,0,0,0,0,2,1,0,1,2,0,0,0,0,0,0,0,1,0,0,33,122
2025,A,257,1,0000000001,0000000935,王柏融,9,先發,3,3,0,0,0,0,0,0,0,0,0,0,0,0,0,0,0,0,0,0,0,0,0,70,268
2025,A,257,1,0000000001,0000001291,郭阜林,59,先發,3,3,1,1,0,0,0,0,1,0,0,0,0,0,0,1,0,0,0,0,0,0,0,53,178
2025,A,257,1,0000000001,0000003649,吳念庭,39,先發,4,4,2,2,0,0,0,0,2,0,0,0,0,0,0,1,0,0,0,0,0,0,0,69,198
2025,A,257,1,0000000001,0000005340,王博玄,6,先發,4,4,1,1,0,0,0,0,1,0,0,0,0,0,0,0,0,0,0,0,0,0,0,89,287
2025,A,257,1,0000000001,0000006211,張肇元,29,先發,4,3,0,0,0,0,0,0,0,0,0,0,1,0,0,1,0,0,0,0,0,0,0,66,255
2025,A,257,1,0000000001,0000006927,曾子祐,1,先發,4,3,0,0,0,0,0,0,0,0,0,0,1,0,0,0,0,0,0,0,0,1,0,89,308
2025,A,257,1,0000000001,0000006929,紀慶然,24,先發,2,2,0,0,0,0,0,0,0,0,0,0,0,0,0,1,0,1,0,0,0,0,0,44,179
2025,A,257,1,0000000001,0000006930,黃秉揚,25,先發,3,3,1,1,0,0,0,0,1,0,0,0,0,0,0,1,0,0,0,0,0,0,0,5,28
2025,A,257,1,0000000001,0000006936,高聖恩,50,非先發,1,1,0,0,0,0,0,0,0,0,0,0,0,0,0,1,0,0,0,0,0,0,0,11,61
2025,A,257,1,0000000001,0000007239,魔鷹,94,先發,4,4,0,0,0,0,0,0,0,0,0,0,0,0,0,2,0,0,0,0,0,0,0,76,253
2025,A,257,2,0000000001,0000000132,梁家榮,5,先發,3,2,0,0,0,0,0,0,0,0,0,0,1,0,0,1,0,0,0,0,0,0,0,30,131
2025,A,257,2,0000000001,0000000153,林承飛,6,先發,3,2,1,1,0,0,0,0,1,1,1,0,1,0,0,0,0,1,0,0,0,0,0,31,114
2025,A,257,2,0000000001,0000000159,成晉,35,先發,3,2,0,0,0,0,0,0,0,0,0,0,1,0,0,0,0,1,0,0,0,0,0,57,223
2025,A,257,2,0000000001,0000001618,林子偉,15,非先發,0,0,0,0,0,0,0,0,0,0,0,0,0,0,0,0,0,0,0,0,0,0,0,62,241
2025,A,257,2,0000000001,0000002282,張閔勛,28,先發,3,3,0,0,0,0,0,0,0,0,0,0,0,0,0,1,0,0,0,0,0,0,0,60,199
2025,A,257,2,0000000001,0000002286,林立,39,先發,4,4,0,0,0,0,0,0,0,0,0,1,0,0,0,1,0,0,0,0,0,0,0,59,158
2025,A,257,2,0000000001,0000003467,林泓育,11,先發,3,3,0,0,0,0,0,0,0,0,0,0,0,0,0,0,0,0,0,0,0,0,0,79,265
2025,A,257,2,0000000001,0000003563,余德龍,36,先發,3,2,1,1,0,0,0,0,1,0,0,0,0,0,0,1,0,0,1,0,0,0,0,43,142
2025,A,257,2,0000000001,0000004633,陳晨威,98,先發,4,4,1,1,0,0,0,0,1,0,0,0,0,0,0,2,0,1,0,0,0,0,0,97,317
2025,A,257,2,0000000001,0000006240,馬傑森,94,先發,3,1,0,0,0,0,0,0,0,0,0,0,0,0,1,0,0,0,1,0,0,0,0,20,125
2025,A,258,1,0000000001,0000001339,林祖傑,39,先發,4,4,1,1,0,0,0,0,1,0,0,0,0,0,0,1,0,0,0,0,0,0,0,16,56
2025,A,258,1,0000000001,0000001474,蘇智傑,32,非先發,2,2,0,0,0,0,0,0,0,0,0,0,0,0,0,1,0,0,0,0,0,0,0,29,122
2025,A,258,1,0000000001,0000001606,林岱安,31,先發,4,4,1,1,0,0,0,0,1,0,0,0,0,0,0,0,0,0,0,0,0,0,0,32,138
2025,A,258,1,0000000001,0000002275,林安可,77,先發,5,4,1,1,0,0,0,0,1,0,0,1,1,0,0,1,0,0,0,0,0,0,0,69,203
2025,A,258,1,0000000001,0000002661,陳鏞基,13,先發,5,4,2,1,0,0,1,0,5,2,1,1,1,0,0,0,0,0,0,0,0,1,1,33,114
2025,A,258,1,0000000001,0000002707,潘傑楷,35,先發,5,4,2,2,0,0,0,0,2,0,0,0,0,0,1,0,0,0,0,0,0,0,0,78,269
2025,A,258,1,0000000001,0000003615,胡金龍,51,先發,4,4,1,0,0,0,1,0,4,2,0,1,0,0,0,1,0,0,0,0,0,0,0,29,95
2025,A,258,1,0000000001,0000005522,朱迦恩,8,先發,2,1,0,0,0,0,0,0,0,0,0,0,0,0,1,1,0,0,0,0,0,0,0,7,38
2025,A,258,1,0000000001,0000006847,田子杰,49,非先發,1,1,0,0,0,0,0,0,0,0,0,0,0,0,0,0,0,0,0,0,0,0,0,3,17
2025,A,258,1,0000000001,0000007070,林佳緯,20,先發,5,5,2,1,1,0,0,0,3,1,0,1,0,0,0,1,0,0,0,0,0,0,0,89,313
2025,A,258,1,0000000001,0000007071,林泓弦,67,非先發,1,1,0,0,0,0,0,0,0,0,0,0,0,0,0,0,0,0,0,0,0,0,0,4,19
2025,A,258,1,0000000001,0000007268,陳聖平,15,先發,4,4,1,1,0,0,0,0,1,0,0,1,0,0,0,1,0,0,0,0,0,0,0,61,232
2025,A,258,2,0000000001,0000000362,申皓瑋,29,先發,4,4,0,0,0,0,0,0,0,0,0,0,0,0,0,1,0,0,0,0,0,0,0,73,242
2025,A,258,2,0000000001,0000000910,張進德,47,先發,4,4,1,0,1,0,0,0,2,1,0,0,0,0,0,0,0,0,0,0,1,0,0,4,14
2025,A,258,2,0000000001,0000001473,李宗賢,22,非先發,1,1,0,0,0,0,0,0,0,0,0,0,0,0,0,0,0,0,0,0,0,0,0,29,139
2025,A,258,2,0000000001,0000002352,范國宸,46,先發,4,2,1,1,0,0,0,0,1,0,0,1,2,0,0,0,0,0,0,0,0,0,0,61,229
2025,A,258,2,0000000001,0000004645,戴培峰,95,先發,4,4,0,0,0,0,0,0,0,0,0,0,0,0,0,0,0,0,0,0,0,0,0,54,215
2025,A,258,2,0000000001,0000005310,陳真,7,非先發,2,1,0,0,0,0,0,0,0,0,0,0,1,0,0,0,0,0,0,0,0,0,0,37,161
2025,A,258,2,0000000001,0000005510,林澤彬,2,非先發,3,3,0,0,0,0,0,0,0,0,0,0,0,0,0,1,0,0,0,0,1,0,0,59,191
2025,A,258,2,0000000001,0000006738,孔念恩,82,先發,2,2,0,0,0,0,0,0,0,0,0,0,0,0,0,0,0,0,0,0,0,0,0,46,176
2025,A,258,2,0000000001,0000006743,劉俊豪,85,先發,2,2,0,0,0,0,0,0,0,0,0,0,0,0,0,1,0,0,0,0,0,0,0,18,73
2025,A,258,2,0000000001,0000006861,蔡佳諺,65,先發,2,2,1,1,0,0,0,0,1,0,0,0,0,0,0,1,1,0,0,0,0,0,0,7,44
2025,A,258,2,0000000001,0000006868,周佳樂,77,非先發,1,1,0,0,0,0,0,0,0,0,0,0,0,0,0,0,0,0,0,0,0,0,0,27,138
2025,A,258,2,0000000001,0000006872,林岳谷,62,先發,5,3,1,1,0,0,0,0,1,0,0,0,2,0,0,0,0,0,0,0,0,0,0,41,163
2025,A,258,2,0000000001,0000006888,張育成,99,先發,4,3,2,1,1,0,0,0,3,0,0,0,1,0,0,0,0,0,0,0,0,0,0,35,125
2025,A,259,1,0000000001,0000007301,曾昱磬,44,先發,4,3,0,0,0,0,0,0,0,0,0,0,1,0,0,0,0,0,0,0,0,0,0,22,102
2025,A,259,2,0000000001,0000000153,林承飛,6,先發,3,3,0,0,0,0,0,0,0,0,0,0,0,0,0,1,0,0,0,0,0,0,0,31,117
2025,A,259,2,0000000001,0000000159,成晉,35,先發,3,3,1,1,0,0,0,0,1,0,0,0,0,0,0,1,0,0,0,0,0,0,0,58,226
2025,A,259,2,0000000001,0000001618,林子偉,15,先發,3,3,0,0,0,0,0,0,0,0,0,0,0,0,0,0,0,0,0,0,0,0,0,62,244
2025,A,259,2,0000000001,0000002282,張閔勛,28,先發,3,3,0,0,0,0,0,0,0,0,0,0,0,0,0,0,0,0,0,0,0,0,0,60,202
2025,A,259,2,0000000001,0000002286,林立,39,先發,4,4,2,2,0,0,0,0,2,0,0,1,0,0,0,1,1,0,0,0,0,0,0,61,162
2025,A,259,2,0000000001,0000003345,林智平,79,先發,4,3,1,1,0,0,0,0,1,0,0,1,1,0,0,0,0,0,0,0,0,0,0,73,237
2025,A,259,2,0000000001,0000003467,林泓育,11,先發,3,3,1,0,0,0,1,0,4,3,1,1,0,0,0,0,0,0,0,0,0,0,1,80,268
2025,A,259,2,0000000001,0000003563,余德龍,36,先發,3,3,0,0,0,0,0,0,0,0,0,0,0,0,0,0,0,0,0,0,0,0,0,43,145
2025,A,259,2,0000000001,0000004633,陳晨威,98,先發,4,4,0,0,0,0,0,0,0,0,0,0,0,0,0,1,0,0,0,0,0,0,0,97,321
2025,A,259,1,0000000001,0000000935,王柏融,9,先發,3,2,0,0,0,0,0,0,0,1,0,0,0,0,0,1,0,0,0,1,0,0,0,70,270
2025,A,259,1,0000000001,0000001291,郭阜林,59,非先發,1,1,0,0,0,0,0,0,0,0,0,0,0,0,0,1,0,0,0,0,0,0,0,53,179
2025,A,259,1,0000000001,0000003649,吳念庭,39,先發,4,2,1,1,0,0,0,0,1,0,0,1,2,0,0,0,0,0,0,0,0,0,0,70,200
2025,A,259,1,0000000001,0000005340,王博玄,6,先發,4,4,0,0,0,0,0,0,0,0,0,0,0,0,0,1,0,0,0,0,0,0,0,89,291
2025,A,259,1,0000000001,0000006211,張肇元,29,先發,4,3,1,1,0,0,0,0,1,0,0,0,0,0,0,0,0,0,1,0,0,0,0,67,258
2025,A,259,1,0000000001,0000006927,曾子祐,1,先發,4,4,2,2,0,0,0,0,2,0,0,1,0,0,0,1,0,0,0,0,0,0,0,91,312
2025,A,259,1,0000000001,0000006928,林家鋐,16,先發,4,4,0,0,0,0,0,0,0,0,0,0,0,0,0,1,0,0,0,0,0,0,0,44,164
2025,A,259,1,0000000001,0000006929,紀慶然,24,非先發,1,0,0,0,0,0,0,0,0,0,0,0,0,0,0,0,0,0,1,0,0,0,0,44,179
2025,A,259,1,0000000001,0000006936,高聖恩,50,非先發,0,0,0,0,0,0,0,0,0,0,0,0,0,0,0,0,0,0,0,0,0,0,0,11,61
2025,A,259,1,0000000001,0000006939,顏郁軒,5,先發,3,2,0,0,0,0,0,0,0,0,0,0,0,0,1,0,0,0,0,0,0,0,0,12,44
2025,A,259,1,0000000001,0000007239,魔鷹,94,先發,4,4,1,1,0,0,0,0,1,1,0,0,0,0,0,1,0,0,0,0,0,0,0,77,257
2025,A,260,1,0000000001,0000000743,陳子豪,1,先發,4,4,1,1,0,0,0,0,1,0,0,0,0,0,0,2,0,0,0,0,0,0,0,59,257
2025,A,260,1,0000000001,0000001318,朱育賢,11,先發,4,4,0,0,0,0,0,0,0,0,0,0,0,0,0,0,0,0,0,0,0,0,0,70,238
2025,A,260,1,0000000001,0000003625,吉力吉撈．鞏冠,4,先發,4,4,0,0,0,0,0,0,0,0,0,0,0,0,0,1,0,0,0,0,0,0,0,91,309
2025,A,260,1,0000000001,0000005291,蔣少宏,63,先發,4,4,1,1,0,0,0,0,1,0,0,0,0,0,0,1,0,0,0,0,0,0,0,43,193
2025,A,260,1,0000000001,0000005540,李凱威,21,先發,5,5,0,0,0,0,0,0,0,0,0,0,0,0,0,1,0,0,0,0,0,0,0,85,298
2025,A,260,1,0000000001,0000005542,張政禹,25,先發,4,4,1,1,0,0,0,0,1,0,0,0,0,0,0,0,1,1,0,0,0,0,0,64,225
2025,A,260,1,0000000001,0000005545,劉基鴻,46,先發,4,4,1,0,0,0,1,0,4,2,1,1,0,0,0,1,0,0,0,0,0,0,1,72,296
2025,A,260,1,0000000001,0000005549,郭天信,2,先發,5,5,3,1,1,0,1,0,7,2,0,1,0,0,0,0,1,0,0,0,0,0,0,77,288
2025,A,260,1,0000000001,0000006216,王順和,24,非先發,0,0,0,0,0,0,0,0,0,0,0,1,0,0,0,0,0,0,0,0,0,1,0,37,125
2025,A,260,1,0000000001,0000007304,曾聖安,50,先發,4,4,1,1,0,0,0,0,1,0,0,1,0,0,0,0,0,0,0,0,0,0,0,19,107
2025,A,260,2,0000000001,0000002285,高宇杰,65,先發,4,4,1,1,0,0,0,0,1,0,0,0,0,0,0,0,0,0,0,0,0,0,0,67,259
2025,A,260,2,0000000001,0000002291,岳東華,98,先發,3,3,0,0,0,0,0,0,0,0,0,0,0,0,0,0,0,0,0,0,0,1,0,56,249
2025,A,260,2,0000000001,0000002307,王政順,61,非先發,1,1,1,1,0,0,0,0,1,1,0,0,0,0,0,0,1,0,0,0,0,0,0,25,80
2025,A,260,2,0000000001,0000003609,陳俊秀,29,先發,4,4,1,1,0,0,0,0,1,0,0,0,0,0,0,0,0,0,0,0,0,0,0,43,165
2025,A,260,2,0000000001,0000004636,江坤宇,90,先發,4,4,0,0,0,0,0,0,0,0,0,1,0,0,0,1,0,0,0,0,0,0,0,68,252
2025,A,260,2,0000000001,0000005298,黃韋盛,66,先發,4,4,1,1,0,0,0,0,1,0,0,0,0,0,0,2,0,0,0,0,0,0,0,50,182
2025,A,260,2,0000000001,0000005569,曾頌恩,1,先發,4,4,1,0,1,0,0,0,2,0,0,0,0,0,0,1,0,0,0,0,0,0,0,30,140
2025,A,260,2,0000000001,0000005571,岳政華,92,先發,5,5,0,0,0,0,0,0,0,0,0,0,0,0,0,2,0,0,0,0,1,0,0,50,186
2025,A,260,2,0000000001,0000006225,宋晟睿,88,先發,4,3,0,0,0,0,0,0,0,0,0,0,0,0,1,0,0,1,0,0,0,0,0,78,287
2025,A,260,2,0000000001,0000006730,張仁瑋,28,非先發,1,1,0,0,0,0,0,0,0,0,0,0,0,0,0,1,0,0,0,0,0,0,0,27,90
2025,A,260,2,0000000001,0000007278,許庭綸,13,先發,3,2,1,1,0,0,0,0,1,0,0,0,0,0,1,0,0,0,0,0,0,0,0,5,31
2025,A,261,1,0000000001,0000000045,林智勝,31,非先發,1,1,0,0,0,0,0,0,0,0,0,0,0,0,0,0,0,0,0,0,0,0,0,10,43
2025,A,261,1,0000000001,0000000743,陳子豪,1,先發,3,2,0,0,0,0,0,0,0,0,0,0,1,0,0,0,0,0,0,0,0,0,0,59,259
2025,A,261,1,0000000001,0000001318,朱育賢,11,先發,5,4,3,3,0,0,0,0,3,0,0,0,1,1,0,0,0,0,0,0,0,0,0,73,242
2025,A,261,1,0000000001,0000003343,郭嚴文,6,非先發,1,1,0,0,0,0,0,0,0,0,0,0,0,0,0,0,0,0,0,0,0,0,0,25,104
2025,A,261,1,0000000001,0000003625,吉力吉撈．鞏冠,4,先發,4,4,0,0,0,0,0,0,0,0,0,0,0,0,0,0,0,0,0,0,0,0,0,91,313
2025,A,261,1,0000000001,0000005291,蔣少宏,63,先發,3,3,0,0,0,0,0,0,0,0,0,0,0,0,0,0,0,0,0,0,0,0,0,43,196
2025,A,261,1,0000000001,0000005540,李凱威,21,先發,5,4,1,1,0,0,0,0,1,0,0,0,1,0,0,0,0,0,0,0,0,0,0,86,302
2025,A,261,1,0000000001,0000005542,張政禹,25,先發,4,4,1,1,0,0,0,0,1,0,0,0,0,0,0,0,0,0,0,0,0,0,0,65,229
2025,A,261,1,0000000001,0000005545,劉基鴻,46,先發,4,4,2,2,0,0,0,0,2,0,0,0,0,0,0,1,0,0,0,0,0,0,0,74,300
2025,A,261,1,0000000001,0000005548,林孝程,7,非先發,1,1,0,0,0,0,0,0,0,0,0,0,0,0,0,0,0,0,0,0,0,0,0,5,28
2025,A,261,1,0000000001,0000005549,郭天信,2,先發,5,3,1,1,0,0,0,0,1,0,0,0,0,0,1,1,0,0,1,0,0,0,0,78,291
2025,A,261,1,0000000001,0000007304,曾聖安,50,先發,3,3,1,1,0,0,0,0,1,0,0,0,0,0,0,2,0,0,0,0,0,0,0,20,110
2025,A,261,2,0000000001,0000001119,許基宏,74,先發,4,3,0,0,0,0,0,0,0,0,0,0,0,0,1,2,0,0,0,0,0,0,0,72,246
2025,A,261,2,0000000001,0000002285,高宇杰,65,先發,3,3,0,0,0,0,0,0,0,0,0,0,0,0,0,0,0,0,0,0,0,0,0,67,262
2025,A,261,2,0000000001,0000002291,岳東華,98,先發,3,3,2,2,0,0,0,0,2,0,0,0,0,0,0,0,0,0,0,0,0,0,0,58,252
2025,A,261,2,0000000001,0000002307,王政順,61,先發,4,4,2,2,0,0,0,0,2,1,0,0,0,0,0,2,0,0,0,0,0,0,0,27,84
2025,A,261,2,0000000001,0000004636,江坤宇,90,先發,4,4,1,1,0,0,0,0,1,0,0,0,0,0,0,0,0,0,0,0,0,0,0,69,256
2025,A,261,2,0000000001,0000005298,黃韋盛,66,先發,4,4,1,1,0,0,0,0,1,0,0,0,0,0,0,0,0,0,0,0,0,0,0,51,186
2025,A,261,2,0000000001,0000005342,林志綱,47,非先發,0,0,0,0,0,0,0,0,0,0,0,0,0,0,0,0,0,0,0,0,0,0,0,0,1
2025,A,261,2,0000000001,0000005569,曾頌恩,1,先發,4,4,1,1,0,0,0,0,1,1,1,0,0,0,0,0,0,0,0,0,0,0,1,31,144
2025,A,261,2,0000000001,0000005571,岳政華,92,先發,4,3,1,0,1,0,0,0,2,0,0,1,1,0,0,0,0,0,0,0,0,0,0,51,189
2025,A,261,2,0000000001,0000006225,宋晟睿,88,非先發,0,0,0,0,0,0,0,0,0,0,0,1,0,0,0,0,0,0,0,0,0,0,0,78,287
2025,A,261,2,0000000001,0000006730,張仁瑋,28,先發,4,4,0,0,0,0,0,0,0,0,0,0,0,0,0,1,0,0,0,0,0,0,0,27,94
2025,A,261,2,0000000001,0000007278,許庭綸,13,非先發,0,0,0,0,0,0,0,0,0,0,0,0,0,0,0,0,0,0,0,0,0,0,0,5,31
2025,A,262,1,0000000001,0000001119,許基宏,74,先發,4,4,0,0,0,0,0,0,0,0,0,0,0,0,0,2,0,0,0,0,0,0,0,72,250
2025,A,262,1,0000000001,0000002285,高宇杰,65,先發,3,3,1,1,0,0,0,0,1,1,1,0,0,0,0,1,0,0,0,0,0,0,0,68,265
2025,A,262,1,0000000001,0000002291,岳東華,98,先發,3,2,0,0,0,0,0,0,0,0,0,0,1,0,0,1,0,0,0,0,0,0,0,58,254
2025,A,262,1,0000000001,0000002307,王政順,61,先發,4,4,0,0,0,0,0,0,0,0,0,0,0,0,0,3,0,0,0,0,0,0,0,27,88
2025,A,262,1,0000000001,0000004636,江坤宇,90,先發,4,4,2,2,0,0,0,0,2,0,0,1,0,0,0,1,0,0,0,0,0,0,0,71,260
2025,A,262,1,0000000001,0000005298,黃韋盛,66,先發,4,4,2,1,1,0,0,0,3,0,0,1,0,0,0,1,0,0,0,0,0,0,1,53,190
2025,A,262,1,0000000001,0000005569,曾頌恩,1,先發,3,3,0,0,0,0,0,0,0,0,0,0,0,0,0,0,0,0,0,0,0,0,0,31,147
2025,A,262,1,0000000001,0000005571,岳政華,92,先發,4,4,1,1,0,0,0,0,1,1,0,0,0,0,0,0,0,0,0,0,1,0,0,52,193
2025,A,262,1,0000000001,0000006225,宋晟睿,88,非先發,1,1,0,0,0,0,0,0,0,0,0,0,0,0,0,0,0,0,0,0,0,0,0,78,288
2025,A,262,1,0000000001,0000006730,張仁瑋,28,先發,3,3,1,1,0,0,0,0,1,0,0,0,0,0,0,0,0,0,0,0,0,0,0,28,97
2025,A,262,1,0000000001,0000007278,許庭綸,13,非先發,1,1,0,0,0,0,0,0,0,0,0,0,0,0,0,1,0,0,0,0,0,0,0,5,32
2025,A,262,2,0000000001,0000000361,張洺瑀,33,先發,3,2,1,1,0,0,0,0,1,0,0,1,1,0,0,1,0,0,0,0,0,0,0,7,37
2025,A,262,2,0000000001,0000000910,張進德,47,先發,4,4,1,1,0,0,0,0,1,0,0,0,0,0,0,0,0,0,0,0,0,0,0,5,18
2025,A,262,2,0000000001,0000002352,范國宸,46,先發,4,4,0,0,0,0,0,0,0,0,0,0,0,0,0,1,0,0,0,0,0,0,0,61,233
2025,A,262,2,0000000001,0000004645,戴培峰,95,先發,4,3,1,1,0,0,0,0,1,0,0,0,1,0,0,1,0,0,0,0,0,0,0,55,218
2025,A,262,2,0000000001,0000005310,陳真,7,非先發,1,1,0,0,0,0,0,0,0,0,0,0,0,0,0,0,0,0,0,0,0,0,0,37,162
2025,A,262,2,0000000001,0000005510,林澤彬,2,先發,4,4,1,1,0,0,0,0,1,0,0,0,0,0,0,0,0,0,0,0,0,0,0,60,195
2025,A,262,2,0000000001,0000006737,董子恩,78,非先發,1,1,0,0,0,0,0,0,0,0,0,0,0,0,0,0,0,0,0,0,0,0,0,40,154
2025,A,262,2,0000000001,0000006738,孔念恩,82,先發,4,4,2,1,1,0,0,0,3,0,0,0,0,0,0,1,0,0,0,0,0,0,0,48,180
2025,A,262,2,0000000001,0000006861,蔡佳諺,65,非先發,1,1,0,0,0,0,0,0,0,0,0,0,0,0,0,0,0,0,0,0,0,0,0,7,45
2025,A,262,2,0000000001,0000006868,周佳樂,77,先發,3,2,1,0,1,0,0,0,2,1,0,0,0,0,0,1,0,0,1,0,0,0,0,28,140
2025,A,262,2,0000000001,0000006872,林岳谷,62,非先發,0,0,0,0,0,0,0,0,0,0,0,0,0,0,0,0,0,0,0,0,0,0,0,41,163
2025,A,262,2,0000000001,0000006888,張育成,99,先發,4,4,0,0,0,0,0,0,0,0,0,0,0,0,0,2,0,0,0,0,0,0,0,35,129
2025,A,262,2,0000000001,0000007094,陳愷佑,56,先發,3,2,0,0,0,0,0,0,0,0,0,0,1,0,0,0,0,0,0,0,0,0,0,0,7
2025,A,263,1,0000000001,0000001339,林祖傑,39,非先發,1,1,0,0,0,0,0,0,0,0,0,0,0,0,0,0,0,0,0,0,0,0,0,16,57
2025,A,263,1,0000000001,0000001474,蘇智傑,32,先發,5,5,1,0,1,0,0,0,2,1,0,0,0,0,0,0,0,0,0,0,0,0,0,30,127
2025,A,263,1,0000000001,0000002275,林安可,77,先發,5,5,2,2,0,0,0,0,2,0,0,1,0,0,0,1,1,0,0,0,0,0,0,71,208
2025,A,263,1,0000000001,0000002298,陳重羽,65,先發,4,2,0,0,0,0,0,0,0,0,0,1,2,0,0,0,0,0,0,0,0,0,0,32,153
2025,A,263,1,0000000001,0000002661,陳鏞基,13,先發,4,4,2,2,0,0,0,0,2,0,0,0,0,0,0,1,0,0,0,0,0,0,0,35,118
2025,A,263,1,0000000001,0000002707,潘傑楷,35,先發,5,5,1,1,0,0,0,0,1,1,0,1,0,0,0,1,0,0,0,0,0,0,0,79,274
2025,A,263,1,0000000001,0000005522,朱迦恩,8,先發,4,4,1,0,0,0,1,0,4,1,0,1,0,0,0,1,0,0,0,0,0,0,0,8,42
2025,A,263,1,0000000001,0000007070,林佳緯,20,先發,5,5,1,0,1,0,0,0,2,0,0,1,0,0,0,1,0,0,0,0,0,0,0,90,318
2025,A,263,1,0000000001,0000007071,林泓弦,67,先發,4,4,2,0,2,0,0,0,4,3,1,1,0,0,0,0,0,0,0,0,0,0,1,6,23
2025,A,263,1,0000000001,0000007268,陳聖平,15,先發,4,4,2,2,0,0,0,0,2,1,0,1,0,0,0,1,1,0,0,0,0,1,0,63,236
2025,A,263,2,0000000001,0000001291,郭阜林,59,先發,5,5,1,0,1,0,0,0,2,2,0,1,0,0,0,1,0,0,0,0,0,0,0,54,184
2025,A,263,2,0000000001,0000003649,吳念庭,39,先發,5,5,1,1,0,0,0,0,1,0,0,1,0,0,0,0,0,0,0,0,0,0,0,71,205
2025,A,263,2,0000000001,0000005340,王博玄,6,先發,5,4,2,2,0,0,0,0,2,0,0,0,1,0,0,2,0,0,0,0,0,0,0,91,295
2025,A,263,2,0000000001,0000006211,張肇元,29,先發,5,3,0,0,0,0,0,0,0,0,0,0,1,0,0,0,0,0,1,0,0,0,0,67,261
2025,A,263,2,0000000001,0000006927,曾子祐,1,先發,5,5,1,1,0,0,0,0,1,0,0,1,0,0,0,0,0,0,0,0,0,0,0,92,317
2025,A,263,2,0000000001,0000006929,紀慶然,24,先發,2,1,0,0,0,0,0,0,0,0,0,0,1,0,0,0,0,0,0,0,0,1,0,44,180
2025,A,263,2,0000000001,0000006930,黃秉揚,25,先發,4,4,2,1,1,0,0,0,3,1,0,0,0,0,0,1,0,0,0,0,0,0,0,7,32
2025,A,263,2,0000000001,0000006936,高聖恩,50,非先發,2,1,1,1,0,0,0,0,1,0,0,0,1,0,0,0,0,0,0,0,0,0,0,12,62
2025,A,263,2,0000000001,0000007239,魔鷹,94,先發,5,4,1,1,0,0,0,0,1,1,0,1,1,0,0,1,0,0,0,0,0,0,0,78,261
2025,A,263,2,0000000001,0000007301,曾昱磬,44,先發,4,4,1,1,0,0,0,0,1,0,0,0,0,0,0,1,0,0,0,0,0,0,0,23,106
2025,A,264,1,0000000001,0000000153,林承飛,6,先發,4,4,0,0,0,0,0,0,0,0,0,0,0,0,0,1,0,0,0,0,0,0,0,31,121
2025,A,264,1,0000000001,0000000159,成晉,35,先發,4,4,2,1,1,0,0,0,3,2,0,0,0,0,0,0,0,0,0,0,0,0,0,60,230
2025,A,264,1,0000000001,0000001618,林子偉,15,先發,4,4,1,1,0,0,0,0,1,0,0,0,0,0,0,0,0,0,0,0,0,0,0,63,248
2025,A,264,1,0000000001,0000002282,張閔勛,28,先發,4,4,1,0,1,0,0,0,2,0,0,1,0,0,0,0,0,0,0,0,0,0,0,61,206
2025,A,264,1,0000000001,0000002286,林立,39,先發,5,5,2,1,1,0,0,0,3,0,0,1,0,0,0,1,0,0,0,0,0,0,0,63,167
2025,A,264,1,0000000001,0000003345,林智平,79,先發,4,4,1,1,0,0,0,0,1,0,0,0,0,0,0,0,0,0,0,0,0,0,0,74,241
2025,A,264,1,0000000001,0000003467,林泓育,11,先發,4,3,1,1,0,0,0,0,1,1,1,0,1,0,0,0,0,0,0,0,1,0,0,81,271
2025,A,264,1,0000000001,0000003563,余德龍,36,先發,4,4,1,1,0,0,0,0,1,0,0,1,0,0,0,1,0,0,0,0,0,1,0,44,149
2025,A,264,1,0000000001,0000004633,陳晨威,98,先發,4,4,1,0,1,0,0,0,2,0,0,0,0,0,0,1,1,0,0,0,0,0,0,98,325
2025,A,264,1,0000000001,0000006240,馬傑森,94,非先發,0,0,0,0,0,0,0,0,0,0,0,0,0,0,0,0,0,0,0,0,0,0,0,20,125
2025,A,264,2,0000000001,0000000045,林智勝,31,非先發,1,1,0,0,0,0,0,0,0,0,0,0,0,0,0,0,0,0,0,0,0,0,0,10,44
2025,A,264,2,0000000001,0000000743,陳子豪,1,先發,4,4,1,1,0,0,0,0,1,0,0,0,0,0,0,1,0,0,0,0,0,0,0,60,263
2025,A,264,2,0000000001,0000001318,朱育賢,11,先發,4,4,2,2,0,0,0,0,2,0,0,0,0,0,0,2,0,1,0,0,0,0,0,75,246
2025,A,264,2,0000000001,0000003343,郭嚴文,6,非先發,1,1,0,0,0,0,0,0,0,0,0,0,0,0,0,0,0,0,0,0,0,0,0,25,105
2025,A,264,2,0000000001,0000003625,吉力吉撈．鞏冠,4,先發,4,4,0,0,0,0,0,0,0,0,0,0,0,0,0,1,0,0,0,0,1,0,0,91,317
2025,A,264,2,0000000001,0000005291,蔣少宏,63,先發,3,2,1,1,0,0,0,0,1,0,0,0,0,0,0,0,0,0,1,0,0,0,0,44,198
2025,A,264,2,0000000001,0000005540,李凱威,21,先發,4,4,1,1,0,0,0,0,1,0,0,0,0,0,0,0,0,0,0,0,0,0,0,87,306
2025,A,264,2,0000000001,0000005542,張政禹,25,非先發,2,1,0,0,0,0,0,0,0,0,0,0,1,0,0,0,0,0,0,0,0,0,0,65,230
2025,A,264,2,0000000001,0000005545,劉基鴻,46,先發,4,3,1,1,0,0,0,0,1,0,0,0,1,0,0,0,0,0,0,0,0,0,0,75,303
2025,A,264,2,0000000001,0000005548,林孝程,7,先發,3,3,0,0,0,0,0,0,0,0,0,0,0,0,0,1,0,0,0,0,0,0,0,5,31
2025,A,264,2,0000000001,0000005549,郭天信,2,先發,4,3,1,1,0,0,0,0,1,0,0,0,1,0,0,0,0,0,0,0,0,0,0,79,294
2025,A,264,2,0000000001,0000007079,劉俊緯,23,先發,2,2,0,0,0,0,0,0,0,0,0,0,0,0,0,1,0,0,0,0,0,0,0,35,136
2025,A,265,1,0000000001,0000001339,林祖傑,39,非先發,0,0,0,0,0,0,0,0,0,0,0,0,0,0,0,0,0,0,0,0,0,0,0,16,57
2025,A,265,1,0000000001,0000001474,蘇智傑,32,先發,4,4,3,2,1,0,0,0,4,0,0,1,0,0,0,0,0,0,0,0,0,0,0,33,131
2025,A,265,1,0000000001,0000001606,林岱安,31,先發,3,3,0,0,0,0,0,0,0,0,0,0,0,0,0,0,0,0,0,0,0,0,0,32,141
2025,A,265,1,0000000001,0000002275,林安可,77,先發,4,4,1,1,0,0,0,0,1,0,0,0,0,0,0,2,0,0,0,0,0,0,0,72,212
2025,A,265,1,0000000001,0000002661,陳鏞基,13,先發,4,4,2,2,0,0,0,0,2,1,0,0,0,0,0,1,0,0,0,0,0,0,0,37,122
2025,A,265,1,0000000001,0000002707,潘傑楷,35,先發,4,4,0,0,0,0,0,0,0,0,0,0,0,0,0,1,0,0,0,0,1,0,0,79,278
2025,A,265,1,0000000001,0000003615,胡金龍,51,非先發,1,1,0,0,0,0,0,0,0,0,0,0,0,0,0,0,0,0,0,0,0,0,0,29,96
2025,A,265,1,0000000001,0000005522,朱迦恩,8,先發,3,3,1,0,0,0,1,0,4,1,0,1,0,0,0,0,0,0,0,0,0,0,0,9,45
2025,A,265,1,0000000001,0000007070,林佳緯,20,先發,4,4,0,0,0,0,0,0,0,0,0,0,0,0,0,2,0,0,0,0,0,0,0,90,322
2025,A,265,1,0000000001,0000007071,林泓弦,67,先發,3,3,0,0,0,0,0,0,0,0,0,0,0,0,0,1,0,0,0,0,0,0,0,6,26
2025,A,265,1,0000000001,0000007268,陳聖平,15,先發,3,3,0,0,0,0,0,0,0,0,0,0,0,0,0,1,0,0,0,0,0,0,0,63,239
2025,A,265,2,0000000001,0000000753,杜家明,71,非先發,1,1,0,0,0,0,0,0,0,0,0,0,0,0,0,1,0,0,0,0,0,0,0,25,105
2025,A,265,2,0000000001,0000000935,王柏融,9,先發,4,4,1,1,0,0,0,0,1,0,0,0,0,0,0,1,0,0,0,0,0,0,0,71,274
2025,A,265,2,0000000001,0000001291,郭阜林,59,先發,3,3,0,0,0,0,0,0,0,1,0,1,0,0,0,0,0,0,0,0,0,0,0,54,187
2025,A,265,2,0000000001,0000003649,吳念庭,39,先發,4,1,0,0,0,0,0,0,0,1,0,2,2,0,0,1,0,0,0,1,0,0,0,71,206
2025,A,265,2,0000000001,0000005340,王博玄,6,先發,5,5,2,1,1,0,0,0,3,1,0,1,0,0,0,0,0,0,0,0,0,0,0,93,300
2025,A,265,2,0000000001,0000006211,張肇元,29,先發,4,4,2,2,0,0,0,0,2,1,1,0,0,0,0,1,0,0,0,0,0,0,0,69,265
2025,A,265,2,0000000001,0000006927,曾子祐,1,先發,5,5,0,0,0,0,0,0,0,0,0,0,0,0,0,0,0,0,0,0,0,0,0,92,322
2025,A,265,2,0000000001,0000006928,林家鋐,16,先發,4,3,1,1,0,0,0,0,1,0,0,1,1,0,0,0,0,0,0,0,0,0,0,45,167
2025,A,265,2,0000000001,0000006929,紀慶然,24,先發,2,2,1,1,0,0,0,0,1,0,0,0,0,0,0,0,0,0,0,0,0,0,0,45,182
2025,A,265,2,0000000001,0000006939,顏郁軒,5,非先發,1,1,0,0,0,0,0,0,0,0,0,0,0,0,0,1,0,0,0,0,0,0,0,12,45
2025,A,265,2,0000000001,0000007239,魔鷹,94,先發,4,3,2,1,1,0,0,0,3,1,0,0,1,0,0,0,0,0,0,0,0,0,0,80,264
2025,A,265,2,0000000001,0000007301,曾昱磬,44,非先發,1,0,0,0,0,0,0,0,0,0,0,0,1,0,0,0,0,0,0,0,0,0,0,23,106
2025,A,266,1,0000000001,0000001119,許基宏,74,先發,3,3,0,0,0,0,0,0,0,0,0,0,0,0,0,2,0,0,0,0,0,0,0,72,253
2025,A,266,1,0000000001,0000002285,高宇杰,65,先發,2,1,0,0,0,0,0,0,0,0,0,0,1,0,0,0,0,0,0,0,0,0,0,68,266
2025,A,266,1,0000000001,0000002291,岳東華,98,先發,4,4,1,1,0,0,0,0,1,1,0,0,0,0,0,1,0,0,0,0,0,0,0,59,258
2025,A,266,1,0000000001,0000002307,王政順,61,非先發,2,2,1,1,0,0,0,0,1,0,0,0,0,0,0,1,0,0,0,0,0,0,0,28,90
2025,A,266,1,0000000001,0000003609,陳俊秀,29,先發,3,3,0,0,0,0,0,0,0,0,0,0,0,0,0,1,0,0,0,0,0,0,0,43,168
2025,A,266,1,0000000001,0000004636,江坤宇,90,先發,2,2,1,1,0,0,0,0,1,0,0,1,0,0,0,0,0,0,0,0,0,0,0,72,262
2025,A,266,1,0000000001,0000005298,黃韋盛,66,先發,5,5,3,2,1,0,0,0,4,3,0,1,0,0,0,1,1,0,0,0,0,0,0,56,195
2025,A,266,1,0000000001,0000005569,曾頌恩,1,先發,5,4,3,2,1,0,0,0,4,0,0,2,1,0,0,0,0,0,0,0,1,0,0,34,151
2025,A,266,1,0000000001,0000005571,岳政華,92,先發,5,5,1,0,1,0,0,0,2,0,0,1,0,0,0,0,0,0,0,0,0,0,0,53,198
2025,A,266,1,0000000001,0000006225,宋晟睿,88,非先發,3,2,1,1,0,0,0,0,1,1,0,2,0,0,1,0,0,0,0,0,0,0,0,79,290
2025,A,266,1,0000000001,0000006730,張仁瑋,28,先發,5,4,1,1,0,0,0,0,1,0,0,0,1,0,0,0,0,0,0,0,1,0,0,29,101
2025,A,266,1,0000000001,0000006732,陳統恩,48,非先發,3,3,1,1,0,0,0,0,1,3,1,1,0,0,0,1,0,0,0,0,0,0,1,2,6
2025,A,266,1,0000000001,0000007278,許庭綸,13,非先發,2,2,2,1,1,0,0,0,3,1,0,1,0,0,0,0,0,0,0,0,0,0,0,7,34
2025,A,266,2,0000000001,0000000361,張洺瑀,33,先發,3,3,1,1,0,0,0,0,1,1,0,1,0,0,0,0,0,0,0,0,0,0,0,8,40
2025,A,266,2,0000000001,0000000910,張進德,47,先發,5,5,3,3,0,0,0,0,3,0,0,1,0,0,0,0,0,0,0,0,0,0,0,8,23
2025,A,266,2,0000000001,0000001473,李宗賢,22,先發,4,4,3,3,0,0,0,0,3,1,0,0,0,0,0,0,1,0,0,0,0,0,0,32,143
2025,A,266,2,0000000001,0000002352,范國宸,46,非先發,1,1,0,0,0,0,0,0,0,0,0,0,0,0,0,0,0,0,0,0,0,0,0,61,234
2025,A,266,2,0000000001,0000004645,戴培峰,95,先發,4,4,3,3,0,0,0,0,3,2,0,1,0,0,0,0,0,0,0,0,0,0,0,58,222
2025,A,266,2,0000000001,0000005310,陳真,7,非先發,0,0,0,0,0,0,0,0,0,0,0,0,0,0,0,0,0,0,0,0,0,0,0,37,162
2025,A,266,2,0000000001,0000005510,林澤彬,2,非先發,1,1,0,0,0,0,0,0,0,0,0,0,0,0,0,0,0,0,0,0,0,0,0,60,196
2025,A,266,2,0000000001,0000006738,孔念恩,82,先發,4,4,1,0,1,0,0,0,2,1,0,0,0,0,0,1,0,0,0,0,0,0,0,49,184
2025,A,266,2,0000000001,0000006861,蔡佳諺,65,非先發,0,0,0,0,0,0,0,0,0,0,0,0,0,0,0,0,0,0,0,0,0,0,0,7,45
2025,A,266,2,0000000001,0000006868,周佳樂,77,先發,3,3,0,0,0,0,0,0,0,0,0,0,0,0,0,2,0,0,0,0,0,0,0,28,143
2025,A,266,2,0000000001,0000006872,林岳谷,62,先發,5,5,1,1,0,0,0,0,1,0,0,1,0,0,0,0,1,0,0,0,0,0,0,42,168
2025,A,266,2,0000000001,0000006888,張育成,99,先發,5,3,1,0,1,0,0,0,2,1,0,2,2,0,0,1,0,0,0,0,0,0,0,36,132
2025,A,266,2,0000000001,0000007094,陳愷佑,56,先發,5,5,1,1,0,0,0,0,1,0,0,0,0,0,0,1,0,1,0,0,0,0,0,1,12
2025,A,267,1,0000000001,0000000132,梁家榮,5,非先發,3,1,0,0,0,0,0,0,0,0,0,0,1,0,0,0,0,0,1,0,0,0,0,30,132
2025,A,267,1,0000000001,0000000153,林承飛,6,先發,4,4,2,1,1,0,0,0,3,2,0,0,0,0,0,0,0,0,0,0,0,0,0,33,125
2025,A,267,1,0000000001,0000000159,成晉,35,先發,4,4,2,1,1,0,0,0,3,0,0,1,0,0,0,0,0,0,0,0,0,0,0,62,234
2025,A,267,1,0000000001,0000001618,林子偉,15,先發,4,4,0,0,0,0,0,0,0,0,0,0,0,0,0,1,0,0,0,0,0,0,0,63,252
2025,A,267,1,0000000001,0000002282,張閔勛,28,先發,4,4,0,0,0,0,0,0,0,0,0,0,0,0,0,1,0,0,0,0,0,0,0,61,210
2025,A,267,1,0000000001,0000002286,林立,39,先發,4,4,2,2,0,0,0,0,2,0,0,1,0,0,0,0,1,0,0,0,0,0,0,65,171
2025,A,267,1,0000000001,0000003345,林智平,79,先發,4,3,0,0,0,0,0,0,0,0,0,0,1,0,0,0,0,0,0,0,0,0,0,74,244
2025,A,267,1,0000000001,0000003467,林泓育,11,先發,4,3,0,0,0,0,0,0,0,0,0,0,1,0,0,1,0,0,0,0,1,0,0,81,274
2025,A,267,1,0000000001,0000003563,余德龍,36,先發,4,4,1,1,0,0,0,0,1,0,0,0,0,0,0,0,1,0,0,0,0,0,0,45,153
2025,A,267,1,0000000001,0000004633,陳晨威,98,先發,1,1,0,0,0,0,0,0,0,0,0,0,0,0,0,0,0,0,0,0,0,0,0,98,326
2025,A,267,2,0000000001,0000000045,林智勝,31,先發,3,3,1,1,0,0,0,0,1,0,0,0,0,0,0,2,1,0,0,0,0,0,0,11,47
2025,A,267,2,0000000001,0000000743,陳子豪,1,非先發,1,1,1,1,0,0,0,0,1,1,1,0,0,0,0,0,0,0,0,0,0,0,1,61,264
2025,A,267,2,0000000001,0000001318,朱育賢,11,先發,4,3,0,0,0,0,0,0,0,1,0,0,0,0,0,2,0,0,0,1,0,0,0,75,249
2025,A,267,2,0000000001,0000003625,吉力吉撈．鞏冠,4,先發,4,4,0,0,0,0,0,0,0,0,0,0,0,0,0,1,0,0,0,0,0,0,0,91,321
2025,A,267,2,0000000001,0000005291,蔣少宏,63,先發,3,2,1,0,0,0,1,0,4,1,0,1,1,0,0,1,0,0,0,0,0,1,0,45,200
2025,A,267,2,0000000001,0000005540,李凱威,21,先發,4,3,2,1,1,0,0,0,3,0,0,1,1,0,0,0,2,0,0,0,0,0,0,89,309
2025,A,267,2,0000000001,0000005542,張政禹,25,先發,3,3,0,0,0,0,0,0,0,0,0,0,0,0,0,1,0,0,0,0,0,0,0,65,233
2025,A,267,2,0000000001,0000005545,劉基鴻,46,先發,3,3,0,0,0,0,0,0,0,0,0,0,0,0,0,0,0,0,0,0,0,0,0,75,306
2025,A,267,2,0000000001,0000005548,林孝程,7,非先發,0,0,0,0,0,0,0,0,0,0,0,0,0,0,0,0,0,0,0,0,0,0,0,5,31
2025,A,267,2,0000000001,0000005549,郭天信,2,先發,4,4,1,1,0,0,0,0,1,0,0,1,0,0,0,1,1,0,0,0,1,0,0,80,298
2025,A,267,2,0000000001,0000006216,王順和,24,非先發,0,0,0,0,0,0,0,0,0,0,0,0,0,0,0,0,0,0,0,0,0,0,0,37,125
2025,A,267,2,0000000001,0000007304,曾聖安,50,先發,3,3,1,1,0,0,0,0,1,0,0,0,0,0,0,0,0,0,0,0,0,0,0,21,113
2025,A,268,1,0000000001,0000001339,林祖傑,39,先發,5,3,0,0,0,0,0,0,0,0,0,0,1,0,1,0,0,0,0,0,0,1,0,16,60
2025,A,268,1,0000000001,0000001474,蘇智傑,32,先發,1,1,0,0,0,0,0,0,0,0,0,0,0,0,0,0,0,0,0,0,0,0,0,33,132
2025,A,268,1,0000000001,0000001606,林岱安,31,先發,4,4,0,0,0,0,0,0,0,0,0,0,0,0,0,0,0,0,0,0,0,1,0,32,145
2025,A,268,1,0000000001,0000002289,陳重廷,66,先發,4,3,0,0,0,0,0,0,0,0,0,0,1,0,0,0,1,0,0,0,0,0,0,32,142
2025,A,268,1,0000000001,0000002298,陳重羽,65,非先發,0,0,0,0,0,0,0,0,0,0,0,0,0,0,0,0,0,0,0,0,0,0,0,32,153
2025,A,268,1,0000000001,0000002707,潘傑楷,35,先發,2,2,0,0,0,0,0,0,0,0,0,0,0,0,0,0,0,0,0,0,0,0,0,79,280
2025,A,268,1,0000000001,0000003615,胡金龍,51,先發,4,4,2,2,0,0,0,0,2,0,0,1,0,0,0,0,0,0,0,0,0,0,0,31,100
2025,A,268,1,0000000001,0000005522,朱迦恩,8,先發,4,3,0,0,0,0,0,0,0,0,0,0,1,0,0,1,0,0,0,0,0,0,0,9,48
2025,A,268,1,0000000001,0000006223,林子豪,2,非先發,2,2,1,1,0,0,0,0,1,0,0,0,0,0,0,0,0,0,0,0,0,0,0,42,189
2025,A,268,1,0000000001,0000006847,田子杰,49,非先發,4,4,1,1,0,0,0,0,1,0,0,0,0,0,0,1,0,0,0,0,0,0,0,4,21
2025,A,268,1,0000000001,0000007070,林佳緯,20,先發,5,5,2,0,2,0,0,0,4,0,0,0,0,0,0,1,0,0,0,0,0,0,0,92,327
2025,A,268,1,0000000001,0000007071,林泓弦,67,非先發,3,1,0,0,0,0,0,0,0,0,0,0,1,0,1,1,0,0,0,0,0,0,0,6,27
2025,A,268,1,0000000001,0000007268,陳聖平,15,先發,1,1,0,0,0,0,0,0,0,0,0,0,0,0,0,1,0,0,0,0,0,0,0,63,240
2025,A,268,2,0000000001,0000000935,王柏融,9,先發,5,5,2,2,0,0,0,0,2,2,1,0,0,0,0,1,0,0,0,0,0,0,0,73,279
2025,A,268,2,0000000001,0000003649,吳念庭,39,先發,5,5,2,2,0,0,0,0,2,0,0,1,0,0,0,0,0,0,0,0,0,0,0,73,211
2025,A,268,2,0000000001,0000005296,董秉軒,0,非先發,1,0,0,0,0,0,0,0,0,1,0,0,0,0,0,0,0,0,0,1,0,0,0,2,6
2025,A,268,2,0000000001,0000005340,王博玄,6,先發,4,4,2,1,1,0,0,0,3,3,0,0,0,0,0,1,0,0,0,0,0,0,0,95,304
2025,A,268,2,0000000001,0000006924,廖奕安,27,先發,4,3,2,2,0,0,0,0,2,0,0,3,1,0,0,0,0,0,0,0,0,0,0,3,8
2025,A,268,2,0000000001,0000006927,曾子祐,1,先發,5,5,2,1,1,0,0,0,3,1,0,1,0,0,0,0,0,0,0,0,0,0,0,94,327
2025,A,268,2,0000000001,0000006928,林家鋐,16,先發,5,4,1,1,0,0,0,0,1,0,0,1,1,0,0,1,1,0,0,0,1,0,0,46,171
2025,A,268,2,0000000001,0000006929,紀慶然,24,非先發,0,0,0,0,0,0,0,0,0,0,0,0,0,0,0,0,0,0,0,0,0,0,0,45,182
2025,A,268,2,0000000001,0000006939,顏郁軒,5,先發,5,5,1,1,0,0,0,0,1,0,0,1,0,0,0,1,0,0,0,0,1,0,0,13,50
2025,A,268,2,0000000001,0000007239,魔鷹,94,先發,5,2,0,0,0,0,0,0,0,1,0,0,2,0,0,2,0,0,0,1,0,0,0,80,266
2025,A,268,2,0000000001,0000007301,曾昱磬,44,先發,5,3,2,0,0,0,2,0,8,3,0,4,2,0,0,1,0,0,0,0,0,0,1,25,109
2025,A,269,1,0000000001,0000001119,許基宏,74,非先發,1,1,0,0,0,0,0,0,0,0,0,0,0,0,0,0,0,0,0,0,0,0,0,72,254
2025,A,269,1,0000000001,0000002285,高宇杰,65,先發,3,3,0,0,0,0,0,0,0,0,0,0,0,0,0,1,0,0,0,0,0,1,0,68,269
2025,A,269,1,0000000001,0000002291,岳東華,98,先發,3,3,0,0,0,0,0,0,0,0,0,0,0,0,0,1,0,0,0,0,0,0,0,59,261
2025,A,269,1,0000000001,0000002307,王政順,61,先發,3,3,0,0,0,0,0,0,0,0,0,0,0,0,0,0,0,0,0,0,0,0,0,28,93
2025,A,269,1,0000000001,0000003183,張志豪,7,非先發,1,0,0,0,0,0,0,0,0,0,0,0,0,0,1,0,0,0,0,0,0,0,0,17,88
2025,A,269,1,0000000001,0000004636,江坤宇,90,先發,3,3,0,0,0,0,0,0,0,0,0,0,0,0,0,0,0,0,0,0,0,0,0,72,265
2025,A,269,1,0000000001,0000005298,黃韋盛,66,先發,3,3,2,2,0,0,0,0,2,0,0,0,0,0,0,0,0,0,0,0,0,1,0,58,198
2025,A,269,1,0000000001,0000005342,林志綱,47,非先發,0,0,0,0,0,0,0,0,0,0,0,0,0,0,0,0,0,0,0,0,0,0,0,0,1
2025,A,269,1,0000000001,0000005569,曾頌恩,1,先發,4,4,0,0,0,0,0,0,0,0,0,0,0,0,0,1,0,0,0,0,0,0,0,34,155
2025,A,269,1,0000000001,0000005571,岳政華,92,先發,4,2,1,1,0,0,0,0,1,0,0,0,0,0,0,0,0,0,2,0,0,0,0,54,200
2025,A,269,1,0000000001,0000006225,宋晟睿,88,先發,3,3,0,0,0,0,0,0,0,0,0,0,0,0,0,1,0,0,0,0,0,0,0,79,293
2025,A,269,1,0000000001,0000006730,張仁瑋,28,先發,3,2,0,0,0,0,0,0,0,0,0,0,1,0,0,1,0,0,0,0,0,0,0,29,103
2025,A,269,2,0000000001,0000001473,李宗賢,22,先發,4,3,1,1,0,0,0,0,1,0,0,1,1,0,0,0,1,0,0,0,0,0,0,33,146
2025,A,269,2,0000000001,0000002352,范國宸,46,先發,4,4,0,0,0,0,0,0,0,0,0,0,0,0,0,1,0,0,0,0,0,0,0,61,238
2025,A,269,2,0000000001,0000005310,陳真,7,先發,3,2,0,0,0,0,0,0,0,0,0,0,1,0,0,1,0,0,0,0,0,0,0,37,164
2025,A,269,2,0000000001,0000006737,董子恩,78,非先發,0,0,0,0,0,0,0,0,0,0,0,0,0,0,0,0,0,0,0,0,0,0,0,40,154
2025,A,269,2,0000000001,0000006738,孔念恩,82,先發,4,3,0,0,0,0,0,0,0,0,0,0,1,0,0,1,0,0,0,0,0,0,0,49,187
2025,A,269,2,0000000001,0000006861,蔡佳諺,65,先發,4,4,2,1,1,0,0,0,3,0,0,0,0,0,0,1,0,0,0,0,0,0,0,9,49
2025,A,269,2,0000000001,0000006868,周佳樂,77,非先發,1,1,0,0,0,0,0,0,0,0,0,0,0,0,0,1,0,0,0,0,0,0,0,28,144
2025,A,269,2,0000000001,0000006872,林岳谷,62,先發,4,4,0,0,0,0,0,0,0,0,0,0,0,0,0,1,0,0,0,0,0,0,0,42,172
2025,A,269,2,0000000001,0000006888,張育成,99,先發,4,4,1,1,0,0,0,0,1,1,1,0,0,0,0,0,0,0,0,0,0,0,0,37,136
2025,A,269,2,0000000001,0000006909,豊暐,43,先發,3,2,0,0,0,0,0,0,0,0,0,0,1,0,0,1,0,0,0,0,0,0,0,20,90
2025,A,269,2,0000000001,0000007094,陳愷佑,56,先發,3,2,0,0,0,0,0,0,0,0,0,0,1,0,0,1,0,0,0,0,0,0,0,1,14
2025,A,270,1,0000000001,0000000153,林承飛,6,先發,5,5,3,1,2,0,0,0,5,2,0,0,0,0,0,1,0,0,0,0,0,0,0,36,130
2025,A,270,1,0000000001,0000000159,成晉,35,先發,5,3,0,0,0,0,0,0,0,0,0,1,0,0,1,0,0,0,1,0,0,0,0,62,237
2025,A,270,1,0000000001,0000001618,林子偉,15,先發,4,4,1,1,0,0,0,0,1,0,0,0,0,0,0,1,0,0,0,0,0,0,0,64,256
2025,A,270,1,0000000001,0000002282,張閔勛,28,非先發,1,1,1,1,0,0,0,0,1,1,0,0,0,0,0,0,0,0,0,0,0,0,0,62,211
2025,A,270,1,0000000001,0000002286,林立,39,先發,5,4,1,1,0,0,0,0,1,0,0,1,1,0,0,1,1,0,0,0,0,0,0,66,175
2025,A,270,1,0000000001,0000003345,林智平,79,先發,5,5,1,1,0,0,0,0,1,0,0,1,0,0,0,1,0,0,0,0,0,0,0,75,249
2025,A,270,1,0000000001,0000003467,林泓育,11,先發,5,5,2,1,0,0,1,0,5,2,0,2,0,0,0,0,0,0,0,0,0,0,1,83,279
2025,A,270,1,0000000001,0000003563,余德龍,36,先發,5,5,2,2,0,0,0,0,2,0,0,1,0,0,0,2,1,0,0,0,0,0,0,47,158
2025,A,270,1,0000000001,0000006235,林政華,65,非先發,0,0,0,0,0,0,0,0,0,0,0,0,0,0,0,0,0,0,0,0,0,0,0,63,218
2025,A,270,1,0000000001,0000006240,馬傑森,94,非先發,0,0,0,0,0,0,0,0,0,0,0,0,0,0,0,0,0,0,0,0,0,0,0,20,125
2025,A,270,1,0000000001,0000006854,宋嘉翔,2,先發,3,2,0,0,0,0,0,0,0,0,0,0,1,0,0,1,0,0,0,0,0,0,0,28,95
2025,A,270,1,0000000001,0000007076,李勛傑,95,先發,4,3,0,0,0,0,0,0,0,0,0,0,1,0,0,2,0,0,0,0,0,0,0,23,111
2025,A,270,2,0000000001,0000000743,陳子豪,1,先發,4,1,1,1,0,0,0,0,1,1,0,1,2,0,0,0,0,1,0,1,0,0,0,62,265
2025,A,270,2,0000000001,0000001318,朱育賢,11,先發,4,4,0,0,0,0,0,0,0,1,0,0,0,0,0,0,0,0,0,0,0,0,0,75,253
2025,A,270,2,0000000001,0000003343,郭嚴文,6,先發,2,2,0,0,0,0,0,0,0,0,0,0,0,0,0,1,0,0,0,0,0,0,0,25,107
2025,A,270,2,0000000001,0000003625,吉力吉撈．鞏冠,4,非先發,2,2,1,0,1,0,0,0,2,1,0,1,0,0,0,0,0,0,0,0,1,0,0,92,323
2025,A,270,2,0000000001,0000005291,蔣少宏,63,先發,4,4,0,0,0,0,0,0,0,0,0,0,0,0,0,1,0,0,0,0,0,0,0,45,204
2025,A,270,2,0000000001,0000005540,李凱威,21,先發,4,3,1,1,0,0,0,0,1,0,0,2,0,0,1,1,1,0,0,0,0,0,0,90,312
2025,A,270,2,0000000001,0000005542,張政禹,25,先發,4,3,1,1,0,0,0,0,1,1,0,0,0,0,0,0,0,0,0,1,0,1,0,66,236
2025,A,270,2,0000000001,0000005545,劉基鴻,46,先發,4,4,2,2,0,0,0,0,2,1,0,0,0,0,0,1,0,0,0,0,0,0,0,77,310
2025,A,270,2,0000000001,0000005549,郭天信,2,先發,4,4,2,1,1,0,0,0,3,0,0,1,0,0,0,0,1,0,0,0,0,0,0,82,302
2025,A,270,2,0000000001,0000006216,王順和,24,非先發,0,0,0,0,0,0,0,0,0,0,0,0,0,0,0,0,0,0,0,0,0,0,0,37,125
2025,A,270,2,0000000001,0000007304,曾聖安,50,先發,3,3,1,1,0,0,0,0,1,0,0,0,0,0,0,1,0,0,0,0,0,0,0,22,116
2025,A,271,1,0000000001,0000000361,張洺瑀,33,非先發,1,1,0,0,0,0,0,0,0,0,0,0,0,0,0,1,0,0,0,0,0,0,0,8,41
2025,A,271,1,0000000001,0000000910,張進德,47,非先發,0,0,0,0,0,0,0,0,0,0,0,0,0,0,0,0,0,0,0,0,0,0,0,8,23
2025,A,271,1,0000000001,0000001473,李宗賢,22,非先發,1,1,0,0,0,0,0,0,0,0,0,0,0,0,0,0,0,0,0,0,1,0,0,33,147
2025,A,271,1,0000000001,0000002352,范國宸,46,先發,5,4,2,2,0,0,0,0,2,0,0,1,1,0,0,1,0,0,0,0,0,0,0,63,242
2025,A,271,1,0000000001,0000004645,戴培峰,95,先發,4,3,0,0,0,0,0,0,0,0,0,0,0,0,1,0,0,0,0,0,0,0,0,58,225
2025,A,271,1,0000000001,0000005310,陳真,7,先發,4,4,2,1,1,0,0,0,3,0,0,0,0,0,0,1,0,0,0,0,0,0,0,39,168
2025,A,271,1,0000000001,0000005510,林澤彬,2,先發,5,5,3,3,0,0,0,0,3,0,0,0,0,0,0,0,0,0,0,0,1,1,0,63,201
2025,A,271,1,0000000001,0000006737,董子恩,78,先發,4,4,3,3,0,0,0,0,3,1,0,0,0,0,0,0,0,0,0,0,0,0,0,43,158
2025,A,271,1,0000000001,0000006738,孔念恩,82,先發,2,2,0,0,0,0,0,0,0,0,0,0,0,0,0,1,0,0,0,0,0,0,0,49,189
2025,A,271,1,0000000001,0000006861,蔡佳諺,65,先發,5,5,2,2,0,0,0,0,2,0,0,0,0,0,0,0,0,0,0,0,0,0,0,11,54
2025,A,271,1,0000000001,0000006868,周佳樂,77,非先發,0,0,0,0,0,0,0,0,0,0,0,0,0,0,0,0,0,0,0,0,0,0,0,28,144
2025,A,271,1,0000000001,0000006872,林岳谷,62,先發,4,3,1,1,0,0,0,0,1,0,0,0,0,0,0,0,0,0,1,0,0,0,0,43,175
2025,A,271,1,0000000001,0000006888,張育成,99,先發,5,4,1,1,0,0,0,0,1,0,0,0,1,0,0,0,0,0,0,0,0,0,0,38,140
2025,A,271,1,0000000001,0000007094,陳愷佑,56,非先發,0,0,0,0,0,0,0,0,0,0,0,0,0,0,0,0,0,0,0,0,0,0,0,1,14
2025,A,271,2,0000000001,0000000132,梁家榮,5,非先發,0,0,0,0,0,0,0,0,0,0,0,0,0,0,0,0,0,0,0,0,0,0,0,30,132
2025,A,271,2,0000000001,0000000153,林承飛,6,先發,4,3,0,0,0,0,0,0,0,0,0,0,1,0,0,0,0,0,0,0,1,0,0,36,133
2025,A,271,2,0000000001,0000000159,成晉,35,先發,4,4,2,1,1,0,0,0,3,0,0,1,0,0,0,0,0,0,0,0,0,0,0,64,241
2025,A,271,2,0000000001,0000001618,林子偉,15,先發,4,3,0,0,0,0,0,0,0,0,0,0,1,0,0,0,0,0,0,0,0,0,0,64,259
2025,A,271,2,0000000001,0000002282,張閔勛,28,先發,4,3,1,1,0,0,0,0,1,0,0,0,0,0,0,0,0,0,1,0,0,0,0,63,214
2025,A,271,2,0000000001,0000002286,林立,39,先發,4,4,1,1,0,0,0,0,1,0,0,1,0,0,0,0,0,0,0,0,0,0,0,67,179
2025,A,271,2,0000000001,0000003345,林智平,79,先發,4,3,1,1,0,0,0,0,1,0,0,0,1,0,0,1,0,0,0,0,0,0,0,76,252
2025,A,271,2,0000000001,0000003467,林泓育,11,先發,4,2,2,2,0,0,0,0,2,2,1,0,1,1,0,0,0,0,0,1,0,0,1,85,281
2025,A,271,2,0000000001,0000003563,余德龍,36,先發,4,3,0,0,0,0,0,0,0,0,0,0,0,0,1,1,0,0,0,0,0,0,0,47,161
2025,A,271,2,0000000001,0000006235,林政華,65,先發,4,4,0,0,0,0,0,0,0,0,0,0,0,0,0,1,0,0,0,0,0,0,0,63,222
2025,A,271,2,0000000001,0000006240,馬傑森,94,非先發,0,0,0,0,0,0,0,0,0,0,0,0,0,0,0,0,0,0,0,0,0,0,0,20,125
2025,A,272,1,0000000001,0000001119,許基宏,74,非先發,1,1,1,1,0,0,0,0,1,0,0,0,0,0,0,0,0,0,0,0,0,0,0,73,255
2025,A,272,1,0000000001,0000002291,岳東華,98,先發,2,2,0,0,0,0,0,0,0,0,0,0,0,0,0,2,0,0,0,0,0,1,0,59,263
2025,A,272,1,0000000001,0000002307,王政順,61,先發,4,3,0,0,0,0,0,0,0,0,0,0,1,0,0,0,0,0,0,0,0,0,0,28,96
2025,A,272,1,0000000001,0000003183,張志豪,7,先發,3,3,1,1,0,0,0,0,1,0,0,0,0,0,0,2,0,1,0,0,0,0,0,18,91
2025,A,272,1,0000000001,0000004636,江坤宇,90,先發,4,4,1,1,0,0,0,0,1,0,0,0,0,0,0,0,0,0,0,0,0,0,0,73,269
2025,A,272,1,0000000001,0000005298,黃韋盛,66,先發,4,4,2,1,1,0,0,0,3,0,0,0,0,0,0,1,0,0,0,0,0,0,0,60,202
2025,A,272,1,0000000001,0000005342,林志綱,47,非先發,0,0,0,0,0,0,0,0,0,0,0,1,0,0,0,0,0,0,0,0,0,0,0,0,1
2025,A,272,1,0000000001,0000005569,曾頌恩,1,先發,3,3,0,0,0,0,0,0,0,0,0,0,0,0,0,2,0,0,0,0,0,0,0,34,158
2025,A,272,1,0000000001,0000005571,岳政華,92,先發,4,4,0,0,0,0,0,0,0,0,0,0,0,0,0,0,0,0,0,0,0,0,0,54,204
2025,A,272,1,0000000001,0000006225,宋晟睿,88,先發,4,3,0,0,0,0,0,0,0,0,0,0,1,0,0,1,1,1,0,0,0,0,0,79,296
2025,A,272,1,0000000001,0000006730,張仁瑋,28,非先發,1,1,0,0,0,0,0,0,0,0,0,0,0,0,0,0,0,0,0,0,0,0,0,29,104
2025,A,272,1,0000000001,0000006732,陳統恩,48,先發,3,3,0,0,0,0,0,0,0,0,0,0,0,0,0,1,0,0,0,0,0,0,0,2,9
2025,A,272,2,0000000001,0000001474,蘇智傑,32,先發,4,3,1,0,1,0,0,0,2,2,0,0,1,0,0,0,0,0,0,0,0,0,0,34,135
2025,A,272,2,0000000001,0000002275,林安可,77,先發,4,3,0,0,0,0,0,0,0,0,0,0,1,0,0,1,0,0,0,0,0,0,0,72,215
2025,A,272,2,0000000001,0000002298,陳重羽,65,先發,3,3,1,0,1,0,0,0,2,0,0,1,0,0,0,1,0,0,0,0,0,0,0,33,156
2025,A,272,2,0000000001,0000002661,陳鏞基,13,先發,4,4,0,0,0,0,0,0,0,0,0,0,0,0,0,0,0,0,0,0,0,0,0,37,126
2025,A,272,2,0000000001,0000002707,潘傑楷,35,先發,4,3,0,0,0,0,0,0,0,0,0,0,1,0,0,0,0,1,0,0,0,0,0,79,283
2025,A,272,2,0000000001,0000005522,朱迦恩,8,先發,3,3,0,0,0,0,0,0,0,0,0,0,0,0,0,2,0,0,0,0,0,0,0,9,51
2025,A,272,2,0000000001,0000007070,林佳緯,20,先發,4,4,1,1,0,0,0,0,1,2,1,1,0,0,0,1,0,0,0,0,0,0,0,93,331
2025,A,272,2,0000000001,0000007071,林泓弦,67,先發,3,1,0,0,0,0,0,0,0,0,0,1,1,0,1,1,1,0,0,0,0,2,0,6,28
2025,A,272,2,0000000001,0000007268,陳聖平,15,先發,4,4,1,1,0,0,0,0,1,0,0,1,0,0,0,1,0,0,0,0,0,0,0,64,244
2025,A,273,1,0000000001,0000000045,林智勝,31,非先發,1,1,0,0,0,0,0,0,0,0,0,0,0,0,0,1,0,0,0,0,0,0,0,11,48
2025,A,273,1,0000000001,0000000743,陳子豪,1,先發,4,3,0,0,0,0,0,0,0,0,0,0,1,0,0,0,0,0,0,0,0,0,0,62,268
2025,A,273,1,0000000001,0000003625,吉力吉撈．鞏冠,4,先發,4,4,1,1,0,0,0,0,1,0,0,0,0,0,0,0,0,0,0,0,0,1,0,93,327
2025,A,273,1,0000000001,0000005291,蔣少宏,63,先發,2,2,0,0,0,0,0,0,0,0,0,1,0,0,0,0,0,0,0,0,0,0,0,45,206
2025,A,273,1,0000000001,0000005532,全浩瑋,22,非先發,1,1,0,0,0,0,0,0,0,0,0,0,0,0,0,0,0,0,0,0,0,0,0,1,3
2025,A,273,1,0000000001,0000005540,李凱威,21,先發,4,3,2,2,0,0,0,0,2,0,0,1,1,0,0,0,0,1,0,0,0,0,0,92,315
2025,A,273,1,0000000001,0000005542,張政禹,25,先發,4,4,0,0,0,0,0,0,0,0,0,0,0,0,0,0,0,0,0,0,0,0,0,66,240
2025,A,273,1,0000000001,0000005545,劉基鴻,46,先發,4,4,1,1,0,0,0,0,1,1,0,0,0,0,0,0,0,1,0,0,0,0,0,78,314
2025,A,273,1,0000000001,0000005549,郭天信,2,先發,4,4,1,1,0,0,0,0,1,0,0,0,0,0,0,0,0,0,0,0,1,0,0,83,306
2025,A,273,1,0000000001,0000006216,王順和,24,先發,3,1,0,0,0,0,0,0,0,0,0,0,2,0,0,1,0,0,0,0,0,0,0,37,126
2025,A,273,1,0000000001,0000007304,曾聖安,50,先發,3,3,1,1,0,0,0,0,1,1,0,0,0,0,0,1,0,0,0,0,0,1,0,23,119
2025,A,273,2,0000000001,0000000935,王柏融,9,先發,4,4,0,0,0,0,0,0,0,0,0,0,0,0,0,2,0,0,0,0,0,0,0,73,283
2025,A,273,2,0000000001,0000001291,郭阜林,59,先發,3,3,0,0,0,0,0,0,0,1,0,0,0,0,0,1,0,0,0,0,0,1,0,54,190
2025,A,273,2,0000000001,0000003649,吳念庭,39,先發,4,3,1,0,0,0,1,0,4,2,1,1,1,0,0,0,0,0,0,0,0,0,1,74,214
2025,A,273,2,0000000001,0000005340,王博玄,6,先發,4,2,1,1,0,0,0,0,1,0,0,2,2,0,0,0,0,0,0,0,1,0,0,96,306
2025,A,273,2,0000000001,0000006211,張肇元,29,先發,4,3,0,0,0,0,0,0,0,0,0,0,1,0,0,0,0,0,0,0,0,0,0,69,268
2025,A,273,2,0000000001,0000006927,曾子祐,1,先發,4,4,1,1,0,0,0,0,1,0,0,1,0,0,0,0,0,0,0,0,0,0,0,95,331
2025,A,273,2,0000000001,0000006928,林家鋐,16,非先發,0,0,0,0,0,0,0,0,0,0,0,0,0,0,0,0,0,0,0,0,0,0,0,46,171
2025,A,273,2,0000000001,0000006930,黃秉揚,25,先發,3,3,0,0,0,0,0,0,0,0,0,0,0,0,0,2,0,0,0,0,1,0,0,7,35
2025,A,273,2,0000000001,0000006939,顏郁軒,5,非先發,1,1,0,0,0,0,0,0,0,0,0,0,0,0,0,0,0,0,0,0,0,0,0,13,51
2025,A,273,2,0000000001,0000007239,魔鷹,94,先發,4,4,2,1,1,0,0,0,3,1,0,1,0,0,0,0,0,0,0,0,0,0,0,82,270
2025,A,273,2,0000000001,0000007301,曾昱磬,44,先發,4,3,1,1,0,0,0,0,1,0,0,0,1,0,0,1,0,0,0,0,0,0,0,26,112
2025,A,274,1,0000000001,0000000361,張洺瑀,33,先發,3,3,0,0,0,0,0,0,0,0,0,0,0,0,0,2,0,0,0,0,0,0,0,8,44
2025,A,274,1,0000000001,0000000910,張進德,47,先發,4,3,2,2,0,0,0,0,2,1,0,1,1,0,0,0,1,0,0,0,0,0,0,10,26
2025,A,274,1,0000000001,0000002352,范國宸,46,非先發,1,1,0,0,0,0,0,0,0,0,0,0,0,0,0,0,0,0,0,0,0,0,0,63,243
2025,A,274,1,0000000001,0000005310,陳真,7,非先發,2,1,0,0,0,0,0,0,0,0,0,0,1,0,0,0,0,0,0,0,0,0,0,39,169
2025,A,274,1,0000000001,0000005510,林澤彬,2,先發,5,5,1,1,0,0,0,0,1,2,0,1,0,0,0,1,0,0,0,0,0,0,0,64,206
2025,A,274,1,0000000001,0000006737,董子恩,78,先發,5,5,2,2,0,0,0,0,2,0,0,1,0,0,0,1,0,0,0,0,0,0,0,45,163
2025,A,274,1,0000000001,0000006738,孔念恩,82,先發,4,3,0,0,0,0,0,0,0,0,0,0,1,0,0,2,0,0,0,0,0,0,0,49,192
2025,A,274,1,0000000001,0000006861,蔡佳諺,65,先發,6,5,1,1,0,0,0,0,1,0,0,2,1,0,0,2,0,0,0,0,0,0,0,12,59
2025,A,274,1,0000000001,0000006868,周佳樂,77,非先發,1,1,1,0,1,0,0,0,2,0,0,0,0,0,0,0,0,0,0,0,0,0,0,29,145
2025,A,274,1,0000000001,0000006888,張育成,99,先發,5,5,4,3,0,0,1,0,7,3,0,2,0,0,0,0,0,0,0,0,0,0,1,42,145
2025,A,274,1,0000000001,0000006909,豊暐,43,先發,5,5,1,1,0,0,0,0,1,0,0,0,0,0,0,2,0,0,0,0,0,0,0,21,95
2025,A,274,1,0000000001,0000007094,陳愷佑,56,先發,5,4,2,2,0,0,0,0,2,1,1,2,0,0,0,1,0,0,0,1,0,0,0,3,18
2025,A,274,2,0000000001,0000000132,梁家榮,5,先發,2,2,0,0,0,0,0,0,0,0,0,0,0,0,0,1,0,0,0,0,0,0,0,30,134
2025,A,274,2,0000000001,0000000153,林承飛,6,先發,4,4,1,1,0,0,0,0,1,0,0,0,0,0,0,2,0,0,0,0,0,0,0,37,137
2025,A,274,2,0000000001,0000000159,成晉,35,先發,4,4,0,0,0,0,0,0,0,0,0,0,0,0,0,1,0,0,0,0,0,1,0,64,245
2025,A,274,2,0000000001,0000001618,林子偉,15,先發,3,3,1,0,1,0,0,0,2,0,0,0,0,0,0,0,0,0,0,0,1,0,0,65,262
2025,A,274,2,0000000001,0000002282,張閔勛,28,先發,3,3,1,1,0,0,0,0,1,0,0,0,0,0,0,0,0,0,0,0,0,0,0,64,217
2025,A,274,2,0000000001,0000002286,林立,39,先發,4,3,2,2,0,0,0,0,2,1,0,0,0,0,0,0,0,0,0,1,0,0,0,69,182
2025,A,274,2,0000000001,0000003467,林泓育,11,先發,3,3,0,0,0,0,0,0,0,0,0,0,0,0,0,1,0,0,0,0,0,0,0,85,284
2025,A,274,2,0000000001,0000006235,林政華,65,先發,3,3,0,0,0,0,0,0,0,0,0,0,0,0,0,0,0,0,0,0,0,0,0,63,225
2025,A,274,2,0000000001,0000006240,馬傑森,94,非先發,2,2,1,1,0,0,0,0,1,0,0,0,0,0,0,1,0,0,0,0,0,0,0,21,127
2025,A,274,2,0000000001,0000006854,宋嘉翔,2,非先發,1,1,1,0,1,0,0,0,2,0,0,0,0,0,0,0,0,0,0,0,0,0,0,29,96
2025,A,274,2,0000000001,0000006856,董順傑,38,非先發,1,1,0,0,0,0,0,0,0,0,0,0,0,0,0,0,0,0,0,0,0,0,0,1,12
2025,A,274,2,0000000001,0000007076,李勛傑,95,先發,4,3,1,1,0,0,0,0,1,0,0,1,0,0,1,2,0,0,0,0,0,0,0,24,114
2025,A,275,1,0000000001,0000001119,許基宏,74,先發,4,2,0,0,0,0,0,0,0,1,1,0,2,0,0,0,0,1,0,0,0,0,0,73,257
2025,A,275,1,0000000001,0000002291,岳東華,98,先發,4,3,1,1,0,0,0,0,1,1,0,1,1,0,0,0,1,0,0,0,0,0,0,60,266
2025,A,275,1,0000000001,0000003183,張志豪,7,先發,4,1,0,0,0,0,0,0,0,1,0,2,2,0,0,0,0,0,0,1,0,0,0,18,92
2025,A,275,1,0000000001,0000004636,江坤宇,90,先發,4,3,0,0,0,0,0,0,0,0,0,1,1,0,0,0,0,0,0,0,0,0,0,73,272
2025,A,275,1,0000000001,0000005298,黃韋盛,66,先發,4,3,1,0,0,0,1,0,4,2,0,1,1,0,0,1,0,0,0,0,0,0,0,61,205
2025,A,275,1,0000000001,0000005569,曾頌恩,1,先發,4,4,1,1,0,0,0,0,1,2,0,0,0,0,0,0,0,0,0,0,1,0,0,35,162
2025,A,275,1,0000000001,0000005571,岳政華,92,先發,5,3,0,0,0,0,0,0,0,0,0,2,2,0,0,0,0,0,0,0,0,0,0,54,207
2025,A,275,1,0000000001,0000006225,宋晟睿,88,非先發,1,1,0,0,0,0,0,0,0,0,0,0,0,0,0,1,0,0,0,0,0,0,0,79,297
2025,A,275,1,0000000001,0000006730,張仁瑋,28,非先發,0,0,0,0,0,0,0,0,0,0,0,0,0,0,0,0,0,0,0,0,0,0,0,29,104
2025,A,275,1,0000000001,0000006732,陳統恩,48,先發,4,4,2,2,0,0,0,0,2,0,0,1,0,0,0,0,0,1,0,0,2,0,0,4,13
2025,A,275,1,0000000001,0000007278,許庭綸,13,先發,4,4,1,0,1,0,0,0,2,0,0,0,0,0,0,0,0,0,0,0,0,0,0,8,38
2025,A,275,2,0000000001,0000001474,蘇智傑,32,先發,3,3,0,0,0,0,0,0,0,0,0,0,0,0,0,0,0,0,0,0,1,0,0,34,138
2025,A,275,2,0000000001,0000001606,林岱安,31,先發,3,3,1,1,0,0,0,0,1,0,0,1,0,0,0,1,0,0,0,0,0,0,0,33,148
2025,A,275,2,0000000001,0000002275,林安可,77,先發,4,4,1,1,0,0,0,0,1,2,0,0,0,0,0,0,0,0,0,0,0,0,0,73,219
2025,A,275,2,0000000001,0000002661,陳鏞基,13,先發,3,3,1,1,0,0,0,0,1,0,0,0,0,0,0,2,0,0,0,0,0,0,0,38,129
2025,A,275,2,0000000001,0000002707,潘傑楷,35,先發,3,3,1,1,0,0,0,0,1,0,0,0,0,0,0,0,0,0,0,0,0,0,0,80,286
2025,A,275,2,0000000001,0000003615,胡金龍,51,先發,3,3,0,0,0,0,0,0,0,0,0,0,0,0,0,1,0,0,0,0,1,0,0,31,103
2025,A,275,2,0000000001,0000005522,朱迦恩,8,非先發,1,1,0,0,0,0,0,0,0,0,0,0,0,0,0,0,0,0,0,0,0,0,0,9,52
2025,A,275,2,0000000001,0000006223,林子豪,2,非先發,1,1,0,0,0,0,0,0,0,0,0,0,0,0,0,1,0,0,0,0,0,0,0,42,190
2025,A,275,2,0000000001,0000006847,田子杰,49,非先發,0,0,0,0,0,0,0,0,0,0,0,0,0,0,0,0,0,0,0,0,0,0,0,4,21
2025,A,275,2,0000000001,0000007070,林佳緯,20,先發,4,4,1,1,0,0,0,0,1,1,0,1,0,0,0,0,0,0,0,0,0,0,0,94,335
2025,A,275,2,0000000001,0000007071,林泓弦,67,先發,3,3,1,1,0,0,0,0,1,0,0,0,0,0,0,0,0,0,0,0,0,0,0,7,31
2025,A,275,2,0000000001,0000007268,陳聖平,15,先發,3,3,1,1,0,0,0,0,1,0,0,1,0,0,0,1,0,0,0,0,0,0,0,65,247
2025,A,276,1,0000000001,0000000045,林智勝,31,非先發,1,1,0,0,0,0,0,0,0,0,0,0,0,0,0,0,0,0,0,0,0,0,0,11,49
2025,A,276,1,0000000001,0000000356,石翔宇,72,非先發,0,0,0,0,0,0,0,0,0,0,0,0,0,0,0,0,0,0,0,0,0,0,0,3,7
2025,A,276,1,0000000001,0000000743,陳子豪,1,先發,4,3,1,0,0,0,1,0,4,2,0,1,0,0,1,0,0,0,0,0,0,0,0,63,271
2025,A,276,1,0000000001,0000001318,朱育賢,11,先發,5,5,2,1,1,0,0,0,3,1,0,0,0,0,0,1,0,0,0,0,0,0,0,77,258
2025,A,276,1,0000000001,0000003625,吉力吉撈．鞏冠,4,先發,5,4,1,1,0,0,0,0,1,1,0,0,1,0,0,1,0,0,0,0,0,0,0,94,331
2025,A,276,1,0000000001,0000005291,蔣少宏,63,非先發,1,1,0,0,0,0,0,0,0,0,0,0,0,0,0,1,0,0,0,0,0,0,0,45,207
2025,A,276,1,0000000001,0000005532,全浩瑋,22,先發,3,3,1,0,1,0,0,0,2,0,0,0,0,0,0,1,0,0,0,0,0,0,0,2,6
2025,A,276,1,0000000001,0000005540,李凱威,21,先發,5,5,0,0,0,0,0,0,0,0,0,0,0,0,0,0,0,0,0,0,0,0,0,92,320
2025,A,276,1,0000000001,0000005542,張政禹,25,先發,4,4,1,1,0,0,0,0,1,0,0,0,0,0,0,1,0,0,0,0,0,0,0,67,244
2025,A,276,1,0000000001,0000005545,劉基鴻,46,先發,4,4,2,2,0,0,0,0,2,0,0,1,0,0,0,1,0,0,0,0,0,0,0,80,318
2025,A,276,1,0000000001,0000005549,郭天信,2,先發,5,5,2,1,1,0,0,0,3,0,0,1,0,0,0,2,0,0,0,0,0,0,0,85,311
2025,A,276,1,0000000001,0000006216,王順和,24,先發,3,2,0,0,0,0,0,0,0,0,0,1,0,0,1,1,0,0,0,0,0,0,0,37,128
2025,A,276,2,0000000001,0000000753,杜家明,71,先發,3,2,1,0,1,0,0,0,2,0,0,0,0,0,1,0,0,0,0,0,0,0,0,26,107
2025,A,276,2,0000000001,0000000935,王柏融,9,非先發,2,2,1,1,0,0,0,0,1,1,0,0,0,0,0,0,0,0,0,0,0,0,0,74,285
2025,A,276,2,0000000001,0000003649,吳念庭,39,先發,4,4,1,1,0,0,0,0,1,0,0,1,0,0,0,1,0,0,0,0,0,0,0,75,218
2025,A,276,2,0000000001,0000005296,董秉軒,0,先發,2,2,0,0,0,0,0,0,0,0,0,0,0,0,0,0,0,0,0,0,0,0,0,2,8
2025,A,276,2,0000000001,0000005340,王博玄,6,先發,5,5,1,0,1,0,0,0,2,2,1,0,0,0,0,0,0,0,0,0,0,0,0,97,311
2025,A,276,2,0000000001,0000006211,張肇元,29,先發,4,3,0,0,0,0,0,0,0,0,0,0,1,0,0,0,0,0,0,0,0,0,0,69,271
2025,A,276,2,0000000001,0000006927,曾子祐,1,先發,5,3,0,0,0,0,0,0,0,0,0,0,2,0,0,1,0,1,0,0,0,0,0,95,334
2025,A,276,2,0000000001,0000006928,林家鋐,16,先發,4,3,1,0,0,0,1,0,4,2,0,2,1,0,0,0,0,0,0,0,0,0,0,47,174
2025,A,276,2,0000000001,0000006929,紀慶然,24,先發,4,4,3,3,0,0,0,0,3,0,0,2,0,0,0,0,0,0,0,0,0,0,0,48,186
2025,A,276,2,0000000001,0000006939,顏郁軒,5,非先發,1,1,0,0,0,0,0,0,0,0,0,0,0,0,0,0,0,0,0,0,0,0,0,13,52
2025,A,276,2,0000000001,0000007239,魔鷹,94,先發,4,4,3,0,2,0,1,0,8,2,0,2,0,0,0,0,0,0,0,0,0,0,1,85,274
2025,A,277,2,0000000001,0000002282,張閔勛,28,先發,4,3,2,2,0,0,0,0,2,0,0,2,0,0,1,1,0,0,0,0,0,0,0,66,220
2025,A,277,2,0000000001,0000002286,林立,39,先發,5,5,0,0,0,0,0,0,0,1,0,0,0,0,0,1,0,1,0,0,0,0,0,69,187
2025,A,277,2,0000000001,0000003345,林智平,79,先發,4,4,1,1,0,0,0,0,1,0,0,1,0,0,0,0,0,0,0,0,0,0,0,77,256
2025,A,277,2,0000000001,0000003467,林泓育,11,先發,4,4,2,1,1,0,0,0,3,0,0,1,0,0,0,0,0,0,0,0,0,0,0,87,288
2025,A,277,2,0000000001,0000006235,林政華,65,先發,4,4,1,1,0,0,0,0,1,1,0,0,0,0,0,0,0,0,0,0,0,0,0,64,229
2025,A,277,2,0000000001,0000006240,馬傑森,94,非先發,1,1,0,0,0,0,0,0,0,0,0,0,0,0,0,0,0,0,0,0,1,0,0,21,128
2025,A,277,2,0000000001,0000006856,董順傑,38,非先發,0,0,0,0,0,0,0,0,0,0,0,0,0,0,0,0,0,0,0,0,0,0,0,1,12
2025,A,277,2,0000000001,0000007076,李勛傑,95,先發,4,3,1,0,0,0,1,0,4,3,1,2,1,0,0,0,0,0,0,0,0,0,1,25,117
2025,A,277,1,0000000001,0000001474,蘇智傑,32,先發,4,4,1,0,1,0,0,0,2,0,0,0,0,0,0,1,0,0,0,0,0,0,0,35,142
2025,A,277,1,0000000001,0000001804,陳傑憲,24,非先發,1,1,0,0,0,0,0,0,0,0,0,0,0,0,0,0,0,0,0,0,0,0,0,69,243
2025,A,277,1,0000000001,0000002275,林安可,77,先發,4,3,1,1,0,0,0,0,1,0,0,0,1,0,0,1,0,1,0,0,0,0,0,74,222
2025,A,277,1,0000000001,0000002289,陳重廷,66,非先發,0,0,0,0,0,0,0,0,0,0,0,0,0,0,0,0,0,0,0,0,0,0,0,32,142
2025,A,277,1,0000000001,0000002298,陳重羽,65,先發,4,4,1,1,0,0,0,0,1,0,0,0,0,0,0,0,0,0,0,0,0,0,0,34,160
2025,A,277,1,0000000001,0000002707,潘傑楷,35,先發,4,4,0,0,0,0,0,0,0,0,0,0,0,0,0,1,0,0,0,0,0,1,0,80,290
2025,A,277,1,0000000001,0000006223,林子豪,2,先發,3,3,0,0,0,0,0,0,0,0,0,0,0,0,0,2,0,0,0,0,0,0,0,42,193
2025,A,277,1,0000000001,0000006847,田子杰,49,先發,3,2,0,0,0,0,0,0,0,0,0,0,1,0,0,0,0,0,0,0,0,0,0,4,23
2025,A,277,1,0000000001,0000007070,林佳緯,20,先發,4,4,1,1,0,0,0,0,1,0,0,0,0,0,0,0,0,0,0,0,0,0,0,95,339
2025,A,277,1,0000000001,0000007071,林泓弦,67,先發,4,4,1,1,0,0,0,0,1,0,0,0,0,0,0,0,0,0,0,0,0,0,0,8,35
2025,A,277,1,0000000001,0000007268,陳聖平,15,先發,4,4,1,0,1,0,0,0,2,0,0,0,0,0,0,0,0,0,0,0,0,1,0,66,251
2025,A,277,2,0000000001,0000000153,林承飛,6,先發,4,4,1,1,0,0,0,0,1,1,0,0,0,0,0,2,0,0,0,0,0,0,0,38,141
2025,A,277,2,0000000001,0000000159,成晉,35,先發,5,5,2,2,0,0,0,0,2,1,0,1,0,0,0,1,0,0,0,0,0,0,0,66,250
2025,A,277,2,0000000001,0000001618,林子偉,15,先發,4,4,3,3,0,0,0,0,3,2,0,2,0,0,0,0,1,0,0,0,0,1,0,68,266
2025,A,278,1,0000000001,0000000743,陳子豪,1,先發,4,4,0,0,0,0,0,0,0,0,0,0,0,0,0,2,0,0,0,0,0,0,0,63,275
2025,A,278,1,0000000001,0000001318,朱育賢,11,先發,4,4,2,2,0,0,0,0,2,0,0,1,0,0,0,1,0,0,0,0,0,0,0,79,262
2025,A,278,1,0000000001,0000003343,郭嚴文,6,非先發,1,1,0,0,0,0,0,0,0,0,0,0,0,0,0,1,0,0,0,0,0,0,0,25,108
2025,A,278,1,0000000001,0000003625,吉力吉撈．鞏冠,4,先發,5,5,0,0,0,0,0,0,0,0,0,0,0,0,0,1,0,0,0,0,1,0,0,94,336
2025,A,278,1,0000000001,0000005291,蔣少宏,63,先發,3,1,0,0,0,0,0,0,0,0,0,0,2,0,0,0,0,0,0,0,0,0,0,45,208
2025,A,278,1,0000000001,0000005532,全浩瑋,22,非先發,1,1,0,0,0,0,0,0,0,0,0,0,0,0,0,1,0,0,0,0,0,0,0,2,7
2025,A,278,1,0000000001,0000005540,李凱威,21,先發,5,4,1,1,0,0,0,0,1,0,0,1,1,0,0,1,0,1,0,0,0,0,0,93,324
2025,A,278,1,0000000001,0000005542,張政禹,25,先發,4,4,1,1,0,0,0,0,1,1,0,1,0,0,0,0,0,0,0,0,0,1,0,68,248
2025,A,278,1,0000000001,0000005545,劉基鴻,46,先發,4,3,2,2,0,0,0,0,2,1,0,1,1,0,0,0,0,0,0,0,0,0,0,82,321
2025,A,278,1,0000000001,0000005549,郭天信,2,先發,5,5,3,3,0,0,0,0,3,2,0,0,0,0,0,0,0,0,0,0,0,0,0,88,316
2025,A,278,1,0000000001,0000006216,王順和,24,先發,3,3,0,0,0,0,0,0,0,0,0,0,0,0,0,0,0,0,0,0,0,1,0,37,131
2025,A,278,2,0000000001,0000000361,張洺瑀,33,非先發,1,1,1,1,0,0,0,0,1,1,1,1,0,0,0,0,1,0,0,0,0,0,1,9,45
2025,A,278,2,0000000001,0000000910,張進德,47,先發,4,3,2,2,0,0,0,0,2,1,0,0,1,0,0,0,0,0,0,0,0,0,0,12,29
2025,A,278,2,0000000001,0000002352,范國宸,46,先發,4,3,2,1,0,0,1,0,5,1,0,2,1,0,0,0,0,0,0,0,0,0,0,65,246
2025,A,278,2,0000000001,0000005310,陳真,7,先發,3,3,1,1,0,0,0,0,1,0,0,0,0,0,0,2,0,0,0,0,0,0,0,40,172
2025,A,278,2,0000000001,0000005510,林澤彬,2,先發,4,3,1,1,0,0,0,0,1,0,0,0,1,0,0,1,0,0,0,0,0,0,0,65,209
2025,A,278,2,0000000001,0000006738,孔念恩,82,先發,4,4,0,0,0,0,0,0,0,0,0,1,0,0,0,1,0,0,0,0,0,0,0,49,196
2025,A,278,2,0000000001,0000006861,蔡佳諺,65,先發,5,4,0,0,0,0,0,0,0,0,0,0,1,0,0,3,0,0,0,0,0,0,0,12,63
2025,A,278,2,0000000001,0000006868,周佳樂,77,非先發,0,0,0,0,0,0,0,0,0,0,0,0,0,0,0,0,0,0,0,0,0,0,0,29,145
2025,A,278,2,0000000001,0000006872,林岳谷,62,非先發,1,1,0,0,0,0,0,0,0,0,0,0,0,0,0,0,0,1,0,0,0,0,0,43,176
2025,A,278,2,0000000001,0000006888,張育成,99,先發,5,4,2,1,0,1,0,0,4,0,0,1,1,0,0,0,0,0,0,0,0,0,0,44,149
2025,A,278,2,0000000001,0000006909,豊暐,43,先發,4,4,2,2,0,0,0,0,2,2,0,0,0,0,0,2,0,0,0,0,0,0,0,23,99
2025,A,278,2,0000000001,0000007091,高捷,4,非先發,1,1,0,0,0,0,0,0,0,0,0,1,0,0,0,1,0,0,0,0,0,0,0,22,112
2025,A,278,2,0000000001,0000007094,陳愷佑,56,先發,4,4,0,0,0,0,0,0,0,0,0,0,0,0,0,0,0,0,0,0,0,1,0,3,22
2025,A,279,1,0000000001,0000000753,杜家明,71,先發,4,2,1,0,1,0,0,0,2,1,0,0,1,0,1,1,0,0,0,0,0,0,0,27,109
2025,A,279,1,0000000001,0000000935,王柏融,9,先發,5,4,1,1,0,0,0,0,1,1,0,0,1,0,0,1,0,0,0,0,0,0,0,75,289
2025,A,279,1,0000000001,0000003649,吳念庭,39,先發,5,4,1,1,0,0,0,0,1,0,0,0,1,0,0,1,0,0,0,0,1,0,0,76,222
2025,A,279,1,0000000001,0000005340,王博玄,6,先發,5,5,1,1,0,0,0,0,1,0,0,0,0,0,0,2,0,0,0,0,0,0,0,98,316
2025,A,279,1,0000000001,0000006211,張肇元,29,先發,5,3,1,1,0,0,0,0,1,0,0,0,1,0,1,0,0,0,0,0,1,0,0,70,274
2025,A,279,1,0000000001,0000006927,曾子祐,1,先發,5,3,1,1,0,0,0,0,1,1,0,1,2,0,0,1,0,0,0,0,0,1,0,96,337
2025,A,279,1,0000000001,0000006928,林家鋐,16,先發,4,4,2,2,0,0,0,0,2,0,0,1,0,0,0,0,0,0,0,0,0,0,0,49,178
2025,A,279,1,0000000001,0000006929,紀慶然,24,先發,2,2,0,0,0,0,0,0,0,0,0,0,0,0,0,1,0,0,0,0,0,0,0,48,188
2025,A,279,1,0000000001,0000006930,黃秉揚,25,非先發,0,0,0,0,0,0,0,0,0,0,0,0,0,0,0,0,0,0,0,0,0,0,0,7,35
2025,A,279,1,0000000001,0000006939,顏郁軒,5,非先發,0,0,0,0,0,0,0,0,0,0,0,0,0,0,0,0,0,0,0,0,0,0,0,13,52
2025,A,279,1,0000000001,0000007239,魔鷹,94,先發,5,5,2,2,0,0,0,0,2,0,0,1,0,0,0,0,0,0,0,0,0,0,0,87,279
2025,A,279,1,0000000001,0000007301,曾昱磬,44,非先發,3,2,0,0,0,0,0,0,0,0,0,0,1,0,0,0,0,0,0,0,1,0,0,26,114
2025,A,279,2,0000000001,0000001119,許基宏,74,先發,3,3,1,0,1,0,0,0,2,1,0,0,0,0,0,1,0,0,0,0,0,0,0,74,260
2025,A,279,2,0000000001,0000002285,高宇杰,65,非先發,0,0,0,0,0,0,0,0,0,0,0,0,0,0,0,0,0,0,0,0,0,0,0,68,269
2025,A,279,2,0000000001,0000002291,岳東華,98,先發,3,2,0,0,0,0,0,0,0,0,0,0,1,0,0,1,0,0,0,0,0,0,0,60,268
2025,A,279,2,0000000001,0000003183,張志豪,7,先發,4,4,0,0,0,0,0,0,0,0,0,0,0,0,0,1,0,0,0,0,0,0,0,18,96
2025,A,279,2,0000000001,0000004636,江坤宇,90,先發,3,3,1,1,0,0,0,0,1,0,0,1,0,0,0,1,0,0,0,0,0,0,0,74,275
2025,A,279,2,0000000001,0000005298,黃韋盛,66,先發,4,4,1,1,0,0,0,0,1,0,0,0,0,0,0,0,0,0,0,0,0,0,0,62,209
2025,A,279,2,0000000001,0000005569,曾頌恩,1,先發,3,3,0,0,0,0,0,0,0,0,0,0,0,0,0,1,0,0,0,0,0,0,0,35,165
2025,A,279,2,0000000001,0000005571,岳政華,92,先發,4,4,0,0,0,0,0,0,0,0,0,1,0,0,0,1,0,0,0,0,0,0,0,54,211
2025,A,279,2,0000000001,0000006225,宋晟睿,88,先發,3,3,2,0,0,0,2,0,8,3,1,2,0,0,0,0,0,0,0,0,0,0,1,81,300
2025,A,279,2,0000000001,0000006732,陳統恩,48,先發,3,1,0,0,0,0,0,0,0,0,0,0,2,0,0,1,0,2,0,0,0,0,0,4,14
2025,A,280,1,0000000001,0000001339,林祖傑,39,非先發,2,2,1,1,0,0,0,0,1,0,0,0,0,0,0,1,0,0,0,0,0,0,0,17,62
2025,A,280,1,0000000001,0000001474,蘇智傑,32,先發,4,4,2,2,0,0,0,0,2,0,0,2,0,0,0,1,2,0,0,0,0,0,0,37,146
2025,A,280,1,0000000001,0000001606,林岱安,31,先發,3,3,1,0,1,0,0,0,2,1,0,0,0,0,0,1,0,0,0,0,0,0,0,34,151
2025,A,280,1,0000000001,0000001804,陳傑憲,24,先發,3,3,0,0,0,0,0,0,0,0,0,0,0,0,0,0,0,0,0,0,0,0,0,69,246
2025,A,280,1,0000000001,0000002275,林安可,77,先發,5,5,1,1,0,0,0,0,1,0,0,0,0,0,0,1,0,0,0,0,0,0,0,75,227
2025,A,280,1,0000000001,0000002289,陳重廷,66,非先發,1,1,0,0,0,0,0,0,0,0,0,0,0,0,0,0,0,0,0,0,0,0,0,32,143
2025,A,280,1,0000000001,0000002298,陳重羽,65,非先發,1,0,0,0,0,0,0,0,0,0,0,1,1,0,0,0,0,0,0,0,0,0,0,34,160
2025,A,280,1,0000000001,0000002707,潘傑楷,35,先發,3,2,0,0,0,0,0,0,0,0,0,0,1,0,0,1,1,0,0,0,0,0,0,80,292
2025,A,280,1,0000000001,0000005522,朱迦恩,8,非先發,2,2,0,0,0,0,0,0,0,0,0,0,0,0,0,2,0,0,0,0,0,0,0,9,54
2025,A,280,1,0000000001,0000006223,林子豪,2,先發,4,4,1,1,0,0,0,0,1,1,0,0,0,0,0,3,0,0,0,0,0,0,0,43,197
2025,A,280,1,0000000001,0000007070,林佳緯,20,先發,5,5,3,3,0,0,0,0,3,1,0,0,0,0,0,0,0,0,0,0,0,0,0,98,344
2025,A,280,1,0000000001,0000007071,林泓弦,67,先發,4,4,1,1,0,0,0,0,1,0,0,0,0,0,0,1,0,0,0,0,0,0,0,9,39
2025,A,280,1,0000000001,0000007268,陳聖平,15,先發,2,2,0,0,0,0,0,0,0,0,0,0,0,0,0,0,0,0,0,0,0,1,0,66,253
2025,A,280,2,0000000001,0000000153,林承飛,6,先發,5,4,2,1,1,0,0,0,3,0,0,2,1,0,0,0,0,0,0,0,0,0,0,40,145
2025,A,280,2,0000000001,0000000159,成晉,35,先發,5,5,3,3,0,0,0,0,3,0,0,1,0,0,0,0,0,1,0,0,0,0,0,69,255
2025,A,280,2,0000000001,0000001618,林子偉,15,先發,4,2,1,0,0,1,0,0,3,3,0,1,1,0,0,0,0,0,0,1,1,0,0,69,268
2025,A,280,2,0000000001,0000002282,張閔勛,28,先發,4,4,2,2,0,0,0,0,2,2,1,1,0,0,0,1,0,0,0,0,0,0,0,68,224
2025,A,280,2,0000000001,0000002286,林立,39,先發,5,5,1,1,0,0,0,0,1,0,0,0,0,0,0,0,0,0,0,0,0,0,0,70,192
2025,A,280,2,0000000001,0000003345,林智平,79,先發,4,4,3,3,0,0,0,0,3,0,0,2,0,0,0,0,0,0,0,0,0,0,0,80,260
2025,A,280,2,0000000001,0000003467,林泓育,11,先發,5,4,2,2,0,0,0,0,2,1,0,1,0,0,0,0,0,0,0,1,0,0,0,89,292
2025,A,280,2,0000000001,0000003563,余德龍,36,非先發,0,0,0,0,0,0,0,0,0,0,0,0,0,0,0,0,0,0,0,0,0,0,0,47,161
2025,A,280,2,0000000001,0000006235,林政華,65,先發,4,4,0,0,0,0,0,0,0,0,0,0,0,0,0,1,0,0,0,0,0,0,0,64,233
2025,A,280,2,0000000001,0000006240,馬傑森,94,非先發,1,1,0,0,0,0,0,0,0,0,0,0,0,0,0,0,0,0,0,0,0,0,0,21,129
2025,A,280,2,0000000001,0000007076,李勛傑,95,先發,4,4,2,1,0,1,0,0,4,2,0,0,0,0,0,1,0,0,0,0,0,0,0,27,121
2025,A,281,1,0000000001,0000000356,石翔宇,72,先發,3,3,1,1,0,0,0,0,1,0,0,0,0,0,0,0,0,0,0,0,0,0,0,4,10
2025,A,281,1,0000000001,0000000743,陳子豪,1,先發,4,4,0,0,0,0,0,0,0,0,0,0,0,0,0,0,0,0,0,0,0,0,0,63,279
2025,A,281,1,0000000001,0000003625,吉力吉撈．鞏冠,4,先發,4,4,1,0,0,0,1,0,4,3,1,1,0,0,0,2,0,0,0,0,0,0,1,95,340
2025,A,281,1,0000000001,0000005291,蔣少宏,63,先發,4,4,1,0,1,0,0,0,2,0,0,0,0,0,0,2,0,0,0,0,0,0,0,46,212
2025,A,281,1,0000000001,0000005540,李凱威,21,先發,4,4,1,1,0,0,0,0,1,0,0,1,0,0,0,0,0,0,0,0,0,0,0,94,328
2025,A,281,1,0000000001,0000005545,劉基鴻,46,先發,4,4,0,0,0,0,0,0,0,0,0,0,0,0,0,0,0,0,0,0,0,0,0,82,325
2025,A,281,1,0000000001,0000005549,郭天信,2,先發,4,3,0,0,0,0,0,0,0,0,0,1,1,0,0,0,0,0,0,0,0,0,0,88,319
2025,A,281,1,0000000001,0000006216,王順和,24,非先發,0,0,0,0,0,0,0,0,0,0,0,0,0,0,0,0,0,0,0,0,0,0,0,37,131
2025,A,281,1,0000000001,0000006728,陳思仲,44,先發,4,4,1,1,0,0,0,0,1,0,0,0,0,0,0,1,0,0,0,0,0,0,0,3,19
2025,A,281,1,0000000001,0000007304,曾聖安,50,先發,3,3,0,0,0,0,0,0,0,0,0,0,0,0,0,2,0,0,0,0,0,0,0,23,122
2025,A,281,2,0000000001,0000000361,張洺瑀,33,先發,3,3,1,1,0,0,0,0,1,0,0,0,0,0,0,0,0,0,0,0,0,0,0,10,48
2025,A,281,2,0000000001,0000000910,張進德,47,先發,4,4,2,1,0,0,1,0,5,1,0,1,0,0,0,1,0,0,0,0,0,0,0,14,33
2025,A,281,2,0000000001,0000001473,李宗賢,22,非先發,1,1,0,0,0,0,0,0,0,0,0,0,0,0,0,0,0,0,0,0,0,0,0,33,148
2025,A,281,2,0000000001,0000002352,范國宸,46,先發,4,4,0,0,0,0,0,0,0,0,0,0,0,0,0,2,0,0,0,0,0,0,0,65,250
2025,A,281,2,0000000001,0000004645,戴培峰,95,先發,4,4,0,0,0,0,0,0,0,0,0,0,0,0,0,0,0,0,0,0,0,0,0,58,229
2025,A,281,2,0000000001,0000005310,陳真,7,非先發,1,0,0,0,0,0,0,0,0,0,0,0,1,0,0,0,0,0,0,0,0,0,0,40,172
2025,A,281,2,0000000001,0000005510,林澤彬,2,先發,3,3,0,0,0,0,0,0,0,0,0,0,0,0,0,1,0,0,0,0,0,0,0,65,212
2025,A,281,2,0000000001,0000006738,孔念恩,82,先發,3,3,0,0,0,0,0,0,0,0,0,0,0,0,0,0,0,0,0,0,0,0,0,49,199
2025,A,281,2,0000000001,0000006868,周佳樂,77,先發,2,2,0,0,0,0,0,0,0,0,0,0,0,0,0,0,0,0,0,0,0,0,0,29,147
2025,A,281,2,0000000001,0000006888,張育成,99,先發,4,4,1,1,0,0,0,0,1,0,0,0,0,0,0,2,0,0,0,0,0,1,0,45,153
2025,A,281,2,0000000001,0000007094,陳愷佑,56,先發,4,4,1,1,0,0,0,0,1,0,0,0,0,0,0,1,0,0,0,0,0,1,0,4,26
2025,A,282,1,0000000001,0000000753,杜家明,71,先發,2,2,0,0,0,0,0,0,0,0,0,0,0,0,0,2,0,0,0,0,0,0,0,27,111
2025,A,282,1,0000000001,0000000935,王柏融,9,先發,4,4,2,2,0,0,0,0,2,1,0,0,0,0,0,1,1,1,0,0,0,0,0,77,293
2025,A,282,1,0000000001,0000003649,吳念庭,39,先發,5,5,1,0,1,0,0,0,2,1,0,1,0,0,0,2,0,0,0,0,0,0,0,77,227
2025,A,282,1,0000000001,0000005296,董秉軒,0,非先發,1,1,0,0,0,0,0,0,0,0,0,0,0,0,0,1,0,0,0,0,0,0,0,2,9
2025,A,282,1,0000000001,0000005340,王博玄,6,先發,5,2,0,0,0,0,0,0,0,0,0,2,2,0,0,0,0,0,1,0,0,0,0,98,318
2025,A,282,1,0000000001,0000006211,張肇元,29,非先發,0,0,0,0,0,0,0,0,0,0,0,0,0,0,0,0,0,0,0,0,0,0,0,70,274
2025,A,282,1,0000000001,0000006924,廖奕安,27,先發,3,3,0,0,0,0,0,0,0,0,0,0,0,0,0,1,0,0,0,0,0,0,0,3,11
2025,A,282,1,0000000001,0000006926,陳致嘉,33,非先發,0,0,0,0,0,0,0,0,0,0,0,0,0,0,0,0,0,0,0,0,0,0,0,3,36
2025,A,282,1,0000000001,0000006927,曾子祐,1,先發,5,4,1,1,0,0,0,0,1,0,0,0,1,0,0,0,0,0,0,0,0,0,0,97,341
2025,A,282,1,0000000001,0000006928,林家鋐,16,先發,4,3,1,1,0,0,0,0,1,0,0,0,1,0,0,0,0,0,0,0,0,0,0,50,181
2025,A,282,1,0000000001,0000006929,紀慶然,24,先發,4,2,0,0,0,0,0,0,0,0,0,0,2,0,0,0,0,1,0,0,0,0,0,48,190
2025,A,282,1,0000000001,0000006939,顏郁軒,5,非先發,2,1,0,0,0,0,0,0,0,0,0,0,1,0,0,1,0,0,0,0,0,0,0,13,53
2025,A,282,1,0000000001,0000007239,魔鷹,94,先發,5,4,1,1,0,0,0,0,1,1,0,0,1,1,0,0,0,0,0,0,0,0,0,88,283
2025,A,282,2,0000000001,0000001119,許基宏,74,先發,5,3,1,0,1,0,0,0,2,1,1,0,2,0,0,1,0,0,0,0,0,0,1,75,263
2025,A,282,2,0000000001,0000002285,高宇杰,65,非先發,0,0,0,0,0,0,0,0,0,0,0,0,0,0,0,0,0,0,0,0,0,0,0,68,269
2025,A,282,2,0000000001,0000002291,岳東華,98,先發,4,4,2,1,1,0,0,0,3,1,0,0,0,0,0,0,1,0,0,0,0,1,0,62,272
2025,A,282,2,0000000001,0000004636,江坤宇,90,先發,4,3,1,0,0,0,1,0,4,1,0,2,0,0,1,1,1,0,0,0,0,0,0,75,278
2025,A,282,2,0000000001,0000005298,黃韋盛,66,先發,5,2,0,0,0,0,0,0,0,0,0,1,3,0,0,0,3,0,0,0,0,0,0,62,211
2025,A,282,2,0000000001,0000005569,曾頌恩,1,先發,4,3,0,0,0,0,0,0,0,0,0,0,1,1,0,2,0,0,0,0,0,0,0,35,168
2025,A,282,2,0000000001,0000005571,岳政華,92,非先發,2,1,0,0,0,0,0,0,0,0,0,1,1,0,0,0,1,0,0,0,0,0,0,54,212
2025,A,282,2,0000000001,0000006225,宋晟睿,88,先發,4,4,0,0,0,0,0,0,0,0,0,0,0,0,0,1,0,0,0,0,0,1,0,81,304
2025,A,282,2,0000000001,0000006730,張仁瑋,28,先發,3,3,0,0,0,0,0,0,0,0,0,0,0,0,0,0,0,0,0,0,0,0,0,29,107
2025,A,282,2,0000000001,0000006732,陳統恩,48,先發,4,4,0,0,0,0,0,0,0,0,0,0,0,0,0,0,0,0,0,0,0,0,0,4,18
2025,A,282,2,0000000001,0000007278,許庭綸,13,先發,5,4,1,0,1,0,0,0,2,1,0,0,1,0,0,0,0,0,0,0,0,0,0,9,42
2025,A,283,2,0000000001,0000002307,王政順,61,先發,4,3,1,1,0,0,0,0,1,0,0,1,1,0,0,0,0,0,0,0,0,0,0,29,99
2025,A,283,2,0000000001,0000003183,張志豪,7,先發,5,4,0,0,0,0,0,0,0,0,0,0,1,0,0,2,0,0,0,0,0,0,0,18,100
2025,A,283,2,0000000001,0000004636,江坤宇,90,先發,3,3,0,0,0,0,0,0,0,0,0,0,0,0,0,2,0,0,0,0,0,0,0,75,281
2025,A,283,2,0000000001,0000005298,黃韋盛,66,先發,4,4,1,1,0,0,0,0,1,0,0,0,0,0,0,2,0,1,0,0,0,0,0,63,215
2025,A,283,2,0000000001,0000005567,林瑞鈞,75,非先發,1,1,0,0,0,0,0,0,0,0,0,0,0,0,0,1,0,0,0,0,0,0,0,0,1
2025,A,283,2,0000000001,0000005569,曾頌恩,1,非先發,1,1,0,0,0,0,0,0,0,0,0,0,0,0,0,0,0,0,0,0,0,0,0,35,169
2025,A,283,2,0000000001,0000005571,岳政華,92,先發,3,3,0,0,0,0,0,0,0,0,0,0,0,0,0,0,0,0,0,0,0,0,0,54,215
2025,A,283,2,0000000001,0000006225,宋晟睿,88,先發,4,4,1,1,0,0,0,0,1,2,0,0,0,0,0,1,0,0,0,0,0,0,0,82,308
2025,A,283,2,0000000001,0000006730,張仁瑋,28,非先發,1,1,1,1,0,0,0,0,1,0,0,1,0,0,0,0,0,0,0,0,0,0,0,30,108
2025,A,283,2,0000000001,0000006732,陳統恩,48,先發,2,2,1,1,0,0,0,0,1,1,0,0,0,0,0,1,0,0,0,0,0,0,0,5,20
2025,A,283,2,0000000001,0000007278,許庭綸,13,非先發,1,1,0,0,0,0,0,0,0,0,0,0,0,0,0,0,0,0,0,0,0,0,0,9,43
2025,A,283,2,0000000001,0000007282,陳九登,72,非先發,1,1,0,0,0,0,0,0,0,0,0,0,0,0,0,1,0,0,0,0,0,0,0,0,1
2025,A,283,1,0000000001,0000000935,王柏融,9,先發,3,2,1,1,0,0,0,0,1,1,0,0,1,0,0,0,0,0,0,0,0,0,0,78,295
2025,A,283,1,0000000001,0000001291,郭阜林,59,先發,3,3,0,0,0,0,0,0,0,0,0,0,0,0,0,0,0,0,0,0,0,0,0,54,193
2025,A,283,1,0000000001,0000003649,吳念庭,39,先發,5,5,2,2,0,0,0,0,2,0,0,1,0,0,0,1,0,0,0,0,0,0,0,79,232
2025,A,283,1,0000000001,0000005340,王博玄,6,先發,5,4,1,1,0,0,0,0,1,0,0,0,1,0,0,0,0,0,0,0,0,1,0,99,322
2025,A,283,1,0000000001,0000006211,張肇元,29,先發,5,3,0,0,0,0,0,0,0,1,0,1,2,0,0,0,0,0,0,0,0,0,0,70,277
2025,A,283,1,0000000001,0000006927,曾子祐,1,先發,5,4,1,1,0,0,0,0,1,0,0,1,1,0,0,0,0,0,0,0,0,0,0,98,345
2025,A,283,1,0000000001,0000006928,林家鋐,16,先發,5,5,3,0,2,1,0,0,7,3,1,1,0,0,0,2,0,0,0,0,0,1,1,53,186
2025,A,283,1,0000000001,0000006929,紀慶然,24,先發,5,5,0,0,0,0,0,0,0,0,0,0,0,0,0,1,0,0,0,0,0,0,0,48,195
2025,A,283,1,0000000001,0000006939,顏郁軒,5,非先發,2,2,1,0,1,0,0,0,2,1,0,0,0,0,0,0,0,0,0,0,0,0,0,14,55
2025,A,283,1,0000000001,0000007239,魔鷹,94,先發,5,5,2,0,1,0,1,0,6,1,0,2,0,0,0,1,0,0,0,0,0,0,0,90,288
2025,A,283,1,0000000001,0000007301,曾昱磬,44,非先發,2,1,1,0,1,0,0,0,2,1,0,2,0,0,0,0,0,0,1,0,0,0,0,27,115
2025,A,283,2,0000000001,0000001119,許基宏,74,先發,4,3,0,0,0,0,0,0,0,0,0,0,1,0,0,1,0,0,0,0,0,1,0,75,266
2025,A,283,2,0000000001,0000002285,高宇杰,65,非先發,0,0,0,0,0,0,0,0,0,0,0,0,0,0,0,0,0,0,0,0,0,0,0,68,269
2025,A,283,2,0000000001,0000002291,岳東華,98,先發,3,3,2,1,1,0,0,0,3,0,0,2,0,0,0,0,1,0,0,0,0,0,0,64,275
2025,A,284,1,0000000001,0000001339,林祖傑,39,先發,5,5,1,1,0,0,0,0,1,0,0,0,0,0,0,2,0,0,0,0,0,0,0,18,67
2025,A,284,1,0000000001,0000001474,蘇智傑,32,先發,4,4,3,3,0,0,0,0,3,0,0,1,0,0,0,1,0,0,0,0,0,0,0,40,150
2025,A,284,1,0000000001,0000001606,林岱安,31,先發,4,4,2,1,1,0,0,0,3,2,0,1,0,0,0,0,0,0,0,0,0,0,0,36,155
2025,A,284,1,0000000001,0000001804,陳傑憲,24,先發,5,5,1,1,0,0,0,0,1,2,1,0,0,0,0,0,0,0,0,0,0,0,0,70,251
2025,A,284,1,0000000001,0000002275,林安可,77,先發,5,5,0,0,0,0,0,0,0,0,0,0,0,0,0,0,0,0,0,0,0,0,0,75,232
2025,A,284,1,0000000001,0000002289,陳重廷,66,非先發,1,1,0,0,0,0,0,0,0,0,0,0,0,0,0,1,0,0,0,0,0,0,0,32,144
2025,A,284,1,0000000001,0000002661,陳鏞基,13,先發,5,4,2,1,0,0,1,0,5,2,0,1,1,0,0,0,0,0,0,0,0,0,1,40,133
2025,A,284,1,0000000001,0000002707,潘傑楷,35,先發,4,4,1,1,0,0,0,0,1,0,0,3,0,0,0,0,0,0,0,0,0,0,0,81,296
2025,A,284,1,0000000001,0000005522,朱迦恩,8,非先發,1,0,0,0,0,0,0,0,0,0,0,0,1,0,0,0,0,0,0,0,0,0,0,9,54
2025,A,284,1,0000000001,0000006223,林子豪,2,非先發,0,0,0,0,0,0,0,0,0,0,0,0,0,0,0,0,0,0,0,0,0,0,0,43,197
2025,A,284,1,0000000001,0000007070,林佳緯,20,先發,5,5,2,1,1,0,0,0,3,1,0,1,0,0,0,1,0,0,0,0,0,0,0,100,349
2025,A,284,1,0000000001,0000007071,林泓弦,67,先發,4,4,2,1,1,0,0,0,3,1,0,1,0,0,0,0,0,0,0,0,0,0,0,11,43
2025,A,284,2,0000000001,0000000153,林承飛,6,先發,3,3,0,0,0,0,0,0,0,0,0,0,0,0,0,0,0,0,0,0,1,1,0,40,148
2025,A,284,2,0000000001,0000000159,成晉,35,先發,4,3,2,2,0,0,0,0,2,0,0,1,1,0,0,1,0,0,0,0,0,0,0,71,258
2025,A,284,2,0000000001,0000001618,林子偉,15,先發,4,3,0,0,0,0,0,0,0,0,0,0,1,0,0,1,0,0,0,0,0,0,0,69,271
2025,A,284,2,0000000001,0000002282,張閔勛,28,先發,2,2,0,0,0,0,0,0,0,0,0,0,0,0,0,0,0,0,0,0,0,0,0,68,226
2025,A,284,2,0000000001,0000002286,林立,39,先發,4,3,0,0,0,0,0,0,0,0,0,1,1,0,0,0,0,0,0,0,0,0,0,70,195
2025,A,284,2,0000000001,0000003345,林智平,79,先發,4,4,2,2,0,0,0,0,2,0,0,0,0,0,0,0,0,0,0,0,0,0,0,82,264
2025,A,284,2,0000000001,0000003467,林泓育,11,先發,4,4,1,1,0,0,0,0,1,1,0,0,0,0,0,1,0,0,0,0,0,0,0,90,296
2025,A,284,2,0000000001,0000003563,余德龍,36,非先發,2,2,0,0,0,0,0,0,0,0,0,0,0,0,0,1,0,0,0,0,0,0,0,47,163
2025,A,284,2,0000000001,0000004633,陳晨威,98,非先發,1,0,0,0,0,0,0,0,0,0,0,0,1,0,0,0,0,0,0,0,0,0,0,98,326
2025,A,284,2,0000000001,0000006235,林政華,65,先發,2,2,0,0,0,0,0,0,0,0,0,0,0,0,0,0,0,0,0,0,0,0,0,64,235
2025,A,284,2,0000000001,0000006240,馬傑森,94,非先發,0,0,0,0,0,0,0,0,0,0,0,0,0,0,0,0,0,0,0,0,0,0,0,21,129
2025,A,284,2,0000000001,0000006854,宋嘉翔,2,非先發,2,2,0,0,0,0,0,0,0,0,0,0,0,0,0,1,0,0,0,0,0,0,0,29,98
2025,A,284,2,0000000001,0000007076,李勛傑,95,先發,4,4,1,1,0,0,0,0,1,0,0,0,0,0,0,2,0,0,0,0,0,0,0,28,125
2025,A,285,1,0000000001,0000000356,石翔宇,72,先發,2,2,1,1,0,0,0,0,1,0,0,1,0,0,0,0,0,0,0,0,0,0,0,5,12
2025,A,285,1,0000000001,0000000743,陳子豪,1,先發,4,4,1,1,0,0,0,0,1,0,0,1,0,0,0,1,0,0,0,0,0,0,0,64,283
2025,A,285,1,0000000001,0000001318,朱育賢,11,先發,4,4,2,1,1,0,0,0,3,0,0,0,0,0,0,2,0,0,0,0,0,0,0,81,266
2025,A,285,1,0000000001,0000003625,吉力吉撈．鞏冠,4,先發,4,4,0,0,0,0,0,0,0,0,0,0,0,0,0,1,0,0,0,0,0,0,0,95,344
2025,A,285,1,0000000001,0000005291,蔣少宏,63,先發,4,4,1,1,0,0,0,0,1,0,0,0,0,0,0,0,0,0,0,0,0,0,0,47,216
2025,A,285,1,0000000001,0000005540,李凱威,21,先發,4,4,2,2,0,0,0,0,2,1,1,0,0,0,0,0,1,0,0,0,1,0,0,96,332
2025,A,285,1,0000000001,0000005542,張政禹,25,非先發,2,2,1,1,0,0,0,0,1,0,0,0,0,0,0,0,0,0,0,0,0,0,0,69,250
2025,A,285,1,0000000001,0000005545,劉基鴻,46,先發,4,4,0,0,0,0,0,0,0,0,0,0,0,0,0,0,0,0,0,0,0,0,0,82,329
2025,A,285,1,0000000001,0000005549,郭天信,2,先發,5,5,2,2,0,0,0,0,2,0,0,0,0,0,0,0,0,0,0,0,0,0,0,90,324
2025,A,285,1,0000000001,0000006216,王順和,24,非先發,0,0,0,0,0,0,0,0,0,0,0,0,0,0,0,0,0,0,0,0,0,0,0,37,131
2025,A,285,1,0000000001,0000007304,曾聖安,50,先發,4,4,1,0,1,0,0,0,2,1,0,0,0,0,0,1,0,0,0,0,0,0,0,24,126
2025,A,285,2,0000000001,0000000361,張洺瑀,33,先發,2,2,0,0,0,0,0,0,0,0,0,0,0,0,0,1,0,0,0,0,0,0,0,10,50
2025,A,285,2,0000000001,0000000910,張進德,47,先發,4,4,2,2,0,0,0,0,2,0,0,0,0,0,0,0,0,0,0,0,0,0,0,16,37
2025,A,285,2,0000000001,0000001473,李宗賢,22,非先發,1,1,0,0,0,0,0,0,0,0,0,0,0,0,0,1,0,0,0,0,0,0,0,33,149
2025,A,285,2,0000000001,0000002352,范國宸,46,先發,4,4,3,3,0,0,0,0,3,0,0,0,0,0,0,0,0,0,0,0,0,0,0,68,254
2025,A,285,2,0000000001,0000004645,戴培峰,95,非先發,1,1,0,0,0,0,0,0,0,0,0,0,0,0,0,0,0,0,0,0,0,0,0,58,230
2025,A,285,2,0000000001,0000005310,陳真,7,非先發,2,2,0,0,0,0,0,0,0,0,0,0,0,0,0,1,0,0,0,0,0,0,0,40,174
2025,A,285,2,0000000001,0000005510,林澤彬,2,先發,4,2,0,0,0,0,0,0,0,0,0,0,2,0,0,0,0,0,0,0,0,0,0,65,214
2025,A,285,2,0000000001,0000006738,孔念恩,82,先發,3,3,1,1,0,0,0,0,1,0,0,0,0,0,0,2,0,0,0,0,0,0,0,50,202
2025,A,285,2,0000000001,0000006861,蔡佳諺,65,先發,3,3,0,0,0,0,0,0,0,0,0,0,0,0,0,1,0,0,0,0,0,0,0,12,66
2025,A,285,2,0000000001,0000006868,周佳樂,77,非先發,1,1,0,0,0,0,0,0,0,0,0,0,0,0,0,1,0,0,0,0,0,0,0,29,148
2025,A,285,2,0000000001,0000006872,林岳谷,62,先發,5,5,3,1,2,0,0,0,5,0,0,0,0,0,0,0,0,0,0,0,0,0,0,46,181
2025,A,285,2,0000000001,0000006888,張育成,99,先發,4,2,0,0,0,0,0,0,0,0,0,0,2,0,0,0,0,0,0,0,1,0,0,45,155
2025,A,285,2,0000000001,0000006909,豊暐,43,先發,3,3,0,0,0,0,0,0,0,0,0,0,0,0,0,1,0,0,0,0,0,0,0,23,102
2025,A,285,2,0000000001,0000007091,高捷,4,非先發,0,0,0,0,0,0,0,0,0,0,0,0,0,0,0,0,0,0,0,0,0,0,0,22,112
2025,A,285,2,0000000001,0000007094,陳愷佑,56,非先發,1,1,0,0,0,0,0,0,0,0,0,0,0,0,0,0,0,0,0,0,0,0,0,4,27
2025,A,286,1,0000000001,0000001339,林祖傑,39,先發,3,2,0,0,0,0,0,0,0,0,0,0,1,0,0,0,0,0,0,0,1,0,0,18,69
2025,A,286,1,0000000001,0000001474,蘇智傑,32,先發,4,4,1,1,0,0,0,0,1,0,0,0,0,0,0,0,0,0,0,0,0,0,0,41,154
2025,A,286,1,0000000001,0000001606,林岱安,31,先發,3,3,0,0,0,0,0,0,0,0,0,0,0,0,0,1,0,0,0,0,0,0,0,36,158
2025,A,286,1,0000000001,0000001804,陳傑憲,24,先發,4,4,3,2,1,0,0,0,4,0,0,1,0,0,0,0,0,1,0,0,0,0,0,73,255
2025,A,286,1,0000000001,0000002275,林安可,77,先發,4,4,0,0,0,0,0,0,0,0,0,0,0,0,0,1,0,0,0,0,0,0,0,75,236
2025,A,286,1,0000000001,0000002289,陳重廷,66,非先發,0,0,0,0,0,0,0,0,0,0,0,0,0,0,0,0,0,0,0,0,0,0,0,32,144
2025,A,286,1,0000000001,0000002661,陳鏞基,13,先發,4,4,0,0,0,0,0,0,0,0,0,0,0,0,0,1,0,0,0,0,0,0,0,40,137
2025,A,286,1,0000000001,0000002707,潘傑楷,35,先發,3,3,1,1,0,0,0,0,1,0,0,0,0,0,0,0,0,0,0,0,0,0,0,82,299
2025,A,286,1,0000000001,0000003615,胡金龍,51,非先發,1,1,0,0,0,0,0,0,0,0,0,0,0,0,0,0,0,0,0,0,0,0,0,31,104
2025,A,286,1,0000000001,0000005522,朱迦恩,8,非先發,0,0,0,0,0,0,0,0,0,0,0,0,0,0,0,0,0,0,0,0,0,0,0,9,54
2025,A,286,1,0000000001,0000006223,林子豪,2,非先發,0,0,0,0,0,0,0,0,0,0,0,0,0,0,0,0,0,0,0,0,0,0,0,43,197
2025,A,286,1,0000000001,0000007070,林佳緯,20,先發,4,4,0,0,0,0,0,0,0,0,0,0,0,0,0,1,0,0,0,0,1,0,0,100,353
2025,A,286,1,0000000001,0000007071,林泓弦,67,先發,3,3,0,0,0,0,0,0,0,0,0,0,0,0,0,0,0,0,0,0,0,0,0,11,46
2025,A,286,1,0000000001,0000007268,陳聖平,15,非先發,0,0,0,0,0,0,0,0,0,0,0,0,0,0,0,0,0,0,0,0,0,0,0,66,253
2025,A,286,2,0000000001,0000000356,石翔宇,72,非先發,0,0,0,0,0,0,0,0,0,0,0,0,0,0,0,0,0,0,0,0,0,0,0,5,12
2025,A,286,2,0000000001,0000000743,陳子豪,1,非先發,1,1,0,0,0,0,0,0,0,0,0,0,0,0,0,0,0,0,0,0,0,0,0,64,284
2025,A,286,2,0000000001,0000001318,朱育賢,11,先發,4,4,0,0,0,0,0,0,0,0,0,0,0,0,0,3,0,0,0,0,0,0,0,81,270
2025,A,286,2,0000000001,0000003343,郭嚴文,6,先發,3,3,1,1,0,0,0,0,1,0,0,0,0,0,0,2,0,0,0,0,0,0,0,26,111
2025,A,286,2,0000000001,0000003625,吉力吉撈．鞏冠,4,先發,4,4,3,2,1,0,0,0,4,1,0,0,0,0,0,0,0,0,0,0,0,0,0,98,348
2025,A,286,2,0000000001,0000005291,蔣少宏,63,先發,4,3,0,0,0,0,0,0,0,0,0,0,0,0,0,2,0,0,1,0,0,0,0,47,219
2025,A,286,2,0000000001,0000005540,李凱威,21,先發,4,3,1,1,0,0,0,0,1,0,0,1,0,0,1,0,0,0,0,0,0,0,0,97,335
2025,A,286,2,0000000001,0000005542,張政禹,25,先發,4,4,0,0,0,0,0,0,0,0,0,1,0,0,0,2,0,0,0,0,0,1,0,69,254
2025,A,286,2,0000000001,0000005545,劉基鴻,46,先發,4,4,1,1,0,0,0,0,1,0,0,0,0,0,0,1,0,0,0,0,0,0,0,83,333
2025,A,286,2,0000000001,0000005549,郭天信,2,先發,4,4,0,0,0,0,0,0,0,0,0,0,0,0,0,0,0,0,0,0,0,0,0,90,328
2025,A,286,2,0000000001,0000006216,王順和,24,非先發,0,0,0,0,0,0,0,0,0,0,0,0,0,0,0,0,0,0,0,0,0,0,0,37,131
2025,A,286,2,0000000001,0000007304,曾聖安,50,先發,4,4,1,1,0,0,0,0,1,1,1,0,0,0,0,0,0,0,0,0,0,0,0,25,130
2025,A,287,1,0000000001,0000000935,王柏融,9,先發,5,5,1,1,0,0,0,0,1,1,0,0,0,0,0,1,0,0,0,0,0,0,0,79,300
2025,A,287,1,0000000001,0000001291,郭阜林,59,非先發,2,2,0,0,0,0,0,0,0,0,0,1,0,0,0,0,0,0,0,0,0,0,0,54,195
2025,A,287,1,0000000001,0000003649,吳念庭,39,先發,5,4,1,1,0,0,0,0,1,0,0,0,1,0,0,1,0,0,0,0,0,0,0,80,236
2025,A,287,1,0000000001,0000005340,王博玄,6,先發,5,5,0,0,0,0,0,0,0,0,0,0,0,0,0,0,0,1,0,0,0,0,0,99,327
2025,A,287,1,0000000001,0000006211,張肇元,29,先發,4,4,2,1,0,0,1,0,5,2,1,1,0,0,0,0,0,0,0,0,0,1,1,72,281
2025,A,287,1,0000000001,0000006927,曾子祐,1,先發,5,3,1,1,0,0,0,0,1,0,0,1,2,0,0,0,0,0,0,0,1,0,0,99,348
2025,A,287,1,0000000001,0000006928,林家鋐,16,先發,4,3,0,0,0,0,0,0,0,0,0,0,1,0,0,2,0,0,0,0,0,0,0,53,189
2025,A,287,1,0000000001,0000006929,紀慶然,24,非先發,0,0,0,0,0,0,0,0,0,0,0,0,0,0,0,0,0,0,0,0,0,0,0,48,195
2025,A,287,1,0000000001,0000006939,顏郁軒,5,先發,4,3,2,2,0,0,0,0,2,0,0,0,0,0,1,0,0,0,0,0,0,0,0,16,58
2025,A,287,1,0000000001,0000007239,魔鷹,94,先發,3,2,0,0,0,0,0,0,0,0,0,0,1,0,0,1,0,0,0,0,0,0,0,90,290
2025,A,287,1,0000000001,0000007301,曾昱磬,44,先發,4,2,1,0,1,0,0,0,2,1,0,1,1,0,1,0,1,0,0,0,0,0,0,28,117
2025,A,287,2,0000000001,0000002352,范國宸,46,先發,4,3,1,0,1,0,0,0,2,1,0,0,1,0,0,1,0,0,0,0,0,0,0,69,257
2025,A,287,2,0000000001,0000004645,戴培峰,95,非先發,2,2,0,0,0,0,0,0,0,0,0,0,0,0,0,1,0,0,0,0,0,0,0,58,232
2025,A,287,2,0000000001,0000005310,陳真,7,先發,4,4,0,0,0,0,0,0,0,0,0,0,0,0,0,1,0,0,0,0,0,0,0,40,178
2025,A,287,2,0000000001,0000005510,林澤彬,2,非先發,0,0,0,0,0,0,0,0,0,0,0,0,0,0,0,0,0,0,0,0,0,0,0,65,214
2025,A,287,2,0000000001,0000006737,董子恩,78,先發,4,2,1,1,0,0,0,0,1,0,0,0,2,0,0,0,0,0,0,0,0,0,0,46,165
2025,A,287,2,0000000001,0000006738,孔念恩,82,先發,4,4,2,2,0,0,0,0,2,0,0,0,0,0,0,1,0,1,0,0,0,0,0,52,206
2025,A,287,2,0000000001,0000006861,蔡佳諺,65,先發,4,3,1,1,0,0,0,0,1,0,0,0,0,0,0,1,0,0,1,0,1,0,0,13,69
2025,A,287,2,0000000001,0000006872,林岳谷,62,先發,3,3,1,1,0,0,0,0,1,0,0,1,0,0,0,0,0,0,0,0,0,0,0,47,184
2025,A,287,2,0000000001,0000006888,張育成,99,先發,4,3,0,0,0,0,0,0,0,0,0,0,0,0,1,0,0,0,0,0,0,0,0,45,158
2025,A,287,2,0000000001,0000006909,豊暐,43,先發,2,2,0,0,0,0,0,0,0,0,0,0,0,0,0,0,0,0,0,0,0,0,0,23,104
2025,A,287,2,0000000001,0000007091,高捷,4,非先發,2,2,1,1,0,0,0,0,1,0,0,0,0,0,0,1,0,0,0,0,0,0,0,23,114
2025,A,287,2,0000000001,0000007094,陳愷佑,56,先發,4,3,0,0,0,0,0,0,0,0,0,0,0,0,0,1,0,0,0,0,0,1,0,4,30
2025,A,288,1,0000000001,0000001339,林祖傑,39,先發,4,4,2,2,0,0,0,0,2,1,0,1,0,0,0,0,0,0,0,0,0,0,0,20,73
2025,A,288,1,0000000001,0000001474,蘇智傑,32,先發,5,4,1,0,1,0,0,0,2,0,0,1,1,0,0,0,0,0,0,0,0,0,0,42,158
2025,A,288,1,0000000001,0000001804,陳傑憲,24,非先發,0,0,0,0,0,0,0,0,0,0,0,0,0,0,0,0,0,0,0,0,0,0,0,73,255
2025,A,288,1,0000000001,0000002275,林安可,77,先發,4,2,1,1,0,0,0,0,1,0,0,1,2,0,0,0,0,0,0,0,0,0,0,76,238
2025,A,288,1,0000000001,0000002298,陳重羽,65,先發,4,4,1,1,0,0,0,0,1,3,1,0,0,0,0,0,0,0,0,0,0,0,1,35,164
2025,A,288,1,0000000001,0000002707,潘傑楷,35,先發,4,4,1,1,0,0,0,0,1,1,0,1,0,0,0,1,0,0,0,0,0,0,0,83,303
2025,A,288,1,0000000001,0000005522,朱迦恩,8,先發,4,3,0,0,0,0,0,0,0,0,0,0,0,0,1,1,0,0,0,0,1,0,0,9,57
2025,A,288,1,0000000001,0000006223,林子豪,2,先發,4,3,1,1,0,0,0,0,1,0,0,1,1,0,0,0,0,0,0,0,0,0,0,44,200
2025,A,288,1,0000000001,0000007070,林佳緯,20,先發,5,5,1,1,0,0,0,0,1,0,0,0,0,0,0,2,1,0,0,0,0,0,0,101,358
2025,A,288,1,0000000001,0000007268,陳聖平,15,先發,4,4,0,0,0,0,0,0,0,0,0,0,0,0,0,0,0,0,0,0,0,0,0,66,257
2025,A,288,2,0000000001,0000000045,林智勝,31,非先發,1,1,1,1,0,0,0,0,1,0,0,0,0,0,0,0,0,0,0,0,0,0,0,12,50
2025,A,288,2,0000000001,0000000743,陳子豪,1,先發,5,5,2,2,0,0,0,0,2,1,0,0,0,0,0,1,0,0,0,0,0,0,0,66,289
2025,A,288,2,0000000001,0000001318,朱育賢,11,先發,4,4,0,0,0,0,0,0,0,0,0,0,0,0,0,0,0,0,0,0,0,0,0,81,274
2025,A,288,2,0000000001,0000003625,吉力吉撈．鞏冠,4,先發,5,1,0,0,0,0,0,0,0,0,0,0,4,0,0,1,0,0,0,0,0,0,0,98,349
2025,A,288,2,0000000001,0000005291,蔣少宏,63,先發,3,2,0,0,0,0,0,0,0,0,0,0,1,0,0,1,0,0,0,0,0,0,0,47,221
2025,A,288,2,0000000001,0000005532,全浩瑋,22,非先發,0,0,0,0,0,0,0,0,0,0,0,0,0,0,0,0,0,0,0,0,0,0,0,2,7
2025,A,288,2,0000000001,0000005540,李凱威,21,先發,5,5,1,1,0,0,0,0,1,0,0,0,0,0,0,1,0,0,0,0,0,0,0,98,340
2025,A,288,2,0000000001,0000005542,張政禹,25,先發,4,2,0,0,0,0,0,0,0,0,0,1,1,0,0,0,0,0,1,0,0,0,0,69,256
2025,A,288,2,0000000001,0000005545,劉基鴻,46,先發,4,4,1,1,0,0,0,0,1,0,0,0,0,0,0,0,0,0,0,0,0,0,0,84,337
2025,A,288,2,0000000001,0000005549,郭天信,2,先發,5,4,1,1,0,0,0,0,1,1,0,1,0,0,0,0,0,0,0,1,0,0,0,91,332
2025,A,288,2,0000000001,0000006728,陳思仲,44,非先發,0,0,0,0,0,0,0,0,0,0,0,0,0,0,0,0,0,0,0,0,0,0,0,3,19
2025,A,288,2,0000000001,0000007304,曾聖安,50,先發,4,3,0,0,0,0,0,0,0,0,0,0,1,0,0,0,0,0,0,0,0,0,0,25,133
2025,A,289,1,0000000001,0000006211,張肇元,29,先發,4,3,1,1,0,0,0,0,1,0,0,0,0,0,1,0,0,0,0,0,0,0,0,73,284
2025,A,289,1,0000000001,0000006927,曾子祐,1,先發,4,4,1,1,0,0,0,0,1,0,0,1,0,0,0,0,0,0,0,0,0,0,0,100,352
2025,A,289,1,0000000001,0000006928,林家鋐,16,先發,4,4,0,0,0,0,0,0,0,0,0,1,0,0,0,0,1,0,0,0,0,0,0,53,193
2025,A,289,1,0000000001,0000006929,紀慶然,24,先發,4,4,2,2,0,0,0,0,2,0,0,0,0,0,0,1,0,0,0,0,0,0,0,50,199
2025,A,289,1,0000000001,0000006939,顏郁軒,5,先發,4,4,1,1,0,0,0,0,1,1,0,0,0,0,0,2,0,0,0,0,0,0,0,17,62
2025,A,289,1,0000000001,0000007301,曾昱磬,44,先發,4,4,0,0,0,0,0,0,0,0,0,0,0,0,0,2,0,0,0,0,1,0,0,28,121
2025,A,289,2,0000000001,0000000361,張洺瑀,33,先發,3,3,0,0,0,0,0,0,0,0,0,0,0,0,0,2,0,0,0,0,0,0,0,10,53
2025,A,289,2,0000000001,0000000362,申皓瑋,29,先發,4,4,1,1,0,0,0,0,1,0,0,0,0,0,0,2,0,0,0,0,0,0,0,74,246
2025,A,289,2,0000000001,0000000910,張進德,47,非先發,1,1,0,0,0,0,0,0,0,0,0,0,0,0,0,1,0,0,0,0,0,0,0,16,38
2025,A,289,2,0000000001,0000001473,李宗賢,22,非先發,0,0,0,0,0,0,0,0,0,0,0,0,0,0,0,0,0,1,0,0,0,0,0,33,149
2025,A,289,2,0000000001,0000002352,范國宸,46,先發,4,4,1,1,0,0,0,0,1,0,0,0,0,0,0,0,0,0,0,0,0,0,0,70,261
2025,A,289,2,0000000001,0000004645,戴培峰,95,先發,4,4,1,1,0,0,0,0,1,0,0,0,0,0,0,0,0,0,0,0,0,0,0,59,236
2025,A,289,2,0000000001,0000005510,林澤彬,2,非先發,1,1,0,0,0,0,0,0,0,0,0,0,0,0,0,0,0,0,0,0,0,0,0,65,215
2025,A,289,2,0000000001,0000006737,董子恩,78,先發,4,4,1,1,0,0,0,0,1,0,0,0,0,0,0,0,0,0,0,0,0,0,0,47,169
2025,A,289,2,0000000001,0000006861,蔡佳諺,65,先發,3,3,0,0,0,0,0,0,0,0,0,0,0,0,0,0,0,0,0,0,0,0,0,13,72
2025,A,289,2,0000000001,0000006872,林岳谷,62,先發,4,3,1,1,0,0,0,0,1,0,0,0,1,0,0,0,0,0,0,0,0,0,0,48,187
2025,A,289,2,0000000001,0000006888,張育成,99,先發,4,2,0,0,0,0,0,0,0,0,0,0,2,0,0,0,0,0,0,0,0,0,0,45,160
2025,A,289,2,0000000001,0000007091,高捷,4,非先發,0,0,0,0,0,0,0,0,0,0,0,0,0,0,0,0,0,0,0,0,0,0,0,23,114
2025,A,289,2,0000000001,0000007094,陳愷佑,56,先發,3,3,1,0,1,0,0,0,2,0,0,0,0,0,0,0,0,0,0,0,0,2,0,5,33
2025,A,289,1,0000000001,0000000935,王柏融,9,先發,4,4,2,2,0,0,0,0,2,1,1,0,0,0,0,1,0,0,0,0,0,0,0,81,304
2025,A,289,1,0000000001,0000003649,吳念庭,39,先發,4,4,0,0,0,0,0,0,0,0,0,0,0,0,0,2,0,0,0,0,0,0,0,80,240
2025,A,289,1,0000000001,0000005340,王博玄,6,先發,4,4,1,1,0,0,0,0,1,0,0,0,0,0,0,1,0,0,0,0,0,0,0,100,331
2025,A,290,1,0000000001,0000000132,梁家榮,5,非先發,1,1,0,0,0,0,0,0,0,0,0,0,0,0,0,0,0,0,0,0,0,0,0,30,135
2025,A,290,1,0000000001,0000000153,林承飛,6,先發,3,3,0,0,0,0,0,0,0,0,0,0,0,0,0,3,0,0,0,0,0,0,0,40,151
2025,A,290,1,0000000001,0000000159,成晉,35,先發,3,3,0,0,0,0,0,0,0,0,0,0,0,0,0,1,0,0,0,0,0,0,0,71,261
2025,A,290,1,0000000001,0000001618,林子偉,15,先發,3,3,0,0,0,0,0,0,0,0,0,0,0,0,0,1,0,0,0,0,0,0,0,69,274
2025,A,290,1,0000000001,0000002282,張閔勛,28,先發,3,3,1,1,0,0,0,0,1,0,0,0,0,0,0,0,0,0,0,0,0,0,0,69,229
2025,A,290,1,0000000001,0000002286,林立,39,先發,4,4,1,0,1,0,0,0,2,0,0,1,0,0,0,0,0,0,0,0,0,0,0,71,199
2025,A,290,1,0000000001,0000003345,林智平,79,先發,4,4,2,1,1,0,0,0,3,1,0,0,0,0,0,1,0,0,0,0,0,0,0,84,268
2025,A,290,1,0000000001,0000003467,林泓育,11,先發,4,3,1,1,0,0,0,0,1,0,0,0,1,0,0,0,0,0,0,0,0,0,0,91,299
2025,A,290,1,0000000001,0000003563,余德龍,36,非先發,1,1,0,0,0,0,0,0,0,0,0,0,0,0,0,0,0,0,0,0,0,0,0,47,164
2025,A,290,1,0000000001,0000004633,陳晨威,98,先發,4,4,0,0,0,0,0,0,0,0,0,0,0,0,0,1,0,0,0,0,0,0,0,98,330
2025,A,290,1,0000000001,0000006240,馬傑森,94,非先發,1,1,0,0,0,0,0,0,0,0,0,0,0,0,0,0,0,0,0,0,0,0,0,21,130
2025,A,290,1,0000000001,0000007076,李勛傑,95,先發,2,2,0,0,0,0,0,0,0,0,0,0,0,0,0,0,0,0,0,0,0,0,0,28,127
2025,A,290,2,0000000001,0000000929,王威晨,9,先發,4,4,2,2,0,0,0,0,2,1,0,1,0,0,0,0,0,0,0,0,0,0,0,72,253
2025,A,290,2,0000000001,0000001119,許基宏,74,先發,4,3,1,1,0,0,0,0,1,2,1,1,0,0,0,1,0,0,0,1,0,0,0,76,269
2025,A,290,2,0000000001,0000002285,高宇杰,65,先發,4,3,0,0,0,0,0,0,0,0,0,0,0,0,0,1,0,0,1,0,1,0,0,68,272
2025,A,290,2,0000000001,0000002291,岳東華,98,先發,3,2,1,1,0,0,0,0,1,0,0,1,0,0,1,0,0,0,0,0,0,0,0,65,277
2025,A,290,2,0000000001,0000004636,江坤宇,90,先發,4,4,2,2,0,0,0,0,2,1,0,0,0,0,0,1,1,0,0,0,0,0,0,77,285
2025,A,290,2,0000000001,0000005298,黃韋盛,66,先發,4,4,1,1,0,0,0,0,1,0,0,1,0,0,0,1,0,0,0,0,0,0,0,64,219
2025,A,290,2,0000000001,0000005571,岳政華,92,先發,4,4,2,2,0,0,0,0,2,1,0,2,0,0,0,0,0,0,0,0,0,0,0,56,219
2025,A,290,2,0000000001,0000006225,宋晟睿,88,先發,4,3,1,0,1,0,0,0,2,1,0,0,0,0,0,0,0,0,0,1,1,0,0,83,311
2025,A,290,2,0000000001,0000007278,許庭綸,13,先發,3,2,1,1,0,0,0,0,1,1,0,1,0,0,1,0,1,0,0,0,0,0,0,10,45
2025,A,291,1,0000000001,0000000132,梁家榮,5,先發,3,2,0,0,0,0,0,0,0,0,0,0,0,0,0,1,0,0,0,0,0,0,0,30,137
2025,A,291,1,0000000001,0000000153,林承飛,6,先發,4,4,1,0,0,0,1,0,4,3,0,1,0,0,0,0,0,0,0,0,0,0,0,41,155
2025,A,291,1,0000000001,0000000159,成晉,35,先發,4,3,1,1,0,0,0,0,1,0,0,1,1,0,0,1,0,0,0,0,0,0,0,72,264
2025,A,291,1,0000000001,0000001618,林子偉,15,先發,4,3,1,1,0,0,0,0,1,0,0,0,1,0,0,0,1,0,0,0,0,0,0,70,277
2025,A,291,1,0000000001,0000002282,張閔勛,28,非先發,1,1,1,1,0,0,0,0,1,0,0,1,0,0,0,0,0,0,0,0,0,0,0,70,230
2025,A,291,1,0000000001,0000002286,林立,39,先發,5,5,1,1,0,0,0,0,1,0,0,0,0,0,0,0,0,1,0,0,0,0,0,72,204
2025,A,291,1,0000000001,0000003345,林智平,79,先發,5,5,1,1,0,0,0,0,1,0,0,1,0,0,0,2,0,0,0,0,0,0,0,85,273
2025,A,291,1,0000000001,0000003467,林泓育,11,先發,4,3,0,0,0,0,0,0,0,0,0,0,1,0,0,0,0,0,0,0,0,0,0,91,302
2025,A,291,1,0000000001,0000004633,陳晨威,98,先發,5,5,2,1,1,0,0,0,3,2,0,1,0,0,0,0,0,0,0,0,1,0,0,100,335
2025,A,291,1,0000000001,0000006235,林政華,65,非先發,1,1,1,1,0,0,0,0,1,0,0,1,0,0,0,0,0,0,0,0,0,0,0,65,236
2025,A,291,1,0000000001,0000006854,宋嘉翔,2,先發,2,2,0,0,0,0,0,0,0,0,0,0,0,0,0,1,0,0,0,0,0,0,0,29,100
2025,A,291,1,0000000001,0000007076,李勛傑,95,非先發,1,0,0,0,0,0,0,0,0,0,0,0,1,0,0,0,0,0,0,0,0,0,0,28,127
2025,A,291,2,0000000001,0000000929,王威晨,9,先發,4,4,1,1,0,0,0,0,1,2,1,0,0,0,0,0,0,0,0,0,0,0,0,73,257
2025,A,291,2,0000000001,0000001119,許基宏,74,先發,4,3,2,1,0,0,1,0,5,2,0,2,1,0,0,0,0,1,0,0,0,0,0,78,272
2025,A,291,2,0000000001,0000002285,高宇杰,65,先發,4,3,1,1,0,0,0,0,1,2,0,0,0,0,0,2,0,0,0,1,0,1,0,69,275
2025,A,291,2,0000000001,0000002291,岳東華,98,先發,4,4,2,1,1,0,0,0,3,0,0,2,0,0,0,1,0,0,0,0,0,0,0,67,281
2025,A,291,2,0000000001,0000002307,王政順,61,先發,4,2,0,0,0,0,0,0,0,0,0,0,1,0,1,0,0,0,0,0,0,0,0,29,101
2025,A,291,2,0000000001,0000003183,張志豪,7,先發,4,4,1,1,0,0,0,0,1,0,0,1,0,0,0,1,0,0,0,0,0,0,0,19,104
2025,A,291,2,0000000001,0000004636,江坤宇,90,先發,4,3,1,1,0,0,0,0,1,2,0,1,1,0,0,0,0,0,0,0,0,0,0,78,288
2025,A,291,2,0000000001,0000005298,黃韋盛,66,非先發,0,0,0,0,0,0,0,0,0,0,0,1,0,0,0,0,0,0,0,0,0,0,0,64,219
2025,A,291,2,0000000001,0000005571,岳政華,92,先發,4,3,0,0,0,0,0,0,0,0,0,1,0,0,0,0,0,0,1,0,0,0,0,56,222
2025,A,291,2,0000000001,0000006225,宋晟睿,88,先發,4,4,1,1,0,0,0,0,1,0,0,0,0,0,0,1,0,0,0,0,0,0,0,84,315
2025,A,292,1,0000000001,0000001119,許基宏,74,先發,2,1,0,0,0,0,0,0,0,0,0,0,1,0,0,0,0,0,0,0,0,0,0,78,273
2025,A,292,1,0000000001,0000002285,高宇杰,65,先發,1,1,1,0,1,0,0,0,2,0,0,1,0,0,0,0,0,0,0,0,0,0,0,70,276
2025,A,292,1,0000000001,0000002291,岳東華,98,先發,4,4,2,2,0,0,0,0,2,2,0,0,0,0,0,0,0,0,0,0,0,0,0,69,285
2025,A,292,1,0000000001,0000002307,王政順,61,先發,4,4,1,1,0,0,0,0,1,0,0,1,0,0,0,3,0,0,0,0,0,0,0,30,105
2025,A,292,1,0000000001,0000004636,江坤宇,90,先發,4,3,1,1,0,0,0,0,1,1,0,1,0,0,0,0,0,0,0,1,0,0,0,79,291
2025,A,292,1,0000000001,0000005298,黃韋盛,66,先發,4,4,0,0,0,0,0,0,0,0,0,0,0,0,0,2,1,0,0,0,0,0,0,64,223
2025,A,292,1,0000000001,0000005569,曾頌恩,1,非先發,2,2,1,1,0,0,0,0,1,0,0,0,0,0,0,0,0,0,0,0,0,0,0,36,171
2025,A,292,1,0000000001,0000005571,岳政華,92,先發,4,3,1,1,0,0,0,0,1,0,0,0,1,0,0,1,0,0,0,0,0,0,0,57,225
2025,A,292,1,0000000001,0000006225,宋晟睿,88,先發,2,2,0,0,0,0,0,0,0,0,0,0,0,0,0,0,0,0,0,0,0,1,0,84,317
2025,A,292,1,0000000001,0000006730,張仁瑋,28,非先發,2,2,0,0,0,0,0,0,0,0,0,0,0,0,0,0,0,0,0,0,0,0,0,30,110
2025,A,292,1,0000000001,0000006732,陳統恩,48,非先發,3,3,0,0,0,0,0,0,0,0,0,0,0,0,0,3,0,0,0,0,0,0,0,5,23
2025,A,292,1,0000000001,0000007278,許庭綸,13,先發,4,4,2,2,0,0,0,0,2,0,0,0,0,0,0,1,0,0,0,0,0,0,0,12,49
2025,A,292,1,0000000001,0000007282,陳九登,72,非先發,1,1,0,0,0,0,0,0,0,0,0,0,0,0,0,0,0,0,0,0,1,0,0,0,2
2025,A,292,2,0000000001,0000000045,林智勝,31,非先發,1,1,0,0,0,0,0,0,0,0,0,0,0,0,0,0,0,0,0,0,0,0,0,12,51
2025,A,292,2,0000000001,0000000743,陳子豪,1,先發,5,4,1,1,0,0,0,0,1,2,0,1,1,0,0,0,0,0,0,0,0,0,0,67,293
2025,A,292,2,0000000001,0000001318,朱育賢,11,先發,4,2,1,1,0,0,0,0,1,1,0,1,2,0,0,0,0,0,0,0,0,0,0,82,276
2025,A,292,2,0000000001,0000003343,郭嚴文,6,非先發,1,1,0,0,0,0,0,0,0,0,0,0,0,0,0,0,0,0,0,0,0,0,0,26,112
2025,A,292,2,0000000001,0000003625,吉力吉撈．鞏冠,4,先發,5,5,1,0,1,0,0,0,2,0,0,0,0,0,0,0,0,0,0,0,0,0,0,99,354
2025,A,292,2,0000000001,0000005291,蔣少宏,63,先發,4,4,2,1,1,0,0,0,3,2,0,1,0,0,0,1,0,0,0,0,0,0,0,49,225
2025,A,292,2,0000000001,0000005540,李凱威,21,先發,5,5,4,4,0,0,0,0,4,2,1,2,0,0,0,0,0,0,0,0,0,0,1,102,345
2025,A,292,2,0000000001,0000005542,張政禹,25,先發,5,5,2,2,0,0,0,0,2,0,0,1,0,0,0,0,0,0,0,0,0,0,0,71,261
2025,A,292,2,0000000001,0000005545,劉基鴻,46,先發,4,4,2,2,0,0,0,0,2,2,0,1,0,0,0,0,0,0,0,0,0,0,0,86,341
2025,A,292,2,0000000001,0000005549,郭天信,2,先發,5,4,0,0,0,0,0,0,0,0,0,1,1,0,0,0,0,0,0,0,0,0,0,91,336
2025,A,292,2,0000000001,0000006216,王順和,24,非先發,0,0,0,0,0,0,0,0,0,0,0,0,0,0,0,0,0,0,0,0,0,0,0,37,131
2025,A,292,2,0000000001,0000006728,陳思仲,44,非先發,0,0,0,0,0,0,0,0,0,0,0,0,0,0,0,0,0,0,0,0,0,0,0,3,19
2025,A,292,2,0000000001,0000007304,曾聖安,50,先發,4,3,2,2,0,0,0,0,2,0,0,1,1,0,0,0,0,0,0,0,0,0,0,27,136
2025,A,293,1,0000000001,0000000362,申皓瑋,29,先發,4,4,2,2,0,0,0,0,2,0,0,1,0,0,0,1,0,0,0,0,0,0,0,76,250
2025,A,293,1,0000000001,0000000910,張進德,47,先發,4,4,0,0,0,0,0,0,0,0,0,0,0,0,0,1,0,0,0,0,0,0,0,16,42
2025,A,293,1,0000000001,0000002352,范國宸,46,先發,4,4,2,2,0,0,0,0,2,0,0,0,0,0,0,0,0,0,0,0,0,0,0,72,265
2025,A,293,1,0000000001,0000004645,戴培峰,95,先發,4,3,0,0,0,0,0,0,0,0,0,0,1,0,0,2,0,0,0,0,0,0,0,59,239
2025,A,293,1,0000000001,0000005510,林澤彬,2,先發,4,4,0,0,0,0,0,0,0,0,0,0,0,0,0,0,0,0,0,0,0,0,0,65,219
2025,A,293,1,0000000001,0000006737,董子恩,78,非先發,1,1,1,1,0,0,0,0,1,1,0,0,0,0,0,0,0,0,0,0,0,0,0,48,170
2025,A,293,1,0000000001,0000006861,蔡佳諺,65,非先發,0,0,0,0,0,0,0,0,0,0,0,0,0,0,0,0,0,0,0,0,0,0,0,13,72
2025,A,293,1,0000000001,0000006868,周佳樂,77,先發,2,2,0,0,0,0,0,0,0,0,0,0,0,0,0,0,0,0,0,0,1,0,0,29,150
2025,A,293,1,0000000001,0000006872,林岳谷,62,先發,4,4,1,1,0,0,0,0,1,0,0,0,0,0,0,1,0,0,0,0,0,0,0,49,191
2025,A,293,1,0000000001,0000006888,張育成,99,先發,4,4,0,0,0,0,0,0,0,0,0,0,0,0,0,1,0,0,0,0,0,0,0,45,164
2025,A,293,1,0000000001,0000007091,高捷,4,先發,4,4,2,1,1,0,0,0,3,1,0,1,0,0,0,1,0,0,0,0,0,0,0,25,118
2025,A,293,2,0000000001,0000001339,林祖傑,39,先發,4,4,2,2,0,0,0,0,2,1,0,0,0,0,0,0,0,0,0,0,0,1,0,22,77
2025,A,293,2,0000000001,0000001606,林岱安,31,先發,4,3,0,0,0,0,0,0,0,0,0,0,0,0,0,0,0,0,1,0,1,0,0,36,161
2025,A,293,2,0000000001,0000001804,陳傑憲,24,先發,5,5,3,3,0,0,0,0,3,0,0,1,0,0,0,0,0,0,0,0,0,0,0,76,260
2025,A,293,2,0000000001,0000002275,林安可,77,先發,5,4,4,1,2,1,0,0,8,3,0,2,1,0,0,0,0,0,0,0,0,0,0,80,242
2025,A,293,2,0000000001,0000002661,陳鏞基,13,先發,4,3,1,0,1,0,0,0,2,0,0,0,1,0,0,0,0,0,0,0,1,0,0,41,140
2025,A,293,2,0000000001,0000002707,潘傑楷,35,先發,4,4,0,0,0,0,0,0,0,0,0,0,0,0,0,0,0,0,0,0,0,0,0,83,307
2025,A,293,2,0000000001,0000003615,胡金龍,51,先發,4,4,2,2,0,0,0,0,2,1,0,0,0,0,0,2,0,0,0,0,0,0,0,33,108
2025,A,293,2,0000000001,0000005522,朱迦恩,8,非先發,1,1,0,0,0,0,0,0,0,0,0,0,0,0,0,0,0,0,0,0,0,0,0,9,58
2025,A,293,2,0000000001,0000006223,林子豪,2,非先發,1,1,1,1,0,0,0,0,1,0,0,1,0,0,0,0,0,0,0,0,0,0,0,45,201
2025,A,293,2,0000000001,0000007070,林佳緯,20,先發,5,5,3,2,1,0,0,0,4,2,1,1,0,0,0,0,0,0,0,0,0,0,0,104,363
2025,A,293,2,0000000001,0000007071,林泓弦,67,先發,4,4,1,1,0,0,0,0,1,0,0,2,0,0,0,1,0,0,0,0,0,0,0,12,50
2025,A,294,1,0000000001,0000000153,林承飛,6,先發,5,4,1,1,0,0,0,0,1,0,0,1,1,0,0,1,0,0,0,0,0,0,0,42,159
2025,A,294,1,0000000001,0000000159,成晉,35,先發,4,4,0,0,0,0,0,0,0,0,0,0,0,0,0,3,0,0,0,0,0,0,0,72,268
2025,A,294,1,0000000001,0000001618,林子偉,15,先發,3,3,0,0,0,0,0,0,0,1,0,0,0,0,0,2,0,0,0,0,0,1,0,70,280
2025,A,294,1,0000000001,0000002282,張閔勛,28,先發,5,4,1,1,0,0,0,0,1,0,0,1,0,0,0,0,0,0,1,0,1,0,0,71,234
2025,A,294,1,0000000001,0000002286,林立,39,先發,5,4,2,1,1,0,0,0,3,0,0,0,1,0,0,1,0,0,0,0,0,0,0,74,208
2025,A,294,1,0000000001,0000003345,林智平,79,先發,5,5,1,1,0,0,0,0,1,0,0,0,0,0,0,1,0,1,0,0,0,0,0,86,278
2025,A,294,1,0000000001,0000003467,林泓育,11,先發,5,5,2,2,0,0,0,0,2,0,0,1,0,0,0,0,0,0,0,0,0,0,0,93,307
2025,A,294,1,0000000001,0000003563,余德龍,36,先發,4,3,1,1,0,0,0,0,1,0,0,1,0,0,0,0,1,0,1,0,0,0,0,48,167
2025,A,294,1,0000000001,0000004633,陳晨威,98,非先發,1,1,1,1,0,0,0,0,1,1,0,0,0,0,0,0,0,0,0,0,0,0,0,101,336
2025,A,294,1,0000000001,0000006235,林政華,65,先發,4,4,3,3,0,0,0,0,3,3,0,1,0,0,0,0,0,0,0,0,0,1,0,68,240
2025,A,294,1,0000000001,0000006240,馬傑森,94,非先發,1,1,0,0,0,0,0,0,0,0,0,0,0,0,0,0,0,0,0,0,0,0,0,21,131
2025,A,294,2,0000000001,0000000935,王柏融,9,先發,5,5,1,1,0,0,0,0,1,0,0,0,0,0,0,0,0,0,0,0,0,0,0,82,309
2025,A,294,2,0000000001,0000003649,吳念庭,39,先發,5,5,2,2,0,0,0,0,2,2,0,0,0,0,0,0,0,0,0,0,0,1,0,82,245
2025,A,294,2,0000000001,0000005340,王博玄,6,先發,5,4,2,2,0,0,0,0,2,2,1,2,1,0,0,0,1,0,0,0,0,0,1,102,335
2025,A,294,2,0000000001,0000006211,張肇元,29,先發,5,5,2,1,0,0,1,0,5,2,0,1,0,0,0,0,0,0,0,0,0,0,0,75,289
2025,A,294,2,0000000001,0000006927,曾子祐,1,先發,5,4,2,1,1,0,0,0,3,2,0,1,1,0,0,0,0,0,0,0,1,0,0,102,356
2025,A,294,2,0000000001,0000006928,林家鋐,16,先發,5,4,0,0,0,0,0,0,0,0,0,1,0,0,1,1,0,0,0,0,0,0,0,53,197
2025,A,294,2,0000000001,0000006929,紀慶然,24,先發,4,1,1,1,0,0,0,0,1,0,0,3,3,0,0,0,0,0,0,0,0,0,0,51,200
2025,A,294,2,0000000001,0000006939,顏郁軒,5,先發,4,4,1,1,0,0,0,0,1,0,0,1,0,0,0,1,0,0,0,0,0,1,0,18,66
2025,A,294,2,0000000001,0000007301,曾昱磬,44,先發,5,5,2,1,1,0,0,0,3,0,0,1,0,0,0,1,0,0,0,0,0,0,0,30,126
2025,A,295,1,0000000001,0000000153,林承飛,6,先發,4,3,1,1,0,0,0,0,1,0,0,1,0,0,1,1,0,0,0,0,0,0,0,43,162
2025,A,295,1,0000000001,0000000158,廖健富,58,非先發,1,1,0,0,0,0,0,0,0,0,0,0,0,0,0,0,0,0,0,0,0,0,0,10,56
2025,A,295,1,0000000001,0000000159,成晉,35,非先發,0,0,0,0,0,0,0,0,0,0,0,0,0,0,0,0,0,0,0,0,0,0,0,72,268
2025,A,295,1,0000000001,0000001618,林子偉,15,非先發,0,0,0,0,0,0,0,0,0,0,0,0,0,0,0,0,0,0,0,0,0,0,0,70,280
2025,A,295,1,0000000001,0000002282,張閔勛,28,先發,4,4,2,1,1,0,0,0,3,2,1,1,0,0,0,1,0,0,0,0,0,0,0,73,238
2025,A,295,1,0000000001,0000002286,林立,39,先發,4,3,0,0,0,0,0,0,0,0,0,0,1,0,0,1,1,0,0,0,0,0,0,74,211
2025,A,295,1,0000000001,0000003345,林智平,79,先發,4,4,0,0,0,0,0,0,0,0,0,0,0,0,0,2,0,0,0,0,0,0,0,86,282
2025,A,295,1,0000000001,0000003467,林泓育,11,先發,4,4,1,1,0,0,0,0,1,0,0,1,0,0,0,1,0,0,0,0,0,0,0,94,311
2025,A,295,1,0000000001,0000003563,余德龍,36,先發,4,4,2,2,0,0,0,0,2,0,0,1,0,0,0,0,0,0,0,0,0,0,0,50,171
2025,A,295,1,0000000001,0000004633,陳晨威,98,先發,4,3,1,0,1,0,0,0,2,2,0,0,1,0,0,1,0,0,0,0,0,0,0,102,339
2025,A,295,1,0000000001,0000006235,林政華,65,先發,5,5,0,0,0,0,0,0,0,0,0,0,0,0,0,1,0,0,0,0,0,0,0,68,245
2025,A,295,1,0000000001,0000006240,馬傑森,94,先發,3,3,0,0,0,0,0,0,0,0,0,0,0,0,0,0,0,0,0,0,0,0,0,21,134
2025,A,295,1,0000000001,0000007076,李勛傑,95,非先發,0,0,0,0,0,0,0,0,0,0,0,0,0,0,0,0,0,0,0,0,0,0,0,28,127
2025,A,295,2,0000000001,0000000753,杜家明,71,非先發,1,1,0,0,0,0,0,0,0,0,0,0,0,0,0,0,0,0,0,0,0,0,0,27,112
2025,A,295,2,0000000001,0000000935,王柏融,9,先發,2,2,0,0,0,0,0,0,0,0,0,0,0,0,0,1,0,0,0,0,0,0,0,82,311
2025,A,295,2,0000000001,0000001291,郭阜林,59,先發,4,4,0,0,0,0,0,0,0,0,0,0,0,0,0,2,0,0,0,0,0,0,0,54,199
2025,A,295,2,0000000001,0000003649,吳念庭,39,先發,3,3,0,0,0,0,0,0,0,1,0,0,0,0,0,0,0,0,0,0,0,0,0,82,248
2025,A,295,2,0000000001,0000005340,王博玄,6,先發,5,3,1,0,1,0,0,0,2,0,0,2,2,0,0,2,0,0,0,0,0,0,0,103,338
2025,A,295,2,0000000001,0000006211,張肇元,29,先發,4,4,1,0,1,0,0,0,2,1,0,0,0,0,0,1,0,0,0,0,0,0,0,76,293
2025,A,295,2,0000000001,0000006927,曾子祐,1,先發,4,3,0,0,0,0,0,0,0,0,0,1,1,0,0,0,0,0,0,0,0,0,0,102,359
2025,A,295,2,0000000001,0000006928,林家鋐,16,先發,4,3,2,2,0,0,0,0,2,0,0,0,1,0,0,1,1,0,0,0,0,0,0,55,200
2025,A,295,2,0000000001,0000006929,紀慶然,24,先發,2,2,0,0,0,0,0,0,0,0,0,0,0,0,0,2,0,0,0,0,0,0,0,51,202
2025,A,295,2,0000000001,0000006936,高聖恩,50,非先發,2,2,0,0,0,0,0,0,0,0,0,0,0,0,0,1,0,0,0,0,0,0,0,12,64
2025,A,295,2,0000000001,0000006939,顏郁軒,5,非先發,2,2,0,0,0,0,0,0,0,0,0,0,0,0,0,1,0,0,0,0,0,0,0,18,68
2025,A,295,2,0000000001,0000007301,曾昱磬,44,先發,4,4,1,1,0,0,0,0,1,1,0,0,0,0,0,0,0,0,0,0,0,0,0,31,130
2025,A,296,1,0000000001,0000006888,張育成,99,先發,5,4,2,0,1,0,1,0,6,2,0,1,1,0,0,0,0,1,0,0,0,0,0,47,168
2025,A,296,1,0000000001,0000006909,豊暐,43,先發,3,3,0,0,0,0,0,0,0,0,0,0,0,0,0,1,0,0,0,0,0,1,0,23,107
2025,A,296,1,0000000001,0000007091,高捷,4,先發,4,3,1,1,0,0,0,0,1,0,0,0,0,0,0,2,1,0,1,0,0,0,0,26,121
2025,A,296,1,0000000001,0000007094,陳愷佑,56,先發,4,4,0,0,0,0,0,0,0,0,0,0,0,0,0,0,0,0,0,0,0,0,0,5,37
2025,A,296,2,0000000001,0000001339,林祖傑,39,先發,3,3,0,0,0,0,0,0,0,0,0,0,0,0,0,0,0,0,0,0,0,0,0,22,80
2025,A,296,2,0000000001,0000001474,蘇智傑,32,非先發,1,1,0,0,0,0,0,0,0,0,0,0,0,0,0,1,0,0,0,0,0,0,0,42,159
2025,A,296,2,0000000001,0000001606,林岱安,31,先發,4,3,1,1,0,0,0,0,1,0,0,0,1,0,0,1,0,0,0,0,0,0,0,37,164
2025,A,296,2,0000000001,0000001804,陳傑憲,24,先發,5,4,0,0,0,0,0,0,0,0,0,0,1,1,0,0,0,0,0,0,0,0,0,76,264
2025,A,296,2,0000000001,0000002275,林安可,77,先發,4,4,2,1,0,0,1,0,5,3,0,1,0,0,0,1,0,0,0,0,0,0,0,82,246
2025,A,296,2,0000000001,0000002661,陳鏞基,13,先發,3,2,0,0,0,0,0,0,0,0,0,1,1,0,0,0,0,0,0,0,0,0,0,41,142
2025,A,296,2,0000000001,0000002707,潘傑楷,35,先發,4,4,1,1,0,0,0,0,1,0,0,0,0,0,0,2,2,0,0,0,0,1,0,84,311
2025,A,296,2,0000000001,0000003615,胡金龍,51,先發,3,3,1,1,0,0,0,0,1,0,0,1,0,0,0,0,0,0,0,0,0,0,0,34,111
2025,A,296,2,0000000001,0000005522,朱迦恩,8,非先發,1,1,1,1,0,0,0,0,1,0,0,1,0,0,0,0,0,0,0,0,0,0,0,10,59
2025,A,296,2,0000000001,0000006223,林子豪,2,非先發,1,1,0,0,0,0,0,0,0,0,0,0,0,0,0,0,0,0,0,0,0,0,0,45,202
2025,A,296,2,0000000001,0000007070,林佳緯,20,先發,5,5,3,3,0,0,0,0,3,1,1,1,0,0,0,0,0,0,0,0,0,0,1,107,368
2025,A,296,2,0000000001,0000007071,林泓弦,67,先發,4,4,1,1,0,0,0,0,1,0,0,0,0,0,0,0,1,0,0,0,0,1,0,13,54
2025,A,296,1,0000000001,0000000361,張洺瑀,33,非先發,1,1,0,0,0,0,0,0,0,0,0,0,0,0,0,0,0,0,0,0,0,0,0,10,54
2025,A,296,1,0000000001,0000000362,申皓瑋,29,先發,5,5,1,0,0,0,1,0,4,1,0,1,0,0,0,1,0,0,0,0,0,0,0,77,255
2025,A,296,1,0000000001,0000000910,張進德,47,非先發,1,0,0,0,0,0,0,0,0,0,0,0,1,1,0,0,0,0,0,0,0,0,0,16,42
2025,A,296,1,0000000001,0000001473,李宗賢,22,非先發,0,0,0,0,0,0,0,0,0,0,0,0,0,0,0,0,0,0,0,0,0,0,0,33,149
2025,A,296,1,0000000001,0000002352,范國宸,46,先發,3,2,0,0,0,0,0,0,0,1,0,0,0,0,0,2,0,0,0,1,0,0,0,72,267
2025,A,296,1,0000000001,0000004645,戴培峰,95,非先發,1,1,0,0,0,0,0,0,0,0,0,0,0,0,0,1,0,0,0,0,0,0,0,59,240
2025,A,296,1,0000000001,0000005510,林澤彬,2,先發,5,3,2,2,0,0,0,0,2,0,0,2,2,0,0,0,0,0,0,0,0,0,0,67,222
2025,A,296,1,0000000001,0000006737,董子恩,78,先發,4,3,1,1,0,0,0,0,1,0,0,0,1,0,0,0,0,1,0,0,0,0,0,49,173
2025,A,296,1,0000000001,0000006861,蔡佳諺,65,先發,3,3,0,0,0,0,0,0,0,0,0,0,0,0,0,1,0,0,0,0,0,0,0,13,75
2025,A,296,1,0000000001,0000006868,周佳樂,77,非先發,0,0,0,0,0,0,0,0,0,0,0,0,0,0,0,0,0,0,0,0,0,0,0,29,150
2025,A,297,1,0000000001,0000002285,高宇杰,65,非先發,1,1,0,0,0,0,0,0,0,0,0,0,0,0,0,1,0,0,0,0,0,0,0,70,277
2025,A,297,1,0000000001,0000002291,岳東華,98,先發,4,3,0,0,0,0,0,0,0,0,0,0,1,0,0,0,1,0,0,0,0,0,0,69,288
2025,A,297,1,0000000001,0000002307,王政順,61,先發,4,4,2,2,0,0,0,0,2,1,0,0,0,0,0,0,0,0,0,0,0,0,0,32,109
2025,A,297,1,0000000001,0000004636,江坤宇,90,先發,4,3,0,0,0,0,0,0,0,0,0,1,0,0,0,1,0,0,1,0,0,0,0,79,294
2025,A,297,1,0000000001,0000005298,黃韋盛,66,非先發,1,1,1,0,1,0,0,0,2,0,0,1,0,0,0,0,0,0,0,0,0,0,0,65,224
2025,A,297,1,0000000001,0000005569,曾頌恩,1,先發,3,2,1,1,0,0,0,0,1,0,0,0,1,0,0,0,0,1,0,0,0,0,0,37,173
2025,A,297,1,0000000001,0000005571,岳政華,92,先發,4,4,2,1,1,0,0,0,3,0,0,2,0,0,0,1,1,0,0,0,0,0,0,59,229
2025,A,297,1,0000000001,0000006225,宋晟睿,88,先發,4,3,2,1,0,0,1,0,5,3,0,1,0,0,0,0,0,0,0,1,0,0,0,86,320
2025,A,297,1,0000000001,0000006732,陳統恩,48,先發,3,3,0,0,0,0,0,0,0,0,0,0,0,0,0,1,0,0,0,0,0,0,0,5,26
2025,A,297,1,0000000001,0000007278,許庭綸,13,非先發,0,0,0,0,0,0,0,0,0,0,0,0,0,0,0,0,0,0,0,0,0,0,0,12,49
2025,A,297,2,0000000001,0000000045,林智勝,31,非先發,1,1,0,0,0,0,0,0,0,0,0,0,0,0,0,0,0,0,0,0,0,0,0,12,52
2025,A,297,2,0000000001,0000000743,陳子豪,1,先發,4,4,2,2,0,0,0,0,2,0,0,1,0,0,0,0,0,0,0,0,0,0,0,69,297
2025,A,297,2,0000000001,0000001318,朱育賢,11,先發,4,3,2,2,0,0,0,0,2,1,0,0,1,0,0,0,0,0,0,0,0,0,0,84,279
2025,A,297,2,0000000001,0000003343,郭嚴文,6,非先發,1,1,0,0,0,0,0,0,0,0,0,0,0,0,0,0,0,0,0,0,0,0,0,26,113
2025,A,297,2,0000000001,0000003625,吉力吉撈．鞏冠,4,先發,4,4,1,0,1,0,0,0,2,0,0,1,0,0,0,1,0,0,0,0,0,0,0,100,358
2025,A,297,2,0000000001,0000005291,蔣少宏,63,先發,2,2,0,0,0,0,0,0,0,0,0,0,0,0,0,1,0,0,0,0,0,0,0,49,227
2025,A,297,2,0000000001,0000005532,全浩瑋,22,非先發,0,0,0,0,0,0,0,0,0,0,0,0,0,0,0,0,0,0,0,0,0,0,0,2,7
2025,A,297,2,0000000001,0000005540,李凱威,21,先發,4,4,1,0,1,0,0,0,2,1,0,0,0,0,0,0,0,0,0,0,0,0,0,103,349
2025,A,297,2,0000000001,0000005542,張政禹,25,先發,4,4,2,2,0,0,0,0,2,0,0,0,0,0,0,0,0,1,0,0,0,0,0,73,265
2025,A,297,2,0000000001,0000005545,劉基鴻,46,先發,4,3,0,0,0,0,0,0,0,1,0,0,0,0,0,1,0,0,0,1,1,0,0,86,344
2025,A,297,2,0000000001,0000005549,郭天信,2,先發,5,4,1,1,0,0,0,0,1,0,0,0,1,0,0,1,1,0,0,0,0,0,0,92,340
2025,A,297,2,0000000001,0000006216,王順和,24,非先發,0,0,0,0,0,0,0,0,0,0,0,0,0,0,0,0,0,0,0,0,0,0,0,37,131
2025,A,297,2,0000000001,0000007304,曾聖安,50,先發,4,3,0,0,0,0,0,0,0,0,0,1,1,0,0,1,1,0,0,0,0,0,0,27,139
2025,A,297,1,0000000001,0000000929,王威晨,9,先發,4,4,1,1,0,0,0,0,1,1,1,0,0,0,0,0,0,0,0,0,1,0,0,74,261
2025,A,297,1,0000000001,0000001119,許基宏,74,先發,4,4,0,0,0,0,0,0,0,0,0,0,0,0,0,0,0,0,0,0,0,0,0,78,277
2025,A,298,1,0000000001,0000000929,王威晨,9,先發,5,5,3,2,1,0,0,0,4,4,0,1,0,0,0,1,1,0,0,0,0,0,1,77,266
2025,A,298,1,0000000001,0000001119,許基宏,74,先發,4,4,2,1,1,0,0,0,3,1,1,0,0,0,0,1,0,0,0,0,0,0,0,80,281
2025,A,298,1,0000000001,0000002285,高宇杰,65,先發,5,4,2,2,0,0,0,0,2,1,0,1,1,0,0,1,0,0,0,0,0,0,0,72,281
2025,A,298,1,0000000001,0000002291,岳東華,98,先發,5,4,0,0,0,0,0,0,0,0,0,0,1,0,0,1,0,0,0,0,0,0,0,69,292
2025,A,298,1,0000000001,0000002307,王政順,61,非先發,1,1,0,0,0,0,0,0,0,0,0,0,0,0,0,1,0,0,0,0,0,0,0,32,110
2025,A,298,1,0000000001,0000004636,江坤宇,90,先發,5,5,2,2,0,0,0,0,2,0,0,1,0,0,0,0,1,0,0,0,0,0,0,81,299
2025,A,298,1,0000000001,0000005298,黃韋盛,66,先發,5,5,4,4,0,0,0,0,4,0,0,3,0,0,0,0,0,0,0,0,0,1,0,69,229
2025,A,298,1,0000000001,0000005571,岳政華,92,先發,6,6,1,0,1,0,0,0,2,0,0,1,0,0,0,2,0,0,0,0,0,0,0,60,235
2025,A,298,1,0000000001,0000006225,宋晟睿,88,先發,5,3,0,0,0,0,0,0,0,0,0,1,2,0,0,1,0,0,0,0,0,0,0,86,323
2025,A,298,1,0000000001,0000006730,張仁瑋,28,非先發,0,0,0,0,0,0,0,0,0,0,0,0,0,0,0,0,0,0,0,0,0,0,0,30,110
2025,A,298,1,0000000001,0000007278,許庭綸,13,先發,5,4,1,0,1,0,0,0,2,0,0,2,1,0,0,0,0,0,0,0,0,0,0,13,53
2025,A,298,2,0000000001,0000000045,林智勝,31,非先發,1,1,1,1,0,0,0,0,1,0,0,1,0,0,0,0,0,0,0,0,0,0,0,13,53
2025,A,298,2,0000000001,0000000356,石翔宇,72,非先發,0,0,0,0,0,0,0,0,0,0,0,0,0,0,0,0,0,0,0,0,0,0,0,5,12
2025,A,298,2,0000000001,0000000743,陳子豪,1,先發,5,4,1,1,0,0,0,0,1,1,0,0,1,0,0,1,0,0,0,0,0,0,0,70,301
2025,A,298,2,0000000001,0000001318,朱育賢,11,先發,5,5,1,1,0,0,0,0,1,1,0,0,0,0,0,1,0,0,0,0,1,0,0,85,284
2025,A,298,2,0000000001,0000003343,郭嚴文,6,非先發,1,1,0,0,0,0,0,0,0,0,0,0,0,0,0,0,0,0,0,0,0,0,0,26,114
2025,A,298,2,0000000001,0000003625,吉力吉撈．鞏冠,4,先發,5,4,2,1,1,0,0,0,3,1,0,0,1,0,0,0,0,0,0,0,0,0,0,102,362
2025,A,298,2,0000000001,0000005291,蔣少宏,63,先發,2,1,0,0,0,0,0,0,0,0,0,0,0,0,0,0,0,0,1,0,0,0,0,49,228
2025,A,298,2,0000000001,0000005532,全浩瑋,22,非先發,1,1,0,0,0,0,0,0,0,0,0,0,0,0,0,1,0,0,0,0,0,0,0,2,8
2025,A,298,2,0000000001,0000005540,李凱威,21,先發,5,4,2,2,0,0,0,0,2,1,0,1,1,0,0,0,0,0,0,0,0,0,0,105,353
2025,A,298,2,0000000001,0000005542,張政禹,25,先發,4,4,2,2,0,0,0,0,2,0,0,1,0,0,0,0,0,1,0,0,0,0,0,75,269
2025,A,298,2,0000000001,0000005545,劉基鴻,46,先發,5,5,2,2,0,0,0,0,2,0,0,1,0,0,0,0,0,0,0,0,0,0,0,88,349
2025,A,298,2,0000000001,0000005549,郭天信,2,先發,5,5,1,1,0,0,0,0,1,1,0,1,0,0,0,0,0,0,0,0,0,1,0,93,345
2025,A,298,2,0000000001,0000007304,曾聖安,50,先發,4,4,2,2,0,0,0,0,2,2,0,2,0,0,0,0,0,0,0,0,0,0,0,29,143
2025,A,299,1,0000000001,0000000361,張洺瑀,33,先發,3,3,0,0,0,0,0,0,0,0,0,0,0,0,0,1,0,0,0,0,1,0,0,10,57
2025,A,299,1,0000000001,0000000362,申皓瑋,29,先發,5,5,1,1,0,0,0,0,1,0,0,0,0,0,0,2,0,0,0,0,0,0,0,78,260
2025,A,299,1,0000000001,0000000910,張進德,47,先發,5,5,1,1,0,0,0,0,1,0,0,0,0,0,0,0,0,0,0,0,0,0,0,17,47
2025,A,299,1,0000000001,0000001473,李宗賢,22,非先發,1,1,0,0,0,0,0,0,0,0,0,0,0,0,0,0,0,0,0,0,0,0,0,33,150
2025,A,299,1,0000000001,0000002352,范國宸,46,非先發,1,1,1,1,0,0,0,0,1,0,0,0,0,0,0,0,0,0,0,0,0,0,0,73,268
2025,A,299,1,0000000001,0000004645,戴培峰,95,非先發,1,1,0,0,0,0,0,0,0,0,0,0,0,0,0,0,0,0,0,0,0,0,0,59,241
2025,A,299,1,0000000001,0000005510,林澤彬,2,先發,5,4,2,2,0,0,0,0,2,0,0,1,1,0,0,0,0,0,0,0,0,1,0,69,226
2025,A,299,1,0000000001,0000006737,董子恩,78,先發,4,2,1,1,0,0,0,0,1,0,0,1,2,0,0,0,0,0,0,0,0,0,0,50,175
2025,A,299,1,0000000001,0000006861,蔡佳諺,65,先發,3,3,2,1,1,0,0,0,3,0,0,0,0,0,0,0,0,0,0,0,0,0,0,15,78
2025,A,299,1,0000000001,0000006868,周佳樂,77,非先發,0,0,0,0,0,0,0,0,0,0,0,0,0,0,0,0,0,0,0,0,0,0,0,29,150
2025,A,299,1,0000000001,0000006888,張育成,99,先發,5,4,3,2,0,0,1,0,6,2,0,1,1,0,0,1,0,0,0,0,0,1,0,50,172
2025,A,299,1,0000000001,0000006909,豊暐,43,先發,3,3,0,0,0,0,0,0,0,0,0,0,0,0,0,1,0,0,0,0,0,0,0,23,110
2025,A,299,1,0000000001,0000007091,高捷,4,非先發,2,1,0,0,0,0,0,0,0,0,0,0,0,0,0,0,0,0,1,0,0,0,0,26,122
2025,A,299,1,0000000001,0000007094,陳愷佑,56,先發,4,3,1,1,0,0,0,0,1,1,0,0,0,0,0,0,0,0,1,0,0,0,0,6,40
2025,A,299,2,0000000001,0000001474,蘇智傑,32,先發,2,1,1,1,0,0,0,0,1,0,0,1,1,0,0,0,0,0,0,0,0,0,0,43,160
2025,A,299,2,0000000001,0000001804,陳傑憲,24,非先發,2,1,0,0,0,0,0,0,0,1,0,0,0,0,0,0,0,0,0,1,0,0,0,76,265
2025,A,299,2,0000000001,0000002275,林安可,77,先發,4,3,2,1,1,0,0,0,3,1,1,0,0,0,1,0,0,0,0,0,0,0,1,84,249
2025,A,299,2,0000000001,0000002289,陳重廷,66,先發,4,3,0,0,0,0,0,0,0,0,0,0,0,0,0,1,0,0,1,0,0,0,0,32,147
2025,A,299,2,0000000001,0000002298,陳重羽,65,先發,4,4,1,1,0,0,0,0,1,0,0,1,0,0,0,1,0,0,0,0,0,0,0,36,168
2025,A,299,2,0000000001,0000005522,朱迦恩,8,先發,4,3,1,1,0,0,0,0,1,1,0,2,1,0,0,1,0,0,0,0,0,0,0,11,62
2025,A,299,2,0000000001,0000006223,林子豪,2,先發,4,2,0,0,0,0,0,0,0,1,0,0,1,0,0,0,0,0,0,1,0,0,0,45,204
2025,A,299,2,0000000001,0000007070,林佳緯,20,先發,4,4,2,2,0,0,0,0,2,0,0,1,0,0,0,0,0,0,0,0,0,0,0,109,372
2025,A,299,2,0000000001,0000007071,林泓弦,67,先發,4,4,0,0,0,0,0,0,0,0,0,0,0,0,0,1,0,0,0,0,0,0,0,13,58
2025,A,299,2,0000000001,0000007268,陳聖平,15,先發,4,4,1,1,0,0,0,0,1,0,0,1,0,0,0,0,0,1,0,0,0,0,0,67,261
2025,A,300,2,0000000001,0000000753,杜家明,71,先發,3,3,1,1,0,0,0,0,1,1,0,0,0,0,0,1,0,0,0,0,0,0,0,28,115
2025,A,300,2,0000000001,0000000935,王柏融,9,非先發,0,0,0,0,0,0,0,0,0,0,0,0,0,0,0,0,0,0,0,0,0,0,0,82,311
2025,A,300,2,0000000001,0000001291,郭阜林,59,非先發,1,1,1,1,0,0,0,0,1,1,0,0,0,0,0,0,0,0,0,0,0,0,0,55,200
2025,A,300,2,0000000001,0000003649,吳念庭,39,先發,5,3,0,0,0,0,0,0,0,1,0,1,1,0,0,1,1,0,0,1,0,0,0,82,251
2025,A,300,2,0000000001,0000005340,王博玄,6,先發,6,5,2,2,0,0,0,0,2,1,0,0,1,0,0,0,2,0,0,0,0,0,0,105,343
2025,A,300,2,0000000001,0000006211,張肇元,29,先發,5,4,0,0,0,0,0,0,0,0,0,0,1,0,0,1,0,0,0,0,0,0,0,76,297
2025,A,300,2,0000000001,0000006927,曾子祐,1,先發,6,5,0,0,0,0,0,0,0,0,0,0,1,0,0,1,0,0,0,0,0,0,0,102,364
2025,A,300,2,0000000001,0000006928,林家鋐,16,先發,5,5,1,1,0,0,0,0,1,1,0,0,0,0,0,2,0,0,0,0,0,0,0,56,205
2025,A,300,2,0000000001,0000006929,紀慶然,24,先發,5,4,0,0,0,0,0,0,0,0,0,1,0,0,0,1,0,0,1,0,0,0,0,51,206
2025,A,300,2,0000000001,0000006931,黃劼希,42,非先發,1,1,0,0,0,0,0,0,0,0,0,1,0,0,0,1,0,0,0,0,0,0,0,8,35
2025,A,300,2,0000000001,0000006936,高聖恩,50,非先發,0,0,0,0,0,0,0,0,0,0,0,0,0,0,0,0,0,0,0,0,0,0,0,12,64
2025,A,300,2,0000000001,0000006939,顏郁軒,5,先發,5,4,0,0,0,0,0,0,0,0,0,0,0,0,1,1,0,0,0,0,1,0,0,18,72
2025,A,300,2,0000000001,0000007301,曾昱磬,44,先發,5,5,2,1,0,0,1,0,5,1,0,3,0,0,0,0,0,0,0,0,0,0,0,33,135
2025,A,300,1,0000000001,0000000153,林承飛,6,先發,6,5,0,0,0,0,0,0,0,0,0,0,1,0,0,3,0,0,0,0,0,1,0,43,167
2025,A,300,1,0000000001,0000000158,廖健富,58,非先發,1,1,0,0,0,0,0,0,0,0,0,0,0,0,0,0,0,0,0,0,0,0,0,10,57
2025,A,300,1,0000000001,0000000159,成晉,35,非先發,1,1,0,0,0,0,0,0,0,0,0,1,0,0,0,0,0,0,0,0,0,0,0,72,269
2025,A,300,1,0000000001,0000001618,林子偉,15,非先發,2,2,1,1,0,0,0,0,1,1,0,0,0,0,0,0,1,0,0,0,0,0,0,71,282
2025,A,300,1,0000000001,0000002282,張閔勛,28,先發,5,5,3,3,0,0,0,0,3,0,0,0,0,0,0,1,0,0,0,0,0,0,0,76,243
2025,A,300,1,0000000001,0000002286,林立,39,先發,6,5,4,3,1,0,0,0,5,1,1,3,1,0,0,0,0,1,0,0,0,0,1,78,216
2025,A,300,1,0000000001,0000003345,林智平,79,先發,6,6,2,2,0,0,0,0,2,3,0,0,0,0,0,0,0,0,0,0,0,0,0,88,288
2025,A,300,1,0000000001,0000003467,林泓育,11,先發,5,5,1,1,0,0,0,0,1,1,0,0,0,0,0,0,0,0,0,0,1,0,0,95,316
2025,A,300,1,0000000001,0000003563,余德龍,36,先發,5,4,0,0,0,0,0,0,0,0,0,0,0,0,0,1,0,0,1,0,0,0,0,50,175
2025,A,300,1,0000000001,0000004633,陳晨威,98,先發,6,5,3,2,1,0,0,0,4,1,0,0,0,0,0,1,0,0,1,0,0,0,0,105,344
2025,A,300,1,0000000001,0000006235,林政華,65,先發,5,5,1,1,0,0,0,0,1,0,0,3,0,0,0,1,0,0,0,0,0,0,0,69,250
2025,A,300,1,0000000001,0000006240,馬傑森,94,先發,2,2,0,0,0,0,0,0,0,0,0,0,0,0,0,1,0,0,0,0,0,0,0,21,136
2025,A,300,1,0000000001,0000006854,宋嘉翔,2,非先發,0,0,0,0,0,0,0,0,0,0,0,0,0,0,0,0,0,0,0,0,0,0,0,29,100
2025,A,301,1,0000000001,0000000362,申皓瑋,29,先發,4,4,1,1,0,0,0,0,1,0,0,0,0,0,0,1,0,0,0,0,1,0,0,79,264
2025,A,301,1,0000000001,0000000910,張進德,47,非先發,1,1,0,0,0,0,0,0,0,0,0,0,0,0,0,0,0,0,0,0,0,0,0,17,48
2025,A,301,1,0000000001,0000002352,范國宸,46,先發,4,4,0,0,0,0,0,0,0,0,0,0,0,0,0,2,0,0,0,0,0,0,0,73,272
2025,A,301,1,0000000001,0000004645,戴培峰,95,先發,3,2,0,0,0,0,0,0,0,0,0,0,1,0,0,0,0,0,0,0,1,0,0,59,243
2025,A,301,1,0000000001,0000005510,林澤彬,2,先發,4,4,2,1,1,0,0,0,3,0,0,0,0,0,0,0,0,0,0,0,0,0,0,71,230
2025,A,301,1,0000000001,0000006737,董子恩,78,先發,3,3,0,0,0,0,0,0,0,0,0,0,0,0,0,0,0,0,0,0,1,0,0,50,178
2025,A,301,1,0000000001,0000006868,周佳樂,77,先發,3,2,1,1,0,0,0,0,1,0,0,0,0,0,0,0,0,0,1,0,0,0,0,30,152
2025,A,301,1,0000000001,0000006872,林岳谷,62,先發,3,3,0,0,0,0,0,0,0,0,0,0,0,0,0,1,0,0,0,0,0,0,0,49,194
2025,A,301,1,0000000001,0000006888,張育成,99,先發,4,4,2,2,0,0,0,0,2,0,0,0,0,0,0,0,0,0,0,0,0,0,0,52,176
2025,A,301,1,0000000001,0000007091,高捷,4,先發,3,3,1,1,0,0,0,0,1,0,0,0,0,0,0,1,0,0,0,0,0,0,0,27,125
2025,A,301,1,0000000001,0000007094,陳愷佑,56,非先發,0,0,0,0,0,0,0,0,0,0,0,0,0,0,0,0,0,0,0,0,0,0,0,6,40
2025,A,301,2,0000000001,0000000929,王威晨,9,先發,4,3,1,1,0,0,0,0,1,1,1,0,1,0,0,1,0,0,0,0,0,0,0,78,269
2025,A,301,2,0000000001,0000002285,高宇杰,65,先發,4,4,2,2,0,0,0,0,2,0,0,0,0,0,0,0,0,0,0,0,0,0,0,74,285
2025,A,301,2,0000000001,0000002291,岳東華,98,先發,4,3,1,1,0,0,0,0,1,0,0,0,1,0,0,0,0,0,0,0,0,0,0,70,295
2025,A,301,2,0000000001,0000004636,江坤宇,90,先發,4,4,0,0,0,0,0,0,0,0,0,0,0,0,0,1,0,0,0,0,0,0,0,81,303
2025,A,301,2,0000000001,0000005298,黃韋盛,66,先發,4,3,0,0,0,0,0,0,0,0,0,0,1,0,0,1,0,0,0,0,0,0,0,69,232
2025,A,301,2,0000000001,0000005569,曾頌恩,1,先發,4,4,3,3,0,0,0,0,3,1,0,0,0,0,0,0,0,0,0,0,0,0,0,40,177
2025,A,301,2,0000000001,0000005571,岳政華,92,先發,4,2,1,0,1,0,0,0,2,0,0,1,2,0,0,1,0,1,0,0,0,0,0,61,237
2025,A,301,2,0000000001,0000006225,宋晟睿,88,先發,4,4,0,0,0,0,0,0,0,0,0,0,0,0,0,0,0,0,0,0,0,0,0,86,327
2025,A,301,2,0000000001,0000007278,許庭綸,13,先發,4,3,0,0,0,0,0,0,0,0,0,1,1,0,0,0,0,0,0,0,1,0,0,13,56
2025,A,302,1,0000000001,0000000045,林智勝,31,先發,3,2,0,0,0,0,0,0,0,0,0,0,1,0,0,1,0,0,0,0,0,0,0,13,55
2025,A,302,1,0000000001,0000000356,石翔宇,72,先發,4,4,0,0,0,0,0,0,0,0,0,0,0,0,0,1,0,0,0,0,0,0,0,5,16
2025,A,302,1,0000000001,0000000743,陳子豪,1,先發,4,4,2,2,0,0,0,0,2,1,1,0,0,0,0,1,0,0,0,0,0,0,0,72,305
2025,A,302,1,0000000001,0000001318,朱育賢,11,非先發,1,1,0,0,0,0,0,0,0,0,0,0,0,0,0,1,0,0,0,0,0,0,0,85,285
2025,A,302,1,0000000001,0000003625,吉力吉撈．鞏冠,4,先發,4,4,0,0,0,0,0,0,0,2,0,0,0,0,0,1,0,0,0,0,0,0,0,102,366
2025,A,302,1,0000000001,0000005291,蔣少宏,63,先發,4,4,0,0,0,0,0,0,0,0,0,0,0,0,0,1,0,0,0,0,0,0,0,49,232
2025,A,302,1,0000000001,0000005540,李凱威,21,先發,4,4,2,2,0,0,0,0,2,1,0,0,0,0,0,0,1,0,0,0,0,0,0,107,357
2025,A,302,1,0000000001,0000005545,劉基鴻,46,先發,4,4,0,0,0,0,0,0,0,0,0,0,0,0,0,0,0,0,0,0,0,0,0,88,353
2025,A,302,1,0000000001,0000005549,郭天信,2,先發,5,5,3,2,1,0,0,0,4,1,0,3,0,0,0,0,0,0,0,0,1,0,1,96,350
2025,A,302,1,0000000001,0000006216,王順和,24,非先發,0,0,0,0,0,0,0,0,0,0,0,0,0,0,0,0,0,0,0,0,0,0,0,37,131
2025,A,302,1,0000000001,0000007304,曾聖安,50,先發,4,2,1,1,0,0,0,0,1,0,0,2,2,0,0,0,2,0,0,0,0,0,0,30,145
2025,A,302,2,0000000001,0000000158,廖健富,58,非先發,1,1,0,0,0,0,0,0,0,0,0,0,0,0,0,1,0,0,0,0,0,0,0,10,58
2025,A,302,2,0000000001,0000000159,成晉,35,非先發,1,0,0,0,0,0,0,0,0,0,0,0,1,0,0,0,1,0,0,0,0,0,0,72,269
2025,A,302,2,0000000001,0000001618,林子偉,15,先發,4,3,1,1,0,0,0,0,1,0,0,1,1,0,0,0,1,0,0,0,0,0,0,72,285
2025,A,302,2,0000000001,0000002282,張閔勛,28,先發,4,4,1,0,1,0,0,0,2,1,0,0,0,0,0,0,0,0,0,0,0,0,0,77,247
2025,A,302,2,0000000001,0000002286,林立,39,先發,5,4,1,1,0,0,0,0,1,1,0,1,1,0,0,2,0,0,0,0,0,0,0,79,220
2025,A,302,2,0000000001,0000003345,林智平,79,先發,4,3,0,0,0,0,0,0,0,0,0,0,1,0,0,1,0,0,0,0,0,0,0,88,291
2025,A,302,2,0000000001,0000003467,林泓育,11,先發,4,3,0,0,0,0,0,0,0,0,0,0,1,0,0,2,0,0,0,0,0,0,0,95,319
2025,A,302,2,0000000001,0000003563,余德龍,36,先發,4,4,0,0,0,0,0,0,0,0,0,0,0,0,0,1,0,0,0,0,0,0,0,50,179
2025,A,302,2,0000000001,0000004633,陳晨威,98,先發,5,5,1,0,1,0,0,0,2,0,0,0,0,0,0,1,0,0,0,0,0,0,0,106,349
2025,A,302,2,0000000001,0000006235,林政華,65,先發,3,3,0,0,0,0,0,0,0,0,0,0,0,0,0,1,0,0,0,0,0,0,0,69,253
2025,A,302,2,0000000001,0000007076,李勛傑,95,先發,3,2,1,1,0,0,0,0,1,0,0,0,0,0,1,1,0,0,0,0,0,0,0,29,129
2025,A,303,1,0000000001,0000000362,申皓瑋,29,先發,4,4,0,0,0,0,0,0,0,0,0,0,0,0,0,1,0,0,0,0,1,0,0,79,268
2025,A,303,1,0000000001,0000002352,范國宸,46,先發,4,4,1,1,0,0,0,0,1,0,0,0,0,0,0,1,0,0,0,0,0,0,0,74,276
2025,A,303,1,0000000001,0000004645,戴培峰,95,先發,4,4,1,1,0,0,0,0,1,0,0,0,0,0,0,2,1,0,0,0,1,0,0,60,247
2025,A,303,1,0000000001,0000005510,林澤彬,2,先發,4,4,2,1,0,0,1,0,5,2,1,1,0,0,0,0,0,0,0,0,0,0,0,73,234
2025,A,303,1,0000000001,0000006737,董子恩,78,先發,4,4,1,1,0,0,0,0,1,0,0,0,0,0,0,1,0,0,0,0,0,0,0,51,182
2025,A,303,1,0000000001,0000006738,孔念恩,82,非先發,0,0,0,0,0,0,0,0,0,0,0,0,0,0,0,0,0,0,0,0,0,0,0,52,206
2025,A,303,1,0000000001,0000006861,蔡佳諺,65,先發,3,3,1,1,0,0,0,0,1,0,0,1,0,0,0,1,0,0,0,0,0,0,0,16,81
2025,A,303,1,0000000001,0000006868,周佳樂,77,非先發,0,0,0,0,0,0,0,0,0,0,0,0,0,0,0,0,0,0,0,0,0,0,0,30,152
2025,A,303,1,0000000001,0000006872,林岳谷,62,先發,4,4,2,2,0,0,0,0,2,0,0,0,0,0,0,0,1,0,0,0,0,0,0,51,198
2025,A,303,1,0000000001,0000006888,張育成,99,先發,4,3,0,0,0,0,0,0,0,0,0,0,1,0,0,1,0,0,0,0,0,0,0,52,179
2025,A,303,1,0000000001,0000007091,高捷,4,先發,3,2,0,0,0,0,0,0,0,0,0,0,0,0,0,0,0,0,1,0,0,0,0,27,127
2025,A,303,2,0000000001,0000000929,王威晨,9,先發,4,3,0,0,0,0,0,0,0,0,0,0,1,0,0,0,0,0,0,0,0,0,0,78,272
2025,A,303,2,0000000001,0000002285,高宇杰,65,先發,4,4,1,1,0,0,0,0,1,0,0,0,0,0,0,0,0,0,0,0,1,0,0,75,289
2025,A,303,2,0000000001,0000002291,岳東華,98,先發,3,2,0,0,0,0,0,0,0,0,0,0,1,0,0,2,0,0,0,0,0,0,0,70,297
2025,A,303,2,0000000001,0000002307,王政順,61,先發,4,4,1,1,0,0,0,0,1,0,0,1,0,0,0,2,0,0,0,0,0,0,0,33,114
2025,A,303,2,0000000001,0000004636,江坤宇,90,先發,4,4,1,1,0,0,0,0,1,1,0,0,0,0,0,0,0,0,0,0,0,0,0,82,307
2025,A,303,2,0000000001,0000005298,黃韋盛,66,先發,4,4,1,1,0,0,0,0,1,0,0,0,0,0,0,2,0,0,0,0,0,0,0,70,236
2025,A,303,2,0000000001,0000005569,曾頌恩,1,非先發,1,1,0,0,0,0,0,0,0,0,0,0,0,0,0,0,0,0,0,0,0,0,0,40,178
2025,A,303,2,0000000001,0000005571,岳政華,92,先發,4,4,0,0,0,0,0,0,0,0,0,0,0,0,0,0,0,0,0,0,0,0,0,61,241
2025,A,303,2,0000000001,0000006225,宋晟睿,88,先發,4,4,2,2,0,0,0,0,2,0,0,0,0,0,0,1,0,0,0,0,0,0,0,88,331
2025,A,303,2,0000000001,0000006730,張仁瑋,28,非先發,0,0,0,0,0,0,0,0,0,0,0,0,0,0,0,0,0,0,0,0,0,0,0,30,110
2025,A,303,2,0000000001,0000007278,許庭綸,13,先發,2,2,0,0,0,0,0,0,0,0,0,0,0,0,0,1,0,0,0,0,0,1,0,13,58
2025,A,304,1,0000000001,0000000743,陳子豪,1,先發,4,4,0,0,0,0,0,0,0,0,0,0,0,0,0,0,0,0,0,0,0,0,0,72,309
2025,A,304,1,0000000001,0000001318,朱育賢,11,先發,4,4,1,0,0,0,1,0,4,1,0,1,0,0,0,1,0,0,0,0,0,0,0,86,289
2025,A,304,1,0000000001,0000003625,吉力吉撈．鞏冠,4,先發,4,3,2,2,0,0,0,0,2,0,0,0,1,0,0,0,0,0,0,0,0,0,0,104,369
2025,A,304,1,0000000001,0000005291,蔣少宏,63,先發,4,4,0,0,0,0,0,0,0,0,0,0,0,0,0,1,0,0,0,0,0,0,0,49,236
2025,A,304,1,0000000001,0000005540,李凱威,21,先發,4,3,0,0,0,0,0,0,0,0,0,0,1,0,0,0,0,0,0,0,0,0,0,107,360
2025,A,304,1,0000000001,0000005542,張政禹,25,先發,4,4,0,0,0,0,0,0,0,0,0,0,0,0,0,0,0,0,0,0,0,0,0,75,273
2025,A,304,1,0000000001,0000005545,劉基鴻,46,先發,4,4,2,2,0,0,0,0,2,0,0,0,0,0,0,1,0,0,0,0,0,0,0,90,357
2025,A,304,1,0000000001,0000005549,郭天信,2,先發,4,4,1,1,0,0,0,0,1,0,0,0,0,0,0,1,1,0,0,0,0,0,0,97,354
2025,A,304,1,0000000001,0000006216,王順和,24,非先發,0,0,0,0,0,0,0,0,0,0,0,0,0,0,0,0,0,0,0,0,0,0,0,37,131
2025,A,304,1,0000000001,0000007304,曾聖安,50,先發,3,3,0,0,0,0,0,0,0,0,0,0,0,0,0,0,0,0,0,0,0,0,0,30,148
2025,A,304,2,0000000001,0000000153,林承飛,6,先發,3,3,1,1,0,0,0,0,1,0,0,0,0,0,0,1,0,0,0,0,0,0,0,44,170
2025,A,304,2,0000000001,0000000159,成晉,35,非先發,1,1,1,1,0,0,0,0,1,0,0,0,0,0,0,0,0,1,0,0,0,0,0,73,270
2025,A,304,2,0000000001,0000001618,林子偉,15,先發,3,3,0,0,0,0,0,0,0,0,0,0,0,0,0,1,0,0,0,0,1,0,0,72,288
2025,A,304,2,0000000001,0000002282,張閔勛,28,先發,3,3,0,0,0,0,0,0,0,0,0,0,0,0,0,0,0,0,0,0,0,0,0,77,250
2025,A,304,2,0000000001,0000002286,林立,39,先發,4,3,0,0,0,0,0,0,0,0,0,1,1,0,0,1,1,0,0,0,0,0,0,79,223
2025,A,304,2,0000000001,0000003345,林智平,79,先發,4,3,1,1,0,0,0,0,1,1,0,0,1,0,0,0,0,0,0,0,0,0,0,89,294
2025,A,304,2,0000000001,0000003467,林泓育,11,先發,4,4,1,1,0,0,0,0,1,1,1,0,0,0,0,2,0,0,0,0,0,0,1,96,323
2025,A,304,2,0000000001,0000003563,余德龍,36,先發,2,2,0,0,0,0,0,0,0,0,0,0,0,0,0,2,0,0,0,0,0,0,0,50,181
2025,A,304,2,0000000001,0000004633,陳晨威,98,先發,4,3,0,0,0,0,0,0,0,0,0,1,1,0,0,0,0,0,0,0,0,0,0,106,352
2025,A,304,2,0000000001,0000006235,林政華,65,先發,3,3,0,0,0,0,0,0,0,0,0,0,0,0,0,1,0,0,0,0,0,0,0,69,256
2025,A,304,2,0000000001,0000006240,馬傑森,94,非先發,0,0,0,0,0,0,0,0,0,0,0,0,0,0,0,0,0,0,0,0,0,0,0,21,136
2025,A,304,2,0000000001,0000006714,鍾玉成,97,非先發,0,0,0,0,0,0,0,0,0,0,0,0,0,0,0,0,0,0,0,0,0,0,0,0,7
2025,A,305,1,0000000001,0000001291,郭阜林,59,先發,4,3,0,0,0,0,0,0,0,0,0,1,0,0,1,2,0,0,0,0,0,0,0,55,203
2025,A,305,1,0000000001,0000005340,王博玄,6,先發,5,5,3,2,1,0,0,0,4,1,0,0,0,0,0,2,0,0,0,0,0,0,0,108,348
2025,A,305,1,0000000001,0000006211,張肇元,29,先發,3,3,1,0,0,0,1,0,4,1,0,1,0,0,0,1,0,0,0,0,0,0,0,77,300
2025,A,305,1,0000000001,0000006926,陳致嘉,33,非先發,1,1,0,0,0,0,0,0,0,0,0,0,0,0,0,0,0,0,0,0,0,0,0,3,37
2025,A,305,1,0000000001,0000006927,曾子祐,1,先發,4,3,0,0,0,0,0,0,0,0,0,0,0,0,0,0,0,0,1,0,0,0,0,102,367
2025,A,305,1,0000000001,0000006928,林家鋐,16,先發,4,3,0,0,0,0,0,0,0,0,0,0,0,0,1,0,0,0,0,0,0,0,0,56,208
2025,A,305,1,0000000001,0000006931,黃劼希,42,非先發,0,0,0,0,0,0,0,0,0,0,0,0,0,0,0,0,0,0,0,0,0,0,0,8,35
2025,A,305,1,0000000001,0000006936,高聖恩,50,非先發,0,0,0,0,0,0,0,0,0,0,0,0,0,0,0,0,0,0,0,0,0,0,0,12,64
2025,A,305,1,0000000001,0000006939,顏郁軒,5,先發,4,4,2,1,0,0,1,0,5,1,0,1,0,0,0,1,0,0,0,0,0,0,0,20,76
2025,A,305,1,0000000001,0000007301,曾昱磬,44,先發,4,4,1,1,0,0,0,0,1,0,0,0,0,0,0,2,1,0,0,0,0,0,0,34,139
2025,A,305,2,0000000001,0000001339,林祖傑,39,非先發,0,0,0,0,0,0,0,0,0,0,0,0,0,0,0,0,0,0,0,0,0,1,0,22,80
2025,A,305,2,0000000001,0000001474,蘇智傑,32,先發,4,2,0,0,0,0,0,0,0,0,0,0,2,0,0,0,0,0,0,0,0,0,0,43,162
2025,A,305,2,0000000001,0000001606,林岱安,31,先發,3,3,1,1,0,0,0,0,1,0,0,0,0,0,0,1,0,0,0,0,0,0,0,38,167
2025,A,305,2,0000000001,0000001804,陳傑憲,24,先發,3,3,1,0,0,1,0,0,3,1,0,0,0,0,0,0,0,0,0,0,0,0,0,77,268
2025,A,305,2,0000000001,0000002275,林安可,77,先發,4,3,0,0,0,0,0,0,0,0,0,1,0,0,1,0,0,0,0,0,0,0,0,84,252
2025,A,305,2,0000000001,0000002298,陳重羽,65,非先發,0,0,0,0,0,0,0,0,0,0,0,0,0,0,0,0,0,0,0,0,0,0,0,36,168
2025,A,305,2,0000000001,0000002661,陳鏞基,13,先發,4,3,2,1,1,0,0,0,3,1,0,0,1,0,0,0,0,0,0,0,0,0,0,43,145
2025,A,305,2,0000000001,0000003615,胡金龍,51,非先發,1,1,1,1,0,0,0,0,1,1,0,0,0,0,0,0,0,0,0,0,0,0,0,35,112
2025,A,305,2,0000000001,0000006223,林子豪,2,非先發,1,1,1,1,0,0,0,0,1,0,0,1,0,0,0,0,0,0,0,0,0,1,0,46,205
2025,A,305,2,0000000001,0000006713,楊竣翔,9,先發,3,3,0,0,0,0,0,0,0,0,0,0,0,0,0,1,0,0,0,0,0,0,0,1,7
2025,A,305,2,0000000001,0000007037,張皓崴,38,非先發,2,2,0,0,0,0,0,0,0,0,0,0,0,0,0,0,0,0,0,0,0,0,0,0,2
2025,A,305,2,0000000001,0000007070,林佳緯,20,先發,5,5,2,1,0,0,1,0,5,2,1,2,0,0,0,0,0,0,0,0,0,0,1,111,377
2025,A,305,2,0000000001,0000007071,林泓弦,67,先發,4,4,1,1,0,0,0,0,1,0,0,1,0,0,0,0,0,0,0,0,0,0,0,14,62
2025,A,305,2,0000000001,0000007268,陳聖平,15,先發,4,4,0,0,0,0,0,0,0,0,0,0,0,0,0,0,0,0,0,0,0,0,0,67,265
2025,A,305,1,0000000001,0000000753,杜家明,71,先發,4,3,0,0,0,0,0,0,0,0,0,0,0,0,0,1,0,0,1,0,0,0,0,28,118
2025,A,305,1,0000000001,0000000935,王柏融,9,先發,4,3,0,0,0,0,0,0,0,0,0,0,1,0,0,0,0,1,0,0,0,0,0,82,314
2025,A,306,1,0000000001,0000006928,林家鋐,16,非先發,1,1,0,0,0,0,0,0,0,0,0,0,0,0,0,0,0,0,0,0,0,0,0,56,209
2025,A,306,1,0000000001,0000006931,黃劼希,42,先發,3,3,0,0,0,0,0,0,0,0,0,0,0,0,0,1,0,0,0,0,0,0,0,8,38
2025,A,306,1,0000000001,0000006939,顏郁軒,5,非先發,2,1,0,0,0,0,0,0,0,0,0,0,0,0,1,0,0,0,0,0,0,0,0,20,77
2025,A,306,1,0000000001,0000007301,曾昱磬,44,先發,4,4,0,0,0,0,0,0,0,0,0,0,0,0,0,1,0,0,0,0,0,0,0,34,143
2025,A,306,2,0000000001,0000001339,林祖傑,39,非先發,1,0,0,0,0,0,0,0,0,0,0,0,0,0,0,0,0,0,1,0,0,0,0,22,80
2025,A,306,2,0000000001,0000001474,蘇智傑,32,先發,4,4,1,0,1,0,0,0,2,1,0,1,0,0,0,2,0,0,0,0,0,0,0,44,166
2025,A,306,2,0000000001,0000001606,林岱安,31,非先發,0,0,0,0,0,0,0,0,0,0,0,0,0,0,0,0,0,0,0,0,0,0,0,38,167
2025,A,306,2,0000000001,0000001804,陳傑憲,24,非先發,1,1,0,0,0,0,0,0,0,0,0,0,0,0,0,0,0,0,0,0,0,0,0,77,269
2025,A,306,2,0000000001,0000002275,林安可,77,先發,4,2,1,1,0,0,0,0,1,0,0,1,2,0,0,0,0,0,0,0,0,0,0,85,254
2025,A,306,2,0000000001,0000002298,陳重羽,65,先發,3,3,1,1,0,0,0,0,1,1,0,0,0,0,0,0,0,0,0,0,0,0,0,37,171
2025,A,306,2,0000000001,0000003615,胡金龍,51,非先發,1,1,1,1,0,0,0,0,1,1,0,0,0,0,0,0,0,0,0,0,0,0,0,36,113
2025,A,306,2,0000000001,0000005522,朱迦恩,8,先發,5,5,1,0,1,0,0,0,2,0,0,2,0,0,0,2,0,0,0,0,0,0,0,12,67
2025,A,306,2,0000000001,0000006223,林子豪,2,先發,4,2,1,1,0,0,0,0,1,1,0,0,2,0,0,1,0,0,0,0,0,0,0,47,207
2025,A,306,2,0000000001,0000006713,楊竣翔,9,先發,3,3,0,0,0,0,0,0,0,0,0,0,0,0,0,1,0,0,0,0,0,1,0,1,10
2025,A,306,2,0000000001,0000007037,張皓崴,38,非先發,0,0,0,0,0,0,0,0,0,0,0,0,0,0,0,0,1,0,0,0,0,0,0,0,2
2025,A,306,2,0000000001,0000007070,林佳緯,20,先發,5,5,0,0,0,0,0,0,0,0,0,0,0,0,0,2,0,0,0,0,0,0,0,111,382
2025,A,306,2,0000000001,0000007071,林泓弦,67,先發,3,3,0,0,0,0,0,0,0,0,0,0,0,0,0,3,0,0,0,0,0,0,0,14,65
2025,A,306,2,0000000001,0000007268,陳聖平,15,先發,4,2,1,1,0,0,0,0,1,0,0,1,1,0,0,1,1,0,1,0,0,1,0,68,267
2025,A,306,1,0000000001,0000000753,杜家明,71,非先發,1,1,0,0,0,0,0,0,0,0,0,0,0,0,0,0,0,0,0,0,0,0,0,28,119
2025,A,306,1,0000000001,0000000935,王柏融,9,先發,4,4,1,1,0,0,0,0,1,2,0,0,0,0,0,0,0,0,0,0,0,0,0,83,318
2025,A,306,1,0000000001,0000001291,郭阜林,59,先發,2,2,0,0,0,0,0,0,0,0,0,0,0,0,0,2,0,0,0,0,0,0,0,55,205
2025,A,306,1,0000000001,0000002304,吳明鴻,31,先發,3,2,0,0,0,0,0,0,0,0,0,0,1,0,0,1,0,0,0,0,0,0,0,1,6
2025,A,306,1,0000000001,0000003649,吳念庭,39,先發,4,4,1,1,0,0,0,0,1,1,0,1,0,0,0,0,0,0,0,0,1,0,0,83,255
2025,A,306,1,0000000001,0000005340,王博玄,6,先發,4,4,1,1,0,0,0,0,1,0,0,1,0,0,0,0,0,0,0,0,0,0,0,109,352
2025,A,306,1,0000000001,0000006211,張肇元,29,先發,4,4,1,1,0,0,0,0,1,0,0,1,0,0,0,1,0,0,0,0,0,0,0,78,304
2025,A,306,1,0000000001,0000006927,曾子祐,1,先發,4,4,2,2,0,0,0,0,2,0,0,0,0,0,0,0,0,0,0,0,0,1,0,104,371
2025,A,307,1,0000000001,0000001339,林祖傑,39,先發,3,3,0,0,0,0,0,0,0,0,0,0,0,0,0,1,0,0,0,0,0,0,0,22,83
2025,A,307,1,0000000001,0000001474,蘇智傑,32,先發,4,4,1,1,0,0,0,0,1,0,0,0,0,0,0,2,0,1,0,0,0,0,0,45,170
2025,A,307,1,0000000001,0000001606,林岱安,31,非先發,1,1,0,0,0,0,0,0,0,0,0,0,0,0,0,0,0,0,0,0,0,0,0,38,168
2025,A,307,1,0000000001,0000001804,陳傑憲,24,非先發,1,1,1,1,0,0,0,0,1,1,0,0,0,0,0,0,0,0,0,0,0,0,0,78,270
2025,A,307,1,0000000001,0000002275,林安可,77,先發,5,4,1,1,0,0,0,0,1,0,0,0,1,1,0,0,0,0,0,0,0,0,0,86,258
2025,A,307,1,0000000001,0000002298,陳重羽,65,先發,3,3,0,0,0,0,0,0,0,0,0,0,0,0,0,1,0,0,0,0,0,0,0,37,174
2025,A,307,1,0000000001,0000003615,胡金龍,51,非先發,1,1,1,1,0,0,0,0,1,0,0,0,0,0,0,0,0,0,0,0,0,0,0,37,114
2025,A,307,1,0000000001,0000005522,朱迦恩,8,先發,5,5,1,1,0,0,0,0,1,0,0,0,0,0,0,2,0,0,0,0,0,0,0,13,72
2025,A,307,1,0000000001,0000006223,林子豪,2,先發,4,3,1,1,0,0,0,0,1,0,0,0,1,0,0,0,0,0,0,0,0,0,0,48,210
2025,A,307,1,0000000001,0000006851,林培緯,25,先發,4,3,1,1,0,0,0,0,1,0,0,0,1,0,0,0,0,0,0,0,0,0,0,10,41
2025,A,307,1,0000000001,0000007037,張皓崴,38,非先發,1,1,0,0,0,0,0,0,0,0,0,1,0,0,0,0,0,0,0,0,0,0,0,0,3
2025,A,307,1,0000000001,0000007070,林佳緯,20,先發,5,5,1,1,0,0,0,0,1,0,0,0,0,0,0,1,0,0,0,0,0,0,0,112,387
2025,A,307,1,0000000001,0000007071,林泓弦,67,非先發,0,0,0,0,0,0,0,0,0,0,0,0,0,0,0,0,0,0,0,0,0,0,0,14,65
2025,A,307,1,0000000001,0000007268,陳聖平,15,先發,3,3,0,0,0,0,0,0,0,0,0,0,0,0,0,1,0,0,0,0,0,0,0,68,270
2025,A,307,2,0000000001,0000000929,王威晨,9,先發,4,4,1,1,0,0,0,0,1,0,0,0,0,0,0,1,0,0,0,0,0,0,0,79,276
2025,A,307,2,0000000001,0000001754,林書逸,43,先發,3,3,0,0,0,0,0,0,0,0,0,0,0,0,0,1,0,0,0,0,0,0,0,4,25
2025,A,307,2,0000000001,0000002285,高宇杰,65,先發,3,3,0,0,0,0,0,0,0,0,0,0,0,0,0,1,0,0,0,0,0,0,0,75,292
2025,A,307,2,0000000001,0000002291,岳東華,98,先發,3,3,1,1,0,0,0,0,1,0,0,0,0,0,0,1,0,0,0,0,0,0,0,71,300
2025,A,307,2,0000000001,0000002307,王政順,61,非先發,1,1,0,0,0,0,0,0,0,1,1,0,0,0,0,0,0,0,0,0,0,0,0,33,115
2025,A,307,2,0000000001,0000004636,江坤宇,90,先發,4,2,2,2,0,0,0,0,2,1,0,0,1,1,1,0,0,1,0,0,0,0,0,84,309
2025,A,307,2,0000000001,0000005298,黃韋盛,66,先發,4,4,1,0,0,1,0,0,3,0,0,2,0,0,0,0,0,0,0,0,0,0,0,71,240
2025,A,307,2,0000000001,0000005342,林志綱,47,非先發,1,0,0,0,0,0,0,0,0,0,0,0,0,0,0,0,0,0,1,0,0,0,0,0,1
2025,A,307,2,0000000001,0000005569,曾頌恩,1,先發,4,4,0,0,0,0,0,0,0,0,0,0,0,0,0,2,0,0,0,0,0,0,0,40,182
2025,A,307,2,0000000001,0000005571,岳政華,92,先發,4,3,0,0,0,0,0,0,0,0,0,0,1,0,0,1,0,1,0,0,0,0,0,61,244
2025,A,307,2,0000000001,0000006225,宋晟睿,88,先發,4,4,0,0,0,0,0,0,0,0,0,0,0,0,0,1,0,0,0,0,0,0,0,88,335
2025,A,307,2,0000000001,0000007278,許庭綸,13,非先發,0,0,0,0,0,0,0,0,0,0,0,0,0,0,0,0,0,0,0,0,0,0,0,13,58
2025,A,308,1,0000000001,0000000153,林承飛,6,先發,4,4,1,0,1,0,0,0,2,0,0,0,0,0,0,3,0,0,0,0,0,0,0,45,174
2025,A,308,1,0000000001,0000000158,廖健富,58,非先發,1,1,1,1,0,0,0,0,1,1,0,0,0,0,0,0,0,0,0,0,0,0,0,11,59
2025,A,308,1,0000000001,0000000159,成晉,35,非先發,0,0,0,0,0,0,0,0,0,0,0,0,0,0,0,0,0,0,0,0,0,0,0,73,270
2025,A,308,1,0000000001,0000001618,林子偉,15,先發,4,2,0,0,0,0,0,0,0,0,0,1,2,0,0,0,2,0,0,0,0,0,0,72,290
2025,A,308,1,0000000001,0000002282,張閔勛,28,先發,4,4,0,0,0,0,0,0,0,0,0,0,0,0,0,1,0,0,0,0,0,0,0,77,254
2025,A,308,1,0000000001,0000002286,林立,39,先發,4,4,1,1,0,0,0,0,1,0,0,0,0,0,0,2,0,0,0,0,0,0,0,80,227
2025,A,308,1,0000000001,0000003345,林智平,79,先發,4,3,1,1,0,0,0,0,1,0,0,1,1,0,0,0,0,0,0,0,0,0,0,90,297
2025,A,308,1,0000000001,0000003467,林泓育,11,先發,4,4,2,1,0,0,1,0,5,2,1,1,0,0,0,0,0,0,0,0,0,0,1,98,327
2025,A,308,1,0000000001,0000003563,余德龍,36,非先發,0,0,0,0,0,0,0,0,0,0,0,0,0,0,0,0,0,0,0,0,0,0,0,50,181
2025,A,308,1,0000000001,0000004633,陳晨威,98,先發,5,5,0,0,0,0,0,0,0,0,0,0,0,0,0,2,0,0,0,0,0,0,0,106,357
2025,A,308,1,0000000001,0000006235,林政華,65,先發,3,3,1,1,0,0,0,0,1,0,0,0,0,0,0,0,0,0,0,0,0,0,0,70,259
2025,A,308,1,0000000001,0000006240,馬傑森,94,非先發,0,0,0,0,0,0,0,0,0,0,0,0,0,0,0,0,0,0,0,0,0,0,0,21,136
2025,A,308,1,0000000001,0000007076,李勛傑,95,先發,4,4,0,0,0,0,0,0,0,0,0,0,0,0,0,0,0,0,0,0,0,0,0,29,133
2025,A,308,2,0000000001,0000000362,申皓瑋,29,先發,3,3,0,0,0,0,0,0,0,0,0,0,0,0,0,1,0,0,0,0,0,0,0,79,271
2025,A,308,2,0000000001,0000002352,范國宸,46,先發,4,3,1,0,1,0,0,0,2,0,0,0,1,0,0,0,0,0,0,0,1,0,0,75,279
2025,A,308,2,0000000001,0000004645,戴培峰,95,非先發,1,1,0,0,0,0,0,0,0,0,0,0,0,0,0,1,0,0,0,0,0,0,0,60,248
2025,A,308,2,0000000001,0000005510,林澤彬,2,先發,4,3,2,2,0,0,0,0,2,0,0,1,1,0,0,1,0,0,0,0,0,0,0,75,237
2025,A,308,2,0000000001,0000006737,董子恩,78,先發,4,4,0,0,0,0,0,0,0,0,0,0,0,0,0,0,0,0,0,0,0,0,0,51,186
2025,A,308,2,0000000001,0000006738,孔念恩,82,先發,3,3,0,0,0,0,0,0,0,0,0,0,0,0,0,1,0,0,0,0,0,0,0,52,209
2025,A,308,2,0000000001,0000006861,蔡佳諺,65,先發,4,4,0,0,0,0,0,0,0,0,0,0,0,0,0,1,0,0,0,0,0,0,0,16,85
2025,A,308,2,0000000001,0000006872,林岳谷,62,先發,4,3,1,0,1,0,0,0,2,0,0,0,1,0,0,0,0,0,0,0,1,0,0,52,201
2025,A,308,2,0000000001,0000006888,張育成,99,先發,4,3,1,1,0,0,0,0,1,0,0,0,1,0,0,0,0,0,0,0,0,0,0,53,182
2025,A,308,2,0000000001,0000006909,豊暐,43,先發,2,2,0,0,0,0,0,0,0,0,0,0,0,0,0,0,0,0,0,0,0,0,0,23,112
2025,A,308,2,0000000001,0000007091,高捷,4,非先發,1,1,1,1,0,0,0,0,1,0,0,0,0,0,0,0,0,0,0,0,0,0,0,28,128
2025,A,309,1,0000000001,0000000753,杜家明,71,先發,4,4,3,3,0,0,0,0,3,0,0,0,0,0,0,0,0,0,0,0,0,0,0,31,123
2025,A,309,1,0000000001,0000000935,王柏融,9,先發,4,4,0,0,0,0,0,0,0,0,0,0,0,0,0,1,0,0,0,0,0,0,0,83,322
2025,A,309,1,0000000001,0000003649,吳念庭,39,先發,5,5,2,2,0,0,0,0,2,0,0,0,0,0,0,0,0,0,0,0,0,0,0,85,260
2025,A,309,1,0000000001,0000005340,王博玄,6,先發,5,3,0,0,0,0,0,0,0,0,0,0,1,0,0,2,0,0,1,0,0,0,0,109,355
2025,A,309,1,0000000001,0000006211,張肇元,29,先發,5,5,0,0,0,0,0,0,0,0,0,0,0,0,0,1,0,0,0,0,1,0,0,78,309
2025,A,309,1,0000000001,0000006835,顏清浤,37,非先發,0,0,0,0,0,0,0,0,0,0,0,0,0,0,0,0,0,0,0,0,0,0,0,2,6
2025,A,309,1,0000000001,0000006927,曾子祐,1,先發,5,5,2,2,0,0,0,0,2,1,0,0,0,0,0,0,0,0,0,0,0,0,0,106,376
2025,A,309,1,0000000001,0000006928,林家鋐,16,先發,4,3,3,2,1,0,0,0,4,0,0,1,1,0,0,0,0,0,0,0,0,0,0,59,212
2025,A,309,1,0000000001,0000006936,高聖恩,50,先發,2,2,0,0,0,0,0,0,0,0,0,0,0,0,0,0,0,0,0,0,0,0,0,12,66
2025,A,309,1,0000000001,0000006939,顏郁軒,5,先發,4,4,1,1,0,0,0,0,1,0,0,0,0,0,0,1,0,0,0,0,0,0,0,21,81
2025,A,309,1,0000000001,0000007301,曾昱磬,44,非先發,2,2,0,0,0,0,0,0,0,0,0,0,0,0,0,1,0,0,0,0,0,0,0,34,145
2025,A,309,2,0000000001,0000000045,林智勝,31,先發,2,1,0,0,0,0,0,0,0,0,0,0,1,0,0,0,0,0,0,0,0,0,0,13,56
2025,A,309,2,0000000001,0000000743,陳子豪,1,先發,4,4,3,3,0,0,0,0,3,2,1,0,0,0,0,0,0,0,0,0,0,0,1,75,313
2025,A,309,2,0000000001,0000001318,朱育賢,11,先發,3,3,0,0,0,0,0,0,0,0,0,0,0,0,0,2,0,0,0,0,0,0,0,86,292
2025,A,309,2,0000000001,0000003625,吉力吉撈．鞏冠,4,先發,4,4,1,0,1,0,0,0,2,0,0,0,0,0,0,1,0,0,0,0,0,0,0,105,373
2025,A,309,2,0000000001,0000005291,蔣少宏,63,先發,3,2,0,0,0,0,0,0,0,0,0,0,0,0,0,0,0,0,1,0,0,0,0,49,238
2025,A,309,2,0000000001,0000005540,李凱威,21,先發,4,3,1,0,1,0,0,0,2,0,0,2,1,0,0,0,0,0,0,0,1,0,0,108,363
2025,A,309,2,0000000001,0000005542,張政禹,25,先發,3,1,0,0,0,0,0,0,0,1,0,0,1,0,0,0,1,0,0,1,0,0,0,75,274
2025,A,309,2,0000000001,0000005545,劉基鴻,46,先發,3,3,1,1,0,0,0,0,1,0,0,1,0,0,0,0,0,0,0,0,0,0,0,91,360
2025,A,309,2,0000000001,0000005549,郭天信,2,先發,4,4,1,1,0,0,0,0,1,0,0,0,0,0,0,0,0,0,0,0,0,0,0,98,358
2025,A,309,2,0000000001,0000006216,王順和,24,非先發,0,0,0,0,0,0,0,0,0,0,0,0,0,0,0,0,0,1,0,0,0,0,0,37,131
2025,A,309,2,0000000001,0000007304,曾聖安,50,非先發,2,2,0,0,0,0,0,0,0,0,0,0,0,0,0,0,0,0,0,0,0,0,0,30,150
2025,A,310,1,0000000001,0000001474,蘇智傑,32,非先發,1,1,0,0,0,0,0,0,0,0,0,0,0,0,0,0,0,0,0,0,0,0,0,45,171
2025,A,310,1,0000000001,0000001606,林岱安,31,先發,4,4,3,3,0,0,0,0,3,1,0,0,0,0,0,0,0,0,0,0,0,0,0,41,172
2025,A,310,1,0000000001,0000001804,陳傑憲,24,先發,4,4,2,1,1,0,0,0,3,0,0,0,0,0,0,0,0,0,0,0,0,0,0,80,274
2025,A,310,1,0000000001,0000002275,林安可,77,先發,5,4,0,0,0,0,0,0,0,0,0,0,1,0,0,2,0,0,0,0,0,0,0,86,262
2025,A,310,1,0000000001,0000002661,陳鏞基,13,先發,4,3,1,1,0,0,0,0,1,0,0,2,1,0,0,0,0,0,0,0,0,0,0,44,148
2025,A,310,1,0000000001,0000005522,朱迦恩,8,非先發,0,0,0,0,0,0,0,0,0,0,0,0,0,0,0,0,0,0,0,0,0,0,0,13,72
2025,A,310,1,0000000001,0000006223,林子豪,2,先發,5,4,1,1,0,0,0,0,1,0,0,3,1,0,0,0,0,0,0,0,0,0,0,49,214
2025,A,310,1,0000000001,0000006851,林培緯,25,先發,5,4,1,1,0,0,0,0,1,1,0,1,0,0,1,0,0,0,0,0,1,0,0,11,45
2025,A,310,1,0000000001,0000007037,張皓崴,38,非先發,1,1,0,0,0,0,0,0,0,0,0,0,0,0,0,0,0,0,0,0,0,0,0,0,4
2025,A,310,1,0000000001,0000007070,林佳緯,20,先發,5,5,1,0,0,0,1,0,4,1,1,1,0,0,0,0,0,0,0,0,1,0,0,113,392
2025,A,310,1,0000000001,0000007071,林泓弦,67,先發,4,4,0,0,0,0,0,0,0,0,0,0,0,0,0,1,0,0,0,0,0,0,0,14,69
2025,A,310,1,0000000001,0000007268,陳聖平,15,先發,4,4,2,2,0,0,0,0,2,2,0,0,0,0,0,2,0,0,0,0,0,0,0,70,274
2025,A,310,2,0000000001,0000000929,王威晨,9,先發,3,3,0,0,0,0,0,0,0,0,0,0,0,0,0,0,0,0,0,0,0,0,0,79,279
2025,A,310,2,0000000001,0000001119,許基宏,74,先發,4,4,0,0,0,0,0,0,0,0,0,0,0,0,0,0,0,0,0,0,0,1,0,80,285
2025,A,310,2,0000000001,0000001754,林書逸,43,先發,1,1,0,0,0,0,0,0,0,0,0,0,0,0,0,0,0,0,0,0,0,1,0,4,26
2025,A,310,2,0000000001,0000002285,高宇杰,65,先發,3,3,1,1,0,0,0,0,1,0,0,0,0,0,0,1,0,0,0,0,0,0,0,76,295
2025,A,310,2,0000000001,0000002291,岳東華,98,先發,2,2,0,0,0,0,0,0,0,0,0,0,0,0,0,1,0,0,0,0,0,1,0,71,302
2025,A,310,2,0000000001,0000004636,江坤宇,90,先發,3,3,1,0,1,0,0,0,2,0,0,0,0,0,0,0,0,0,0,0,0,0,0,85,312
2025,A,310,2,0000000001,0000005298,黃韋盛,66,先發,3,3,0,0,0,0,0,0,0,0,0,0,0,0,0,0,0,0,0,0,0,0,0,71,243
2025,A,310,2,0000000001,0000005342,林志綱,47,非先發,1,1,0,0,0,0,0,0,0,0,0,0,0,0,0,0,0,0,0,0,0,0,0,0,2
2025,A,310,2,0000000001,0000005569,曾頌恩,1,非先發,1,1,0,0,0,0,0,0,0,0,0,0,0,0,0,0,0,0,0,0,0,0,0,40,183
2025,A,310,2,0000000001,0000005571,岳政華,92,先發,3,3,0,0,0,0,0,0,0,0,0,0,0,0,0,0,0,0,0,0,0,0,0,61,247
2025,A,310,2,0000000001,0000006225,宋晟睿,88,先發,4,4,1,0,1,0,0,0,2,0,0,0,0,0,0,1,0,0,0,0,0,0,0,89,339
2025,A,310,2,0000000001,0000006730,張仁瑋,28,非先發,1,0,0,0,0,0,0,0,0,0,0,1,0,0,1,0,1,0,0,0,0,0,0,30,110
2025,A,310,2,0000000001,0000007278,許庭綸,13,非先發,2,1,0,0,0,0,0,0,0,1,0,0,0,0,0,0,0,0,0,1,0,0,0,13,59
2025,A,311,2,0000000001,0000007089,王念好,5,非先發,2,2,0,0,0,0,0,0,0,0,0,0,0,0,0,2,0,0,0,0,0,0,0,14,84
2025,A,311,2,0000000001,0000007091,高捷,4,先發,3,3,0,0,0,0,0,0,0,0,0,0,0,0,0,2,0,0,0,0,0,0,0,28,131
2025,A,311,2,0000000001,0000007094,陳愷佑,56,非先發,1,1,0,0,0,0,0,0,0,0,0,0,0,0,0,0,0,0,0,0,0,0,0,6,41
2025,A,311,1,0000000001,0000000153,林承飛,6,先發,5,5,1,1,0,0,0,0,1,0,0,1,0,0,0,0,0,0,0,0,1,0,0,46,179
2025,A,311,1,0000000001,0000000158,廖健富,58,非先發,1,0,0,0,0,0,0,0,0,0,0,0,1,0,0,0,0,0,0,0,0,0,0,11,59
2025,A,311,1,0000000001,0000000159,成晉,35,先發,5,5,3,3,0,0,0,0,3,0,0,1,0,0,0,1,0,0,0,0,0,0,0,76,275
2025,A,311,1,0000000001,0000001618,林子偉,15,先發,4,4,2,1,1,0,0,0,3,1,0,0,0,0,0,0,0,0,0,0,0,0,0,74,294
2025,A,311,1,0000000001,0000002282,張閔勛,28,先發,5,5,2,2,0,0,0,0,2,2,1,1,0,0,0,0,0,0,0,0,0,0,0,79,259
2025,A,311,1,0000000001,0000002286,林立,39,先發,4,4,1,1,0,0,0,0,1,0,0,1,0,0,0,0,0,0,0,0,1,0,0,81,231
2025,A,311,1,0000000001,0000003467,林泓育,11,先發,4,4,2,2,0,0,0,0,2,0,0,1,0,0,0,0,0,0,0,0,0,0,0,100,331
2025,A,311,1,0000000001,0000003563,余德龍,36,先發,5,5,2,2,0,0,0,0,2,1,0,2,0,0,0,1,0,0,0,0,0,0,0,52,186
2025,A,311,1,0000000001,0000004633,陳晨威,98,先發,5,4,1,1,0,0,0,0,1,1,0,0,0,0,0,1,0,0,0,1,0,0,0,107,361
2025,A,311,1,0000000001,0000006714,鍾玉成,97,非先發,1,1,0,0,0,0,0,0,0,0,0,0,0,0,0,0,0,0,0,0,0,0,0,0,8
2025,A,311,1,0000000001,0000007076,李勛傑,95,先發,5,5,3,3,0,0,0,0,3,2,0,1,0,0,0,0,0,0,0,0,0,0,0,32,138
2025,A,311,2,0000000001,0000002352,范國宸,46,先發,2,2,0,0,0,0,0,0,0,0,0,0,0,0,0,1,0,0,0,0,0,0,0,75,281
2025,A,311,2,0000000001,0000004622,蕭憶銘,61,非先發,1,1,0,0,0,0,0,0,0,0,0,0,0,0,0,1,0,0,0,0,0,0,0,0,4
2025,A,311,2,0000000001,0000004645,戴培峰,95,先發,3,3,0,0,0,0,0,0,0,0,0,0,0,0,0,2,0,0,0,0,0,0,0,60,251
2025,A,311,2,0000000001,0000005310,陳真,7,非先發,1,0,0,0,0,0,0,0,0,0,0,0,1,0,0,0,0,0,0,0,0,0,0,40,178
2025,A,311,2,0000000001,0000005510,林澤彬,2,先發,3,3,1,1,0,0,0,0,1,0,0,0,0,0,0,1,0,0,0,0,0,1,0,76,240
2025,A,311,2,0000000001,0000006229,葉子霆,6,非先發,1,1,0,0,0,0,0,0,0,0,0,0,0,0,0,1,0,0,0,0,0,0,0,3,23
2025,A,311,2,0000000001,0000006737,董子恩,78,先發,3,3,0,0,0,0,0,0,0,0,0,0,0,0,0,0,0,0,0,0,0,0,0,51,189
2025,A,311,2,0000000001,0000006738,孔念恩,82,先發,3,3,1,1,0,0,0,0,1,0,0,0,0,0,0,0,0,0,0,0,0,0,0,53,212
2025,A,311,2,0000000001,0000006861,蔡佳諺,65,先發,4,4,0,0,0,0,0,0,0,0,0,0,0,0,0,1,0,0,0,0,0,0,0,16,89
2025,A,311,2,0000000001,0000006868,周佳樂,77,非先發,1,1,1,1,0,0,0,0,1,0,0,0,0,0,0,0,0,0,0,0,0,0,0,31,153
2025,A,311,2,0000000001,0000006872,林岳谷,62,先發,4,3,1,1,0,0,0,0,1,0,0,0,0,0,0,2,0,0,1,0,0,0,0,53,204
2025,A,311,2,0000000001,0000006888,張育成,99,先發,3,2,2,2,0,0,0,0,2,0,0,0,1,0,0,0,1,0,0,0,0,0,0,55,184
2025,A,312,1,0000000001,0000000753,杜家明,71,先發,4,4,2,1,1,0,0,0,3,2,1,1,0,0,0,1,0,0,0,0,0,0,1,33,127
2025,A,312,1,0000000001,0000000935,王柏融,9,先發,4,4,0,0,0,0,0,0,0,0,0,0,0,0,0,0,0,0,0,0,0,0,0,83,326
2025,A,312,1,0000000001,0000003649,吳念庭,39,先發,4,4,1,1,0,0,0,0,1,0,0,1,0,0,0,1,0,0,0,0,0,0,0,86,264
2025,A,312,1,0000000001,0000005340,王博玄,6,先發,4,4,0,0,0,0,0,0,0,0,0,0,0,0,0,1,0,0,0,0,0,0,0,109,359
2025,A,312,1,0000000001,0000006211,張肇元,29,先發,4,4,1,1,0,0,0,0,1,0,0,0,0,0,0,2,0,0,0,0,0,0,0,79,313
2025,A,312,1,0000000001,0000006927,曾子祐,1,先發,4,4,1,1,0,0,0,0,1,0,0,1,0,0,0,0,0,0,0,0,0,0,0,107,380
2025,A,312,1,0000000001,0000006928,林家鋐,16,先發,4,4,1,1,0,0,0,0,1,0,0,0,0,0,0,1,0,0,0,0,0,0,0,60,216
2025,A,312,1,0000000001,0000006939,顏郁軒,5,先發,4,4,1,1,0,0,0,0,1,0,0,0,0,0,0,0,0,0,0,0,0,0,0,22,85
2025,A,312,1,0000000001,0000007301,曾昱磬,44,先發,3,3,1,0,1,0,0,0,2,1,0,0,0,0,0,0,0,0,0,0,0,0,0,35,148
2025,A,312,2,0000000001,0000000045,林智勝,31,先發,4,3,0,0,0,0,0,0,0,0,0,1,1,0,0,1,0,0,0,0,0,0,0,13,59
2025,A,312,2,0000000001,0000000743,陳子豪,1,先發,4,3,0,0,0,0,0,0,0,0,0,0,1,0,0,0,0,0,0,0,0,0,0,75,316
2025,A,312,2,0000000001,0000001318,朱育賢,11,非先發,1,1,0,0,0,0,0,0,0,0,0,0,0,0,0,0,0,0,0,0,0,0,0,86,293
2025,A,312,2,0000000001,0000003625,吉力吉撈．鞏冠,4,先發,4,3,0,0,0,0,0,0,0,0,0,0,1,0,0,0,0,0,0,0,0,0,0,105,376
2025,A,312,2,0000000001,0000005291,蔣少宏,63,先發,3,0,0,0,0,0,0,0,0,0,0,0,2,0,0,0,0,0,1,0,0,0,0,49,238
2025,A,312,2,0000000001,0000005540,李凱威,21,先發,4,4,1,1,0,0,0,0,1,1,0,0,0,0,0,0,0,0,0,0,0,0,0,109,367
2025,A,312,2,0000000001,0000005542,張政禹,25,先發,4,4,1,1,0,0,0,0,1,0,0,0,0,0,0,2,0,0,0,0,0,0,0,76,278
2025,A,312,2,0000000001,0000005545,劉基鴻,46,先發,4,3,0,0,0,0,0,0,0,0,0,0,0,0,1,0,0,0,0,0,0,0,0,91,363
2025,A,312,2,0000000001,0000005549,郭天信,2,先發,4,4,1,1,0,0,0,0,1,0,0,0,0,0,0,0,0,0,0,0,0,0,0,99,362
2025,A,312,2,0000000001,0000006216,王順和,24,非先發,0,0,0,0,0,0,0,0,0,0,0,0,0,0,0,0,0,0,0,0,0,0,0,37,131
2025,A,312,2,0000000001,0000007304,曾聖安,50,先發,3,3,0,0,0,0,0,0,0,0,0,0,0,0,0,1,0,0,0,0,1,0,0,30,153
2025,A,313,1,0000000001,0000006939,顏郁軒,5,先發,4,4,1,1,0,0,0,0,1,0,0,0,0,0,0,0,0,0,0,0,1,0,0,23,89
2025,A,313,1,0000000001,0000007064,陳世嘉,78,非先發,3,3,1,1,0,0,0,0,1,0,0,0,0,0,0,2,0,0,0,0,0,0,0,1,7
2025,A,313,1,0000000001,0000007301,曾昱磬,44,先發,4,4,0,0,0,0,0,0,0,0,0,0,0,0,0,0,0,0,0,0,1,0,0,35,152
2025,A,313,2,0000000001,0000000045,林智勝,31,先發,4,4,1,0,0,0,1,0,4,1,0,1,0,0,0,2,0,0,0,0,0,0,0,14,63
2025,A,313,2,0000000001,0000000743,陳子豪,1,先發,3,3,2,2,0,0,0,0,2,1,0,2,0,0,0,0,0,0,0,0,0,0,0,77,319
2025,A,313,2,0000000001,0000001318,朱育賢,11,先發,5,5,2,2,0,0,0,0,2,2,1,1,0,0,0,0,0,0,0,0,0,0,0,88,298
2025,A,313,2,0000000001,0000003343,郭嚴文,6,非先發,2,2,0,0,0,0,0,0,0,0,0,0,0,0,0,1,0,0,0,0,0,0,0,26,116
2025,A,313,2,0000000001,0000003625,吉力吉撈．鞏冠,4,先發,3,3,0,0,0,0,0,0,0,0,0,0,0,0,0,2,0,0,0,0,0,0,0,105,379
2025,A,313,2,0000000001,0000005291,蔣少宏,63,先發,4,3,2,1,1,0,0,0,3,0,0,1,0,0,1,0,0,0,0,0,0,0,0,51,241
2025,A,313,2,0000000001,0000005540,李凱威,21,先發,4,3,2,2,0,0,0,0,2,0,0,1,1,0,0,0,0,0,0,0,0,0,0,111,370
2025,A,313,2,0000000001,0000005542,張政禹,25,先發,4,4,1,0,1,0,0,0,2,1,0,1,0,0,0,1,0,0,0,0,0,0,0,77,282
2025,A,313,2,0000000001,0000005545,劉基鴻,46,先發,4,4,3,1,0,0,2,0,9,5,0,2,0,0,0,0,0,0,0,0,0,0,1,94,367
2025,A,313,2,0000000001,0000005549,郭天信,2,先發,5,5,2,2,0,0,0,0,2,1,0,2,0,0,0,1,0,0,0,0,0,0,0,101,367
2025,A,313,2,0000000001,0000007079,劉俊緯,23,非先發,1,1,0,0,0,0,0,0,0,0,0,0,0,0,0,0,0,0,0,0,0,0,0,35,137
2025,A,313,2,0000000001,0000007304,曾聖安,50,非先發,2,2,0,0,0,0,0,0,0,0,0,0,0,0,0,0,0,0,0,0,0,0,0,30,155
2025,A,313,1,0000000001,0000000753,杜家明,71,先發,4,4,2,2,0,0,0,0,2,0,0,0,0,0,0,1,0,0,0,0,0,0,0,35,131
2025,A,313,1,0000000001,0000000935,王柏融,9,先發,3,3,0,0,0,0,0,0,0,0,0,0,0,0,0,0,0,0,0,0,0,0,0,83,329
2025,A,313,1,0000000001,0000001291,郭阜林,59,非先發,1,1,1,1,0,0,0,0,1,0,0,0,0,0,0,0,0,0,0,0,0,0,0,56,206
2025,A,313,1,0000000001,0000003649,吳念庭,39,先發,4,2,2,2,0,0,0,0,2,0,0,0,2,0,0,0,0,0,0,0,0,0,0,88,266
2025,A,313,1,0000000001,0000005340,王博玄,6,先發,3,3,0,0,0,0,0,0,0,0,0,0,0,0,0,1,0,0,0,0,0,0,0,109,362
2025,A,313,1,0000000001,0000006211,張肇元,29,先發,1,0,0,0,0,0,0,0,0,0,0,0,1,0,0,0,0,0,0,0,0,0,0,79,313
2025,A,313,1,0000000001,0000006835,顏清浤,37,非先發,2,2,0,0,0,0,0,0,0,0,0,0,0,0,0,0,0,0,0,0,0,0,0,2,8
2025,A,313,1,0000000001,0000006928,林家鋐,16,先發,4,3,1,1,0,0,0,0,1,0,0,1,0,0,1,0,0,1,0,0,0,0,0,61,219
2025,A,313,1,0000000001,0000006931,黃劼希,42,先發,3,3,0,0,0,0,0,0,0,0,0,0,0,0,0,1,0,0,0,0,0,0,0,8,41
2025,A,313,1,0000000001,0000006936,高聖恩,50,非先發,1,1,1,1,0,0,0,0,1,1,0,0,0,0,0,0,0,0,0,0,0,0,0,13,67
2025,A,314,1,0000000002,0000001339,林祖傑,39,先發,2,1,0,0,0,0,0,0,0,0,0,0,1,0,0,0,0,0,0,0,0,0,0,25,100
2025,A,314,1,0000000002,0000001474,蘇智傑,32,先發,4,4,0,0,0,0,0,0,0,0,0,0,0,0,0,1,0,0,0,0,1,0,0,54,212
2025,A,314,1,0000000002,0000001606,林岱安,31,非先發,2,2,0,0,0,0,0,0,0,0,0,0,0,0,0,1,0,0,0,0,0,0,0,43,207
2025,A,314,1,0000000002,0000001804,陳傑憲,24,非先發,0,0,0,0,0,0,0,0,0,0,0,0,0,0,0,0,0,0,0,0,0,0,0,85,305
2025,A,314,1,0000000002,0000002275,林安可,77,先發,5,5,2,1,1,0,0,0,3,0,0,0,0,0,0,0,0,0,0,0,0,0,0,104,328
2025,A,314,1,0000000002,0000002289,陳重廷,66,非先發,2,1,0,0,0,0,0,0,0,0,0,1,1,0,0,0,0,0,0,0,0,0,0,32,152
2025,A,314,1,0000000002,0000002298,陳重羽,65,先發,2,1,0,0,0,0,0,0,0,0,0,1,1,0,0,0,0,0,0,0,0,0,0,38,191
2025,A,314,1,0000000002,0000002661,陳鏞基,13,先發,2,1,0,0,0,0,0,0,0,1,0,0,0,0,0,0,0,0,0,1,0,0,0,49,168
2025,A,314,1,0000000002,0000002707,潘傑楷,35,非先發,3,3,0,0,0,0,0,0,0,0,0,0,0,0,0,2,0,0,0,0,0,0,0,94,352
2025,A,314,1,0000000002,0000005306,許哲晏,10,先發,2,2,1,1,0,0,0,0,1,0,0,1,0,0,0,1,0,0,0,0,0,0,0,23,104
2025,A,314,1,0000000002,0000005531,邱智呈,14,先發,5,5,3,1,0,1,1,1,8,4,0,2,0,0,0,1,0,0,0,0,0,0,1,88,343
2025,A,314,1,0000000002,0000007070,林佳緯,20,先發,5,4,1,1,0,0,0,0,1,1,1,0,1,0,0,0,0,0,0,0,0,0,0,127,461
2025,A,314,1,0000000002,0000007071,林泓弦,67,先發,4,3,1,1,0,0,0,0,1,0,0,1,1,0,0,0,0,0,0,0,0,0,0,22,108
2025,A,314,1,0000000002,0000007268,陳聖平,15,非先發,2,2,0,0,0,0,0,0,0,0,0,1,0,0,0,0,0,0,0,0,0,0,0,88,324
2025,A,314,2,0000000002,0000000908,蘇緯達,96,先發,2,2,0,0,0,0,0,0,0,0,0,0,0,0,0,0,0,0,0,0,0,0,0,0,5
2025,A,314,2,0000000002,0000005342,林志綱,47,非先發,2,1,0,0,0,0,0,0,0,0,0,0,0,0,0,0,0,0,1,0,0,1,0,0,4
2025,A,314,2,0000000002,0000005567,林瑞鈞,75,先發,4,4,1,1,0,0,0,0,1,0,0,0,0,0,0,0,0,0,0,0,0,0,0,1,5
2025,A,314,2,0000000002,0000005569,曾頌恩,1,先發,4,4,1,1,0,0,0,0,1,0,0,1,0,0,0,1,1,0,0,0,0,0,0,43,191
2025,A,314,2,0000000002,0000005571,岳政華,92,先發,2,2,0,0,0,0,0,0,0,0,0,0,0,0,0,0,0,0,0,0,0,0,0,73,303
2025,A,314,2,0000000002,0000006225,宋晟睿,88,非先發,2,2,0,0,0,0,0,0,0,0,0,0,0,0,0,1,0,0,0,0,0,0,0,106,412
2025,A,314,2,0000000002,0000006730,張仁瑋,28,非先發,2,2,0,0,0,0,0,0,0,0,0,0,0,0,0,1,0,0,0,0,0,0,0,33,124
2025,A,314,2,0000000002,0000006734,黃鈞麟,60,先發,4,3,0,0,0,0,0,0,0,0,0,0,1,0,0,1,0,0,0,0,0,0,0,0,3
2025,A,314,2,0000000002,0000007085,張士綸,4,先發,4,4,0,0,0,0,0,0,0,0,0,0,0,0,0,0,0,0,0,0,0,0,0,0,4
2025,A,314,2,0000000002,0000007088,徐博瑋,97,先發,3,3,2,1,1,0,0,0,3,0,0,0,0,0,0,0,0,0,0,0,0,0,0,2,3
2025,A,314,2,0000000002,0000007278,許庭綸,13,先發,4,4,1,1,0,0,0,0,1,0,0,0,0,0,0,0,0,0,0,0,0,0,0,15,76
2025,A,314,2,0000000002,0000007621,蔡琞傑,18,先發,2,2,1,1,0,0,0,0,1,0,0,0,0,0,0,0,0,0,0,0,0,0,0,2,5
2025,A,315,1,0000000002,0000007076,李勛傑,95,先發,1,1,0,0,0,0,0,0,0,0,0,0,0,0,0,1,0,0,0,0,0,0,0,38,165
2025,A,315,1,0000000002,0000007288,何品室融,66,先發,4,4,0,0,0,0,0,0,0,0,0,0,0,0,0,0,0,0,0,0,0,0,0,0,4
2025,A,315,1,0000000002,0000007312,張趙紘,33,非先發,1,1,0,0,0,0,0,0,0,0,0,0,0,0,0,1,0,0,0,0,0,0,0,1,17
2025,A,315,1,0000000002,0000007313,曾冠傑,55,非先發,3,2,0,0,0,0,0,0,0,0,0,1,1,0,0,0,0,0,0,0,0,0,0,6,40
2025,A,315,1,0000000002,0000007589,許賀捷,85,非先發,1,1,0,0,0,0,0,0,0,0,0,0,0,0,0,0,0,0,0,0,0,0,0,1,16
2025,A,315,2,0000000002,0000005310,陳真,7,先發,4,4,2,2,0,0,0,0,2,0,0,1,0,0,0,0,0,0,0,0,0,0,0,57,237
2025,A,315,2,0000000002,0000006229,葉子霆,6,先發,5,5,2,2,0,0,0,0,2,1,0,0,0,0,0,0,0,0,0,0,1,0,0,22,85
2025,A,315,2,0000000002,0000006737,董子恩,78,先發,4,3,0,0,0,0,0,0,0,0,0,1,1,0,0,0,0,0,0,0,0,0,0,67,244
2025,A,315,2,0000000002,0000006806,池恩齊,97,先發,4,4,1,1,0,0,0,0,1,1,0,1,0,0,0,2,0,0,0,0,0,0,0,19,67
2025,A,315,2,0000000002,0000006810,潘瑋祥,0,先發,4,3,2,2,0,0,0,0,2,2,0,2,1,0,0,0,0,0,0,0,0,0,0,7,21
2025,A,315,2,0000000002,0000006861,蔡佳諺,65,非先發,0,0,0,0,0,0,0,0,0,0,0,0,0,0,0,0,0,0,0,0,0,0,0,22,115
2025,A,315,2,0000000002,0000006872,林岳谷,62,先發,4,4,1,1,0,0,0,0,1,0,0,1,0,0,0,0,0,0,0,0,0,0,0,65,259
2025,A,315,2,0000000002,0000006909,豊暐,43,先發,4,4,0,0,0,0,0,0,0,0,0,0,0,0,0,1,0,0,0,0,0,0,0,26,137
2025,A,315,2,0000000002,0000007089,王念好,5,先發,4,4,1,0,0,0,1,0,4,2,0,1,0,0,0,2,0,0,0,0,0,0,0,24,129
2025,A,315,2,0000000002,0000007091,高捷,4,先發,4,4,2,2,0,0,0,0,2,0,0,0,0,0,0,1,0,0,0,0,0,0,0,39,176
2025,A,315,1,0000000002,0000000132,梁家榮,5,先發,2,2,1,1,0,0,0,0,1,0,0,0,0,0,0,0,0,0,0,0,0,0,0,36,148
2025,A,315,1,0000000002,0000000153,林承飛,6,先發,3,3,0,0,0,0,0,0,0,0,0,0,0,0,0,1,0,0,0,0,0,1,0,54,231
2025,A,315,1,0000000002,0000000159,成晉,35,非先發,0,0,0,0,0,0,0,0,0,0,0,0,0,0,0,0,0,0,0,0,0,0,0,90,332
2025,A,315,1,0000000002,0000004633,陳晨威,98,先發,4,4,0,0,0,0,0,0,0,0,0,0,0,0,0,1,0,0,0,0,0,0,0,131,427
2025,A,315,1,0000000002,0000006234,邱勝宥,14,非先發,1,1,1,0,1,0,0,0,2,0,0,0,0,0,0,0,0,0,0,0,0,0,0,1,1
2025,A,315,1,0000000002,0000006235,林政華,65,先發,3,3,2,2,0,0,0,0,2,1,0,0,0,0,0,0,0,0,0,0,0,0,0,82,303
2025,A,315,1,0000000002,0000006240,馬傑森,94,先發,3,3,1,0,1,0,0,0,2,1,0,1,0,0,0,0,0,0,0,0,0,0,0,29,170
2025,A,315,1,0000000002,0000006718,毛英傑,89,非先發,1,1,0,0,0,0,0,0,0,0,0,0,0,0,0,1,0,0,0,0,0,0,0,0,4
2025,A,315,1,0000000002,0000006854,宋嘉翔,2,先發,2,2,0,0,0,0,0,0,0,0,0,0,0,0,0,2,0,0,0,0,0,0,0,36,125
2025,A,315,1,0000000002,0000006858,陳佳樂,8,先發,3,3,0,0,0,0,0,0,0,0,0,0,0,0,0,1,0,0,0,0,1,0,0,3,23
2025,A,316,1,0000000001,0000000929,王威晨,9,先發,4,3,0,0,0,0,0,0,0,0,0,0,1,0,0,0,0,0,0,0,0,0,0,79,282
2025,A,316,1,0000000001,0000001119,許基宏,74,先發,4,2,0,0,0,0,0,0,0,1,0,0,1,0,0,1,0,0,0,1,0,0,0,80,287
2025,A,316,1,0000000001,0000002285,高宇杰,65,先發,4,4,0,0,0,0,0,0,0,0,0,0,0,0,0,1,0,0,0,0,0,0,0,76,299
2025,A,316,1,0000000001,0000002291,岳東華,98,先發,3,2,2,0,2,0,0,0,4,1,0,1,0,0,1,0,0,0,0,0,0,0,0,73,304
2025,A,316,1,0000000001,0000004636,江坤宇,90,先發,4,4,0,0,0,0,0,0,0,0,0,0,0,0,0,0,0,0,0,0,0,0,0,85,316
2025,A,316,1,0000000001,0000005298,黃韋盛,66,先發,4,4,0,0,0,0,0,0,0,0,0,0,0,0,0,0,0,0,0,0,1,0,0,71,247
2025,A,316,1,0000000001,0000005571,岳政華,92,先發,4,3,1,1,0,0,0,0,1,0,0,1,1,0,0,0,1,0,0,0,0,0,0,62,250
2025,A,316,1,0000000001,0000006225,宋晟睿,88,先發,4,3,2,2,0,0,0,0,2,0,0,0,1,0,0,1,1,1,0,0,0,0,0,91,342
2025,A,316,1,0000000001,0000006730,張仁瑋,28,先發,4,3,0,0,0,0,0,0,0,0,0,0,0,0,0,0,0,0,1,0,0,0,0,30,113
2025,A,316,2,0000000001,0000000753,杜家明,71,先發,2,2,0,0,0,0,0,0,0,1,0,0,0,0,0,1,0,0,0,0,0,0,0,35,133
2025,A,316,2,0000000001,0000001291,郭阜林,59,非先發,2,1,1,1,0,0,0,0,1,0,0,0,1,0,0,0,0,0,0,0,0,0,0,57,207
2025,A,316,2,0000000001,0000003649,吳念庭,39,先發,4,4,0,0,0,0,0,0,0,0,0,0,0,0,0,1,0,0,0,0,0,0,0,88,270
2025,A,316,2,0000000001,0000005340,王博玄,6,先發,4,3,1,1,0,0,0,0,1,0,0,0,0,0,1,2,0,0,0,0,0,0,0,110,365
2025,A,316,2,0000000001,0000006211,張肇元,29,先發,4,4,2,1,1,0,0,0,3,0,0,1,0,0,0,1,0,0,0,0,0,0,0,81,317
2025,A,316,2,0000000001,0000006835,顏清浤,37,非先發,0,0,0,0,0,0,0,0,0,0,0,1,0,0,0,0,0,0,0,0,0,0,0,2,8
2025,A,316,2,0000000001,0000006927,曾子祐,1,先發,4,3,0,0,0,0,0,0,0,0,0,0,0,0,0,0,0,0,1,0,0,0,0,107,383
2025,A,316,2,0000000001,0000006928,林家鋐,16,先發,4,4,1,0,1,0,0,0,2,2,1,0,0,0,0,1,0,0,0,0,0,0,1,62,223
2025,A,316,2,0000000001,0000006936,高聖恩,50,先發,4,3,1,1,0,0,0,0,1,0,0,0,1,0,0,0,0,0,0,0,0,0,0,14,70
2025,A,316,2,0000000001,0000006939,顏郁軒,5,先發,4,4,1,1,0,0,0,0,1,0,0,0,0,0,0,1,0,0,0,0,0,0,0,24,93
2025,A,316,2,0000000001,0000007301,曾昱磬,44,先發,4,4,2,2,0,0,0,0,2,0,0,1,0,0,0,0,0,0,0,0,0,0,0,37,156
2025,A,317,1,0000000001,0000001618,林子偉,15,先發,4,4,0,0,0,0,0,0,0,0,0,0,0,0,0,1,0,0,0,0,1,0,0,74,298
2025,A,317,1,0000000001,0000002282,張閔勛,28,先發,4,3,1,0,0,0,1,0,4,1,0,1,1,0,0,0,0,0,0,0,0,1,0,80,262
2025,A,317,1,0000000001,0000002286,林立,39,先發,4,4,1,1,0,0,0,0,1,0,0,1,0,0,0,0,1,0,0,0,0,0,0,82,235
2025,A,317,1,0000000001,0000003345,林智平,79,先發,4,4,1,1,0,0,0,0,1,0,0,0,0,0,0,1,0,0,0,0,0,0,0,91,301
2025,A,317,1,0000000001,0000003467,林泓育,11,先發,4,4,0,0,0,0,0,0,0,0,0,0,0,0,0,1,0,0,0,0,1,0,0,100,335
2025,A,317,1,0000000001,0000004633,陳晨威,98,先發,4,3,1,0,0,1,0,0,3,2,0,0,1,0,0,0,0,0,0,0,0,0,0,108,364
2025,A,317,1,0000000001,0000006240,馬傑森,94,非先發,0,0,0,0,0,0,0,0,0,0,0,0,0,0,0,0,0,0,0,0,0,0,0,21,136
2025,A,317,1,0000000001,0000007076,李勛傑,95,先發,3,3,1,1,0,0,0,0,1,0,0,1,0,0,0,1,0,0,0,0,0,0,0,33,141
2025,A,317,2,0000000001,0000001339,林祖傑,39,非先發,0,0,0,0,0,0,0,0,0,0,0,0,0,0,0,0,0,0,0,0,0,0,0,22,83
2025,A,317,2,0000000001,0000001474,蘇智傑,32,先發,3,3,0,0,0,0,0,0,0,0,0,0,0,0,0,0,0,0,0,0,0,0,0,45,174
2025,A,317,2,0000000001,0000001606,林岱安,31,先發,3,3,0,0,0,0,0,0,0,0,0,0,0,0,0,2,0,0,0,0,0,0,0,41,175
2025,A,317,2,0000000001,0000001804,陳傑憲,24,非先發,1,1,0,0,0,0,0,0,0,0,0,0,0,0,0,0,0,0,0,0,0,0,0,80,275
2025,A,317,2,0000000001,0000002275,林安可,77,先發,4,4,1,1,0,0,0,0,1,0,0,0,0,0,0,1,0,0,0,0,0,0,0,87,266
2025,A,317,2,0000000001,0000002661,陳鏞基,13,先發,3,3,0,0,0,0,0,0,0,0,0,0,0,0,0,1,0,0,0,0,0,0,0,44,151
2025,A,317,2,0000000001,0000005531,邱智呈,14,非先發,1,1,1,1,0,0,0,0,1,0,0,0,0,0,0,0,0,0,0,0,0,0,0,73,288
2025,A,317,2,0000000001,0000006223,林子豪,2,先發,3,3,0,0,0,0,0,0,0,0,0,0,0,0,0,1,0,0,0,0,0,0,0,49,217
2025,A,317,2,0000000001,0000006851,林培緯,25,先發,3,2,0,0,0,0,0,0,0,0,0,0,0,0,1,1,0,0,0,0,0,0,0,11,47
2025,A,317,2,0000000001,0000007070,林佳緯,20,先發,4,4,0,0,0,0,0,0,0,0,0,0,0,0,0,3,0,0,0,0,0,0,0,113,396
2025,A,317,2,0000000001,0000007071,林泓弦,67,先發,2,2,0,0,0,0,0,0,0,0,0,0,0,0,0,0,0,0,0,0,0,0,0,14,71
2025,A,317,2,0000000001,0000007268,陳聖平,15,先發,3,3,1,1,0,0,0,0,1,0,0,0,0,0,0,0,0,1,0,0,0,1,0,71,277
2025,A,317,1,0000000001,0000000153,林承飛,6,先發,4,4,0,0,0,0,0,0,0,0,0,0,0,0,0,0,0,0,0,0,0,0,0,46,183
2025,A,317,1,0000000001,0000000159,成晉,35,先發,3,3,1,1,0,0,0,0,1,0,0,1,0,0,0,0,0,0,0,0,0,0,0,77,278
2025,A,318,1,0000000001,0000000929,王威晨,9,先發,4,3,2,2,0,0,0,0,2,0,0,0,1,0,0,0,0,0,0,0,0,0,0,81,285
2025,A,318,1,0000000001,0000001119,許基宏,74,先發,6,5,2,1,1,0,0,0,3,1,0,1,0,0,1,0,0,1,0,0,0,0,0,82,292
2025,A,318,1,0000000001,0000001754,林書逸,43,先發,6,6,1,0,1,0,0,0,2,0,0,1,0,0,0,2,0,0,0,0,0,0,0,5,32
2025,A,318,1,0000000001,0000002285,高宇杰,65,先發,5,3,0,0,0,0,0,0,0,0,0,0,2,0,0,0,0,0,0,0,0,0,0,76,302
2025,A,318,1,0000000001,0000002291,岳東華,98,先發,5,5,1,1,0,0,0,0,1,1,0,0,0,0,0,0,1,0,0,0,0,0,0,74,309
2025,A,318,1,0000000001,0000002307,王政順,61,非先發,2,1,0,0,0,0,0,0,0,0,0,0,1,0,0,0,0,0,0,0,0,0,0,33,116
2025,A,318,1,0000000001,0000004636,江坤宇,90,先發,5,5,1,1,0,0,0,0,1,1,0,0,0,0,0,0,0,0,0,0,0,1,0,86,321
2025,A,318,1,0000000001,0000005298,黃韋盛,66,先發,6,4,0,0,0,0,0,0,0,0,0,0,2,0,0,0,1,0,0,0,0,0,0,71,251
2025,A,318,1,0000000001,0000005342,林志綱,47,非先發,0,0,0,0,0,0,0,0,0,0,0,0,0,0,0,0,0,0,0,0,0,0,0,0,2
2025,A,318,1,0000000001,0000005571,岳政華,92,先發,5,4,1,1,0,0,0,0,1,0,0,1,1,0,0,1,0,0,0,0,0,0,0,63,254
2025,A,318,1,0000000001,0000006225,宋晟睿,88,先發,6,6,2,1,1,0,0,0,3,1,1,1,0,0,0,1,0,0,0,0,0,0,1,93,348
2025,A,318,2,0000000001,0000000753,杜家明,71,先發,3,2,0,0,0,0,0,0,0,0,0,0,1,0,0,0,0,0,0,0,0,0,0,35,135
2025,A,318,2,0000000001,0000000935,王柏融,9,非先發,2,2,0,0,0,0,0,0,0,0,0,0,0,0,0,0,0,0,0,0,0,0,0,83,331
2025,A,318,2,0000000001,0000001291,郭阜林,59,非先發,1,0,0,0,0,0,0,0,0,0,0,0,1,0,0,0,0,0,0,0,0,0,0,57,207
2025,A,318,2,0000000001,0000003649,吳念庭,39,先發,5,5,1,0,1,0,0,0,2,1,0,1,0,0,0,2,0,0,0,0,0,0,0,89,275
2025,A,318,2,0000000001,0000005340,王博玄,6,先發,5,5,0,0,0,0,0,0,0,0,0,0,0,0,0,1,0,0,0,0,0,0,0,110,370
2025,A,318,2,0000000001,0000006211,張肇元,29,先發,5,5,1,1,0,0,0,0,1,0,0,0,0,0,0,1,0,0,0,0,0,0,0,82,322
2025,A,318,2,0000000001,0000006835,顏清浤,37,非先發,1,1,0,0,0,0,0,0,0,0,0,0,0,0,0,0,0,0,0,0,0,0,0,2,9
2025,A,318,2,0000000001,0000006927,曾子祐,1,先發,5,5,1,1,0,0,0,0,1,1,0,1,0,0,0,0,0,0,0,0,0,0,0,108,388
2025,A,318,2,0000000001,0000006928,林家鋐,16,先發,4,4,1,1,0,0,0,0,1,0,0,0,0,0,0,2,0,0,0,0,0,0,0,63,227
2025,A,318,2,0000000001,0000006936,高聖恩,50,先發,2,2,0,0,0,0,0,0,0,0,0,0,0,0,0,2,0,0,0,0,0,0,0,14,72
2025,A,318,2,0000000001,0000006939,顏郁軒,5,先發,4,3,1,0,1,0,0,0,2,1,0,0,0,0,1,1,0,0,0,0,0,0,0,25,96
2025,A,318,2,0000000001,0000007301,曾昱磬,44,先發,4,4,0,0,0,0,0,0,0,0,0,1,0,0,0,3,0,0,0,0,0,0,0,37,160
2025,A,319,1,0000000001,0000000153,林承飛,6,先發,4,4,2,2,0,0,0,0,2,0,0,0,0,0,0,1,0,0,0,0,0,1,0,48,187
2025,A,319,1,0000000001,0000000159,成晉,35,先發,4,4,0,0,0,0,0,0,0,0,0,0,0,0,0,2,0,0,0,0,0,0,0,77,282
2025,A,319,1,0000000001,0000001618,林子偉,15,先發,4,4,0,0,0,0,0,0,0,0,0,0,0,0,0,1,0,0,0,0,0,0,0,74,302
2025,A,319,1,0000000001,0000002282,張閔勛,28,先發,4,3,1,1,0,0,0,0,1,0,0,0,0,0,0,1,0,0,1,0,0,0,0,81,265
2025,A,319,1,0000000001,0000002286,林立,39,先發,5,5,2,1,1,0,0,0,3,0,0,0,0,0,0,1,0,0,0,0,0,0,0,84,240
2025,A,319,1,0000000001,0000003345,林智平,79,先發,4,4,1,1,0,0,0,0,1,0,0,0,0,0,0,1,0,0,0,0,0,2,0,92,305
2025,A,319,1,0000000001,0000003467,林泓育,11,先發,4,3,1,1,0,0,0,0,1,0,0,0,1,0,0,1,0,0,0,0,0,0,0,101,338
2025,A,319,1,0000000001,0000003563,余德龍,36,非先發,1,0,0,0,0,0,0,0,0,0,0,0,1,0,0,0,0,0,0,0,0,0,0,52,186
2025,A,319,1,0000000001,0000006235,林政華,65,先發,4,4,1,1,0,0,0,0,1,0,0,0,0,0,0,1,0,0,0,0,0,0,0,71,263
2025,A,319,1,0000000001,0000007076,李勛傑,95,先發,3,3,1,1,0,0,0,0,1,0,0,0,0,0,0,1,0,0,0,0,0,0,0,34,144
2025,A,319,2,0000000001,0000001339,林祖傑,39,先發,4,2,1,0,1,0,0,0,2,1,1,1,1,0,0,0,0,0,0,1,0,0,0,23,85
2025,A,319,2,0000000001,0000001606,林岱安,31,先發,4,4,1,1,0,0,0,0,1,0,0,0,0,0,0,0,0,0,0,0,0,0,0,42,179
2025,A,319,2,0000000001,0000001804,陳傑憲,24,非先發,1,1,0,0,0,0,0,0,0,0,0,0,0,0,0,0,0,0,0,0,1,0,0,80,276
2025,A,319,2,0000000001,0000002275,林安可,77,先發,4,3,1,1,0,0,0,0,1,0,0,1,1,0,0,1,0,0,0,0,0,0,0,88,269
2025,A,319,2,0000000001,0000003615,胡金龍,51,非先發,1,1,1,1,0,0,0,0,1,0,0,0,0,0,0,0,0,0,0,0,0,0,0,38,115
2025,A,319,2,0000000001,0000005522,朱迦恩,8,先發,3,2,0,0,0,0,0,0,0,0,0,0,0,0,0,1,0,0,1,0,0,0,0,13,74
2025,A,319,2,0000000001,0000005531,邱智呈,14,先發,5,4,1,1,0,0,0,0,1,1,0,1,1,0,0,0,0,0,0,0,0,0,0,74,292
2025,A,319,2,0000000001,0000006223,林子豪,2,先發,4,4,2,2,0,0,0,0,2,1,0,0,0,0,0,0,0,0,0,0,0,0,0,51,221
2025,A,319,2,0000000001,0000006851,林培緯,25,先發,4,4,0,0,0,0,0,0,0,0,0,0,0,0,0,0,0,0,0,0,0,0,0,11,51
2025,A,319,2,0000000001,0000007070,林佳緯,20,先發,4,4,0,0,0,0,0,0,0,0,0,0,0,0,0,0,0,0,0,0,0,0,0,113,400
2025,A,319,2,0000000001,0000007071,林泓弦,67,先發,4,4,1,1,0,0,0,0,1,0,0,0,0,0,0,0,0,0,0,0,0,0,0,15,75
2025,A,320,2,0000000001,0000005545,劉基鴻,46,先發,5,5,1,0,1,0,0,0,2,1,0,0,0,0,0,0,0,0,0,0,0,0,0,95,372
2025,A,320,2,0000000001,0000005549,郭天信,2,先發,5,4,1,1,0,0,0,0,1,1,0,1,1,0,0,0,1,0,0,0,0,0,0,102,371
2025,A,320,2,0000000001,0000005553,張祐銘,34,先發,4,4,0,0,0,0,0,0,0,0,0,1,0,0,0,0,0,0,0,0,0,0,0,3,22
2025,A,320,2,0000000001,0000007304,曾聖安,50,非先發,0,0,0,0,0,0,0,0,0,0,0,0,0,0,0,0,0,0,0,0,0,0,0,30,155
2025,A,320,1,0000000001,0000002352,范國宸,46,先發,4,3,2,1,0,0,1,0,5,3,1,1,0,0,0,0,0,0,0,1,0,0,1,77,284
2025,A,320,1,0000000001,0000004645,戴培峰,95,先發,4,4,0,0,0,0,0,0,0,0,0,0,0,0,0,0,0,0,0,0,0,0,0,60,255
2025,A,320,1,0000000001,0000005310,陳真,7,先發,3,2,0,0,0,0,0,0,0,0,0,0,1,0,0,1,0,0,0,0,0,0,0,40,180
2025,A,320,1,0000000001,0000005510,林澤彬,2,先發,3,3,0,0,0,0,0,0,0,0,0,0,0,0,0,1,0,0,0,0,0,1,0,76,243
2025,A,320,1,0000000001,0000006737,董子恩,78,非先發,1,1,0,0,0,0,0,0,0,0,0,0,0,0,0,1,0,0,0,0,0,0,0,51,190
2025,A,320,1,0000000001,0000006738,孔念恩,82,先發,4,4,0,0,0,0,0,0,0,0,0,0,0,0,0,0,0,0,0,0,0,0,0,53,216
2025,A,320,1,0000000001,0000006861,蔡佳諺,65,先發,3,2,0,0,0,0,0,0,0,0,0,0,0,0,1,2,0,0,0,0,0,0,0,16,91
2025,A,320,1,0000000001,0000006868,周佳樂,77,非先發,1,1,1,1,0,0,0,0,1,0,0,0,0,0,0,0,0,1,0,0,0,0,0,32,154
2025,A,320,1,0000000001,0000006872,林岳谷,62,非先發,1,1,0,0,0,0,0,0,0,0,0,0,0,0,0,0,0,0,0,0,0,0,0,53,205
2025,A,320,1,0000000001,0000006888,張育成,99,先發,4,4,3,1,1,0,1,0,7,2,0,2,0,0,0,0,0,0,0,0,0,1,0,58,188
2025,A,320,1,0000000001,0000007091,高捷,4,先發,4,4,2,2,0,0,0,0,2,0,0,2,0,0,0,0,0,0,0,0,0,2,0,30,135
2025,A,320,1,0000000001,0000007094,陳愷佑,56,先發,4,4,0,0,0,0,0,0,0,0,0,0,0,0,0,0,0,0,0,0,0,0,0,6,45
2025,A,320,2,0000000001,0000000743,陳子豪,1,先發,5,4,1,1,0,0,0,0,1,1,0,0,1,0,0,1,0,0,0,0,0,0,0,78,323
2025,A,320,2,0000000001,0000001318,朱育賢,11,先發,5,3,2,2,0,0,0,0,2,0,0,0,2,0,0,1,0,0,0,0,0,0,0,90,301
2025,A,320,2,0000000001,0000003625,吉力吉撈．鞏冠,4,先發,5,5,2,2,0,0,0,0,2,0,0,1,0,0,0,2,0,0,0,0,0,0,0,107,384
2025,A,320,2,0000000001,0000005291,蔣少宏,63,先發,4,3,0,0,0,0,0,0,0,0,0,0,1,0,0,1,0,0,0,0,1,0,0,51,244
2025,A,320,2,0000000001,0000005540,李凱威,21,先發,5,5,1,1,0,0,0,0,1,1,0,0,0,0,0,1,1,0,0,0,1,0,0,112,375
2025,A,320,2,0000000001,0000005542,張政禹,25,先發,5,4,0,0,0,0,0,0,0,0,0,1,1,0,0,0,0,0,0,0,0,0,0,77,286
2025,A,321,1,0000000001,0000002352,范國宸,46,先發,6,6,4,3,0,0,1,0,7,3,1,1,0,0,0,0,0,0,0,0,0,0,0,81,290
2025,A,321,1,0000000001,0000005310,陳真,7,先發,2,2,1,1,0,0,0,0,1,0,0,0,0,0,0,1,0,0,0,0,0,0,0,41,182
2025,A,321,1,0000000001,0000005510,林澤彬,2,先發,5,4,2,1,0,1,0,0,4,3,0,0,1,0,0,1,0,1,0,0,0,0,0,78,247
2025,A,321,1,0000000001,0000006229,葉子霆,6,先發,5,4,2,2,0,0,0,0,2,0,0,1,1,0,0,0,0,0,0,0,0,0,0,5,27
2025,A,321,1,0000000001,0000006737,董子恩,78,先發,5,3,1,1,0,0,0,0,1,0,0,1,1,0,0,0,0,0,1,0,1,0,0,52,193
2025,A,321,1,0000000001,0000006738,孔念恩,82,非先發,3,3,1,1,0,0,0,0,1,0,0,2,0,0,0,1,0,0,0,0,0,0,0,54,219
2025,A,321,1,0000000001,0000006868,周佳樂,77,先發,5,3,2,1,0,1,0,0,4,3,0,1,2,0,0,1,0,0,0,0,0,0,0,34,157
2025,A,321,1,0000000001,0000006872,林岳谷,62,非先發,1,0,0,0,0,0,0,0,0,0,0,0,1,0,0,0,1,0,0,0,0,0,0,53,205
2025,A,321,1,0000000001,0000006888,張育成,99,先發,6,5,0,0,0,0,0,0,0,0,0,0,1,0,0,2,0,0,0,0,1,0,0,58,193
2025,A,321,1,0000000001,0000006909,豊暐,43,先發,5,4,0,0,0,0,0,0,0,0,0,1,0,0,1,1,0,0,0,0,0,0,0,23,116
2025,A,321,1,0000000001,0000007091,高捷,4,先發,6,5,3,2,1,0,0,0,4,0,0,2,1,0,0,0,0,0,0,0,0,0,0,33,140
2025,A,321,2,0000000001,0000000743,陳子豪,1,先發,4,3,0,0,0,0,0,0,0,0,0,0,1,0,0,0,0,0,0,0,0,1,0,78,326
2025,A,321,2,0000000001,0000001318,朱育賢,11,先發,4,4,1,1,0,0,0,0,1,0,0,0,0,0,0,2,0,0,0,0,0,0,0,91,305
2025,A,321,2,0000000001,0000003625,吉力吉撈．鞏冠,4,先發,5,5,1,0,0,0,1,0,4,1,0,1,0,0,0,1,0,0,0,0,1,0,0,108,389
2025,A,321,2,0000000001,0000005291,蔣少宏,63,先發,1,1,0,0,0,0,0,0,0,0,0,0,0,0,0,1,0,0,0,0,0,0,0,51,245
2025,A,321,2,0000000001,0000005532,全浩瑋,22,非先發,3,2,1,1,0,0,0,0,1,0,0,1,1,0,0,0,0,0,0,0,0,0,0,3,10
2025,A,321,2,0000000001,0000005540,李凱威,21,先發,5,4,1,1,0,0,0,0,1,1,0,0,1,0,0,0,0,0,0,0,0,0,0,113,379
2025,A,321,2,0000000001,0000005545,劉基鴻,46,先發,4,3,1,1,0,0,0,0,1,0,0,1,1,0,0,0,0,0,0,0,0,0,0,96,375
2025,A,321,2,0000000001,0000005549,郭天信,2,先發,4,4,1,1,0,0,0,0,1,0,0,0,0,0,0,0,0,0,0,0,0,0,0,103,375
2025,A,321,2,0000000001,0000005553,張祐銘,34,非先發,1,1,0,0,0,0,0,0,0,0,0,1,0,0,0,1,1,0,0,0,0,0,0,3,23
2025,A,321,2,0000000001,0000006216,王順和,24,先發,4,2,1,1,0,0,0,0,1,2,0,0,2,0,0,0,0,0,0,0,0,0,0,38,133
2025,A,321,2,0000000001,0000007079,劉俊緯,23,先發,4,3,1,1,0,0,0,0,1,1,0,1,1,0,0,1,0,0,0,0,0,0,0,36,140
2025,A,321,2,0000000001,0000007304,曾聖安,50,非先發,1,1,0,0,0,0,0,0,0,0,0,0,0,0,0,0,0,0,0,0,0,0,0,30,156
2025,A,322,1,0000000001,0000006738,孔念恩,82,先發,4,4,1,1,0,0,0,0,1,0,0,0,0,0,0,3,0,1,0,0,0,0,0,55,223
2025,A,322,1,0000000001,0000006861,蔡佳諺,65,非先發,0,0,0,0,0,0,0,0,0,0,0,0,0,0,0,0,0,0,0,0,0,0,0,16,91
2025,A,322,1,0000000001,0000006868,周佳樂,77,先發,4,2,1,1,0,0,0,0,1,1,1,0,1,0,0,0,1,0,1,0,0,0,0,35,159
2025,A,322,1,0000000001,0000006872,林岳谷,62,非先發,2,2,0,0,0,0,0,0,0,0,0,0,0,0,0,0,0,0,0,0,0,0,0,53,207
2025,A,322,1,0000000001,0000006888,張育成,99,先發,4,4,1,0,0,0,1,0,4,1,0,1,0,0,0,1,0,0,0,0,0,0,0,59,197
2025,A,322,1,0000000001,0000007091,高捷,4,先發,3,3,0,0,0,0,0,0,0,0,0,0,0,0,0,2,0,0,0,0,0,0,0,33,143
2025,A,322,1,0000000001,0000007094,陳愷佑,56,非先發,0,0,0,0,0,0,0,0,0,0,0,0,0,0,0,0,0,0,0,0,0,0,0,6,45
2025,A,322,2,0000000001,0000000753,杜家明,71,非先發,1,1,0,0,0,0,0,0,0,0,0,0,0,0,0,0,0,0,0,0,0,0,0,35,136
2025,A,322,2,0000000001,0000000935,王柏融,9,先發,4,4,1,1,0,0,0,0,1,1,0,0,0,0,0,1,0,0,0,0,0,0,0,84,335
2025,A,322,2,0000000001,0000001291,郭阜林,59,先發,4,4,1,1,0,0,0,0,1,0,0,1,0,0,0,3,0,0,0,0,0,0,0,58,211
2025,A,322,2,0000000001,0000003649,吳念庭,39,先發,4,3,1,0,1,0,0,0,2,1,0,1,1,0,0,0,0,0,0,0,0,0,0,90,278
2025,A,322,2,0000000001,0000005296,董秉軒,0,先發,4,3,1,1,0,0,0,0,1,0,0,0,0,0,1,2,0,1,0,0,0,0,0,3,12
2025,A,322,2,0000000001,0000005340,王博玄,6,先發,5,5,0,0,0,0,0,0,0,0,0,0,0,0,0,0,0,0,0,0,0,0,0,110,375
2025,A,322,2,0000000001,0000006927,曾子祐,1,先發,4,3,1,1,0,0,0,0,1,0,0,1,1,0,0,0,0,0,0,0,0,0,0,109,391
2025,A,322,2,0000000001,0000006928,林家鋐,16,先發,4,4,1,1,0,0,0,0,1,0,0,0,0,0,0,0,0,0,0,0,0,0,0,64,231
2025,A,322,2,0000000001,0000006936,高聖恩,50,非先發,0,0,0,0,0,0,0,0,0,0,0,0,0,0,0,0,0,0,0,0,0,0,0,14,72
2025,A,322,2,0000000001,0000006939,顏郁軒,5,先發,4,3,0,0,0,0,0,0,0,0,0,0,1,0,0,1,0,0,0,0,1,0,0,25,99
2025,A,322,2,0000000001,0000007064,陳世嘉,78,先發,3,3,0,0,0,0,0,0,0,0,0,0,0,0,0,1,0,0,0,0,0,0,0,1,10
2025,A,322,1,0000000001,0000002352,范國宸,46,先發,4,4,0,0,0,0,0,0,0,0,0,0,0,0,0,2,0,0,0,0,0,0,0,81,294
2025,A,322,1,0000000001,0000004645,戴培峰,95,先發,4,2,1,0,1,0,0,0,2,1,0,1,1,0,0,1,0,0,1,0,0,0,0,61,257
2025,A,322,1,0000000001,0000005310,陳真,7,非先發,1,1,0,0,0,0,0,0,0,0,0,0,0,0,0,0,0,0,0,0,0,0,0,41,183
2025,A,322,1,0000000001,0000005510,林澤彬,2,先發,5,4,1,1,0,0,0,0,1,1,0,0,0,0,0,1,0,0,0,1,0,0,0,79,251
2025,A,322,1,0000000001,0000006229,葉子霆,6,先發,4,4,2,2,0,0,0,0,2,0,0,2,0,0,0,1,0,0,0,0,0,1,0,7,31
2025,A,322,1,0000000001,0000006737,董子恩,78,先發,3,3,0,0,0,0,0,0,0,0,0,0,0,0,0,0,0,0,0,0,0,0,0,52,196
2025,A,323,1,0000000001,0000001318,朱育賢,11,先發,4,3,1,0,0,0,1,0,4,1,0,1,1,0,0,0,0,0,0,0,0,0,0,92,308
2025,A,323,1,0000000001,0000003625,吉力吉撈．鞏冠,4,先發,4,3,0,0,0,0,0,0,0,0,0,1,1,0,0,0,0,0,0,0,0,0,0,108,392
2025,A,323,1,0000000001,0000005291,蔣少宏,63,先發,4,3,1,1,0,0,0,0,1,1,0,0,1,0,0,0,0,0,0,0,0,0,0,52,248
2025,A,323,1,0000000001,0000005540,李凱威,21,先發,4,3,0,0,0,0,0,0,0,0,0,0,1,0,0,0,1,0,0,0,0,0,0,113,382
2025,A,323,1,0000000001,0000005542,張政禹,25,先發,4,4,0,0,0,0,0,0,0,0,0,0,0,0,0,1,0,0,0,0,0,0,0,77,290
2025,A,323,1,0000000001,0000005545,劉基鴻,46,先發,4,4,1,1,0,0,0,0,1,0,0,0,0,0,0,3,0,0,0,0,0,0,0,97,379
2025,A,323,1,0000000001,0000005549,郭天信,2,先發,5,5,1,1,0,0,0,0,1,0,0,0,0,0,0,0,0,0,0,0,0,0,0,104,380
2025,A,323,1,0000000001,0000006216,王順和,24,先發,4,4,0,0,0,0,0,0,0,0,0,0,0,0,0,0,0,0,0,0,0,0,0,38,137
2025,A,323,1,0000000001,0000007304,曾聖安,50,先發,4,3,2,0,1,0,1,0,6,1,0,2,0,0,0,0,0,0,1,0,0,0,0,32,159
2025,A,323,2,0000000001,0000001339,林祖傑,39,先發,2,2,1,1,0,0,0,0,1,0,0,0,0,0,0,0,0,0,0,0,0,0,0,24,87
2025,A,323,2,0000000001,0000001474,蘇智傑,32,先發,4,4,1,1,0,0,0,0,1,0,0,1,0,0,0,0,0,0,0,0,0,0,0,46,178
2025,A,323,2,0000000001,0000001804,陳傑憲,24,非先發,0,0,0,0,0,0,0,0,0,0,0,1,0,0,0,0,0,0,0,0,0,0,0,80,276
2025,A,323,2,0000000001,0000002275,林安可,77,先發,4,4,1,1,0,0,0,0,1,0,0,1,0,0,0,1,0,0,0,0,0,0,0,89,273
2025,A,323,2,0000000001,0000002298,陳重羽,65,先發,4,3,0,0,0,0,0,0,0,1,1,0,0,0,0,0,0,0,0,1,0,0,0,37,177
2025,A,323,2,0000000001,0000002661,陳鏞基,13,非先發,1,0,0,0,0,0,0,0,0,0,0,1,1,0,0,0,0,0,0,0,0,0,0,44,151
2025,A,323,2,0000000001,0000005522,朱迦恩,8,先發,3,3,0,0,0,0,0,0,0,0,0,0,0,0,0,2,0,0,0,0,0,0,0,13,77
2025,A,323,2,0000000001,0000005531,邱智呈,14,先發,4,4,0,0,0,0,0,0,0,0,0,0,0,0,0,1,0,0,0,0,0,0,0,74,296
2025,A,323,2,0000000001,0000006223,林子豪,2,先發,4,4,2,1,1,0,0,0,3,2,0,1,0,0,0,0,0,0,0,0,0,0,1,53,225
2025,A,323,2,0000000001,0000006851,林培緯,25,先發,2,2,0,0,0,0,0,0,0,0,0,0,0,0,0,2,0,0,0,0,0,0,0,11,53
2025,A,323,2,0000000001,0000007070,林佳緯,20,非先發,2,1,1,0,1,0,0,0,2,1,0,0,1,1,0,0,0,0,0,0,0,0,0,114,401
2025,A,323,2,0000000001,0000007071,林泓弦,67,先發,3,3,0,0,0,0,0,0,0,0,0,0,0,0,0,1,0,0,0,0,0,0,0,15,78
2025,A,323,2,0000000001,0000007268,陳聖平,15,非先發,2,2,1,1,0,0,0,0,1,1,0,0,0,0,0,0,0,0,0,0,0,0,0,72,279
2025,A,324,1,0000000001,0000001119,許基宏,74,先發,5,3,0,0,0,0,0,0,0,0,0,1,2,0,0,1,0,0,0,0,0,0,0,82,295
2025,A,324,1,0000000001,0000002291,岳東華,98,先發,4,3,0,0,0,0,0,0,0,0,0,0,1,0,0,1,0,0,0,0,0,0,0,74,312
2025,A,324,1,0000000001,0000003609,陳俊秀,29,先發,5,5,1,0,1,0,0,0,2,0,0,1,0,0,0,1,0,0,0,0,0,0,0,44,173
2025,A,324,1,0000000001,0000004636,江坤宇,90,先發,4,3,2,2,0,0,0,0,2,2,0,1,0,0,1,0,0,0,0,0,0,0,0,88,324
2025,A,324,1,0000000001,0000005298,黃韋盛,66,先發,5,4,1,1,0,0,0,0,1,0,0,1,1,0,0,0,0,0,0,0,0,0,0,72,255
2025,A,324,1,0000000001,0000005571,岳政華,92,先發,5,4,1,1,0,0,0,0,1,0,0,0,1,0,0,1,0,0,0,0,0,0,0,64,258
2025,A,324,1,0000000001,0000006225,宋晟睿,88,先發,5,4,1,0,1,0,0,0,2,0,0,0,1,0,0,0,0,1,0,0,0,0,0,94,352
2025,A,324,1,0000000001,0000006730,張仁瑋,28,非先發,0,0,0,0,0,0,0,0,0,0,0,0,0,0,0,0,0,0,0,0,0,0,0,30,113
2025,A,324,1,0000000001,0000006732,陳統恩,48,先發,4,4,0,0,0,0,0,0,0,0,0,0,0,0,0,0,0,0,0,0,0,0,0,5,30
2025,A,324,1,0000000001,0000007278,許庭綸,13,先發,4,3,1,0,0,0,1,0,4,3,1,1,1,0,0,1,0,0,0,0,0,0,1,14,62
2025,A,324,2,0000000001,0000000153,林承飛,6,先發,4,4,0,0,0,0,0,0,0,0,0,0,0,0,0,1,0,0,0,0,0,0,0,48,191
2025,A,324,2,0000000001,0000000158,廖健富,58,非先發,1,1,0,0,0,0,0,0,0,0,0,0,0,0,0,0,0,0,0,0,0,0,0,11,60
2025,A,324,2,0000000001,0000000159,成晉,35,先發,4,4,1,1,0,0,0,0,1,1,0,0,0,0,0,2,0,0,0,0,0,0,0,78,286
2025,A,324,2,0000000001,0000001618,林子偉,15,先發,4,4,0,0,0,0,0,0,0,0,0,0,0,0,0,1,0,0,0,0,0,0,0,74,306
2025,A,324,2,0000000001,0000002286,林立,39,先發,4,4,2,2,0,0,0,0,2,0,0,0,0,0,0,0,1,0,0,0,0,0,0,86,244
2025,A,324,2,0000000001,0000003345,林智平,79,先發,4,4,1,1,0,0,0,0,1,0,0,0,0,0,0,0,0,0,0,0,0,1,0,93,309
2025,A,324,2,0000000001,0000003467,林泓育,11,先發,4,4,3,2,1,0,0,0,4,0,0,0,0,0,0,0,0,0,0,0,0,0,0,104,342
2025,A,324,2,0000000001,0000003563,余德龍,36,先發,3,3,1,0,1,0,0,0,2,0,0,1,0,0,0,1,0,0,0,0,0,0,0,53,189
2025,A,324,2,0000000001,0000004633,陳晨威,98,先發,4,4,0,0,0,0,0,0,0,0,0,0,0,0,0,2,0,0,0,0,0,0,0,108,368
2025,A,324,2,0000000001,0000006854,宋嘉翔,2,先發,4,3,0,0,0,0,0,0,0,0,0,0,1,0,0,2,0,0,0,0,0,0,0,29,103
2025,A,324,2,0000000001,0000007076,李勛傑,95,非先發,0,0,0,0,0,0,0,0,0,0,0,0,0,0,0,0,0,0,0,0,0,0,0,34,144
2025,A,325,1,0000000001,0000002352,范國宸,46,先發,4,4,1,1,0,0,0,0,1,0,0,0,0,0,0,3,0,0,0,0,0,0,0,82,298
2025,A,325,1,0000000001,0000004645,戴培峰,95,先發,4,4,2,1,1,0,0,0,3,3,1,1,0,0,0,1,0,0,0,0,1,0,1,63,261
2025,A,325,1,0000000001,0000005310,陳真,7,先發,4,4,2,2,0,0,0,0,2,1,0,0,0,0,0,0,0,0,0,0,0,0,0,43,187
2025,A,325,1,0000000001,0000005510,林澤彬,2,先發,4,3,0,0,0,0,0,0,0,0,0,0,0,0,0,2,0,0,1,0,0,0,0,79,254
2025,A,325,1,0000000001,0000006229,葉子霆,6,先發,4,4,1,1,0,0,0,0,1,1,0,1,0,0,0,2,0,0,0,0,0,0,0,8,35
2025,A,325,1,0000000001,0000006737,董子恩,78,先發,4,4,2,1,1,0,0,0,3,1,0,1,0,0,0,0,1,0,0,0,0,0,0,54,200
2025,A,325,1,0000000001,0000006738,孔念恩,82,非先發,0,0,0,0,0,0,0,0,0,0,0,1,0,0,0,0,1,0,0,0,0,0,0,55,223
2025,A,325,1,0000000001,0000006868,周佳樂,77,先發,4,3,2,2,0,0,0,0,2,0,0,1,0,0,0,1,1,0,1,0,0,0,0,37,162
2025,A,325,1,0000000001,0000006872,林岳谷,62,非先發,1,1,0,0,0,0,0,0,0,0,0,1,0,0,0,0,0,0,0,0,0,0,0,53,208
2025,A,325,1,0000000001,0000006888,張育成,99,先發,5,4,1,0,0,0,1,0,4,1,0,2,1,0,0,1,0,0,0,0,0,0,0,60,201
2025,A,325,1,0000000001,0000007089,王念好,5,非先發,1,1,0,0,0,0,0,0,0,0,0,0,0,0,0,1,0,0,0,0,0,0,0,14,85
2025,A,325,1,0000000001,0000007091,高捷,4,先發,5,5,1,0,1,0,0,0,2,1,0,0,0,0,0,2,0,0,0,0,0,0,0,34,148
2025,A,325,2,0000000001,0000000753,杜家明,71,先發,4,4,1,1,0,0,0,0,1,0,0,0,0,0,0,1,0,0,0,0,0,0,0,36,140
2025,A,325,2,0000000001,0000000935,王柏融,9,先發,4,4,1,0,0,0,1,0,4,2,0,1,0,0,0,1,0,0,0,0,0,0,0,85,339
2025,A,325,2,0000000001,0000003533,藍寅倫,88,先發,4,4,0,0,0,0,0,0,0,0,0,0,0,0,0,0,0,0,0,0,0,0,0,21,99
2025,A,325,2,0000000001,0000003649,吳念庭,39,先發,4,3,0,0,0,0,0,0,0,0,0,0,1,0,0,0,0,0,0,0,0,0,0,90,281
2025,A,325,2,0000000001,0000005333,湯家豪,36,非先發,1,1,0,0,0,0,0,0,0,0,0,0,0,0,0,0,0,0,0,0,0,0,0,2,7
2025,A,325,2,0000000001,0000005340,王博玄,6,先發,4,4,1,0,1,0,0,0,2,0,0,0,0,0,0,1,0,0,0,0,0,0,0,111,379
2025,A,325,2,0000000001,0000006927,曾子祐,1,先發,4,4,1,1,0,0,0,0,1,0,0,0,0,0,0,0,0,0,0,0,0,0,0,110,395
2025,A,325,2,0000000001,0000006928,林家鋐,16,先發,3,3,0,0,0,0,0,0,0,0,0,0,0,0,0,0,0,0,0,0,0,0,0,64,234
2025,A,325,2,0000000001,0000006939,顏郁軒,5,先發,4,2,1,1,0,0,0,0,1,0,0,1,2,0,0,0,0,0,0,0,0,0,0,26,101
2025,A,325,2,0000000001,0000007064,陳世嘉,78,先發,3,3,0,0,0,0,0,0,0,0,0,0,0,0,0,0,0,0,0,0,0,0,0,1,13
2025,A,326,1,0000000001,0000000743,陳子豪,1,先發,4,3,0,0,0,0,0,0,0,0,0,0,1,0,0,1,0,0,0,0,0,1,0,78,329
2025,A,326,1,0000000001,0000001318,朱育賢,11,先發,4,3,1,1,0,0,0,0,1,0,0,0,1,0,0,2,0,0,0,0,0,0,0,93,311
2025,A,326,1,0000000001,0000003625,吉力吉撈．鞏冠,4,先發,4,4,1,0,1,0,0,0,2,0,0,1,0,0,0,1,0,0,0,0,1,0,0,109,396
2025,A,326,1,0000000001,0000005291,蔣少宏,63,先發,2,2,0,0,0,0,0,0,0,0,0,0,0,0,0,1,0,0,0,0,0,0,0,52,250
2025,A,326,1,0000000001,0000005532,全浩瑋,22,非先發,2,1,0,0,0,0,0,0,0,0,0,0,1,0,0,1,0,0,0,0,0,0,0,3,11
2025,A,326,1,0000000001,0000005540,李凱威,21,先發,4,3,0,0,0,0,0,0,0,0,0,0,1,0,0,0,0,0,0,0,0,0,0,113,385
2025,A,326,1,0000000001,0000005542,張政禹,25,非先發,2,2,0,0,0,0,0,0,0,0,0,0,0,0,0,1,0,0,0,0,0,0,0,77,292
2025,A,326,1,0000000001,0000005545,劉基鴻,46,先發,4,4,2,2,0,0,0,0,2,1,0,0,0,0,0,1,0,0,0,0,0,0,0,99,383
2025,A,326,1,0000000001,0000005549,郭天信,2,先發,5,4,0,0,0,0,0,0,0,0,0,0,0,0,1,0,0,0,0,0,0,0,0,104,384
2025,A,326,1,0000000001,0000005553,張祐銘,34,非先發,0,0,0,0,0,0,0,0,0,0,0,0,0,0,0,0,0,0,0,0,0,0,0,3,23
2025,A,326,1,0000000001,0000006216,王順和,24,非先發,3,2,1,1,0,0,0,0,1,0,0,0,0,0,1,1,0,0,0,0,0,0,0,39,139
2025,A,326,1,0000000001,0000007079,劉俊緯,23,先發,2,2,0,0,0,0,0,0,0,0,0,0,0,0,0,2,0,0,0,0,0,0,0,36,142
2025,A,326,1,0000000001,0000007304,曾聖安,50,先發,1,1,0,0,0,0,0,0,0,0,0,0,0,0,0,1,0,0,0,0,0,0,0,32,160
2025,A,326,2,0000000001,0000001339,林祖傑,39,非先發,0,0,0,0,0,0,0,0,0,0,0,0,0,0,0,0,0,0,0,0,0,0,0,24,87
2025,A,326,2,0000000001,0000001474,蘇智傑,32,先發,4,4,2,1,0,0,1,0,5,1,0,1,0,0,0,1,0,0,0,0,0,0,0,48,182
2025,A,326,2,0000000001,0000001606,林岱安,31,先發,4,4,0,0,0,0,0,0,0,0,0,0,0,0,0,0,0,0,0,0,1,0,0,42,183
2025,A,326,2,0000000001,0000001804,陳傑憲,24,非先發,0,0,0,0,0,0,0,0,0,0,0,0,0,0,0,0,0,0,0,0,0,0,0,80,276
2025,A,326,2,0000000001,0000002275,林安可,77,先發,5,3,1,0,0,0,1,0,4,1,0,2,1,0,1,0,0,0,0,0,0,0,0,90,276
2025,A,326,2,0000000001,0000002661,陳鏞基,13,先發,4,4,1,1,0,0,0,0,1,1,1,1,0,0,0,1,0,0,0,0,0,0,0,45,155
2025,A,326,2,0000000001,0000003615,胡金龍,51,非先發,1,1,0,0,0,0,0,0,0,0,0,0,0,0,0,0,0,0,0,0,0,0,0,38,116
2025,A,326,2,0000000001,0000005531,邱智呈,14,先發,5,4,2,0,1,0,1,0,6,1,0,1,1,0,0,0,0,0,0,0,0,0,0,76,300
2025,A,326,2,0000000001,0000006223,林子豪,2,先發,4,4,1,1,0,0,0,0,1,0,0,0,0,0,0,0,0,0,0,0,0,0,0,54,229
2025,A,326,2,0000000001,0000007070,林佳緯,20,先發,5,5,2,1,1,0,0,0,3,0,0,1,0,0,0,2,0,0,0,0,0,0,0,116,406
2025,A,326,2,0000000001,0000007071,林泓弦,67,先發,3,3,0,0,0,0,0,0,0,0,0,0,0,0,0,1,0,0,0,0,0,0,0,15,81
2025,A,326,2,0000000001,0000007268,陳聖平,15,先發,4,4,3,3,0,0,0,0,3,2,0,0,0,0,0,0,0,0,0,0,0,0,0,75,283
2025,A,327,1,0000000001,0000000929,王威晨,9,先發,5,4,2,1,1,0,0,0,3,0,0,0,1,0,0,0,1,0,0,0,1,0,0,83,289
2025,A,327,1,0000000001,0000001119,許基宏,74,先發,3,3,1,1,0,0,0,0,1,0,0,0,0,0,0,2,0,0,0,0,0,0,0,83,298
2025,A,327,1,0000000001,0000001754,林書逸,43,先發,4,3,0,0,0,0,0,0,0,0,0,0,1,0,0,0,0,0,0,0,0,0,0,5,35
2025,A,327,1,0000000001,0000002307,王政順,61,先發,4,3,2,2,0,0,0,0,2,0,0,0,1,0,0,0,0,0,0,0,0,0,0,35,119
2025,A,327,1,0000000001,0000003609,陳俊秀,29,先發,4,4,0,0,0,0,0,0,0,0,0,0,0,0,0,1,0,0,0,0,0,0,0,44,177
2025,A,327,1,0000000001,0000004636,江坤宇,90,先發,3,3,1,1,0,0,0,0,1,0,0,0,0,0,0,0,0,0,0,0,0,0,0,89,327
2025,A,327,1,0000000001,0000005342,林志綱,47,非先發,1,1,0,0,0,0,0,0,0,0,0,0,0,0,0,0,0,0,0,0,0,0,0,0,3
2025,A,327,1,0000000001,0000006225,宋晟睿,88,先發,4,4,0,0,0,0,0,0,0,0,0,0,0,0,0,1,0,0,0,0,0,0,0,94,356
2025,A,327,1,0000000001,0000006730,張仁瑋,28,非先發,1,1,0,0,0,0,0,0,0,0,0,0,0,0,0,1,0,0,0,0,0,0,0,30,114
2025,A,327,1,0000000001,0000006732,陳統恩,48,先發,4,4,2,1,1,0,0,0,3,0,0,0,0,0,0,1,0,0,0,0,0,0,0,7,34
2025,A,327,1,0000000001,0000007278,許庭綸,13,先發,4,4,0,0,0,0,0,0,0,0,0,0,0,0,0,2,0,0,0,0,1,0,0,14,66
2025,A,327,2,0000000001,0000000153,林承飛,6,先發,4,4,1,1,0,0,0,0,1,1,0,1,0,0,0,1,0,0,0,0,0,0,0,49,195
2025,A,327,2,0000000001,0000001618,林子偉,15,先發,0,0,0,0,0,0,0,0,0,0,0,0,0,0,0,0,0,0,0,0,0,0,0,74,306
2025,A,327,2,0000000001,0000002286,林立,39,先發,4,3,1,0,1,0,0,0,2,2,0,1,1,0,0,0,0,0,0,0,0,0,0,87,247
2025,A,327,2,0000000001,0000003345,林智平,79,先發,4,4,1,0,1,0,0,0,2,1,0,1,0,0,0,1,0,0,0,0,0,1,0,94,313
2025,A,327,2,0000000001,0000003467,林泓育,11,先發,4,4,1,1,0,0,0,0,1,0,0,0,0,0,0,1,0,0,0,0,0,0,0,105,346
2025,A,327,2,0000000001,0000003563,余德龍,36,先發,4,4,1,1,0,0,0,0,1,0,0,1,0,0,0,1,0,0,0,0,0,0,0,54,193
2025,A,327,2,0000000001,0000004633,陳晨威,98,先發,4,3,1,1,0,0,0,0,1,0,0,1,1,0,0,2,0,0,0,0,0,0,0,109,371
2025,A,327,2,0000000001,0000006235,林政華,65,先發,4,4,2,0,2,0,0,0,4,1,0,2,0,0,0,0,0,0,0,0,0,0,0,73,267
2025,A,327,2,0000000001,0000006240,馬傑森,94,非先發,4,3,0,0,0,0,0,0,0,1,0,0,0,0,0,0,0,0,0,1,0,0,0,21,139
2025,A,327,2,0000000001,0000006854,宋嘉翔,2,先發,4,3,1,0,1,0,0,0,2,0,0,1,1,0,0,1,0,0,0,0,0,0,0,30,106
2025,A,327,2,0000000001,0000007076,李勛傑,95,非先發,0,0,0,0,0,0,0,0,0,0,0,0,0,0,0,0,0,0,0,0,0,0,0,34,144
2025,A,328,1,0000000001,0000000929,王威晨,9,先發,5,4,2,2,0,0,0,0,2,0,0,0,1,0,0,1,0,0,0,0,0,0,0,85,293
2025,A,328,1,0000000001,0000001119,許基宏,74,先發,4,2,1,1,0,0,0,0,1,1,0,1,0,0,1,0,0,0,0,1,0,0,0,84,300
2025,A,328,1,0000000001,0000002297,詹子賢,39,先發,4,3,0,0,0,0,0,0,0,1,0,0,0,0,0,2,0,0,0,1,0,0,0,64,225
2025,A,328,1,0000000001,0000003609,陳俊秀,29,先發,5,5,2,2,0,0,0,0,2,0,0,0,0,0,0,0,0,0,0,0,0,0,0,46,182
2025,A,328,1,0000000001,0000004636,江坤宇,90,先發,4,3,0,0,0,0,0,0,0,0,0,0,0,0,0,0,0,0,1,0,0,0,0,89,330
2025,A,328,1,0000000001,0000005298,黃韋盛,66,先發,4,4,1,1,0,0,0,0,1,0,0,0,0,0,0,2,0,0,0,0,0,0,0,73,259
2025,A,328,1,0000000001,0000005571,岳政華,92,先發,5,4,1,1,0,0,0,0,1,0,0,1,1,0,0,2,0,0,0,0,0,0,0,65,262
2025,A,328,1,0000000001,0000006225,宋晟睿,88,先發,4,3,1,1,0,0,0,0,1,0,0,0,1,0,0,1,0,0,0,0,0,0,0,95,359
2025,A,328,1,0000000001,0000006732,陳統恩,48,先發,4,3,0,0,0,0,0,0,0,0,0,0,1,0,0,1,0,0,0,0,0,0,0,7,37
2025,A,328,2,0000000001,0000000153,林承飛,6,先發,3,3,1,0,0,0,1,0,4,3,1,1,0,0,0,1,0,0,0,0,0,0,1,50,198
2025,A,328,2,0000000001,0000000158,廖健富,58,非先發,1,1,0,0,0,0,0,0,0,0,0,0,0,0,0,0,0,0,0,0,0,0,0,11,61
2025,A,328,2,0000000001,0000000159,成晉,35,先發,3,3,2,1,1,0,0,0,3,0,0,1,0,0,0,0,0,0,0,0,0,0,0,80,289
2025,A,328,2,0000000001,0000002286,林立,39,先發,4,4,1,1,0,0,0,0,1,0,0,0,0,0,0,0,0,1,0,0,0,0,0,88,251
2025,A,328,2,0000000001,0000003345,林智平,79,先發,4,4,1,1,0,0,0,0,1,0,0,0,0,0,0,0,0,0,0,0,1,0,0,95,317
2025,A,328,2,0000000001,0000003467,林泓育,11,先發,4,3,1,1,0,0,0,0,1,0,0,1,1,1,0,1,0,0,0,0,0,0,0,106,349
2025,A,328,2,0000000001,0000003563,余德龍,36,先發,3,3,0,0,0,0,0,0,0,0,0,0,0,0,0,2,0,0,0,0,0,0,0,54,196
2025,A,328,2,0000000001,0000004633,陳晨威,98,非先發,0,0,0,0,0,0,0,0,0,0,0,0,0,0,0,0,0,0,0,0,0,0,0,109,371
2025,A,328,2,0000000001,0000006235,林政華,65,先發,3,3,0,0,0,0,0,0,0,0,0,0,0,0,0,1,1,0,0,0,0,0,0,73,270
2025,A,328,2,0000000001,0000006240,馬傑森,94,先發,3,3,1,1,0,0,0,0,1,0,0,0,0,0,0,0,0,0,0,0,0,0,0,22,142
2025,A,328,2,0000000001,0000006854,宋嘉翔,2,先發,3,3,0,0,0,0,0,0,0,0,0,0,0,0,0,2,0,0,0,0,0,0,0,30,109
2025,A,329,1,0000000001,0000002352,范國宸,46,先發,4,4,0,0,0,0,0,0,0,0,0,0,0,0,0,2,0,0,0,0,0,0,0,82,302
2025,A,329,1,0000000001,0000004645,戴培峰,95,先發,4,3,1,1,0,0,0,0,1,0,0,0,0,0,1,2,0,0,0,0,0,0,0,64,264
2025,A,329,1,0000000001,0000005310,陳真,7,先發,3,3,1,1,0,0,0,0,1,0,0,0,0,0,0,0,0,0,0,0,0,0,0,44,190
2025,A,329,1,0000000001,0000005510,林澤彬,2,非先發,1,1,0,0,0,0,0,0,0,0,0,0,0,0,0,1,0,0,0,0,0,0,0,79,255
2025,A,329,1,0000000001,0000006229,葉子霆,6,先發,3,3,0,0,0,0,0,0,0,0,0,0,0,0,0,0,0,0,0,0,0,0,0,8,38
2025,A,329,1,0000000001,0000006737,董子恩,78,先發,2,2,0,0,0,0,0,0,0,0,0,0,0,0,0,0,0,0,0,0,1,0,0,54,202
2025,A,329,1,0000000001,0000006738,孔念恩,82,非先發,1,1,0,0,0,0,0,0,0,0,0,0,0,0,0,0,0,0,0,0,0,0,0,55,224
2025,A,329,1,0000000001,0000006861,蔡佳諺,65,非先發,1,1,0,0,0,0,0,0,0,0,0,0,0,0,0,0,1,0,0,0,0,0,0,16,92
2025,A,329,1,0000000001,0000006868,周佳樂,77,先發,2,2,0,0,0,0,0,0,0,0,0,0,0,0,0,2,0,0,0,0,0,0,0,37,164
2025,A,329,1,0000000001,0000006872,林岳谷,62,先發,4,3,0,0,0,0,0,0,0,0,0,0,1,0,0,0,1,0,0,0,0,0,0,53,211
2025,A,329,1,0000000001,0000006888,張育成,99,先發,4,3,0,0,0,0,0,0,0,0,0,0,1,0,0,1,0,0,0,0,0,0,0,60,204
2025,A,329,1,0000000001,0000007089,王念好,5,非先發,1,1,0,0,0,0,0,0,0,0,0,0,0,0,0,0,0,0,0,0,0,0,0,14,86
2025,A,329,1,0000000001,0000007091,高捷,4,先發,3,3,0,0,0,0,0,0,0,0,0,0,0,0,0,1,0,0,0,0,0,0,0,34,151
2025,A,329,1,0000000001,0000007094,陳愷佑,56,非先發,0,0,0,0,0,0,0,0,0,0,0,0,0,0,0,0,0,0,0,0,0,0,0,6,45
2025,A,329,2,0000000001,0000000753,杜家明,71,非先發,2,2,0,0,0,0,0,0,0,0,0,0,0,0,0,1,0,0,0,0,0,0,0,36,142
2025,A,329,2,0000000001,0000000935,王柏融,9,先發,4,3,1,1,0,0,0,0,1,1,1,0,1,0,0,0,0,0,0,0,0,0,0,86,342
2025,A,329,2,0000000001,0000001291,郭阜林,59,先發,2,2,0,0,0,0,0,0,0,0,0,0,0,0,0,0,0,0,0,0,1,0,0,58,213
2025,A,329,2,0000000001,0000002304,吳明鴻,31,先發,3,3,1,1,0,0,0,0,1,0,0,0,0,0,0,1,0,0,0,0,0,0,0,2,9
2025,A,329,2,0000000001,0000003649,吳念庭,39,先發,4,3,2,2,0,0,0,0,2,0,0,0,1,0,0,0,0,0,0,0,0,1,0,92,284
2025,A,329,2,0000000001,0000005340,王博玄,6,先發,4,4,0,0,0,0,0,0,0,0,0,0,0,0,0,0,0,0,0,0,1,0,0,111,383
2025,A,329,2,0000000001,0000006927,曾子祐,1,先發,4,3,1,1,0,0,0,0,1,0,0,1,1,0,0,0,0,0,0,0,0,1,0,111,398
2025,A,329,2,0000000001,0000006928,林家鋐,16,先發,3,3,1,1,0,0,0,0,1,0,0,0,0,0,0,0,0,0,0,0,0,0,0,65,237
2025,A,329,2,0000000001,0000006936,高聖恩,50,先發,3,3,0,0,0,0,0,0,0,0,0,0,0,0,0,2,0,0,0,0,0,0,0,14,75
2025,A,329,2,0000000001,0000006939,顏郁軒,5,先發,3,2,0,0,0,0,0,0,0,0,0,0,1,0,0,2,0,0,0,0,0,0,0,26,103
2025,A,329,2,0000000001,0000007064,陳世嘉,78,非先發,0,0,0,0,0,0,0,0,0,0,0,0,0,0,0,0,0,0,0,0,0,0,0,1,13
2025,A,330,1,0000000001,0000000743,陳子豪,1,先發,4,3,1,1,0,0,0,0,1,0,0,1,1,0,0,0,0,0,0,0,0,0,0,79,332
2025,A,330,1,0000000001,0000001318,朱育賢,11,先發,4,3,1,0,0,0,1,0,4,2,0,1,1,0,0,0,0,0,0,0,0,0,0,94,314
2025,A,330,1,0000000001,0000003343,郭嚴文,6,非先發,1,1,0,0,0,0,0,0,0,0,0,0,0,0,0,1,0,0,0,0,0,0,0,26,117
2025,A,330,1,0000000001,0000003625,吉力吉撈．鞏冠,4,先發,5,5,1,0,0,0,1,0,4,1,0,1,0,0,0,0,0,0,0,0,0,0,0,110,401
2025,A,330,1,0000000001,0000005532,全浩瑋,22,先發,4,4,0,0,0,0,0,0,0,0,0,0,0,0,0,0,0,0,0,0,0,0,0,3,15
2025,A,330,1,0000000001,0000005540,李凱威,21,先發,5,5,2,2,0,0,0,0,2,0,0,1,0,0,0,0,0,1,0,0,0,0,0,115,390
2025,A,330,1,0000000001,0000005542,張政禹,25,先發,4,4,1,1,0,0,0,0,1,1,0,0,0,0,0,1,0,0,0,0,0,0,0,78,296
2025,A,330,1,0000000001,0000005545,劉基鴻,46,先發,4,4,2,2,0,0,0,0,2,1,1,0,0,0,0,0,0,0,0,0,0,0,0,101,387
2025,A,330,1,0000000001,0000005549,郭天信,2,先發,5,5,1,1,0,0,0,0,1,0,0,0,0,0,0,0,0,0,0,0,0,0,0,105,389
2025,A,330,1,0000000001,0000006216,王順和,24,非先發,1,1,0,0,0,0,0,0,0,0,0,1,0,0,0,0,0,0,0,0,0,0,0,39,140
2025,A,330,1,0000000001,0000007079,劉俊緯,23,非先發,0,0,0,0,0,0,0,0,0,0,0,0,0,0,0,0,0,0,0,0,0,0,0,36,142
2025,A,330,1,0000000001,0000007304,曾聖安,50,先發,4,3,2,1,0,0,1,0,5,2,0,2,1,0,0,0,0,0,0,0,0,0,0,34,163
2025,A,330,2,0000000001,0000001339,林祖傑,39,先發,4,3,0,0,0,0,0,0,0,0,0,0,1,0,0,1,0,0,0,0,0,0,0,24,90
2025,A,330,2,0000000001,0000001474,蘇智傑,32,先發,4,3,0,0,0,0,0,0,0,0,0,1,1,0,0,1,0,0,0,0,0,0,0,48,185
2025,A,330,2,0000000001,0000001804,陳傑憲,24,非先發,1,1,0,0,0,0,0,0,0,0,0,0,0,0,0,0,0,0,0,0,0,0,0,80,277
2025,A,330,2,0000000001,0000002275,林安可,77,先發,4,4,0,0,0,0,0,0,0,0,0,0,0,0,0,1,0,0,0,0,1,0,0,90,280
2025,A,330,2,0000000001,0000002298,陳重羽,65,先發,3,1,0,0,0,0,0,0,0,1,0,0,1,0,0,0,0,0,0,1,0,0,0,37,178
2025,A,330,2,0000000001,0000005531,邱智呈,14,先發,4,4,1,1,0,0,0,0,1,0,0,0,0,0,0,1,0,0,0,0,0,0,0,77,304
2025,A,330,2,0000000001,0000006851,林培緯,25,先發,4,4,0,0,0,0,0,0,0,0,0,0,0,0,0,0,0,0,0,0,0,0,0,11,57
2025,A,330,2,0000000001,0000007070,林佳緯,20,先發,4,3,2,2,0,0,0,0,2,0,0,0,1,0,0,0,0,0,0,0,0,0,0,118,409
2025,A,330,2,0000000001,0000007071,林泓弦,67,先發,4,4,1,1,0,0,0,0,1,0,0,0,0,0,0,1,0,0,0,0,0,0,0,16,85
2025,A,330,2,0000000001,0000007268,陳聖平,15,先發,4,4,3,3,0,0,0,0,3,0,0,0,0,0,0,0,0,0,0,0,0,0,0,78,287
2025,A,331,1,0000000001,0000000743,陳子豪,1,先發,4,4,1,1,0,0,0,0,1,0,0,1,0,0,0,1,0,0,0,0,0,0,0,80,336
2025,A,331,1,0000000001,0000001318,朱育賢,11,非先發,1,1,0,0,0,0,0,0,0,0,0,0,0,0,0,1,0,0,0,0,0,0,0,94,315
2025,A,331,1,0000000001,0000003343,郭嚴文,6,非先發,1,0,0,0,0,0,0,0,0,1,0,0,0,0,0,0,0,0,0,1,0,0,0,26,117
2025,A,331,1,0000000001,0000003625,吉力吉撈．鞏冠,4,先發,4,4,2,0,1,0,1,0,6,1,0,2,0,0,0,0,0,0,0,0,0,1,0,112,405
2025,A,331,1,0000000001,0000005291,蔣少宏,63,非先發,1,1,1,0,1,0,0,0,2,0,0,0,0,0,0,0,0,0,0,0,0,0,0,53,251
2025,A,331,1,0000000001,0000005532,全浩瑋,22,先發,2,2,0,0,0,0,0,0,0,0,0,0,0,0,0,1,0,0,0,0,0,1,0,3,17
2025,A,331,1,0000000001,0000005540,李凱威,21,先發,4,4,0,0,0,0,0,0,0,0,0,0,0,0,0,0,0,0,0,0,0,0,0,115,394
2025,A,331,1,0000000001,0000005542,張政禹,25,先發,4,4,0,0,0,0,0,0,0,0,0,1,0,0,0,0,0,0,0,0,0,0,0,78,300
2025,A,331,1,0000000001,0000005545,劉基鴻,46,先發,4,3,1,1,0,0,0,0,1,1,0,0,1,0,0,0,0,0,0,0,0,0,0,102,390
2025,A,331,1,0000000001,0000005549,郭天信,2,先發,3,3,1,1,0,0,0,0,1,0,0,0,0,0,0,0,0,0,0,0,0,0,0,106,392
2025,A,331,1,0000000001,0000005553,張祐銘,34,非先發,1,1,1,1,0,0,0,0,1,0,0,0,0,0,0,0,0,0,0,0,0,0,0,4,24
2025,A,331,1,0000000001,0000006216,王順和,24,先發,3,3,1,1,0,0,0,0,1,0,0,0,0,0,0,0,0,0,0,0,0,1,0,40,143
2025,A,331,1,0000000001,0000007304,曾聖安,50,先發,4,4,1,0,1,0,0,0,2,0,0,0,0,0,0,1,0,0,0,0,0,2,0,35,167
2025,A,331,2,0000000001,0000000153,林承飛,6,先發,4,4,2,2,0,0,0,0,2,0,0,1,0,0,0,1,0,0,0,0,0,0,0,52,202
2025,A,331,2,0000000001,0000000159,成晉,35,先發,4,4,1,1,0,0,0,0,1,0,0,0,0,0,0,0,0,0,0,0,0,0,0,81,293
2025,A,331,2,0000000001,0000002282,張閔勛,28,先發,4,4,1,1,0,0,0,0,1,1,1,1,0,0,0,0,0,0,0,0,1,0,0,82,269
2025,A,331,2,0000000001,0000002286,林立,39,先發,5,5,0,0,0,0,0,0,0,0,0,0,0,0,0,0,0,0,0,0,0,0,0,88,256
2025,A,331,2,0000000001,0000003345,林智平,79,先發,4,4,1,1,0,0,0,0,1,1,0,0,0,0,0,1,0,0,0,0,0,0,0,96,321
2025,A,331,2,0000000001,0000003467,林泓育,11,先發,4,4,2,2,0,0,0,0,2,0,0,1,0,0,0,0,0,0,0,0,1,0,0,108,353
2025,A,331,2,0000000001,0000003563,余德龍,36,先發,4,3,1,0,1,0,0,0,2,1,0,1,0,0,1,0,0,0,0,0,0,0,0,55,199
2025,A,331,2,0000000001,0000004633,陳晨威,98,先發,4,3,2,2,0,0,0,0,2,0,0,1,1,0,0,0,0,1,0,0,0,0,0,111,374
2025,A,331,2,0000000001,0000006240,馬傑森,94,先發,3,2,2,2,0,0,0,0,2,2,0,2,0,0,1,0,0,0,0,0,0,0,0,24,144
2025,A,331,2,0000000001,0000007315,游承勳,67,非先發,1,1,0,0,0,0,0,0,0,0,0,0,0,0,0,0,0,0,0,0,0,0,0,1,9
2025,A,332,1,0000000001,0000001474,蘇智傑,32,非先發,1,1,0,0,0,0,0,0,0,0,0,0,0,0,0,0,0,0,0,0,0,0,0,48,186
2025,A,332,1,0000000001,0000001606,林岱安,31,先發,3,3,0,0,0,0,0,0,0,0,0,0,0,0,0,1,0,0,0,0,0,0,0,42,186
2025,A,332,1,0000000001,0000001804,陳傑憲,24,先發,4,3,0,0,0,0,0,0,0,0,0,0,0,0,0,0,0,0,1,0,0,0,0,80,280
2025,A,332,1,0000000001,0000002275,林安可,77,先發,4,2,0,0,0,0,0,0,0,0,0,1,2,0,0,0,1,0,0,0,0,0,0,90,282
2025,A,332,1,0000000001,0000002298,陳重羽,65,非先發,0,0,0,0,0,0,0,0,0,0,0,0,0,0,0,0,0,0,0,0,0,0,0,37,178
2025,A,332,1,0000000001,0000002707,潘傑楷,35,先發,4,4,1,1,0,0,0,0,1,1,0,0,0,0,0,0,1,0,0,0,0,0,0,85,315
2025,A,332,1,0000000001,0000003615,胡金龍,51,非先發,1,1,0,0,0,0,0,0,0,0,0,0,0,0,0,0,0,0,0,0,0,0,0,38,117
2025,A,332,1,0000000001,0000005306,許哲晏,10,先發,2,1,0,0,0,0,0,0,0,0,0,0,1,0,0,0,0,0,0,0,0,0,0,15,80
2025,A,332,1,0000000001,0000005531,邱智呈,14,先發,5,4,1,1,0,0,0,0,1,0,0,0,1,0,0,0,0,0,0,0,0,0,0,78,308
2025,A,332,1,0000000001,0000006223,林子豪,2,先發,4,4,2,2,0,0,0,0,2,0,0,0,0,0,0,1,0,0,0,0,0,0,0,56,233
2025,A,332,1,0000000001,0000007070,林佳緯,20,先發,4,2,0,0,0,0,0,0,0,0,0,1,2,0,0,1,1,0,0,0,0,0,0,118,411
2025,A,332,1,0000000001,0000007071,林泓弦,67,非先發,1,1,0,0,0,0,0,0,0,0,0,0,0,0,0,1,0,0,0,0,0,0,0,16,86
2025,A,332,1,0000000001,0000007268,陳聖平,15,先發,4,4,1,1,0,0,0,0,1,0,0,0,0,0,0,0,1,0,0,0,0,0,0,79,291
2025,A,332,2,0000000001,0000002352,范國宸,46,先發,4,4,3,1,0,1,1,0,8,4,1,1,0,0,0,0,0,0,0,0,0,0,1,85,306
2025,A,332,2,0000000001,0000004645,戴培峰,95,先發,4,4,0,0,0,0,0,0,0,0,0,0,0,0,0,0,0,0,0,0,0,0,0,64,268
2025,A,332,2,0000000001,0000006229,葉子霆,6,先發,3,3,0,0,0,0,0,0,0,0,0,0,0,0,0,0,0,0,0,0,0,1,0,8,41
2025,A,332,2,0000000001,0000006738,孔念恩,82,先發,4,4,1,1,0,0,0,0,1,1,0,0,0,0,0,1,0,1,0,0,0,0,0,56,228
2025,A,332,2,0000000001,0000006861,蔡佳諺,65,非先發,1,1,0,0,0,0,0,0,0,0,0,0,0,0,0,0,0,0,0,0,0,0,0,16,93
2025,A,332,2,0000000001,0000006868,周佳樂,77,先發,3,3,1,1,0,0,0,0,1,0,0,0,0,0,0,1,0,0,0,0,0,0,0,38,167
2025,A,332,2,0000000001,0000006872,林岳谷,62,先發,4,4,2,1,1,0,0,0,3,1,0,1,0,0,0,0,0,1,0,0,0,0,0,55,215
2025,A,332,2,0000000001,0000006888,張育成,99,先發,4,2,1,0,1,0,0,0,2,0,0,3,2,0,0,0,0,0,0,0,0,0,0,61,206
2025,A,332,2,0000000001,0000007089,王念好,5,先發,3,3,1,1,0,0,0,0,1,0,0,1,0,0,0,0,0,0,0,0,0,0,0,15,89
2025,A,332,2,0000000001,0000007091,高捷,4,先發,3,3,0,0,0,0,0,0,0,0,0,0,0,0,0,1,0,0,0,0,0,0,0,34,154
2025,A,333,1,0000000001,0000000929,王威晨,9,先發,4,3,1,1,0,0,0,0,1,1,0,0,1,0,0,0,0,0,0,0,0,0,0,86,296
2025,A,333,1,0000000001,0000001119,許基宏,74,先發,4,3,0,0,0,0,0,0,0,0,0,0,1,0,0,1,0,0,0,0,0,0,0,84,303
2025,A,333,1,0000000001,0000002297,詹子賢,39,先發,4,2,0,0,0,0,0,0,0,0,0,0,2,0,0,0,0,0,0,0,0,0,0,64,227
2025,A,333,1,0000000001,0000002307,王政順,61,先發,4,3,1,1,0,0,0,0,1,0,0,0,1,0,0,1,0,0,0,0,1,0,0,36,122
2025,A,333,1,0000000001,0000003609,陳俊秀,29,非先發,1,1,0,0,0,0,0,0,0,0,0,0,0,0,0,0,0,0,0,0,0,0,0,46,183
2025,A,333,1,0000000001,0000004636,江坤宇,90,先發,4,3,0,0,0,0,0,0,0,0,0,0,1,0,0,0,0,0,0,0,0,0,0,89,333
2025,A,333,1,0000000001,0000005298,黃韋盛,66,先發,4,4,1,0,1,0,0,0,2,0,0,1,0,0,0,1,0,0,0,0,0,0,0,74,263
2025,A,333,1,0000000001,0000005571,岳政華,92,先發,4,3,1,1,0,0,0,0,1,0,0,0,0,0,0,0,0,0,1,0,0,0,0,66,265
2025,A,333,1,0000000001,0000006225,宋晟睿,88,先發,5,5,0,0,0,0,0,0,0,0,0,0,0,0,0,0,0,0,0,0,0,0,0,95,364
2025,A,333,1,0000000001,0000006730,張仁瑋,28,非先發,0,0,0,0,0,0,0,0,0,0,0,0,0,0,0,0,0,0,0,0,0,0,0,30,114
2025,A,333,1,0000000001,0000006732,陳統恩,48,先發,3,3,1,1,0,0,0,0,1,0,0,0,0,0,0,0,0,0,0,0,0,0,0,8,40
2025,A,333,2,0000000001,0000000753,杜家明,71,非先發,1,1,0,0,0,0,0,0,0,0,0,1,0,0,0,0,0,0,0,0,0,0,0,36,143
2025,A,333,2,0000000001,0000000935,王柏融,9,先發,4,3,0,0,0,0,0,0,0,0,0,0,1,0,0,0,0,0,0,0,0,0,0,86,345
2025,A,333,2,0000000001,0000001291,郭阜林,59,非先發,1,1,1,1,0,0,0,0,1,1,1,0,0,0,0,0,0,0,0,0,0,0,0,59,214
2025,A,333,2,0000000001,0000002304,吳明鴻,31,非先發,0,0,0,0,0,0,0,0,0,0,0,0,0,0,0,0,0,0,0,0,0,0,0,2,9
2025,A,333,2,0000000001,0000003649,吳念庭,39,先發,4,4,1,0,1,0,0,0,2,1,0,0,0,0,0,0,0,0,0,0,0,0,0,93,288
2025,A,333,2,0000000001,0000005296,董秉軒,0,先發,2,2,0,0,0,0,0,0,0,0,0,0,0,0,0,0,0,0,0,0,0,0,0,3,14
2025,A,333,2,0000000001,0000005340,王博玄,6,先發,4,4,2,1,1,0,0,0,3,2,0,1,0,0,0,0,0,0,0,0,0,0,0,113,387
2025,A,333,2,0000000001,0000006927,曾子祐,1,先發,4,4,1,1,0,0,0,0,1,1,0,1,0,0,0,0,0,0,0,0,0,0,0,112,402
2025,A,333,2,0000000001,0000006928,林家鋐,16,先發,4,4,1,1,0,0,0,0,1,0,0,1,0,0,0,0,0,0,0,0,0,0,0,66,241
2025,A,333,2,0000000001,0000006929,紀慶然,24,先發,4,3,2,2,0,0,0,0,2,0,0,0,0,0,0,0,1,1,1,0,0,0,0,53,209
2025,A,333,2,0000000001,0000006939,顏郁軒,5,先發,4,4,1,1,0,0,0,0,1,0,0,1,0,0,0,1,0,0,0,0,0,0,0,27,107
2025,A,333,2,0000000001,0000007064,陳世嘉,78,先發,2,2,1,1,0,0,0,0,1,0,0,0,0,0,0,0,0,0,0,0,0,0,0,2,15
2025,A,334,1,0000000001,0000000753,杜家明,71,非先發,2,1,1,0,1,0,0,0,2,0,0,1,1,0,0,0,0,0,0,0,0,0,0,37,144
2025,A,334,1,0000000001,0000000935,王柏融,9,先發,5,5,0,0,0,0,0,0,0,0,0,0,0,0,0,0,0,0,0,0,0,0,0,86,350
2025,A,334,1,0000000001,0000003174,郭永維,7,非先發,1,1,0,0,0,0,0,0,0,0,0,0,0,0,0,0,0,0,0,0,0,0,0,9,34
2025,A,334,1,0000000001,0000003533,藍寅倫,88,先發,3,3,0,0,0,0,0,0,0,0,0,0,0,0,0,1,0,0,0,0,0,0,0,21,102
2025,A,334,1,0000000001,0000003649,吳念庭,39,先發,5,5,3,2,0,0,1,0,6,5,1,1,0,0,0,1,0,0,0,0,0,0,1,96,293
2025,A,334,1,0000000001,0000005340,王博玄,6,先發,5,5,1,1,0,0,0,0,1,0,0,1,0,0,0,2,0,0,0,0,0,0,0,114,392
2025,A,334,1,0000000001,0000006211,張肇元,29,先發,5,4,1,0,1,0,0,0,2,0,0,2,0,0,1,1,0,0,0,0,0,0,0,83,326
2025,A,334,1,0000000001,0000006927,曾子祐,1,先發,5,5,4,3,1,0,0,0,5,3,0,2,0,0,0,0,0,0,0,0,0,0,0,116,407
2025,A,334,1,0000000001,0000006928,林家鋐,16,先發,5,4,3,3,0,0,0,0,3,1,0,2,1,0,0,1,0,0,0,0,0,0,0,69,245
2025,A,334,1,0000000001,0000006929,紀慶然,24,先發,5,4,1,1,0,0,0,0,1,1,0,1,0,0,0,1,0,0,0,1,0,0,0,54,213
2025,A,334,1,0000000001,0000006939,顏郁軒,5,先發,5,5,3,2,1,0,0,0,4,1,0,1,0,0,0,1,0,0,0,0,0,0,0,30,112
2025,A,334,2,0000000001,0000000743,陳子豪,1,先發,3,3,0,0,0,0,0,0,0,0,0,0,0,0,0,1,0,0,0,0,0,0,0,80,339
2025,A,334,2,0000000001,0000001318,朱育賢,11,先發,5,4,1,0,0,0,1,0,4,2,0,1,1,0,0,1,0,0,0,0,0,0,0,95,319
2025,A,334,2,0000000001,0000003343,郭嚴文,6,非先發,2,2,1,1,0,0,0,0,1,0,0,0,0,0,0,0,0,0,0,0,0,0,0,27,119
2025,A,334,2,0000000001,0000003625,吉力吉撈．鞏冠,4,先發,5,5,0,0,0,0,0,0,0,0,0,0,0,0,0,2,0,0,0,0,0,0,0,112,410
2025,A,334,2,0000000001,0000005291,蔣少宏,63,先發,2,2,0,0,0,0,0,0,0,0,0,0,0,0,0,1,0,0,0,0,0,0,0,53,253
2025,A,334,2,0000000001,0000005532,全浩瑋,22,非先發,1,1,0,0,0,0,0,0,0,0,0,0,0,0,0,0,0,0,0,0,0,0,0,3,18
2025,A,334,2,0000000001,0000005540,李凱威,21,先發,5,4,3,3,0,0,0,0,3,0,0,1,0,0,1,0,0,0,0,0,0,0,0,118,398
2025,A,334,2,0000000001,0000005542,張政禹,25,先發,4,4,3,3,0,0,0,0,3,0,0,0,0,0,0,0,0,0,0,0,0,0,0,81,304
2025,A,334,2,0000000001,0000005545,劉基鴻,46,先發,3,3,0,0,0,0,0,0,0,0,0,0,0,0,0,0,0,0,0,0,0,0,0,102,393
2025,A,334,2,0000000001,0000005549,郭天信,2,先發,5,5,1,1,0,0,0,0,1,1,0,0,0,0,0,0,0,0,0,0,0,0,0,107,397
2025,A,334,2,0000000001,0000005553,張祐銘,34,非先發,2,2,1,1,0,0,0,0,1,0,0,0,0,0,0,0,0,0,0,0,0,0,0,5,26
2025,A,334,2,0000000001,0000007304,曾聖安,50,先發,4,2,0,0,0,0,0,0,0,0,0,1,1,0,1,0,0,0,0,0,0,0,0,35,169
2025,A,335,1,0000000001,0000002352,范國宸,46,先發,4,3,0,0,0,0,0,0,0,0,0,0,1,0,0,1,0,1,0,0,1,0,0,86,312
2025,A,335,1,0000000001,0000005310,陳真,7,先發,4,4,0,0,0,0,0,0,0,0,0,0,0,0,0,1,0,0,0,0,0,0,0,45,197
2025,A,335,1,0000000001,0000005510,林澤彬,2,非先發,1,1,0,0,0,0,0,0,0,0,0,0,0,0,0,0,0,0,0,0,0,0,0,79,259
2025,A,335,1,0000000001,0000006229,葉子霆,6,先發,4,3,1,1,0,0,0,0,1,0,0,1,1,0,0,0,1,0,0,0,0,0,0,9,44
2025,A,335,1,0000000001,0000006737,董子恩,78,先發,3,2,1,1,0,0,0,0,1,1,0,0,1,0,0,0,0,0,0,0,0,0,0,56,205
2025,A,335,1,0000000001,0000006738,孔念恩,82,先發,3,3,0,0,0,0,0,0,0,0,0,0,0,0,0,0,0,0,0,0,0,0,0,56,234
2025,A,335,1,0000000001,0000006861,蔡佳諺,65,先發,2,2,0,0,0,0,0,0,0,0,0,0,0,0,0,2,0,0,0,0,0,0,0,17,98
2025,A,335,1,0000000001,0000006868,周佳樂,77,非先發,1,1,0,0,0,0,0,0,0,0,0,0,0,0,0,1,0,0,0,0,0,0,0,38,168
2025,A,335,1,0000000001,0000006872,林岳谷,62,先發,4,4,2,2,0,0,0,0,2,0,0,1,0,0,0,1,1,0,0,0,0,0,0,57,223
2025,A,335,1,0000000001,0000006888,張育成,99,先發,4,4,2,2,0,0,0,0,2,1,0,0,0,0,0,0,0,0,0,0,0,1,0,63,213
2025,A,335,1,0000000001,0000006909,豊暐,43,先發,3,3,0,0,0,0,0,0,0,0,0,0,0,0,0,1,0,0,0,0,0,0,0,23,119
2025,A,335,1,0000000001,0000007089,王念好,5,非先發,1,1,0,0,0,0,0,0,0,0,0,0,0,0,0,0,0,0,0,0,0,0,0,15,93
2025,A,335,2,0000000001,0000000153,林承飛,6,先發,5,5,0,0,0,0,0,0,0,0,0,0,0,0,0,2,0,0,0,0,0,0,0,52,207
2025,A,335,2,0000000001,0000000158,廖健富,58,非先發,1,0,0,0,0,0,0,0,0,0,0,0,0,0,1,0,0,0,0,0,0,0,0,11,61
2025,A,335,2,0000000001,0000002282,張閔勛,28,先發,4,4,1,1,0,0,0,0,1,0,0,0,0,0,0,0,0,0,0,0,0,0,0,83,273
2025,A,335,2,0000000001,0000002286,林立,39,先發,5,5,1,0,1,0,0,0,2,1,1,0,0,0,0,1,0,0,0,0,0,0,0,89,261
2025,A,335,2,0000000001,0000003345,林智平,79,先發,5,4,0,0,0,0,0,0,0,0,0,1,1,0,0,0,0,0,0,0,0,0,0,96,325
2025,A,335,2,0000000001,0000003467,林泓育,11,先發,4,4,2,1,1,0,0,0,3,0,0,0,0,0,0,0,0,0,0,0,1,0,0,110,357
2025,A,335,2,0000000001,0000003563,余德龍,36,非先發,0,0,0,0,0,0,0,0,0,0,0,0,0,0,0,0,0,0,0,0,0,0,0,55,199
2025,A,335,2,0000000001,0000004633,陳晨威,98,先發,5,4,3,3,0,0,0,0,3,2,0,0,0,0,0,0,1,0,0,1,0,0,0,114,378
2025,A,335,2,0000000001,0000006235,林政華,65,先發,4,2,1,1,0,0,0,0,1,0,0,2,2,0,0,0,1,0,0,0,0,0,0,74,272
2025,A,335,2,0000000001,0000006240,馬傑森,94,先發,4,3,2,1,1,0,0,0,3,1,0,1,0,0,0,0,0,0,1,0,0,0,0,26,147
2025,A,335,2,0000000001,0000007076,李勛傑,95,先發,4,3,2,1,0,1,0,0,4,1,0,1,1,0,0,1,0,0,0,0,0,0,0,36,147
2025,A,336,1,0000000001,0000001474,蘇智傑,32,非先發,1,0,0,0,0,0,0,0,0,0,0,0,1,0,0,0,0,0,0,0,0,0,0,48,189
2025,A,336,1,0000000001,0000001804,陳傑憲,24,先發,4,4,0,0,0,0,0,0,0,0,0,0,0,0,0,0,0,0,0,0,0,0,0,80,284
2025,A,336,1,0000000001,0000002275,林安可,77,先發,4,3,0,0,0,0,0,0,0,0,0,1,1,0,0,1,0,0,0,0,0,0,0,93,290
2025,A,336,1,0000000001,0000002298,陳重羽,65,先發,3,3,0,0,0,0,0,0,0,0,0,0,0,0,0,2,0,0,0,0,0,0,0,37,181
2025,A,336,1,0000000001,0000002661,陳鏞基,13,先發,4,3,1,1,0,0,0,0,1,0,0,0,1,0,0,1,0,0,0,0,0,1,0,47,161
2025,A,336,1,0000000001,0000002707,潘傑楷,35,先發,4,4,1,1,0,0,0,0,1,1,0,0,0,0,0,0,0,0,0,0,0,0,0,87,323
2025,A,336,1,0000000001,0000005306,許哲晏,10,先發,2,2,0,0,0,0,0,0,0,0,0,0,0,0,0,1,0,0,0,0,0,0,0,16,85
2025,A,336,1,0000000001,0000005531,邱智呈,14,先發,4,4,1,1,0,0,0,0,1,0,0,0,0,0,0,0,0,0,0,0,0,0,0,81,316
2025,A,336,1,0000000001,0000007070,林佳緯,20,先發,4,4,1,1,0,0,0,0,1,0,0,0,0,0,0,0,0,1,0,0,1,0,0,122,420
2025,A,336,1,0000000001,0000007071,林泓弦,67,非先發,0,0,0,0,0,0,0,0,0,0,0,0,0,0,0,0,0,0,0,0,0,0,0,16,86
2025,A,336,1,0000000001,0000007268,陳聖平,15,先發,4,4,0,0,0,0,0,0,0,0,0,0,0,0,0,1,0,0,0,0,0,0,0,79,299
2025,A,336,2,0000000001,0000000929,王威晨,9,先發,4,4,0,0,0,0,0,0,0,0,0,0,0,0,0,1,0,0,0,0,1,0,0,86,300
2025,A,336,2,0000000001,0000001119,許基宏,74,先發,4,4,1,1,0,0,0,0,1,0,0,0,0,0,0,1,0,0,0,0,0,0,0,85,307
2025,A,336,2,0000000001,0000002285,高宇杰,65,先發,3,3,1,1,0,0,0,0,1,0,0,1,0,0,0,1,0,0,0,0,0,0,0,77,305
2025,A,336,2,0000000001,0000002291,岳東華,98,先發,3,3,1,0,1,0,0,0,2,1,0,1,0,0,0,1,0,0,0,0,0,2,0,75,315
2025,A,336,2,0000000001,0000002297,詹子賢,39,先發,3,2,2,1,1,0,0,0,3,1,1,1,1,0,0,0,0,0,0,0,0,0,1,66,229
2025,A,336,2,0000000001,0000003609,陳俊秀,29,非先發,1,0,0,0,0,0,0,0,0,1,0,0,0,0,0,0,0,0,0,1,0,0,0,46,183
2025,A,336,2,0000000001,0000004636,江坤宇,90,先發,4,4,1,1,0,0,0,0,1,0,0,1,0,0,0,1,0,0,0,0,0,0,0,90,337
2025,A,336,2,0000000001,0000005298,黃韋盛,66,先發,4,4,1,1,0,0,0,0,1,1,0,0,0,0,0,1,0,0,0,0,0,0,0,75,267
2025,A,336,2,0000000001,0000005571,岳政華,92,先發,4,4,1,1,0,0,0,0,1,0,0,1,0,0,0,0,0,0,0,0,0,0,0,67,269
2025,A,336,2,0000000001,0000006225,宋晟睿,88,先發,3,3,0,0,0,0,0,0,0,0,0,0,0,0,0,1,0,0,0,0,0,0,0,95,367
2025,A,336,2,0000000001,0000007278,許庭綸,13,非先發,0,0,0,0,0,0,0,0,0,0,0,0,0,0,0,0,0,0,0,0,0,0,0,14,66
2025,A,337,1,0000000001,0000006939,顏郁軒,5,先發,4,3,1,0,0,0,1,0,4,3,0,1,1,0,0,0,0,0,0,0,0,0,0,31,115
2025,A,337,2,0000000001,0000000743,陳子豪,1,先發,4,3,1,1,0,0,0,0,1,0,0,0,1,0,0,1,0,0,0,0,1,0,0,81,342
2025,A,337,2,0000000001,0000001318,朱育賢,11,先發,5,4,1,0,0,0,1,0,4,1,0,1,1,0,0,2,0,0,0,0,0,0,0,96,323
2025,A,337,2,0000000001,0000003625,吉力吉撈．鞏冠,4,先發,4,2,1,1,0,0,0,0,1,0,0,1,1,0,1,0,1,0,0,0,0,0,0,113,412
2025,A,337,2,0000000001,0000005540,李凱威,21,先發,5,3,1,1,0,0,0,0,1,1,0,1,2,0,0,0,2,1,0,0,0,0,0,119,401
2025,A,337,2,0000000001,0000005542,張政禹,25,先發,4,3,1,1,0,0,0,0,1,0,0,1,0,0,0,1,0,0,1,0,0,0,0,82,307
2025,A,337,2,0000000001,0000005545,劉基鴻,46,先發,4,2,0,0,0,0,0,0,0,0,0,0,1,0,0,0,0,0,1,0,0,0,0,102,395
2025,A,337,2,0000000001,0000005549,郭天信,2,先發,5,4,1,1,0,0,0,0,1,1,0,1,1,0,0,1,0,0,0,0,0,0,0,108,401
2025,A,337,2,0000000001,0000005553,張祐銘,34,非先發,2,1,0,0,0,0,0,0,0,0,0,0,0,0,0,0,0,0,1,0,0,0,0,5,27
2025,A,337,2,0000000001,0000006216,王順和,24,非先發,1,1,0,0,0,0,0,0,0,0,0,0,0,0,0,1,0,0,0,0,0,0,0,40,144
2025,A,337,2,0000000001,0000006217,林辰勳,9,先發,4,3,0,0,0,0,0,0,0,1,1,0,0,0,0,2,0,0,0,1,0,0,0,4,26
2025,A,337,2,0000000001,0000007304,曾聖安,50,先發,2,1,1,0,1,0,0,0,2,0,0,1,1,0,0,0,0,0,0,0,0,0,1,36,170
2025,A,337,1,0000000001,0000000753,杜家明,71,先發,3,3,0,0,0,0,0,0,0,0,0,0,0,0,0,1,0,0,0,0,1,0,0,37,147
2025,A,337,1,0000000001,0000000935,王柏融,9,先發,4,3,1,1,0,0,0,0,1,0,0,1,1,0,0,0,0,0,0,0,0,0,0,87,353
2025,A,337,1,0000000001,0000003533,藍寅倫,88,非先發,1,1,0,0,0,0,0,0,0,0,0,0,0,0,0,1,0,0,0,0,0,0,0,21,103
2025,A,337,1,0000000001,0000003649,吳念庭,39,先發,4,3,1,1,0,0,0,0,1,0,0,1,1,0,0,1,0,0,0,0,0,0,0,97,296
2025,A,337,1,0000000001,0000005340,王博玄,6,先發,4,4,2,2,0,0,0,0,2,0,0,0,0,0,0,1,1,0,0,0,0,1,0,116,396
2025,A,337,1,0000000001,0000006211,張肇元,29,先發,4,4,1,1,0,0,0,0,1,0,0,0,0,0,0,1,0,0,0,0,0,0,0,84,330
2025,A,337,1,0000000001,0000006927,曾子祐,1,先發,5,5,1,1,0,0,0,0,1,0,0,0,0,0,0,0,0,0,0,0,0,0,0,117,412
2025,A,337,1,0000000001,0000006928,林家鋐,16,先發,4,3,0,0,0,0,0,0,0,0,0,0,1,0,0,1,0,0,0,0,0,1,0,69,248
2025,A,337,1,0000000001,0000006929,紀慶然,24,先發,4,3,0,0,0,0,0,0,0,0,0,0,0,0,0,1,0,0,1,0,0,0,0,54,216
2025,A,338,2,0000000001,0000002286,林立,39,先發,4,3,2,1,1,0,0,0,3,3,0,2,0,0,0,0,0,0,0,1,0,0,0,91,264
2025,A,338,2,0000000001,0000003467,林泓育,11,先發,4,4,0,0,0,0,0,0,0,1,0,0,0,0,0,0,0,0,0,0,0,0,0,110,361
2025,A,338,2,0000000001,0000003563,余德龍,36,先發,4,4,0,0,0,0,0,0,0,0,0,0,0,0,0,0,0,0,0,0,0,0,0,55,203
2025,A,338,2,0000000001,0000004633,陳晨威,98,先發,4,4,3,1,2,0,0,0,5,1,0,0,0,0,0,0,0,0,0,0,0,0,0,117,382
2025,A,338,2,0000000001,0000006235,林政華,65,先發,4,2,0,0,0,0,0,0,0,0,0,0,0,0,1,0,0,0,1,0,0,0,0,74,274
2025,A,338,2,0000000001,0000006240,馬傑森,94,先發,4,4,1,0,1,0,0,0,2,0,0,1,0,0,0,0,0,0,0,0,0,0,0,27,151
2025,A,338,2,0000000001,0000006854,宋嘉翔,2,先發,4,4,2,2,0,0,0,0,2,1,1,1,0,0,0,0,0,0,0,0,0,0,0,32,113
2025,A,338,2,0000000001,0000007076,李勛傑,95,先發,4,3,0,0,0,0,0,0,0,0,0,1,1,0,0,0,0,0,0,0,0,0,0,36,150
2025,A,338,1,0000000001,0000002352,范國宸,46,先發,3,3,0,0,0,0,0,0,0,0,0,0,0,0,0,1,0,0,0,0,0,0,0,86,315
2025,A,338,1,0000000001,0000003339,林哲瑄,1,非先發,2,2,0,0,0,0,0,0,0,0,0,0,0,0,0,0,0,0,0,0,0,0,0,2,14
2025,A,338,1,0000000001,0000004645,戴培峰,95,先發,3,3,0,0,0,0,0,0,0,0,0,0,0,0,0,0,0,0,0,0,0,0,0,65,274
2025,A,338,1,0000000001,0000005310,陳真,7,先發,3,3,0,0,0,0,0,0,0,0,0,0,0,0,0,0,0,0,0,0,0,0,0,45,200
2025,A,338,1,0000000001,0000005510,林澤彬,2,先發,3,3,0,0,0,0,0,0,0,0,0,0,0,0,0,1,0,0,0,0,0,0,0,79,262
2025,A,338,1,0000000001,0000006229,葉子霆,6,先發,4,4,0,0,0,0,0,0,0,0,0,0,0,0,0,2,0,0,0,0,0,1,0,9,48
2025,A,338,1,0000000001,0000006737,董子恩,78,先發,3,3,0,0,0,0,0,0,0,0,0,0,0,0,0,0,0,0,0,0,0,0,0,56,208
2025,A,338,1,0000000001,0000006738,孔念恩,82,先發,3,3,1,0,0,0,1,0,4,1,0,1,0,0,0,1,0,0,0,0,0,0,0,57,237
2025,A,338,1,0000000001,0000006868,周佳樂,77,先發,1,1,0,0,0,0,0,0,0,0,0,0,0,0,0,1,0,0,0,0,0,0,0,38,169
2025,A,338,1,0000000001,0000006872,林岳谷,62,非先發,1,1,1,1,0,0,0,0,1,0,0,0,0,0,0,0,0,0,0,0,0,0,0,58,224
2025,A,338,1,0000000001,0000006888,張育成,99,先發,4,4,1,0,0,0,1,0,4,1,0,1,0,0,0,0,0,0,0,0,0,0,0,64,217
2025,A,338,2,0000000001,0000000153,林承飛,6,先發,4,4,1,1,0,0,0,0,1,0,0,1,0,0,0,1,0,0,0,0,0,0,0,53,211
2025,A,338,2,0000000001,0000000159,成晉,35,非先發,0,0,0,0,0,0,0,0,0,0,0,0,0,0,0,0,0,0,0,0,0,0,0,81,293
2025,A,339,1,0000000001,0000001339,林祖傑,39,先發,3,3,0,0,0,0,0,0,0,0,0,0,0,0,0,2,0,0,0,0,0,0,0,24,93
2025,A,339,1,0000000001,0000001474,蘇智傑,32,先發,4,4,2,1,0,1,0,0,4,0,0,0,0,0,0,1,0,0,0,0,1,0,0,50,193
2025,A,339,1,0000000001,0000001606,林岱安,31,先發,3,3,0,0,0,0,0,0,0,0,0,0,0,0,0,1,0,0,0,0,0,0,0,42,193
2025,A,339,1,0000000001,0000001804,陳傑憲,24,非先發,0,0,0,0,0,0,0,0,0,0,0,0,0,0,0,0,0,0,0,0,0,0,0,80,284
2025,A,339,1,0000000001,0000002275,林安可,77,先發,4,3,0,0,0,0,0,0,0,0,0,0,1,0,0,0,0,0,0,0,0,0,0,93,293
2025,A,339,1,0000000001,0000002707,潘傑楷,35,先發,4,4,0,0,0,0,0,0,0,0,0,0,0,0,0,2,0,0,0,0,0,0,0,87,327
2025,A,339,1,0000000001,0000005531,邱智呈,14,先發,4,4,0,0,0,0,0,0,0,0,0,0,0,0,0,2,0,0,0,0,0,0,0,81,320
2025,A,339,1,0000000001,0000006223,林子豪,2,先發,3,2,0,0,0,0,0,0,0,0,0,0,0,0,1,0,0,0,0,0,0,0,0,56,235
2025,A,339,1,0000000001,0000007070,林佳緯,20,先發,4,4,1,1,0,0,0,0,1,0,0,0,0,0,0,2,0,0,0,0,0,0,0,123,424
2025,A,339,1,0000000001,0000007268,陳聖平,15,先發,3,3,1,1,0,0,0,0,1,0,0,0,0,0,0,1,0,0,0,0,0,1,0,80,302
2025,A,339,2,0000000001,0000001119,許基宏,74,先發,4,4,2,2,0,0,0,0,2,0,0,0,0,0,0,1,0,0,0,0,0,0,0,87,311
2025,A,339,2,0000000001,0000002285,高宇杰,65,先發,3,3,0,0,0,0,0,0,0,0,0,0,0,0,0,1,0,0,0,0,1,0,0,77,308
2025,A,339,2,0000000001,0000002291,岳東華,98,先發,3,3,0,0,0,0,0,0,0,0,0,0,0,0,0,2,0,0,0,0,0,0,0,75,318
2025,A,339,2,0000000001,0000002297,詹子賢,39,先發,4,4,0,0,0,0,0,0,0,0,0,0,0,0,0,1,0,0,0,0,0,0,0,66,233
2025,A,339,2,0000000001,0000003609,陳俊秀,29,先發,4,3,0,0,0,0,0,0,0,0,0,0,1,0,0,2,0,0,0,0,0,0,0,46,186
2025,A,339,2,0000000001,0000004636,江坤宇,90,先發,3,2,0,0,0,0,0,0,0,0,0,0,0,0,1,1,0,0,0,0,0,1,0,90,339
2025,A,339,2,0000000001,0000005298,黃韋盛,66,先發,4,3,1,1,0,0,0,0,1,0,0,0,1,0,0,0,0,1,0,0,0,0,0,76,270
2025,A,339,2,0000000001,0000006225,宋晟睿,88,先發,4,3,1,1,0,0,0,0,1,0,0,1,1,0,0,0,1,1,0,0,0,0,0,96,370
2025,A,339,2,0000000001,0000006730,張仁瑋,28,非先發,0,0,0,0,0,0,0,0,0,0,0,0,0,0,0,0,0,0,0,0,0,0,0,30,114
2025,A,339,2,0000000001,0000007278,許庭綸,13,先發,3,3,0,0,0,0,0,0,0,0,0,0,0,0,0,2,0,0,0,0,0,0,0,14,69
2025,A,340,1,0000000001,0000000153,林承飛,6,先發,4,4,0,0,0,0,0,0,0,1,0,0,0,0,0,0,0,0,0,0,0,0,0,53,215
2025,A,340,1,0000000001,0000000158,廖健富,58,非先發,1,1,0,0,0,0,0,0,0,0,0,0,0,0,0,0,0,0,0,0,0,0,0,11,62
2025,A,340,1,0000000001,0000000159,成晉,35,非先發,0,0,0,0,0,0,0,0,0,0,0,0,0,0,0,0,0,0,0,0,0,0,0,81,293
2025,A,340,1,0000000001,0000002282,張閔勛,28,先發,4,4,0,0,0,0,0,0,0,0,0,0,0,0,0,0,0,0,0,0,0,0,0,83,277
2025,A,340,1,0000000001,0000002286,林立,39,先發,4,3,0,0,0,0,0,0,0,0,0,0,1,0,0,0,0,0,0,0,0,1,0,91,267
2025,A,340,1,0000000001,0000003345,林智平,79,先發,4,4,2,1,1,0,0,0,3,0,0,1,0,0,0,0,0,0,0,0,0,0,0,98,329
2025,A,340,1,0000000001,0000003563,余德龍,36,先發,3,3,1,1,0,0,0,0,1,0,0,0,0,0,0,1,0,0,0,0,0,0,0,56,206
2025,A,340,1,0000000001,0000004633,陳晨威,98,先發,4,4,1,1,0,0,0,0,1,0,0,0,0,0,0,0,0,0,0,0,0,0,0,118,386
2025,A,340,1,0000000001,0000006235,林政華,65,先發,3,2,0,0,0,0,0,0,0,0,0,0,0,0,1,1,0,0,0,0,0,0,0,74,276
2025,A,340,1,0000000001,0000006240,馬傑森,94,先發,3,3,0,0,0,0,0,0,0,0,0,0,0,0,0,0,0,0,0,0,0,0,0,27,154
2025,A,340,1,0000000001,0000007076,李勛傑,95,先發,3,3,1,0,1,0,0,0,2,0,0,0,0,0,0,1,0,0,0,0,0,0,0,37,153
2025,A,340,2,0000000001,0000001804,陳傑憲,24,先發,4,3,1,1,0,0,0,0,1,0,0,1,1,0,0,0,0,1,0,0,0,0,0,81,287
2025,A,340,2,0000000001,0000002275,林安可,77,先發,4,2,1,1,0,0,0,0,1,0,0,0,2,0,0,1,0,0,0,0,0,0,0,94,295
2025,A,340,2,0000000001,0000002298,陳重羽,65,先發,4,3,0,0,0,0,0,0,0,0,0,0,0,0,0,0,0,0,1,0,0,0,0,37,184
2025,A,340,2,0000000001,0000002661,陳鏞基,13,先發,4,4,1,1,0,0,0,0,1,0,0,0,0,0,0,2,0,0,0,0,0,0,0,48,165
2025,A,340,2,0000000001,0000002707,潘傑楷,35,先發,4,4,2,2,0,0,0,0,2,0,0,0,0,0,0,2,0,0,0,0,0,0,0,89,331
2025,A,340,2,0000000001,0000003615,胡金龍,51,先發,4,3,1,1,0,0,0,0,1,1,0,0,0,0,0,2,0,0,0,1,0,0,0,39,121
2025,A,340,2,0000000001,0000007070,林佳緯,20,先發,4,4,1,1,0,0,0,0,1,1,1,0,0,0,0,1,0,0,0,0,0,0,0,124,428
2025,A,340,2,0000000001,0000007071,林泓弦,67,先發,4,4,1,1,0,0,0,0,1,0,0,0,0,0,0,1,0,0,0,0,0,0,0,17,90
2025,A,340,2,0000000001,0000007268,陳聖平,15,先發,4,4,2,2,0,0,0,0,2,0,0,1,0,0,0,0,0,0,0,0,0,0,0,82,306
2025,A,341,1,0000000001,0000000935,王柏融,9,先發,4,4,1,1,0,0,0,0,1,0,0,0,0,0,0,2,0,0,0,0,0,0,0,88,357
2025,A,341,1,0000000001,0000003174,郭永維,7,非先發,2,2,1,1,0,0,0,0,1,0,0,0,0,0,0,0,0,0,0,0,0,0,0,10,36
2025,A,341,1,0000000001,0000003649,吳念庭,39,先發,5,4,1,1,0,0,0,0,1,0,0,0,1,0,0,2,0,0,0,0,0,0,0,98,300
2025,A,341,1,0000000001,0000005340,王博玄,6,先發,5,4,0,0,0,0,0,0,0,0,0,0,1,0,0,0,0,0,0,0,0,0,0,116,400
2025,A,341,1,0000000001,0000006211,張肇元,29,先發,4,3,0,0,0,0,0,0,0,0,0,0,1,0,0,1,0,0,0,0,0,1,0,84,333
2025,A,341,1,0000000001,0000006927,曾子祐,1,先發,5,4,1,1,0,0,0,0,1,1,0,0,1,0,0,0,0,0,0,0,0,2,0,118,416
2025,A,341,1,0000000001,0000006928,林家鋐,16,先發,2,2,0,0,0,0,0,0,0,0,0,0,0,0,0,1,0,0,0,0,0,0,0,69,250
2025,A,341,1,0000000001,0000006929,紀慶然,24,先發,4,3,0,0,0,0,0,0,0,0,0,1,1,0,0,1,0,0,0,0,0,0,0,54,219
2025,A,341,1,0000000001,0000006939,顏郁軒,5,先發,4,4,2,2,0,0,0,0,2,0,0,0,0,0,0,2,0,0,0,0,0,0,0,33,119
2025,A,341,1,0000000001,0000007239,魔鷹,94,先發,4,4,1,1,0,0,0,0,1,0,0,0,0,0,0,1,0,0,0,0,0,0,0,91,294
2025,A,341,2,0000000001,0000002352,范國宸,46,先發,3,3,1,1,0,0,0,0,1,0,0,0,0,0,0,1,0,0,0,0,0,0,0,87,318
2025,A,341,2,0000000001,0000003339,林哲瑄,1,先發,4,4,0,0,0,0,0,0,0,0,0,0,0,0,0,0,0,0,0,0,0,0,0,2,18
2025,A,341,2,0000000001,0000004645,戴培峰,95,先發,4,4,0,0,0,0,0,0,0,0,0,0,0,0,0,0,0,0,0,0,0,0,0,65,278
2025,A,341,2,0000000001,0000005310,陳真,7,先發,3,2,1,0,1,0,0,0,2,0,0,0,1,0,0,0,0,0,0,0,0,0,0,46,202
2025,A,341,2,0000000001,0000006229,葉子霆,6,先發,3,2,1,1,0,0,0,0,1,0,0,1,1,0,0,0,1,1,0,0,0,0,0,10,50
2025,A,341,2,0000000001,0000006737,董子恩,78,先發,4,3,0,0,0,0,0,0,0,1,1,0,1,0,0,1,0,0,0,0,0,0,0,56,211
2025,A,341,2,0000000001,0000006738,孔念恩,82,先發,4,4,1,1,0,0,0,0,1,0,0,0,0,0,0,1,0,0,0,0,0,0,0,58,241
2025,A,341,2,0000000001,0000006861,蔡佳諺,65,非先發,1,1,1,0,0,1,0,0,3,0,0,0,0,0,0,0,0,0,0,0,0,0,0,18,99
2025,A,341,2,0000000001,0000006872,林岳谷,62,先發,4,4,0,0,0,0,0,0,0,1,0,0,0,0,0,0,0,0,0,0,0,0,0,58,228
2025,A,341,2,0000000001,0000006888,張育成,99,先發,4,4,1,1,0,0,0,0,1,0,0,1,0,0,0,0,2,0,0,0,0,0,0,65,221
2025,A,341,2,0000000001,0000007089,王念好,5,非先發,1,1,1,0,0,0,1,0,4,1,0,1,0,0,0,0,0,0,0,0,0,1,0,16,94
2025,A,342,1,0000000001,0000000356,石翔宇,72,先發,4,4,1,0,1,0,0,0,2,2,1,0,0,0,0,1,0,0,0,0,0,0,0,6,20
2025,A,342,1,0000000001,0000001318,朱育賢,11,先發,4,4,1,1,0,0,0,0,1,1,0,0,0,0,0,2,0,0,0,0,1,0,0,97,327
2025,A,342,1,0000000001,0000003625,吉力吉撈．鞏冠,4,先發,5,3,2,0,1,0,1,0,6,3,0,1,0,0,1,1,0,0,0,1,0,0,1,115,415
2025,A,342,1,0000000001,0000005536,瑪仕革斯．俄霸律尼,3,非先發,1,1,0,0,0,0,0,0,0,0,0,0,0,0,0,0,0,0,0,0,0,0,0,0,1
2025,A,342,1,0000000001,0000005540,李凱威,21,先發,6,5,2,1,1,0,0,0,3,1,0,1,1,0,0,1,0,1,0,0,0,0,0,121,406
2025,A,342,1,0000000001,0000005542,張政禹,25,先發,5,4,0,0,0,0,0,0,0,0,0,1,1,0,0,0,1,0,0,0,0,0,0,82,311
2025,A,342,1,0000000001,0000005549,郭天信,2,先發,5,4,2,1,1,0,0,0,3,1,0,1,1,0,0,0,0,0,0,0,0,0,0,110,405
2025,A,342,1,0000000001,0000005553,張祐銘,34,先發,4,0,0,0,0,0,0,0,0,0,0,1,4,0,0,0,0,0,0,0,0,0,0,5,27
2025,A,342,1,0000000001,0000006216,王順和,24,先發,5,4,0,0,0,0,0,0,0,0,0,0,0,0,1,2,0,0,0,0,0,0,0,40,148
2025,A,342,1,0000000001,0000006217,林辰勳,9,先發,5,5,3,3,0,0,0,0,3,0,0,1,0,0,0,0,0,0,0,0,0,0,0,7,31
2025,A,342,1,0000000001,0000006725,張祐嘉,81,非先發,1,1,0,0,0,0,0,0,0,0,0,1,0,0,0,0,0,0,0,0,0,0,0,0,1
2025,A,342,1,0000000001,0000006731,周委宏,88,非先發,1,1,1,1,0,0,0,0,1,0,0,1,0,0,0,0,1,0,0,0,0,0,0,1,1
2025,A,342,1,0000000001,0000007079,劉俊緯,23,非先發,0,0,0,0,0,0,0,0,0,0,0,0,0,0,0,0,0,0,0,0,0,0,0,36,142
2025,A,342,2,0000000001,0000000929,王威晨,9,先發,4,4,2,2,0,0,0,0,2,0,0,0,0,0,0,2,0,0,0,0,0,0,0,88,304
2025,A,342,2,0000000001,0000002285,高宇杰,65,先發,3,3,0,0,0,0,0,0,0,0,0,0,0,0,0,1,0,0,0,0,0,0,0,77,311
2025,A,342,2,0000000001,0000002291,岳東華,98,先發,4,4,1,1,0,0,0,0,1,0,0,0,0,0,0,0,0,0,0,0,0,0,0,76,322
2025,A,342,2,0000000001,0000002297,詹子賢,39,先發,4,3,0,0,0,0,0,0,0,0,0,0,0,0,1,0,0,0,0,0,0,0,0,66,236
2025,A,342,2,0000000001,0000002307,王政順,61,非先發,1,1,0,0,0,0,0,0,0,0,0,0,0,0,0,0,0,0,0,0,0,0,0,36,123
2025,A,342,2,0000000001,0000003609,陳俊秀,29,先發,4,4,0,0,0,0,0,0,0,0,0,0,0,0,0,2,0,0,0,0,0,0,0,46,190
2025,A,342,2,0000000001,0000004636,江坤宇,90,先發,4,3,1,1,0,0,0,0,1,0,0,0,0,0,1,1,0,0,0,0,0,0,0,91,342
2025,A,342,2,0000000001,0000005298,黃韋盛,66,先發,4,4,1,1,0,0,0,0,1,0,0,0,0,0,0,0,0,0,0,0,0,0,0,77,274
2025,A,342,2,0000000001,0000005571,岳政華,92,先發,4,2,0,0,0,0,0,0,0,0,0,0,1,0,1,1,0,0,0,0,0,0,0,67,271
2025,A,342,2,0000000001,0000006225,宋晟睿,88,先發,4,4,1,0,0,0,1,0,4,1,0,1,0,0,0,1,0,0,0,0,0,0,0,97,374
2025,A,342,2,0000000001,0000007088,徐博瑋,97,非先發,0,0,0,0,0,0,0,0,0,0,0,0,0,0,0,0,0,0,0,0,0,0,0,0,0
2025,A,343,1,0000000002,0000000153,林承飛,6,先發,3,3,2,1,1,0,0,0,3,0,0,0,0,0,0,1,0,0,0,0,0,0,0,56,234
2025,A,343,1,0000000002,0000000159,成晉,35,先發,3,3,1,0,0,0,1,0,4,1,0,1,0,0,0,0,0,0,0,0,0,0,0,91,335
2025,A,343,1,0000000002,0000001618,林子偉,15,先發,3,3,1,0,1,0,0,0,2,0,0,0,0,0,0,0,0,0,0,0,0,0,0,78,324
2025,A,343,1,0000000002,0000004633,陳晨威,98,先發,6,6,2,2,0,0,0,0,2,0,0,0,0,0,0,0,0,1,0,0,0,0,0,133,433
2025,A,343,1,0000000002,0000006235,林政華,65,非先發,2,2,0,0,0,0,0,0,0,0,0,0,0,0,0,0,0,0,0,0,0,0,0,82,305
2025,A,343,1,0000000002,0000006240,馬傑森,94,先發,5,4,3,3,0,0,0,0,3,1,1,0,0,0,0,0,0,0,0,1,0,0,0,32,174
2025,A,343,1,0000000002,0000006718,毛英傑,89,非先發,2,2,0,0,0,0,0,0,0,0,0,1,0,0,0,1,0,0,0,0,1,0,0,0,6
2025,A,343,1,0000000002,0000006854,宋嘉翔,2,先發,3,3,1,1,0,0,0,0,1,0,0,0,0,0,0,1,0,0,0,0,0,0,0,37,128
2025,A,343,1,0000000002,0000006858,陳佳樂,8,先發,5,5,1,1,0,0,0,0,1,0,0,0,0,0,0,0,0,0,0,0,0,0,0,4,28
2025,A,343,1,0000000002,0000007076,李勛傑,95,先發,5,4,2,2,0,0,0,0,2,2,0,0,0,0,1,2,0,0,0,0,0,0,0,40,169
2025,A,343,1,0000000002,0000007288,何品室融,66,先發,6,5,1,1,0,0,0,0,1,0,0,1,1,0,0,0,1,0,0,0,0,0,0,1,9
2025,A,343,1,0000000002,0000007313,曾冠傑,55,非先發,2,0,0,0,0,0,0,0,0,0,0,1,0,0,2,0,1,0,0,0,0,0,0,6,40
2025,A,343,1,0000000002,0000007589,許賀捷,85,非先發,2,2,0,0,0,0,0,0,0,0,0,1,0,0,0,0,0,0,0,0,0,0,0,1,18
2025,A,343,2,0000000002,0000001339,林祖傑,39,先發,2,2,0,0,0,0,0,0,0,0,0,0,0,0,0,1,0,0,0,0,0,0,0,25,102
2025,A,343,2,0000000002,0000001474,蘇智傑,32,非先發,2,2,0,0,0,0,0,0,0,0,0,0,0,0,0,1,0,0,0,0,0,0,0,54,214
2025,A,343,2,0000000002,0000001804,陳傑憲,24,先發,2,2,0,0,0,0,0,0,0,0,0,0,0,0,0,0,0,0,0,0,0,0,0,85,307
2025,A,343,2,0000000002,0000002275,林安可,77,先發,3,2,1,1,0,0,0,0,1,0,0,0,0,0,1,1,0,0,0,0,0,0,0,105,330
2025,A,343,2,0000000002,0000002289,陳重廷,66,非先發,2,1,0,0,0,0,0,0,0,0,0,0,0,0,0,0,0,0,1,0,0,0,0,32,153
2025,A,343,2,0000000002,0000002661,陳鏞基,13,先發,2,2,0,0,0,0,0,0,0,0,0,0,0,0,0,1,0,0,0,0,0,0,0,49,170
2025,A,343,2,0000000002,0000002707,潘傑楷,35,先發,2,2,0,0,0,0,0,0,0,0,0,0,0,0,0,0,0,0,0,0,0,0,0,94,354
2025,A,343,2,0000000002,0000003615,胡金龍,51,非先發,1,1,1,0,0,0,1,0,4,2,0,1,0,0,0,0,0,0,0,0,0,0,0,42,130
2025,A,343,2,0000000002,0000003645,柯育民,36,先發,4,4,0,0,0,0,0,0,0,0,0,0,0,0,0,0,0,0,0,0,0,0,0,0,10
2025,A,343,2,0000000002,0000005306,許哲晏,10,非先發,3,3,1,1,0,0,0,0,1,0,0,0,0,0,0,0,0,0,0,0,0,0,0,24,107
2025,A,343,2,0000000002,0000005522,朱迦恩,8,非先發,3,3,1,1,0,0,0,0,1,0,0,1,0,0,0,0,0,0,0,0,0,1,0,14,80
2025,A,343,2,0000000002,0000005531,邱智呈,14,非先發,2,2,1,0,1,0,0,0,2,0,0,1,0,0,0,0,0,0,0,0,0,0,0,89,345
2025,A,343,2,0000000002,0000006213,何恆佑,7,先發,4,4,1,1,0,0,0,0,1,0,0,0,0,0,0,0,0,0,0,0,0,0,0,1,4
2025,A,343,2,0000000002,0000007009,陳維祥,63,先發,4,4,1,0,0,0,1,0,4,1,0,1,0,0,0,2,0,0,0,0,1,0,0,1,4
2025,A,343,2,0000000002,0000007071,林泓弦,67,先發,1,1,1,1,0,0,0,0,1,0,0,0,0,0,0,0,0,0,0,0,0,0,0,23,109
2025,A,343,2,0000000002,0000007268,陳聖平,15,非先發,3,3,2,2,0,0,0,0,2,1,0,0,0,0,0,0,0,0,0,0,0,1,0,90,327
2025,A,346,1,0000000001,0000000153,林承飛,6,先發,5,3,0,0,0,0,0,0,0,1,0,0,0,0,1,2,0,0,0,1,0,0,0,53,218
2025,A,346,1,0000000001,0000000158,廖健富,58,先發,4,4,2,2,0,0,0,0,2,1,0,0,0,0,0,0,0,0,0,0,0,0,0,13,66
2025,A,346,1,0000000001,0000000159,成晉,35,先發,5,5,2,2,0,0,0,0,2,0,0,1,0,0,0,0,0,0,0,0,1,0,0,83,298
2025,A,346,1,0000000001,0000002282,張閔勛,28,先發,4,3,0,0,0,0,0,0,0,1,0,0,0,0,0,0,0,0,0,1,0,0,0,83,280
2025,A,346,1,0000000001,0000002286,林立,39,先發,3,3,1,1,0,0,0,0,1,0,0,1,0,0,0,0,1,0,0,0,0,0,0,92,270
2025,A,346,1,0000000001,0000003345,林智平,79,先發,5,4,2,2,0,0,0,0,2,1,0,2,1,0,0,1,0,0,0,0,0,0,0,100,333
2025,A,346,1,0000000001,0000003563,余德龍,36,非先發,1,1,0,0,0,0,0,0,0,0,0,0,0,0,0,1,0,0,0,0,0,0,0,56,207
2025,A,346,1,0000000001,0000004633,陳晨威,98,先發,5,3,1,1,0,0,0,0,1,0,0,2,2,0,0,0,1,0,0,0,0,0,0,119,389
2025,A,346,1,0000000001,0000006235,林政華,65,非先發,2,2,0,0,0,0,0,0,0,0,0,1,0,0,0,0,0,0,0,0,0,0,0,74,278
2025,A,346,1,0000000001,0000006240,馬傑森,94,非先發,0,0,0,0,0,0,0,0,0,0,0,0,0,0,0,0,0,0,0,0,0,0,0,27,154
2025,A,346,1,0000000001,0000007076,李勛傑,95,先發,4,4,0,0,0,0,0,0,0,0,0,0,0,0,0,1,0,0,0,0,0,0,0,37,157
2025,A,346,1,0000000001,0000007589,許賀捷,85,先發,4,4,1,1,0,0,0,0,1,0,0,1,0,0,0,1,0,0,0,0,0,0,0,1,4
2025,A,346,2,0000000001,0000003625,吉力吉撈．鞏冠,4,先發,4,4,0,0,0,0,0,0,0,0,0,0,0,0,0,0,0,0,0,0,0,0,0,116,422
2025,A,346,2,0000000001,0000005536,瑪仕革斯．俄霸律尼,3,非先發,1,1,0,0,0,0,0,0,0,0,0,0,0,0,0,0,0,0,0,0,0,0,0,0,3
2025,A,346,2,0000000001,0000005540,李凱威,21,先發,4,3,1,1,0,0,0,0,1,1,0,0,0,0,0,0,0,0,0,1,0,1,0,126,414
2025,A,346,2,0000000001,0000005542,張政禹,25,先發,4,4,2,2,0,0,0,0,2,0,0,1,0,0,0,0,1,0,0,0,0,0,0,84,319
2025,A,346,2,0000000001,0000005545,劉基鴻,46,先發,4,4,0,0,0,0,0,0,0,0,0,0,0,0,0,0,0,0,0,0,1,2,0,102,399
2025,A,346,2,0000000001,0000005549,郭天信,2,先發,4,4,2,2,0,0,0,0,2,0,0,0,0,0,0,0,0,0,0,0,0,0,0,113,413
2025,A,346,2,0000000001,0000005553,張祐銘,34,非先發,1,1,1,1,0,0,0,0,1,0,0,0,0,0,0,0,0,0,0,0,0,0,0,7,31
2025,A,346,2,0000000001,0000006216,王順和,24,先發,4,4,2,1,0,0,1,0,5,1,0,1,0,0,0,0,0,0,0,0,1,0,0,43,154
2025,A,346,2,0000000001,0000006217,林辰勳,9,先發,3,3,1,1,0,0,0,0,1,0,0,1,0,0,0,1,0,0,0,0,0,0,0,9,38
2025,A,346,2,0000000001,0000006725,張祐嘉,81,先發,4,4,2,2,0,0,0,0,2,1,0,0,0,0,0,1,1,0,0,0,0,0,0,4,7
2025,A,346,2,0000000001,0000007079,劉俊緯,23,先發,4,4,1,1,0,0,0,0,1,0,0,0,0,0,0,0,0,0,0,0,0,0,0,37,149
2025,A,347,1,0000000002,0000005310,陳真,7,先發,4,4,0,0,0,0,0,0,0,0,0,0,0,0,0,1,0,0,0,0,0,0,0,53,230
2025,A,347,1,0000000002,0000005533,魏全,59,先發,4,4,1,1,0,0,0,0,1,0,0,0,0,0,0,3,0,0,0,0,0,0,0,2,14
2025,A,347,1,0000000002,0000006229,葉子霆,6,先發,4,4,1,1,0,0,0,0,1,0,0,0,0,0,0,0,0,1,0,0,0,0,0,19,77
2025,A,347,1,0000000002,0000006737,董子恩,78,先發,4,3,2,2,0,0,0,0,2,0,0,1,0,0,1,0,0,0,0,0,1,1,0,67,237
2025,A,347,1,0000000002,0000006806,池恩齊,97,先發,4,3,0,0,0,0,0,0,0,1,0,0,0,0,0,0,0,0,0,1,0,0,0,18,63
2025,A,347,1,0000000002,0000006810,潘瑋祥,0,先發,4,3,1,0,1,0,0,0,2,0,0,0,1,0,0,0,0,0,0,0,0,0,0,4,14
2025,A,347,1,0000000002,0000006861,蔡佳諺,65,先發,4,4,1,1,0,0,0,0,1,0,0,1,0,0,0,2,0,0,0,0,0,0,0,21,111
2025,A,347,1,0000000002,0000006868,周佳樂,77,非先發,0,0,0,0,0,0,0,0,0,0,0,0,0,0,0,0,0,0,0,0,0,0,0,44,188
2025,A,347,1,0000000002,0000006872,林岳谷,62,先發,4,4,2,2,0,0,0,0,2,1,1,0,0,0,0,0,1,0,0,0,0,0,0,64,250
2025,A,347,1,0000000002,0000007089,王念好,5,先發,4,4,1,1,0,0,0,0,1,0,0,0,0,0,0,1,0,0,0,0,0,0,0,23,121
2025,A,347,2,0000000002,0000001474,蘇智傑,32,先發,3,3,1,1,0,0,0,0,1,0,0,0,0,0,0,1,0,0,0,0,0,0,0,52,204
2025,A,347,2,0000000002,0000001606,林岱安,31,先發,2,2,0,0,0,0,0,0,0,0,0,0,0,0,0,0,0,0,0,0,0,0,0,43,204
2025,A,347,2,0000000002,0000001804,陳傑憲,24,先發,4,4,0,0,0,0,0,0,0,0,0,0,0,0,0,0,0,0,0,0,0,0,0,85,305
2025,A,347,2,0000000002,0000002275,林安可,77,先發,4,4,0,0,0,0,0,0,0,0,0,0,0,0,0,1,0,0,0,0,0,0,0,102,319
2025,A,347,2,0000000002,0000002289,陳重廷,66,非先發,0,0,0,0,0,0,0,0,0,0,0,0,0,0,0,0,0,0,0,0,0,0,0,32,150
2025,A,347,2,0000000002,0000002298,陳重羽,65,非先發,1,1,0,0,0,0,0,0,0,0,0,0,0,0,0,0,0,0,0,0,0,0,0,38,189
2025,A,347,2,0000000002,0000002707,潘傑楷,35,先發,3,3,0,0,0,0,0,0,0,0,0,0,0,0,0,0,0,0,0,0,0,0,0,93,348
2025,A,347,2,0000000002,0000003615,胡金龍,51,非先發,1,1,0,0,0,0,0,0,0,0,0,0,0,0,0,0,0,0,0,0,0,0,0,41,129
2025,A,347,2,0000000002,0000005306,許哲晏,10,非先發,1,1,1,1,0,0,0,0,1,0,0,0,0,0,0,0,0,0,0,0,0,0,0,22,100
2025,A,347,2,0000000002,0000005531,邱智呈,14,非先發,0,0,0,0,0,0,0,0,0,0,0,0,0,0,0,0,0,0,0,0,0,0,0,84,334
2025,A,347,2,0000000002,0000006223,林子豪,2,先發,4,4,0,0,0,0,0,0,0,0,0,0,0,0,0,1,0,0,0,0,0,0,0,60,249
2025,A,347,2,0000000002,0000007070,林佳緯,20,先發,4,4,1,1,0,0,0,0,1,0,0,0,0,0,0,0,0,1,0,0,0,0,0,126,453
2025,A,347,2,0000000002,0000007071,林泓弦,67,先發,2,2,1,1,0,0,0,0,1,0,0,0,0,0,0,0,0,0,0,0,0,0,0,20,102
2025,A,347,2,0000000002,0000007268,陳聖平,15,先發,3,3,2,1,1,0,0,0,3,0,0,0,0,0,0,0,0,0,0,0,0,0,0,88,320
2025,A,348,1,0000000002,0000000753,杜家明,71,非先發,1,1,0,0,0,0,0,0,0,0,0,0,0,0,0,0,0,0,0,0,0,0,0,37,149
2025,A,348,1,0000000002,0000003649,吳念庭,39,先發,4,3,1,1,0,0,0,0,1,0,0,0,1,0,0,0,0,0,0,0,0,0,0,109,332
2025,A,348,1,0000000002,0000005340,王博玄,6,先發,4,4,0,0,0,0,0,0,0,0,0,0,0,0,0,1,0,0,0,0,0,0,0,123,433
2025,A,348,1,0000000002,0000006926,陳致嘉,33,先發,3,3,2,2,0,0,0,0,2,0,0,0,0,0,0,0,0,0,0,0,0,0,0,7,49
2025,A,348,1,0000000002,0000006927,曾子祐,1,先發,4,4,0,0,0,0,0,0,0,0,0,0,0,0,0,0,0,0,0,0,2,0,0,125,454
2025,A,348,1,0000000002,0000006928,林家鋐,16,先發,4,3,0,0,0,0,0,0,0,0,0,0,1,0,0,0,0,0,0,0,0,0,0,70,260
2025,A,348,1,0000000002,0000006936,高聖恩,50,先發,3,3,0,0,0,0,0,0,0,0,0,0,0,0,0,0,0,0,0,0,0,0,0,14,78
2025,A,348,1,0000000002,0000006939,顏郁軒,5,先發,4,3,2,2,0,0,0,0,2,0,0,0,1,0,0,0,0,0,0,0,0,1,0,44,149
2025,A,348,1,0000000002,0000006940,葉保弟,73,非先發,1,1,1,0,1,0,0,0,2,0,0,0,0,0,0,0,0,0,0,0,0,0,0,4,22
2025,A,348,1,0000000002,0000007239,魔鷹,94,先發,4,4,0,0,0,0,0,0,0,0,0,0,0,0,0,0,0,0,0,0,0,0,0,101,328
2025,A,348,1,0000000002,0000007301,曾昱磬,44,先發,3,2,0,0,0,0,0,0,0,0,0,0,1,0,0,1,0,0,0,0,0,0,0,44,184
2025,A,348,2,0000000002,0000000929,王威晨,9,先發,4,4,1,1,0,0,0,0,1,0,0,1,0,0,0,0,0,0,0,0,0,0,0,100,341
2025,A,348,2,0000000002,0000001119,許基宏,74,先發,3,3,0,0,0,0,0,0,0,0,0,0,0,0,0,1,0,0,0,0,0,0,0,100,343
2025,A,348,2,0000000002,0000002291,岳東華,98,先發,3,3,0,0,0,0,0,0,0,0,0,0,0,0,0,0,0,0,0,0,0,0,0,85,355
2025,A,348,2,0000000002,0000002297,詹子賢,39,先發,3,2,0,0,0,0,0,0,0,0,0,0,1,0,0,0,0,0,0,0,0,0,0,75,269
2025,A,348,2,0000000002,0000004636,江坤宇,90,先發,4,3,1,1,0,0,0,0,1,0,0,1,1,0,0,0,0,0,0,0,0,0,0,104,382
2025,A,348,2,0000000002,0000005298,黃韋盛,66,先發,4,3,0,0,0,0,0,0,0,0,0,0,0,0,0,0,0,0,1,0,1,0,0,85,310
2025,A,348,2,0000000002,0000005571,岳政華,92,先發,3,1,1,1,0,0,0,0,1,0,0,0,2,0,0,0,0,1,0,0,0,0,0,73,301
2025,A,348,2,0000000002,0000006225,宋晟睿,88,先發,3,3,0,0,0,0,0,0,0,1,0,0,0,0,0,1,0,0,0,0,0,0,0,106,409
2025,A,348,2,0000000002,0000006732,陳統恩,48,先發,3,3,0,0,0,0,0,0,0,0,0,0,0,0,0,0,0,0,0,0,0,0,0,13,66
2025,A,349,1,0000000001,0000000929,王威晨,9,先發,4,3,1,1,0,0,0,0,1,0,0,1,1,0,0,2,0,0,0,0,0,0,0,90,311
2025,A,349,1,0000000001,0000001119,許基宏,74,先發,5,4,1,1,0,0,0,0,1,0,0,3,1,0,0,1,0,0,0,0,0,0,0,89,318
2025,A,349,1,0000000001,0000002291,岳東華,98,先發,5,4,1,1,0,0,0,0,1,1,0,0,0,0,0,1,0,0,1,0,0,0,0,77,329
2025,A,349,1,0000000001,0000002297,詹子賢,39,先發,5,5,2,1,1,0,0,0,3,1,0,1,0,0,0,0,0,0,0,0,0,0,0,69,245
2025,A,349,1,0000000001,0000002307,王政順,61,非先發,1,1,0,0,0,0,0,0,0,0,0,0,0,0,0,0,0,0,0,0,0,0,0,36,124
2025,A,349,1,0000000001,0000004636,江坤宇,90,先發,6,6,1,1,0,0,0,0,1,0,0,1,0,0,0,0,0,0,0,0,0,0,0,92,350
2025,A,349,1,0000000001,0000005298,黃韋盛,66,先發,6,6,2,2,0,0,0,0,2,1,1,0,0,0,0,1,1,0,0,0,0,0,1,80,284
2025,A,349,1,0000000001,0000005571,岳政華,92,先發,5,4,1,1,0,0,0,0,1,0,0,0,0,0,0,1,0,0,1,0,0,0,0,68,279
2025,A,349,1,0000000001,0000006224,林吳晉瑋,0,非先發,1,1,0,0,0,0,0,0,0,0,0,1,0,0,0,1,0,0,0,0,0,0,0,5,21
2025,A,349,1,0000000001,0000006225,宋晟睿,88,先發,5,3,1,1,0,0,0,0,1,2,0,0,1,0,0,0,1,0,0,1,0,0,0,99,381
2025,A,349,1,0000000001,0000006730,張仁瑋,28,非先發,2,1,0,0,0,0,0,0,0,0,0,0,1,0,0,1,1,0,0,0,0,0,0,30,115
2025,A,349,1,0000000001,0000006732,陳統恩,48,先發,3,3,1,1,0,0,0,0,1,0,0,0,0,0,0,0,0,0,0,0,0,0,0,9,44
2025,A,349,2,0000000001,0000000362,申皓瑋,29,非先發,1,1,0,0,0,0,0,0,0,0,0,0,0,0,0,1,0,0,0,0,0,0,0,79,272
2025,A,349,2,0000000001,0000002352,范國宸,46,先發,5,3,1,1,0,0,0,0,1,3,0,0,0,0,0,0,0,0,0,2,0,0,0,89,324
2025,A,349,2,0000000001,0000004645,戴培峰,95,先發,5,5,0,0,0,0,0,0,0,0,0,0,0,0,0,0,0,0,0,0,1,1,0,65,286
2025,A,349,2,0000000001,0000005310,陳真,7,先發,3,3,0,0,0,0,0,0,0,0,0,0,0,0,0,1,0,0,0,0,0,0,0,47,208
2025,A,349,2,0000000001,0000006229,葉子霆,6,先發,5,5,3,2,1,0,0,0,4,3,0,1,0,0,0,0,1,1,0,0,0,0,0,14,58
2025,A,349,2,0000000001,0000006737,董子恩,78,非先發,1,1,0,0,0,0,0,0,0,0,0,0,0,0,0,0,0,0,0,0,0,0,0,56,212
2025,A,349,2,0000000001,0000006738,孔念恩,82,先發,4,4,0,0,0,0,0,0,0,0,0,0,0,0,0,2,0,0,0,0,0,0,0,58,248
2025,A,349,2,0000000001,0000006861,蔡佳諺,65,非先發,1,0,0,0,0,0,0,0,0,0,0,0,0,0,0,0,0,0,1,0,0,0,0,18,100
2025,A,349,2,0000000001,0000006868,周佳樂,77,先發,4,3,1,1,0,0,0,0,1,0,0,1,1,0,0,1,0,0,0,0,0,0,0,39,172
2025,A,349,2,0000000001,0000006872,林岳谷,62,先發,5,4,2,1,1,0,0,0,3,0,0,3,1,0,0,0,0,0,0,0,0,0,0,60,232
2025,A,349,2,0000000001,0000006888,張育成,99,先發,5,5,2,1,0,1,0,0,4,0,0,1,0,0,0,1,0,0,0,0,0,0,0,68,230
2025,A,349,2,0000000001,0000007089,王念好,5,先發,5,5,1,1,0,0,0,0,1,0,0,0,0,0,0,2,0,0,0,0,0,0,0,17,102
2025,A,349,2,0000000001,0000007091,高捷,4,非先發,0,0,0,0,0,0,0,0,0,0,0,0,0,0,0,0,0,0,0,0,0,0,0,34,155
2025,A,350,1,0000000001,0000000356,石翔宇,72,非先發,0,0,0,0,0,0,0,0,0,0,0,0,0,0,0,0,0,0,0,0,0,0,0,6,20
2025,A,350,1,0000000001,0000001318,朱育賢,11,非先發,1,1,0,0,0,0,0,0,0,0,0,0,0,0,0,0,0,0,0,0,0,0,0,97,328
2025,A,350,1,0000000001,0000003625,吉力吉撈．鞏冠,4,先發,4,3,2,1,0,0,1,0,5,2,0,1,0,0,1,0,0,0,0,0,0,0,0,118,425
2025,A,350,1,0000000001,0000005536,瑪仕革斯．俄霸律尼,3,非先發,2,2,1,1,0,0,0,0,1,0,0,0,0,0,0,0,0,0,0,0,0,0,0,1,5
2025,A,350,1,0000000001,0000005540,李凱威,21,先發,4,3,0,0,0,0,0,0,0,0,0,0,1,0,0,0,0,0,0,0,0,0,0,126,417
2025,A,350,1,0000000001,0000005542,張政禹,25,先發,3,3,0,0,0,0,0,0,0,0,0,0,0,0,0,0,0,0,0,0,1,0,0,84,322
2025,A,350,1,0000000001,0000005545,劉基鴻,46,非先發,1,1,1,1,0,0,0,0,1,0,0,0,0,0,0,0,0,0,0,0,0,0,0,103,400
2025,A,350,1,0000000001,0000005549,郭天信,2,先發,4,2,1,0,1,0,0,0,2,0,0,1,1,0,0,0,0,0,1,0,0,0,0,114,415
2025,A,350,1,0000000001,0000005553,張祐銘,34,非先發,1,0,0,0,0,0,0,0,0,0,0,0,1,0,0,0,0,0,0,0,0,0,0,7,31
2025,A,350,1,0000000001,0000006216,王順和,24,先發,3,3,0,0,0,0,0,0,0,0,0,0,0,0,0,2,0,0,0,0,0,0,0,43,157
2025,A,350,1,0000000001,0000006217,林辰勳,9,先發,3,3,1,1,0,0,0,0,1,0,0,0,0,0,0,1,0,0,0,0,0,0,0,10,41
2025,A,350,1,0000000001,0000006725,張祐嘉,81,先發,4,4,0,0,0,0,0,0,0,0,0,0,0,0,0,1,0,0,0,0,0,0,0,4,11
2025,A,350,1,0000000001,0000006731,周委宏,88,先發,2,2,0,0,0,0,0,0,0,0,0,0,0,0,0,0,1,0,0,0,0,0,0,2,7
2025,A,350,1,0000000001,0000007079,劉俊緯,23,先發,4,4,1,1,0,0,0,0,1,0,0,0,0,0,0,0,1,0,0,0,1,0,0,38,153
2025,A,350,2,0000000001,0000001339,林祖傑,39,非先發,0,0,0,0,0,0,0,0,0,0,0,0,0,0,0,0,0,0,0,0,0,0,0,24,93
2025,A,350,2,0000000001,0000001474,蘇智傑,32,非先發,1,1,0,0,0,0,0,0,0,0,0,0,0,0,0,0,0,0,0,0,0,0,0,50,194
2025,A,350,2,0000000001,0000001606,林岱安,31,先發,3,3,1,1,0,0,0,0,1,1,1,1,0,0,0,0,0,0,0,0,0,0,0,43,196
2025,A,350,2,0000000001,0000001804,陳傑憲,24,先發,4,4,1,0,1,0,0,0,2,0,0,1,0,0,0,1,0,0,0,0,0,0,0,82,291
2025,A,350,2,0000000001,0000002275,林安可,77,先發,4,3,1,0,1,0,0,0,2,0,0,1,1,0,0,0,0,0,0,0,0,0,0,95,298
2025,A,350,2,0000000001,0000002707,潘傑楷,35,先發,3,3,0,0,0,0,0,0,0,0,0,0,0,0,0,1,0,0,0,0,0,0,0,89,334
2025,A,350,2,0000000001,0000003615,胡金龍,51,非先發,1,1,0,0,0,0,0,0,0,0,0,0,0,0,0,0,0,0,0,0,0,0,0,39,122
2025,A,350,2,0000000001,0000003645,柯育民,36,非先發,0,0,0,0,0,0,0,0,0,0,0,0,0,0,0,0,0,0,0,0,0,0,0,0,0
2025,A,350,2,0000000001,0000005306,許哲晏,10,先發,4,3,2,1,0,0,1,0,5,4,0,1,1,0,0,0,0,0,0,0,0,0,1,18,88
2025,A,350,2,0000000001,0000005531,邱智呈,14,先發,4,2,0,0,0,0,0,0,0,0,0,1,2,0,0,1,0,0,0,0,0,0,0,81,322
2025,A,350,2,0000000001,0000006223,林子豪,2,先發,4,3,2,1,0,0,1,0,5,2,0,2,1,0,0,0,0,0,0,0,0,1,0,58,238
2025,A,350,2,0000000001,0000007070,林佳緯,20,先發,5,5,0,0,0,0,0,0,0,0,0,0,0,0,0,0,0,0,0,0,0,0,0,124,433
2025,A,350,2,0000000001,0000007071,林泓弦,67,先發,4,3,1,1,0,0,0,0,1,1,0,1,1,0,0,1,1,0,0,0,0,0,0,18,93
2025,A,351,1,0000000001,0000000153,林承飛,6,先發,4,4,1,1,0,0,0,0,1,0,0,0,0,0,0,1,0,0,0,0,1,0,0,54,222
2025,A,351,1,0000000001,0000000158,廖健富,58,非先發,1,1,0,0,0,0,0,0,0,0,0,0,0,0,0,0,0,0,0,0,0,0,0,13,67
2025,A,351,1,0000000001,0000000159,成晉,35,先發,5,5,3,2,1,0,0,0,4,0,0,2,0,0,0,1,0,0,0,0,0,0,0,86,303
2025,A,351,1,0000000001,0000002282,張閔勛,28,先發,3,2,0,0,0,0,0,0,0,0,0,0,0,0,1,0,0,0,0,0,0,0,0,83,282
2025,A,351,1,0000000001,0000002286,林立,39,非先發,1,0,0,0,0,0,0,0,0,0,0,0,1,0,0,0,0,0,0,0,0,0,0,92,270
2025,A,351,1,0000000001,0000003345,林智平,79,先發,5,5,1,1,0,0,0,0,1,0,0,0,0,0,0,1,0,0,0,0,1,0,0,101,338
2025,A,351,1,0000000001,0000003467,林泓育,11,先發,4,4,3,3,0,0,0,0,3,2,0,0,0,0,0,0,0,0,0,0,0,0,0,113,365
2025,A,351,1,0000000001,0000003563,余德龍,36,先發,4,4,1,1,0,0,0,0,1,0,0,0,0,0,0,1,0,0,0,0,0,0,0,57,211
2025,A,351,1,0000000001,0000004633,陳晨威,98,先發,5,5,2,2,0,0,0,0,2,0,0,0,0,0,0,0,1,0,0,0,0,0,0,121,394
2025,A,351,1,0000000001,0000006235,林政華,65,先發,4,4,0,0,0,0,0,0,0,0,0,0,0,0,0,0,0,0,0,0,0,0,0,74,282
2025,A,351,1,0000000001,0000006240,馬傑森,94,先發,2,2,0,0,0,0,0,0,0,0,0,0,0,0,0,0,0,0,0,0,0,0,0,27,156
2025,A,351,1,0000000001,0000006854,宋嘉翔,2,非先發,0,0,0,0,0,0,0,0,0,0,0,0,0,0,0,0,0,0,0,0,0,0,0,32,113
2025,A,351,1,0000000001,0000007589,許賀捷,85,非先發,1,1,0,0,0,0,0,0,0,0,0,0,0,0,0,0,0,0,0,0,0,0,0,1,5
2025,A,351,2,0000000001,0000000935,王柏融,9,先發,4,4,0,0,0,0,0,0,0,0,0,0,0,0,0,0,0,0,0,0,0,0,0,89,366
2025,A,351,2,0000000001,0000003174,郭永維,7,先發,3,3,2,1,1,0,0,0,3,0,0,1,0,0,0,0,0,0,0,0,0,0,0,13,42
2025,A,351,2,0000000001,0000003649,吳念庭,39,先發,4,3,2,1,1,0,0,0,3,2,1,2,1,0,0,0,0,0,0,0,1,0,1,100,308
2025,A,351,2,0000000001,0000005340,王博玄,6,先發,4,4,2,2,0,0,0,0,2,0,0,1,0,0,0,0,0,0,0,0,0,0,0,119,409
2025,A,351,2,0000000001,0000006211,張肇元,29,先發,4,4,0,0,0,0,0,0,0,1,0,0,0,0,0,1,0,0,0,0,0,0,0,85,339
2025,A,351,2,0000000001,0000006927,曾子祐,1,先發,4,4,0,0,0,0,0,0,0,0,0,0,0,0,0,0,0,0,0,0,0,1,0,119,425
2025,A,351,2,0000000001,0000006928,林家鋐,16,非先發,1,1,0,0,0,0,0,0,0,0,0,0,0,0,0,0,1,0,0,0,0,0,0,69,251
2025,A,351,2,0000000001,0000006939,顏郁軒,5,先發,4,3,0,0,0,0,0,0,0,0,0,0,1,0,0,1,0,0,0,0,0,0,0,36,127
2025,A,351,2,0000000001,0000007239,魔鷹,94,先發,4,3,2,2,0,0,0,0,2,1,0,0,0,0,0,0,0,0,0,1,0,0,0,96,302
2025,A,351,2,0000000001,0000007301,曾昱磬,44,先發,3,3,2,2,0,0,0,0,2,1,0,1,0,0,0,1,0,0,0,0,0,0,0,40,166
2025,A,352,1,0000000001,0000000929,王威晨,9,先發,4,4,1,0,1,0,0,0,2,1,0,0,0,0,0,0,0,0,0,0,0,0,0,91,315
2025,A,352,1,0000000001,0000001119,許基宏,74,先發,5,5,3,3,0,0,0,0,3,1,0,1,0,0,0,0,0,0,0,0,0,0,0,92,323
2025,A,352,1,0000000001,0000002291,岳東華,98,先發,5,4,2,2,0,0,0,0,2,1,0,0,1,0,0,1,0,0,0,0,0,0,0,79,333
2025,A,352,1,0000000001,0000002297,詹子賢,39,先發,5,4,3,2,1,0,0,0,4,3,0,2,1,0,0,0,0,0,0,0,0,0,1,72,249
2025,A,352,1,0000000001,0000002307,王政順,61,非先發,0,0,0,0,0,0,0,0,0,0,0,1,0,0,0,0,0,0,0,0,0,0,0,36,124
2025,A,352,1,0000000001,0000003609,陳俊秀,29,非先發,1,1,0,0,0,0,0,0,0,0,0,0,0,0,0,1,0,0,0,0,0,0,0,46,192
2025,A,352,1,0000000001,0000004636,江坤宇,90,先發,6,6,3,3,0,0,0,0,3,0,0,2,0,0,0,0,0,0,0,0,0,0,0,95,356
2025,A,352,1,0000000001,0000005298,黃韋盛,66,先發,6,5,2,2,0,0,0,0,2,0,0,2,0,0,1,0,0,0,0,0,0,0,0,82,289
2025,A,352,1,0000000001,0000005571,岳政華,92,先發,5,5,0,0,0,0,0,0,0,0,0,0,0,0,0,0,0,0,0,0,0,0,0,68,284
2025,A,352,1,0000000001,0000006225,宋晟睿,88,先發,5,4,2,2,0,0,0,0,2,3,1,0,0,0,0,0,0,0,0,1,0,0,0,101,385
2025,A,352,1,0000000001,0000006730,張仁瑋,28,非先發,0,0,0,0,0,0,0,0,0,0,0,1,0,0,0,0,0,0,0,0,0,0,0,30,115
2025,A,352,1,0000000001,0000006732,陳統恩,48,先發,5,4,0,0,0,0,0,0,0,0,0,0,0,0,0,0,0,0,1,0,0,0,0,9,48
2025,A,352,2,0000000001,0000000362,申皓瑋,29,非先發,1,1,0,0,0,0,0,0,0,0,0,0,0,0,0,0,0,0,0,0,0,0,0,79,273
2025,A,352,2,0000000001,0000002352,范國宸,46,先發,4,3,1,0,1,0,0,0,2,0,0,1,1,0,0,1,0,0,0,0,0,0,0,90,327
2025,A,352,2,0000000001,0000005510,林澤彬,2,先發,4,2,0,0,0,0,0,0,0,0,0,0,1,0,1,0,0,0,0,0,0,0,0,81,268
2025,A,352,2,0000000001,0000006737,董子恩,78,先發,4,4,2,2,0,0,0,0,2,2,0,0,0,0,0,1,0,0,0,0,0,0,0,58,216
2025,A,352,2,0000000001,0000006861,蔡佳諺,65,先發,4,3,1,1,0,0,0,0,1,0,0,0,1,0,0,1,0,0,0,0,0,0,0,19,103
2025,A,352,2,0000000001,0000006868,周佳樂,77,先發,3,3,0,0,0,0,0,0,0,0,0,0,0,0,0,1,0,0,0,0,0,0,0,39,175
2025,A,352,2,0000000001,0000006872,林岳谷,62,先發,5,5,0,0,0,0,0,0,0,0,0,0,0,0,0,0,0,0,0,0,0,0,0,60,237
2025,A,352,2,0000000001,0000006888,張育成,99,先發,4,3,0,0,0,0,0,0,0,0,0,1,1,0,0,0,0,0,0,0,0,0,0,68,233
2025,A,352,2,0000000001,0000006909,豊暐,43,先發,3,3,0,0,0,0,0,0,0,0,0,0,0,0,0,1,0,0,0,0,0,0,0,23,122
2025,A,352,2,0000000001,0000007089,王念好,5,非先發,1,1,0,0,0,0,0,0,0,0,0,0,0,0,0,0,0,0,0,0,0,0,0,17,103
2025,A,352,2,0000000001,0000007091,高捷,4,先發,4,4,1,1,0,0,0,0,1,0,0,0,0,0,0,1,0,0,0,0,0,1,0,35,159
2025,A,353,1,0000000001,0000001318,朱育賢,11,先發,4,3,1,1,0,0,0,0,1,0,0,0,1,0,0,1,0,0,0,0,0,0,0,98,331
2025,A,353,1,0000000001,0000003625,吉力吉撈．鞏冠,4,先發,4,4,1,0,1,0,0,0,2,0,0,0,0,0,0,0,0,0,0,0,1,0,0,119,429
2025,A,353,1,0000000001,0000005540,李凱威,21,先發,4,4,1,1,0,0,0,0,1,1,1,0,0,0,0,1,0,0,0,0,0,0,0,127,421
2025,A,353,1,0000000001,0000005542,張政禹,25,非先發,0,0,0,0,0,0,0,0,0,0,0,1,0,0,0,0,0,0,0,0,0,0,0,84,322
2025,A,353,1,0000000001,0000005545,劉基鴻,46,先發,4,4,1,1,0,0,0,0,1,1,0,0,0,0,0,0,0,0,0,0,0,0,0,104,404
2025,A,353,1,0000000001,0000005549,郭天信,2,先發,4,4,2,1,1,0,0,0,3,0,0,0,0,0,0,0,0,0,0,0,0,0,0,116,419
2025,A,353,1,0000000001,0000005553,張祐銘,34,先發,4,3,1,1,0,0,0,0,1,0,0,0,1,0,0,0,0,0,0,0,1,0,0,8,34
2025,A,353,1,0000000001,0000006217,林辰勳,9,先發,3,3,0,0,0,0,0,0,0,0,0,0,0,0,0,1,0,0,0,0,0,0,0,10,44
2025,A,353,1,0000000001,0000006725,張祐嘉,81,先發,3,3,0,0,0,0,0,0,0,0,0,0,0,0,0,0,0,1,0,0,0,0,0,4,14
2025,A,353,1,0000000001,0000006731,周委宏,88,非先發,0,0,0,0,0,0,0,0,0,0,0,0,0,0,0,0,0,0,0,0,0,0,0,2,7
2025,A,353,1,0000000001,0000007079,劉俊緯,23,先發,3,3,1,1,0,0,0,0,1,0,0,1,0,0,0,0,0,0,0,0,1,0,0,39,156
2025,A,353,2,0000000001,0000001474,蘇智傑,32,先發,4,4,1,1,0,0,0,0,1,0,0,0,0,0,0,0,0,0,0,0,0,0,0,51,198
2025,A,353,2,0000000001,0000001606,林岱安,31,先發,2,2,0,0,0,0,0,0,0,0,0,0,0,0,0,1,0,0,0,0,0,0,0,43,198
2025,A,353,2,0000000001,0000001804,陳傑憲,24,非先發,1,1,0,0,0,0,0,0,0,0,0,0,0,0,0,0,0,0,0,0,0,0,0,82,292
2025,A,353,2,0000000001,0000002275,林安可,77,先發,4,4,1,1,0,0,0,0,1,0,0,0,0,0,0,1,0,0,0,0,1,0,0,96,302
2025,A,353,2,0000000001,0000002298,陳重羽,65,非先發,0,0,0,0,0,0,0,0,0,0,0,0,0,0,0,0,0,0,0,0,0,0,0,37,184
2025,A,353,2,0000000001,0000002707,潘傑楷,35,先發,3,3,0,0,0,0,0,0,0,0,0,0,0,0,0,3,0,0,0,0,0,0,0,89,337
2025,A,353,2,0000000001,0000003615,胡金龍,51,非先發,1,1,0,0,0,0,0,0,0,0,0,0,0,0,0,0,0,0,0,0,0,0,0,39,123
2025,A,353,2,0000000001,0000005306,許哲晏,10,先發,3,3,2,2,0,0,0,0,2,0,0,0,0,0,0,1,0,0,0,0,0,0,0,20,91
2025,A,353,2,0000000001,0000005531,邱智呈,14,先發,4,3,1,1,0,0,0,0,1,0,0,0,1,0,0,2,1,0,0,0,0,0,0,82,325
2025,A,353,2,0000000001,0000006223,林子豪,2,先發,4,3,1,1,0,0,0,0,1,0,0,0,1,0,0,0,0,0,0,0,0,0,0,59,241
2025,A,353,2,0000000001,0000007070,林佳緯,20,先發,4,4,0,0,0,0,0,0,0,0,0,0,0,0,0,1,0,0,0,0,1,0,0,124,437
2025,A,353,2,0000000001,0000007071,林泓弦,67,先發,3,3,0,0,0,0,0,0,0,0,0,0,0,0,0,1,0,0,0,0,0,0,0,18,96
2025,A,354,1,0000000001,0000006240,馬傑森,94,非先發,0,0,0,0,0,0,0,0,0,0,0,0,0,0,0,0,0,0,0,0,0,0,0,27,156
2025,A,354,1,0000000001,0000006854,宋嘉翔,2,先發,4,4,2,2,0,0,0,0,2,1,1,1,0,0,0,1,0,0,0,0,0,0,0,34,117
2025,A,354,1,0000000001,0000007589,許賀捷,85,先發,4,4,0,0,0,0,0,0,0,0,0,0,0,0,0,1,0,0,0,0,0,0,0,1,9
2025,A,354,2,0000000001,0000000935,王柏融,9,先發,3,3,0,0,0,0,0,0,0,0,0,0,0,0,0,3,0,0,0,0,0,0,0,89,369
2025,A,354,2,0000000001,0000001291,郭阜林,59,非先發,1,1,0,0,0,0,0,0,0,0,0,0,0,0,0,0,0,0,0,0,0,0,0,59,215
2025,A,354,2,0000000001,0000003174,郭永維,7,非先發,1,1,0,0,0,0,0,0,0,0,0,0,0,0,0,1,0,0,0,0,0,0,0,13,43
2025,A,354,2,0000000001,0000003649,吳念庭,39,先發,3,3,0,0,0,0,0,0,0,0,0,0,0,0,0,1,0,0,0,0,0,0,0,100,311
2025,A,354,2,0000000001,0000005340,王博玄,6,先發,3,3,0,0,0,0,0,0,0,0,0,0,0,0,0,1,0,0,0,0,1,0,0,119,412
2025,A,354,2,0000000001,0000006211,張肇元,29,先發,2,2,0,0,0,0,0,0,0,0,0,0,0,0,0,0,0,0,0,0,0,0,0,85,341
2025,A,354,2,0000000001,0000006927,曾子祐,1,先發,4,4,1,1,0,0,0,0,1,0,0,0,0,0,0,1,0,0,0,0,0,0,0,120,429
2025,A,354,2,0000000001,0000006928,林家鋐,16,先發,2,2,0,0,0,0,0,0,0,0,0,0,0,0,0,0,0,0,0,0,0,0,0,69,253
2025,A,354,2,0000000001,0000006929,紀慶然,24,非先發,1,1,0,0,0,0,0,0,0,0,0,0,0,0,0,1,0,0,0,0,0,0,0,54,220
2025,A,354,2,0000000001,0000006939,顏郁軒,5,先發,2,2,0,0,0,0,0,0,0,0,0,0,0,0,0,2,0,0,0,0,0,0,0,36,129
2025,A,354,2,0000000001,0000007064,陳世嘉,78,非先發,1,0,0,0,0,0,0,0,0,0,0,0,1,0,0,0,0,0,0,0,0,0,0,2,15
2025,A,354,2,0000000001,0000007239,魔鷹,94,先發,3,3,0,0,0,0,0,0,0,0,0,0,0,0,0,1,0,0,0,0,0,0,0,96,305
2025,A,354,2,0000000001,0000007301,曾昱磬,44,先發,2,2,0,0,0,0,0,0,0,0,0,0,0,0,0,2,0,0,0,0,0,0,0,40,168
2025,A,354,1,0000000001,0000000153,林承飛,6,先發,2,2,0,0,0,0,0,0,0,0,0,0,0,0,0,1,0,0,0,0,0,0,0,54,224
2025,A,354,1,0000000001,0000000158,廖健富,58,先發,4,3,1,1,0,0,0,0,1,0,0,0,1,0,0,0,0,0,0,0,0,0,0,14,70
2025,A,354,1,0000000001,0000000159,成晉,35,先發,5,3,0,0,0,0,0,0,0,1,0,0,0,0,1,0,0,0,0,1,0,0,0,86,306
2025,A,354,1,0000000001,0000003345,林智平,79,先發,5,3,0,0,0,0,0,0,0,0,0,0,2,0,0,1,0,0,0,0,0,0,0,101,341
2025,A,354,1,0000000001,0000003467,林泓育,11,先發,5,5,0,0,0,0,0,0,0,0,0,0,0,0,0,0,0,0,0,0,0,0,0,113,370
2025,A,354,1,0000000001,0000003563,余德龍,36,非先發,2,2,2,1,1,0,0,0,3,0,0,1,0,0,0,0,1,0,0,0,0,0,0,59,213
2025,A,354,1,0000000001,0000004633,陳晨威,98,先發,5,5,2,1,1,0,0,0,3,1,0,1,0,0,0,0,0,0,0,0,0,0,0,123,399
2025,A,354,1,0000000001,0000006235,林政華,65,先發,4,4,2,2,0,0,0,0,2,0,0,1,0,0,0,1,0,0,0,0,0,0,0,76,286
2025,A,355,1,0000000001,0000001339,林祖傑,39,先發,4,4,0,0,0,0,0,0,0,0,0,0,0,0,0,2,0,0,0,0,0,0,0,24,97
2025,A,355,1,0000000001,0000001606,林岱安,31,先發,4,4,0,0,0,0,0,0,0,0,0,0,0,0,0,1,0,0,0,0,0,0,0,43,202
2025,A,355,1,0000000001,0000001804,陳傑憲,24,先發,4,4,1,1,0,0,0,0,1,0,0,0,0,0,0,0,0,0,0,0,0,0,0,83,296
2025,A,355,1,0000000001,0000002275,林安可,77,先發,4,4,2,2,0,0,0,0,2,0,0,1,0,0,0,0,0,0,0,0,0,0,0,98,306
2025,A,355,1,0000000001,0000002707,潘傑楷,35,先發,4,4,2,2,0,0,0,0,2,0,0,0,0,0,0,0,0,0,0,0,0,0,0,91,341
2025,A,355,1,0000000001,0000005306,許哲晏,10,先發,3,3,1,1,0,0,0,0,1,0,0,0,0,0,0,1,0,0,0,0,0,0,0,21,94
2025,A,355,1,0000000001,0000005531,邱智呈,14,先發,4,4,1,1,0,0,0,0,1,0,0,0,0,0,0,1,0,0,0,0,0,0,0,83,329
2025,A,355,1,0000000001,0000007070,林佳緯,20,先發,4,4,0,0,0,0,0,0,0,0,0,0,0,0,0,0,0,0,0,0,0,0,0,124,441
2025,A,355,1,0000000001,0000007268,陳聖平,15,先發,4,4,1,1,0,0,0,0,1,0,0,0,0,0,0,2,0,0,0,0,0,0,0,83,310
2025,A,355,2,0000000001,0000000935,王柏融,9,先發,4,4,0,0,0,0,0,0,0,0,0,0,0,0,0,0,0,0,0,0,0,0,0,89,373
2025,A,355,2,0000000001,0000001291,郭阜林,59,先發,3,3,0,0,0,0,0,0,0,0,0,0,0,0,0,1,0,0,0,0,0,0,0,59,218
2025,A,355,2,0000000001,0000003174,郭永維,7,先發,3,3,1,1,0,0,0,0,1,0,0,0,0,0,0,1,0,0,0,0,0,0,0,14,46
2025,A,355,2,0000000001,0000003649,吳念庭,39,先發,4,3,2,2,0,0,0,0,2,0,0,0,1,0,0,0,0,0,0,0,0,0,0,102,314
2025,A,355,2,0000000001,0000005296,董秉軒,0,非先發,1,1,0,0,0,0,0,0,0,0,0,0,0,0,0,1,0,0,0,0,0,0,0,3,15
2025,A,355,2,0000000001,0000005340,王博玄,6,先發,5,5,1,1,0,0,0,0,1,0,0,0,0,0,0,1,0,1,0,0,0,0,0,120,417
2025,A,355,2,0000000001,0000006211,張肇元,29,先發,4,4,0,0,0,0,0,0,0,0,0,0,0,0,0,1,0,0,0,0,1,0,0,85,345
2025,A,355,2,0000000001,0000006927,曾子祐,1,先發,3,3,2,2,0,0,0,0,2,0,0,0,0,0,0,0,0,0,0,0,0,1,0,122,432
2025,A,355,2,0000000001,0000006928,林家鋐,16,非先發,2,2,1,1,0,0,0,0,1,0,0,0,0,0,0,0,1,0,0,0,0,0,0,70,255
2025,A,355,2,0000000001,0000006939,顏郁軒,5,非先發,1,1,1,1,0,0,0,0,1,0,0,0,0,0,0,0,0,0,0,0,0,0,0,37,130
2025,A,355,2,0000000001,0000007239,魔鷹,94,先發,4,4,1,1,0,0,0,0,1,0,0,0,0,0,0,0,0,0,0,0,0,0,0,97,309
2025,A,355,2,0000000001,0000007301,曾昱磬,44,先發,4,3,2,2,0,0,0,0,2,0,0,0,1,0,0,0,1,0,0,0,0,0,0,42,171
2025,A,356,2,0000000001,0000006714,鍾玉成,97,非先發,1,1,1,1,0,0,0,0,1,0,0,1,0,0,0,0,0,0,0,0,0,0,0,1,9
2025,A,356,2,0000000001,0000007589,許賀捷,85,先發,4,3,0,0,0,0,0,0,0,0,0,1,1,0,0,0,0,0,0,0,0,1,0,1,12
2025,A,356,1,0000000001,0000000929,王威晨,9,先發,5,4,3,1,1,1,0,0,6,1,0,2,1,0,0,0,0,0,0,0,0,0,1,94,319
2025,A,356,1,0000000001,0000001119,許基宏,74,先發,5,4,2,1,0,0,1,0,5,4,1,1,1,0,0,0,0,0,0,0,0,0,0,94,327
2025,A,356,1,0000000001,0000002291,岳東華,98,先發,4,4,1,1,0,0,0,0,1,0,0,0,0,0,0,2,0,0,0,0,0,0,0,80,337
2025,A,356,1,0000000001,0000002297,詹子賢,39,先發,5,5,0,0,0,0,0,0,0,0,0,0,0,0,0,1,0,0,0,0,0,0,0,72,254
2025,A,356,1,0000000001,0000004636,江坤宇,90,先發,5,5,1,1,0,0,0,0,1,0,0,1,0,0,0,1,0,0,0,0,0,0,0,96,361
2025,A,356,1,0000000001,0000005298,黃韋盛,66,先發,5,5,1,1,0,0,0,0,1,2,0,1,0,0,0,0,0,0,0,0,0,1,0,83,294
2025,A,356,1,0000000001,0000005571,岳政華,92,先發,4,3,0,0,0,0,0,0,0,0,0,1,0,0,0,0,0,0,1,0,0,0,0,68,287
2025,A,356,1,0000000001,0000006225,宋晟睿,88,先發,5,5,2,2,0,0,0,0,2,0,0,0,0,0,0,0,1,0,0,0,0,0,0,103,390
2025,A,356,1,0000000001,0000006732,陳統恩,48,先發,4,4,1,1,0,0,0,0,1,0,0,1,0,0,0,2,0,0,0,0,0,0,0,10,52
2025,A,356,2,0000000001,0000000158,廖健富,58,先發,4,3,2,1,1,0,0,0,3,0,0,1,1,0,0,0,0,0,0,0,0,0,0,16,73
2025,A,356,2,0000000001,0000000159,成晉,35,先發,5,5,2,0,2,0,0,0,4,1,0,1,0,0,0,0,0,0,0,0,0,0,0,88,311
2025,A,356,2,0000000001,0000002282,張閔勛,28,先發,4,4,2,2,0,0,0,0,2,0,0,0,0,0,0,0,0,0,0,0,0,0,0,85,286
2025,A,356,2,0000000001,0000003345,林智平,79,先發,5,5,4,4,0,0,0,0,4,0,0,0,0,0,0,0,0,1,0,0,0,0,0,105,346
2025,A,356,2,0000000001,0000003467,林泓育,11,先發,5,4,1,1,0,0,0,0,1,1,0,0,0,0,0,0,0,0,0,1,1,0,0,114,374
2025,A,356,2,0000000001,0000003563,余德龍,36,非先發,1,1,0,0,0,0,0,0,0,0,0,0,0,0,0,0,0,0,0,0,0,0,0,59,214
2025,A,356,2,0000000001,0000004633,陳晨威,98,先發,5,5,1,0,0,1,0,0,3,2,0,1,0,0,0,0,0,0,0,0,0,0,0,124,404
2025,A,356,2,0000000001,0000006235,林政華,65,先發,2,2,0,0,0,0,0,0,0,0,0,0,0,0,0,0,0,0,0,0,1,0,0,76,288
2025,A,356,2,0000000001,0000006240,馬傑森,94,先發,4,3,1,1,0,0,0,0,1,1,0,0,0,0,0,0,0,0,0,1,0,0,0,28,159
2025,A,357,1,0000000001,0000000362,申皓瑋,29,非先發,1,1,0,0,0,0,0,0,0,0,0,0,0,0,0,1,0,0,0,0,0,0,0,79,274
2025,A,357,1,0000000001,0000002352,范國宸,46,先發,3,3,1,1,0,0,0,0,1,0,0,0,0,0,0,2,0,0,0,0,0,0,0,91,330
2025,A,357,1,0000000001,0000005310,陳真,7,先發,4,4,0,0,0,0,0,0,0,0,0,0,0,0,0,3,0,0,0,0,0,0,0,47,212
2025,A,357,1,0000000001,0000005533,魏全,59,非先發,0,0,0,0,0,0,0,0,0,0,0,0,0,0,0,0,0,0,0,0,0,0,0,0,9
2025,A,357,1,0000000001,0000006229,葉子霆,6,先發,4,4,1,1,0,0,0,0,1,0,0,0,0,0,0,0,0,1,0,0,0,0,0,15,62
2025,A,357,1,0000000001,0000006737,董子恩,78,先發,4,4,1,1,0,0,0,0,1,0,0,0,0,0,0,0,0,0,0,0,0,0,0,59,220
2025,A,357,1,0000000001,0000006806,池恩齊,97,非先發,1,1,0,0,0,0,0,0,0,0,0,0,0,0,0,0,0,0,0,0,0,0,0,14,54
2025,A,357,1,0000000001,0000006861,蔡佳諺,65,先發,2,1,0,0,0,0,0,0,0,0,0,0,0,0,1,0,0,1,0,0,0,1,0,19,104
2025,A,357,1,0000000001,0000006868,周佳樂,77,非先發,1,1,0,0,0,0,0,0,0,0,0,0,0,0,0,0,0,0,0,0,0,0,0,39,176
2025,A,357,1,0000000001,0000006872,林岳谷,62,先發,4,4,0,0,0,0,0,0,0,0,0,0,0,0,0,1,0,0,0,0,0,0,0,60,241
2025,A,357,1,0000000001,0000006909,豊暐,43,先發,2,2,1,1,0,0,0,0,1,0,0,0,0,0,0,0,0,0,0,0,0,0,0,24,124
2025,A,357,1,0000000001,0000007089,王念好,5,先發,3,2,0,0,0,0,0,0,0,0,0,0,1,0,0,1,0,0,0,0,0,1,0,17,105
2025,A,357,1,0000000001,0000007091,高捷,4,先發,4,4,1,1,0,0,0,0,1,0,0,0,0,0,0,2,0,0,0,0,0,0,0,36,163
2025,A,357,2,0000000001,0000003625,吉力吉撈．鞏冠,4,先發,5,5,1,0,1,0,0,0,2,1,0,0,0,0,0,1,0,0,0,0,0,0,0,120,434
2025,A,357,2,0000000001,0000005291,蔣少宏,63,非先發,0,0,0,0,0,0,0,0,0,0,0,0,0,0,0,0,0,0,0,0,0,0,0,53,253
2025,A,357,2,0000000001,0000005536,瑪仕革斯．俄霸律尼,3,非先發,1,1,0,0,0,0,0,0,0,0,0,0,0,0,0,0,0,0,0,0,0,0,0,1,6
2025,A,357,2,0000000001,0000005540,李凱威,21,先發,5,5,1,1,0,0,0,0,1,0,0,1,0,0,0,1,0,0,0,0,0,0,0,128,426
2025,A,357,2,0000000001,0000005542,張政禹,25,先發,4,3,3,2,1,0,0,0,4,2,0,1,0,0,0,0,0,0,1,0,0,0,0,87,325
2025,A,357,2,0000000001,0000005545,劉基鴻,46,先發,4,4,1,1,0,0,0,0,1,0,0,1,0,0,0,0,0,0,0,0,0,1,0,105,408
2025,A,357,2,0000000001,0000005549,郭天信,2,先發,5,5,2,2,0,0,0,0,2,0,0,2,0,0,0,0,0,0,0,0,0,0,0,118,424
2025,A,357,2,0000000001,0000005553,張祐銘,34,非先發,0,0,0,0,0,0,0,0,0,0,0,0,0,0,0,0,0,0,0,0,0,0,0,8,34
2025,A,357,2,0000000001,0000006216,王順和,24,先發,3,3,0,0,0,0,0,0,0,0,0,0,0,0,0,2,0,0,0,0,0,0,0,43,160
2025,A,357,2,0000000001,0000006217,林辰勳,9,先發,4,4,2,2,0,0,0,0,2,2,1,0,0,0,0,1,0,0,0,0,0,0,0,12,48
2025,A,357,2,0000000001,0000006725,張祐嘉,81,先發,4,4,3,2,0,1,0,0,5,2,0,2,0,0,0,1,1,1,0,0,0,0,0,7,18
2025,A,357,2,0000000001,0000006728,陳思仲,44,非先發,0,0,0,0,0,0,0,0,0,0,0,0,0,0,0,0,0,0,0,0,0,0,0,3,19
2025,A,357,2,0000000001,0000007079,劉俊緯,23,先發,4,4,2,1,1,0,0,0,3,1,0,2,0,0,0,0,0,0,0,0,0,0,0,41,160
2025,A,358,1,0000000001,0000001339,林祖傑,39,先發,2,2,1,1,0,0,0,0,1,1,0,0,0,0,0,0,0,0,0,0,0,0,0,25,99
2025,A,358,1,0000000001,0000001474,蘇智傑,32,非先發,2,2,0,0,0,0,0,0,0,0,0,0,0,0,0,1,0,0,0,0,0,0,0,51,200
2025,A,358,1,0000000001,0000002275,林安可,77,先發,5,4,2,2,0,0,0,0,2,0,0,2,0,0,1,1,0,0,0,0,0,0,0,100,310
2025,A,358,1,0000000001,0000002707,潘傑楷,35,先發,4,3,1,0,1,0,0,0,2,1,0,0,1,0,0,2,0,0,0,0,0,0,0,92,344
2025,A,358,1,0000000001,0000003615,胡金龍,51,先發,3,2,1,1,0,0,0,0,1,1,0,0,1,0,0,0,0,0,0,0,0,0,0,40,125
2025,A,358,1,0000000001,0000003645,柯育民,36,先發,4,4,0,0,0,0,0,0,0,0,0,0,0,0,0,1,0,0,0,0,1,0,0,0,4
2025,A,358,1,0000000001,0000005306,許哲晏,10,先發,4,4,0,0,0,0,0,0,0,0,0,0,0,0,0,1,0,0,0,0,0,0,0,21,98
2025,A,358,1,0000000001,0000005531,邱智呈,14,先發,5,5,1,1,0,0,0,0,1,0,0,1,0,0,0,1,0,0,0,0,0,0,0,84,334
2025,A,358,1,0000000001,0000006223,林子豪,2,非先發,2,1,0,0,0,0,0,0,0,0,0,0,1,0,0,0,0,0,0,0,0,0,0,59,242
2025,A,358,1,0000000001,0000007070,林佳緯,20,先發,5,4,1,1,0,0,0,0,1,0,0,0,0,0,1,0,0,0,0,0,0,0,0,125,445
2025,A,358,1,0000000001,0000007268,陳聖平,15,先發,4,3,1,0,0,1,0,0,3,0,0,0,1,0,0,0,0,0,0,0,0,0,0,84,313
2025,A,358,2,0000000001,0000003174,郭永維,7,先發,4,4,2,1,0,1,0,0,4,0,0,0,0,0,0,0,0,0,0,0,0,0,0,16,50
2025,A,358,2,0000000001,0000003649,吳念庭,39,先發,4,4,1,0,1,0,0,0,2,2,1,1,0,0,0,0,0,0,0,0,1,0,1,103,318
2025,A,358,2,0000000001,0000005340,王博玄,6,先發,4,2,1,1,0,0,0,0,1,2,0,0,1,0,0,0,0,0,0,1,0,0,0,121,419
2025,A,358,2,0000000001,0000006211,張肇元,29,先發,3,3,2,2,0,0,0,0,2,0,0,1,0,0,0,0,0,0,0,0,0,0,0,87,348
2025,A,358,2,0000000001,0000006927,曾子祐,1,先發,5,5,0,0,0,0,0,0,0,0,0,1,0,0,0,1,0,0,0,0,0,0,0,122,437
2025,A,358,2,0000000001,0000006928,林家鋐,16,非先發,0,0,0,0,0,0,0,0,0,0,0,0,0,0,0,0,0,0,0,0,0,0,0,70,255
2025,A,358,2,0000000001,0000006929,紀慶然,24,先發,4,3,2,2,0,0,0,0,2,0,0,2,1,0,0,0,0,0,0,0,0,0,0,56,223
2025,A,358,2,0000000001,0000006939,顏郁軒,5,先發,4,4,1,0,1,0,0,0,2,2,0,1,0,0,0,0,0,0,0,0,0,0,0,38,134
2025,A,358,2,0000000001,0000007064,陳世嘉,78,非先發,1,1,0,0,0,0,0,0,0,0,0,0,0,0,0,1,0,0,0,0,0,0,0,2,16
2025,A,358,2,0000000001,0000007239,魔鷹,94,先發,4,3,1,0,0,0,1,0,4,1,0,2,1,0,0,2,0,0,0,0,0,0,0,98,312
2025,A,358,2,0000000001,0000007301,曾昱磬,44,先發,4,4,1,1,0,0,0,0,1,1,0,0,0,0,0,1,0,0,0,0,0,0,0,43,175
2025,A,359,1,0000000001,0000000929,王威晨,9,先發,5,5,2,1,1,0,0,0,3,0,0,1,0,0,0,1,0,0,0,0,0,0,0,96,324
2025,A,359,1,0000000001,0000001119,許基宏,74,先發,4,3,1,1,0,0,0,0,1,0,0,1,1,0,0,0,0,0,0,0,0,0,0,95,330
2025,A,359,1,0000000001,0000002291,岳東華,98,先發,4,4,2,2,0,0,0,0,2,1,0,1,0,0,0,1,0,0,0,0,0,0,0,82,341
2025,A,359,1,0000000001,0000002297,詹子賢,39,先發,4,4,2,2,0,0,0,0,2,0,0,0,0,0,0,1,0,0,0,0,1,0,0,74,258
2025,A,359,1,0000000001,0000002307,王政順,61,非先發,0,0,0,0,0,0,0,0,0,0,0,0,0,0,0,0,0,0,0,0,0,0,0,36,124
2025,A,359,1,0000000001,0000004636,江坤宇,90,先發,5,5,1,1,0,0,0,0,1,0,0,0,0,0,0,1,0,0,0,0,1,0,0,97,366
2025,A,359,1,0000000001,0000005298,黃韋盛,66,先發,5,5,1,1,0,0,0,0,1,0,0,0,0,0,0,1,0,0,0,0,1,0,0,84,299
2025,A,359,1,0000000001,0000005571,岳政華,92,先發,4,4,3,2,0,0,1,0,6,2,1,1,0,0,0,0,0,0,0,0,0,0,0,71,291
2025,A,359,1,0000000001,0000006225,宋晟睿,88,先發,4,3,0,0,0,0,0,0,0,1,0,0,0,0,0,0,0,0,0,1,0,0,0,103,393
2025,A,359,1,0000000001,0000006732,陳統恩,48,先發,4,4,1,1,0,0,0,0,1,0,0,0,0,0,0,2,0,0,0,0,0,0,0,11,56
2025,A,359,2,0000000001,0000000153,林承飛,6,非先發,1,1,0,0,0,0,0,0,0,0,0,0,0,0,0,1,0,0,0,0,0,0,0,54,225
2025,A,359,2,0000000001,0000000158,廖健富,58,先發,3,3,1,1,0,0,0,0,1,0,0,0,0,0,0,0,0,0,0,0,0,0,0,17,76
2025,A,359,2,0000000001,0000000159,成晉,35,先發,4,4,0,0,0,0,0,0,0,0,0,0,0,0,0,0,0,0,0,0,0,0,0,88,315
2025,A,359,2,0000000001,0000002282,張閔勛,28,非先發,1,1,0,0,0,0,0,0,0,0,0,0,0,0,0,0,0,0,0,0,0,0,0,85,287
2025,A,359,2,0000000001,0000003345,林智平,79,先發,3,3,0,0,0,0,0,0,0,0,0,0,0,0,0,0,0,0,0,0,0,1,0,105,349
2025,A,359,2,0000000001,0000003467,林泓育,11,先發,3,3,1,1,0,0,0,0,1,0,0,0,0,0,0,1,0,0,0,0,0,0,0,115,377
2025,A,359,2,0000000001,0000003563,余德龍,36,非先發,1,1,0,0,0,0,0,0,0,0,0,0,0,0,0,0,0,0,0,0,0,0,0,59,215
2025,A,359,2,0000000001,0000004633,陳晨威,98,先發,4,4,2,2,0,0,0,0,2,0,0,0,0,0,0,0,0,1,0,0,0,0,0,126,408
2025,A,359,2,0000000001,0000006240,馬傑森,94,先發,3,3,0,0,0,0,0,0,0,0,0,0,0,0,0,1,0,0,0,0,0,0,0,28,162
2025,A,359,2,0000000001,0000006714,鍾玉成,97,先發,2,2,0,0,0,0,0,0,0,0,0,0,0,0,0,1,0,0,0,0,0,0,0,1,11
2025,A,359,2,0000000001,0000006854,宋嘉翔,2,先發,2,2,0,0,0,0,0,0,0,0,0,0,0,0,0,1,0,0,0,0,0,0,0,34,119
2025,A,359,2,0000000001,0000007589,許賀捷,85,先發,3,3,0,0,0,0,0,0,0,0,0,0,0,0,0,2,0,0,0,0,0,0,0,1,15
2025,A,360,1,0000000001,0000000361,張洺瑀,33,先發,1,1,0,0,0,0,0,0,0,0,0,0,0,0,0,1,0,0,0,0,0,0,0,10,58
2025,A,360,1,0000000001,0000000362,申皓瑋,29,非先發,4,3,1,1,0,0,0,0,1,0,0,0,1,0,0,0,0,0,0,0,0,0,0,80,277
2025,A,360,1,0000000001,0000004645,戴培峰,95,先發,5,4,2,2,0,0,0,0,2,0,0,0,1,0,0,1,0,0,0,0,0,0,0,67,290
2025,A,360,1,0000000001,0000005310,陳真,7,先發,5,5,3,3,0,0,0,0,3,1,0,0,0,0,0,0,0,0,0,0,0,0,0,50,217
2025,A,360,1,0000000001,0000005510,林澤彬,2,先發,3,3,1,0,1,0,0,0,2,0,0,1,0,0,0,1,0,0,0,0,0,0,0,82,271
2025,A,360,1,0000000001,0000006229,葉子霆,6,先發,5,4,0,0,0,0,0,0,0,0,0,0,1,0,0,0,0,0,0,0,0,0,0,15,66
2025,A,360,1,0000000001,0000006737,董子恩,78,先發,5,5,1,1,0,0,0,0,1,1,1,1,0,0,0,0,0,0,0,0,1,0,0,60,225
2025,A,360,1,0000000001,0000006806,池恩齊,97,非先發,2,1,1,1,0,0,0,0,1,0,0,1,0,0,0,0,1,0,1,0,0,0,0,15,55
2025,A,360,1,0000000001,0000006861,蔡佳諺,65,非先發,0,0,0,0,0,0,0,0,0,0,0,0,0,0,0,0,1,0,0,0,0,0,0,19,104
2025,A,360,1,0000000001,0000006868,周佳樂,77,先發,5,5,2,1,1,0,0,0,3,0,0,0,0,0,0,1,0,0,0,0,0,0,0,41,181
2025,A,360,1,0000000001,0000007089,王念好,5,先發,5,4,1,0,0,1,0,0,3,1,0,0,0,0,1,1,0,0,0,0,0,0,0,18,109
2025,A,360,1,0000000001,0000007091,高捷,4,先發,5,4,1,1,0,0,0,0,1,0,0,0,1,0,0,1,0,0,0,0,0,0,0,37,167
2025,A,360,2,0000000001,0000001318,朱育賢,11,先發,2,2,0,0,0,0,0,0,0,0,0,0,0,0,0,1,0,0,0,0,0,0,0,98,333
2025,A,360,2,0000000001,0000003625,吉力吉撈．鞏冠,4,先發,4,4,2,1,0,0,1,0,5,1,0,1,0,0,0,2,0,0,0,0,0,0,0,122,438
2025,A,360,2,0000000001,0000005536,瑪仕革斯．俄霸律尼,3,非先發,1,1,0,0,0,0,0,0,0,0,0,0,0,0,0,0,0,0,0,0,0,0,0,1,7
2025,A,360,2,0000000001,0000005540,李凱威,21,先發,4,4,0,0,0,0,0,0,0,0,0,0,0,0,0,0,0,0,0,0,0,0,0,128,430
2025,A,360,2,0000000001,0000005542,張政禹,25,先發,4,4,2,1,1,0,0,0,3,0,0,0,0,0,0,1,1,0,0,0,0,1,0,89,329
2025,A,360,2,0000000001,0000005545,劉基鴻,46,非先發,2,2,0,0,0,0,0,0,0,0,0,0,0,0,0,0,0,0,0,0,0,0,0,105,410
2025,A,360,2,0000000001,0000005549,郭天信,2,先發,4,4,1,1,0,0,0,0,1,0,0,0,0,0,0,2,0,0,0,0,1,0,0,119,428
2025,A,360,2,0000000001,0000006216,王順和,24,先發,3,2,0,0,0,0,0,0,0,0,0,0,1,0,0,0,0,0,0,0,0,0,0,43,162
2025,A,360,2,0000000001,0000006217,林辰勳,9,先發,3,2,0,0,0,0,0,0,0,0,0,0,1,0,0,1,0,0,0,0,0,0,0,12,50
2025,A,360,2,0000000001,0000006725,張祐嘉,81,先發,4,3,0,0,0,0,0,0,0,0,0,0,1,0,0,0,1,0,0,0,0,0,0,7,21
2025,A,360,2,0000000001,0000006728,陳思仲,44,非先發,1,0,0,0,0,0,0,0,0,0,0,0,0,0,1,0,0,0,0,0,0,0,0,3,19
2025,A,360,2,0000000001,0000006731,周委宏,88,非先發,1,1,0,0,0,0,0,0,0,0,0,0,0,0,0,1,0,0,0,0,0,0,0,2,8
2025,A,360,2,0000000001,0000007079,劉俊緯,23,先發,3,3,1,1,0,0,0,0,1,0,0,0,0,0,0,0,0,0,0,0,0,0,0,42,163
